participant_id,block,game,horizon,info_condition,reward_mean_H,reward_mean_I,trial_num,choice,reward,cumulative_reward,is_free,log_likelihood,model_choice,log_likelihood_of_human_choice,error_msg,raw_response
2,1,1,6,2,70,40,1,I,42,222,False,,,,,
2,1,1,6,2,70,40,2,H,69,222,False,,,,,
2,1,1,6,2,70,40,3,I,42,222,False,,,,,
2,1,1,6,2,70,40,4,H,69,222,False,,,,,
2,1,1,6,2,70,40,5,I,36,258,True,,H,3.895571708679199,,"assistant

{""choice"": ""H""}"
2,1,1,6,2,70,40,6,I,57,315,True,,H,2.92993426322937,,"assistant

{""choice"": ""H""}"
2,1,1,6,2,70,40,7,H,71,386,True,,H,0.11285876482725143,,"assistant

{""choice"": ""H""}"
2,1,1,6,2,70,40,8,H,66,452,True,,H,0.016058865934610367,,"assistant

{""choice"": ""H""}"
2,1,1,6,2,70,40,9,I,38,490,True,,H,4.264194488525391,,"assistant

{""choice"": ""H""}"
2,1,1,6,2,70,40,10,H,64,554,True,,H,0.03368184715509415,,"assistant

{""choice"": ""H""}"
2,1,2,6,1,60,68,1,I,59,240,False,,,,,
2,1,2,6,1,60,68,2,H,53,240,False,,,,,
2,1,2,6,1,60,68,3,H,64,240,False,,,,,
2,1,2,6,1,60,68,4,H,64,240,False,,,,,
2,1,2,6,1,60,68,5,I,76,316,True,,H,3.04862117767334,,"assistant

{""choice"": ""H""}"
2,1,2,6,1,60,68,6,I,74,390,True,,I,0.1602884829044342,,"assistant

{""choice"": ""I""}"
2,1,2,6,1,60,68,7,I,74,464,True,,I,0.0059419418685138226,,"assistant

{""choice"": ""I""}"
2,1,2,6,1,60,68,8,I,56,520,True,,I,0.054913222789764404,,"assistant

{""choice"": ""I""}"
2,1,2,6,1,60,68,9,H,58,578,True,,H,0.5760082006454468,,"assistant

{""choice"": ""H""}"
2,1,2,6,1,60,68,10,I,69,647,True,,H,0.9741865396499634,,"assistant

{""choice"": ""H""}"
2,1,3,1,2,60,72,1,I,78,276,False,,,,,
2,1,3,1,2,60,72,2,I,74,276,False,,,,,
2,1,3,1,2,60,72,3,H,63,276,False,,,,,
2,1,3,1,2,60,72,4,H,61,276,False,,,,,
2,1,3,1,2,60,72,5,I,78,354,True,,I,0.014181901700794697,,"assistant

{""choice"": ""I""}"
2,1,4,6,2,40,70,1,H,62,246,False,,,,,
2,1,4,6,2,40,70,2,H,36,246,False,,,,,
2,1,4,6,2,40,70,3,I,70,246,False,,,,,
2,1,4,6,2,40,70,4,I,78,246,False,,,,,
2,1,4,6,2,40,70,5,I,64,310,True,,I,0.038091447204351425,,"assistant

{""choice"": ""I""}"
2,1,4,6,2,40,70,6,I,67,377,True,,I,0.5760165452957153,,"assistant

{""choice"": ""I""}"
2,1,4,6,2,40,70,7,I,83,460,True,,I,0.14271105825901031,,"assistant

{""choice"": ""I""}"
2,1,4,6,2,40,70,8,I,65,525,True,,I,0.28121310472488403,,"assistant

{""choice"": ""I""}"
2,1,4,6,2,40,70,9,I,65,590,True,,H,1.5020017623901367,,"assistant

{""choice"": ""H""}"
2,1,4,6,2,40,70,10,I,75,665,True,,H,1.7014878988265991,,"assistant

{""choice"": ""H""}"
2,1,5,1,3,70,40,1,I,45,191,False,,,,,
2,1,5,1,3,70,40,2,I,35,191,False,,,,,
2,1,5,1,3,70,40,3,I,44,191,False,,,,,
2,1,5,1,3,70,40,4,H,67,191,False,,,,,
2,1,5,1,3,70,40,5,H,76,267,True,,H,0.020561520010232925,,"assistant

{""choice"": ""H""}"
2,1,6,6,1,70,40,1,I,45,270,False,,,,,
2,1,6,6,1,70,40,2,H,68,270,False,,,,,
2,1,6,6,1,70,40,3,H,73,270,False,,,,,
2,1,6,6,1,70,40,4,H,84,270,False,,,,,
2,1,6,6,1,70,40,5,I,42,312,True,,I,1.136958122253418,,"assistant

{""choice"": ""I""}"
2,1,6,6,1,70,40,6,H,70,382,True,,H,0.07892444729804993,,"assistant

{""choice"": ""H""}"
2,1,6,6,1,70,40,7,H,80,462,True,,H,0.016058631241321564,,"assistant

{""choice"": ""H""}"
2,1,6,6,1,70,40,8,H,63,525,True,,H,0.2520476281642914,,"assistant

{""choice"": ""H""}"
2,1,6,6,1,70,40,9,H,59,584,True,,I,0.34854477643966675,,"assistant

{""choice"": ""I""}"
2,1,6,6,1,70,40,10,H,80,664,True,,H,0.6327112913131714,,"assistant

{""choice"": ""H""}"
2,1,7,1,3,60,40,1,H,47,183,False,,,,,
2,1,7,1,3,60,40,2,I,39,183,False,,,,,
2,1,7,1,3,60,40,3,I,51,183,False,,,,,
2,1,7,1,3,60,40,4,I,46,183,False,,,,,
2,1,7,1,3,60,40,5,I,59,242,True,,H,1.2235486507415771,,"assistant

{""choice"": ""H""}"
2,1,8,1,3,40,32,1,H,53,126,False,,,,,
2,1,8,1,3,40,32,2,I,30,126,False,,,,,
2,1,8,1,3,40,32,3,I,18,126,False,,,,,
2,1,8,1,3,40,32,4,I,25,126,False,,,,,
2,1,8,1,3,40,32,5,H,49,175,True,,H,0.04303827881813049,,"assistant

{""choice"": ""H""}"
2,1,9,6,2,72,60,1,H,72,258,False,,,,,
2,1,9,6,2,72,60,2,H,64,258,False,,,,,
2,1,9,6,2,72,60,3,I,54,258,False,,,,,
2,1,9,6,2,72,60,4,I,68,258,False,,,,,
2,1,9,6,2,72,60,5,I,69,327,True,,I,0.4287637770175934,,"assistant

{""choice"": ""I""}"
2,1,9,6,2,72,60,6,I,71,398,True,,I,0.06997769325971603,,"assistant

{""choice"": ""I""}"
2,1,9,6,2,72,60,7,H,63,461,True,,I,0.47413522005081177,,"assistant

{""choice"": ""I""}"
2,1,9,6,2,72,60,8,I,72,533,True,,H,0.6327095627784729,,"assistant

{""choice"": ""H""}"
2,1,9,6,2,72,60,9,I,53,586,True,,I,0.1128792092204094,,"assistant

{""choice"": ""I""}"
2,1,9,6,2,72,60,10,H,70,656,True,,I,0.9741787910461426,,"assistant

{""choice"": ""I""}"
2,1,10,6,3,40,10,1,I,12,115,False,,,,,
2,1,10,6,3,40,10,2,I,13,115,False,,,,,
2,1,10,6,3,40,10,3,I,33,115,False,,,,,
2,1,10,6,3,40,10,4,H,57,115,False,,,,,
2,1,10,6,3,40,10,5,H,40,155,True,,H,0.0486176460981369,,"assistant

{""choice"": ""H""}"
2,1,10,6,3,40,10,6,H,30,185,True,,H,0.0430346243083477,,"assistant

{""choice"": ""H""}"
2,1,10,6,3,40,10,7,I,4,189,True,,H,1.8048005104064941,,"assistant

{""choice"": ""H""}"
2,1,10,6,3,40,10,8,H,47,236,True,,H,0.04862888902425766,,"assistant

{""choice"": ""H""}"
2,1,10,6,3,40,10,9,H,36,272,True,,H,0.10026082396507263,,"assistant

{""choice"": ""H""}"
2,1,10,6,3,40,10,10,H,33,305,True,,H,0.2812408208847046,,"assistant

{""choice"": ""H""}"
2,1,11,1,1,80,60,1,I,62,299,False,,,,,
2,1,11,1,1,80,60,2,H,75,299,False,,,,,
2,1,11,1,1,80,60,3,H,82,299,False,,,,,
2,1,11,1,1,80,60,4,H,80,299,False,,,,,
2,1,11,1,1,80,60,5,H,62,361,True,,H,0.3133445978164673,,"assistant

{""choice"": ""H""}"
2,1,12,6,2,60,30,1,I,18,161,False,,,,,
2,1,12,6,2,60,30,2,H,61,161,False,,,,,
2,1,12,6,2,60,30,3,H,55,161,False,,,,,
2,1,12,6,2,60,30,4,I,27,161,False,,,,,
2,1,12,6,2,60,30,5,H,59,220,True,,H,0.01106342300772667,,"assistant

{""choice"": ""H""}"
2,1,12,6,2,60,30,6,H,56,276,True,,H,0.2519996464252472,,"assistant

{""choice"": ""H""}"
2,1,12,6,2,60,30,7,H,70,346,True,,I,0.8981798887252808,,"assistant

{""choice"": ""I""}"
2,1,12,6,2,60,30,8,H,65,411,True,,I,0.974137544631958,,"assistant

{""choice"": ""I""}"
2,1,12,6,2,60,30,9,H,68,479,True,,I,0.5232006907463074,,"assistant

{""choice"": ""I""}"
2,1,12,6,2,60,30,10,H,76,555,True,,H,0.428792268037796,,"assistant

{""choice"": ""H""}"
2,1,13,1,2,60,64,1,H,53,259,False,,,,,
2,1,13,1,2,60,64,2,I,68,259,False,,,,,
2,1,13,1,2,60,64,3,I,76,259,False,,,,,
2,1,13,1,2,60,64,4,H,62,259,False,,,,,
2,1,13,1,2,60,64,5,I,59,318,True,,I,0.014175202697515488,,"assistant

{""choice"": ""I""}"
2,1,14,6,3,60,30,1,H,71,153,False,,,,,
2,1,14,6,3,60,30,2,I,33,153,False,,,,,
2,1,14,6,3,60,30,3,I,28,153,False,,,,,
2,1,14,6,3,60,30,4,I,21,153,False,,,,,
2,1,14,6,3,60,30,5,H,52,205,True,,H,0.3133387565612793,,"assistant

{""choice"": ""H""}"
2,1,14,6,3,60,30,6,H,62,267,True,,H,0.1603098213672638,,"assistant

{""choice"": ""H""}"
2,1,14,6,3,60,30,7,H,60,327,True,,H,0.20147493481636047,,"assistant

{""choice"": ""H""}"
2,1,14,6,3,60,30,8,H,56,383,True,,H,0.11289401352405548,,"assistant

{""choice"": ""H""}"
2,1,14,6,3,60,30,9,H,66,449,True,,I,1.2235023975372314,,"assistant

{""choice"": ""I""}"
2,1,14,6,3,60,30,10,H,62,511,True,,H,0.34855031967163086,,"assistant

{""choice"": ""H""}"
2,1,15,1,3,28,40,1,I,34,151,False,,,,,
2,1,15,1,3,28,40,2,H,34,151,False,,,,,
2,1,15,1,3,28,40,3,I,44,151,False,,,,,
2,1,15,1,3,28,40,4,I,39,151,False,,,,,
2,1,15,1,3,28,40,5,H,37,188,True,,I,0.6932591199874878,,"assistant

{""choice"": ""I""}"
2,1,16,6,2,60,64,1,I,66,232,False,,,,,
2,1,16,6,2,60,64,2,H,50,232,False,,,,,
2,1,16,6,2,60,64,3,I,59,232,False,,,,,
2,1,16,6,2,60,64,4,H,57,232,False,,,,,
2,1,16,6,2,60,64,5,I,54,286,True,,I,0.014183194376528263,,"assistant

{""choice"": ""I""}"
2,1,16,6,2,60,64,6,H,56,342,True,,I,0.3485054075717926,,"assistant

{""choice"": ""I""}"
2,1,16,6,2,60,64,7,I,64,406,True,,H,0.25201937556266785,,"assistant

{""choice"": ""H""}"
2,1,16,6,2,60,64,8,H,54,460,True,,I,1.3134000301361084,,"assistant

{""choice"": ""I""}"
2,1,16,6,2,60,64,9,I,46,506,True,,I,0.03369775414466858,,"assistant

{""choice"": ""I""}"
2,1,16,6,2,60,64,10,H,60,566,True,,I,0.47419482469558716,,"assistant

{""choice"": ""I""}"
2,1,17,6,2,36,40,1,I,42,144,False,,,,,
2,1,17,6,2,36,40,2,I,30,144,False,,,,,
2,1,17,6,2,36,40,3,H,39,144,False,,,,,
2,1,17,6,2,36,40,4,H,33,144,False,,,,,
2,1,17,6,2,36,40,5,H,46,190,True,,I,2.929917097091675,,"assistant

{""choice"": ""I""}"
2,1,17,6,2,36,40,6,I,39,229,True,,H,2.929934024810791,,"assistant

{""choice"": ""H""}"
2,1,17,6,2,36,40,7,H,48,277,True,,H,0.0430426187813282,,"assistant

{""choice"": ""H""}"
2,1,17,6,2,36,40,8,H,38,315,True,,H,0.31338417530059814,,"assistant

{""choice"": ""H""}"
2,1,17,6,2,36,40,9,I,53,368,True,,H,2.350283622741699,,"assistant

{""choice"": ""H""}"
2,1,17,6,2,36,40,10,I,47,415,True,,I,0.20155395567417145,,"assistant

{""choice"": ""I""}"
2,1,18,1,1,52,60,1,H,53,223,False,,,,,
2,1,18,1,1,52,60,2,H,49,223,False,,,,,
2,1,18,1,1,52,60,3,H,62,223,False,,,,,
2,1,18,1,1,52,60,4,I,59,223,False,,,,,
2,1,18,1,1,52,60,5,I,70,293,True,,I,0.06996557861566544,,"assistant

{""choice"": ""I""}"
2,1,19,6,2,40,60,1,H,34,209,False,,,,,
2,1,19,6,2,40,60,2,I,72,209,False,,,,,
2,1,19,6,2,40,60,3,H,47,209,False,,,,,
2,1,19,6,2,40,60,4,I,56,209,False,,,,,
2,1,19,6,2,40,60,5,H,29,238,True,,I,3.895559072494507,,"assistant

{""choice"": ""I""}"
2,1,19,6,2,40,60,6,I,61,299,True,,I,0.02632146328687668,,"assistant

{""choice"": ""I""}"
2,1,19,6,2,40,60,7,I,42,341,True,,I,0.005942060146480799,,"assistant

{""choice"": ""I""}"
2,1,19,6,2,40,60,8,I,72,413,True,,I,0.31337806582450867,,"assistant

{""choice"": ""I""}"
2,1,19,6,2,40,60,9,I,75,488,True,,I,0.4288007318973541,,"assistant

{""choice"": ""I""}"
2,1,19,6,2,40,60,10,I,56,544,True,,I,0.5232172012329102,,"assistant

{""choice"": ""I""}"
2,1,20,1,3,60,48,1,I,41,188,False,,,,,
2,1,20,1,3,60,48,2,H,52,188,False,,,,,
2,1,20,1,3,60,48,3,I,48,188,False,,,,,
2,1,20,1,3,60,48,4,I,47,188,False,,,,,
2,1,20,1,3,60,48,5,H,51,239,True,,I,1.4062082767486572,,"assistant

{""choice"": ""I""}"
2,1,21,6,2,40,52,1,I,37,174,False,,,,,
2,1,21,6,2,40,52,2,I,50,174,False,,,,,
2,1,21,6,2,40,52,3,H,40,174,False,,,,,
2,1,21,6,2,40,52,4,H,47,174,False,,,,,
2,1,21,6,2,40,52,5,I,58,232,True,,I,0.023265596479177475,,"assistant

{""choice"": ""I""}"
2,1,21,6,2,40,52,6,H,41,273,True,,H,1.313331127166748,,"assistant

{""choice"": ""H""}"
2,1,21,6,2,40,52,7,I,53,326,True,,I,0.011068728752434254,,"assistant

{""choice"": ""I""}"
2,1,21,6,2,40,52,8,I,39,365,True,,I,0.012539708986878395,,"assistant

{""choice"": ""I""}"
2,1,21,6,2,40,52,9,H,38,403,True,,I,2.8120169639587402,,"assistant

{""choice"": ""I""}"
2,1,21,6,2,40,52,10,I,62,465,True,,I,0.5232385396957397,,"assistant

{""choice"": ""I""}"
2,1,22,6,3,40,70,1,I,67,264,False,,,,,
2,1,22,6,3,40,70,2,H,54,264,False,,,,,
2,1,22,6,3,40,70,3,I,82,264,False,,,,,
2,1,22,6,3,40,70,4,I,61,264,False,,,,,
2,1,22,6,3,40,70,5,I,69,333,True,,I,0.38697052001953125,,"assistant

{""choice"": ""I""}"
2,1,22,6,3,40,70,6,I,74,407,True,,H,0.9741506576538086,,"assistant

{""choice"": ""H""}"
2,1,22,6,3,40,70,7,I,70,477,True,,H,1.3133246898651123,,"assistant

{""choice"": ""H""}"
2,1,22,6,3,40,70,8,I,77,554,True,,H,1.5020018815994263,,"assistant

{""choice"": ""H""}"
2,1,22,6,3,40,70,9,I,61,615,True,,I,0.6932380199432373,,"assistant

{""choice"": ""I""}"
2,1,22,6,3,40,70,10,I,72,687,True,,H,0.5232301950454712,,"assistant

{""choice"": ""H""}"
2,1,23,1,3,40,10,1,I,23,88,False,,,,,
2,1,23,1,3,40,10,2,I,13,88,False,,,,,
2,1,23,1,3,40,10,3,I,19,88,False,,,,,
2,1,23,1,3,40,10,4,H,33,88,False,,,,,
2,1,23,1,3,40,10,5,I,1,89,True,,H,2.6950018405914307,,"assistant

{""choice"": ""H""}"
2,1,24,6,1,52,60,1,I,60,217,False,,,,,
2,1,24,6,1,52,60,2,H,52,217,False,,,,,
2,1,24,6,1,52,60,3,H,53,217,False,,,,,
2,1,24,6,1,52,60,4,H,52,217,False,,,,,
2,1,24,6,1,52,60,5,I,57,274,True,,H,1.1369500160217285,,"assistant

{""choice"": ""H""}"
2,1,24,6,1,52,60,6,I,46,320,True,,I,0.029778072610497475,,"assistant

{""choice"": ""I""}"
2,1,24,6,1,52,60,7,I,74,394,True,,H,1.5019749402999878,,"assistant

{""choice"": ""H""}"
2,1,24,6,1,52,60,8,I,60,454,True,,I,0.054915931075811386,,"assistant

{""choice"": ""I""}"
2,1,24,6,1,52,60,9,I,75,529,True,,I,0.16028188169002533,,"assistant

{""choice"": ""I""}"
2,1,24,6,1,52,60,10,I,58,587,True,,I,0.12699493765830994,,"assistant

{""choice"": ""I""}"
2,1,25,1,1,40,44,1,H,43,195,False,,,,,
2,1,25,1,1,40,44,2,I,45,195,False,,,,,
2,1,25,1,1,40,44,3,H,43,195,False,,,,,
2,1,25,1,1,40,44,4,H,64,195,False,,,,,
2,1,25,1,1,40,44,5,H,47,242,True,,H,0.0789288580417633,,"assistant

{""choice"": ""H""}"
2,1,26,6,3,60,72,1,I,73,293,False,,,,,
2,1,26,6,3,60,72,2,I,83,293,False,,,,,
2,1,26,6,3,60,72,3,H,81,293,False,,,,,
2,1,26,6,3,60,72,4,I,56,293,False,,,,,
2,1,26,6,3,60,72,5,H,65,358,True,,I,1.501985788345337,,"assistant

{""choice"": ""I""}"
2,1,26,6,3,60,72,6,I,62,420,True,,H,1.5020129680633545,,"assistant

{""choice"": ""H""}"
2,1,26,6,3,60,72,7,H,50,470,True,,H,0.08899060636758804,,"assistant

{""choice"": ""H""}"
2,1,26,6,3,60,72,8,I,86,556,True,,I,0.4288202226161957,,"assistant

{""choice"": ""I""}"
2,1,26,6,3,60,72,9,I,81,637,True,,I,0.07000669836997986,,"assistant

{""choice"": ""I""}"
2,1,26,6,3,60,72,10,I,77,714,True,,I,0.8982769846916199,,"assistant

{""choice"": ""I""}"
2,1,27,1,1,36,40,1,H,35,150,False,,,,,
2,1,27,1,1,36,40,2,H,41,150,False,,,,,
2,1,27,1,1,36,40,3,H,30,150,False,,,,,
2,1,27,1,1,36,40,4,I,44,150,False,,,,,
2,1,27,1,1,36,40,5,H,47,197,True,,I,1.7015019655227661,,"assistant

{""choice"": ""I""}"
2,1,28,1,3,60,72,1,I,74,278,False,,,,,
2,1,28,1,3,60,72,2,H,51,278,False,,,,,
2,1,28,1,3,60,72,3,I,80,278,False,,,,,
2,1,28,1,3,60,72,4,I,73,278,False,,,,,
2,1,28,1,3,60,72,5,I,82,360,True,,I,0.0067300316877663136,,"assistant

{""choice"": ""I""}"
2,1,29,1,2,60,64,1,H,59,244,False,,,,,
2,1,29,1,2,60,64,2,H,58,244,False,,,,,
2,1,29,1,2,60,64,3,I,63,244,False,,,,,
2,1,29,1,2,60,64,4,I,64,244,False,,,,,
2,1,29,1,2,60,64,5,I,77,321,True,,I,0.043057575821876526,,"assistant

{""choice"": ""I""}"
2,1,30,1,2,60,30,1,H,68,202,False,,,,,
2,1,30,1,2,60,30,2,H,50,202,False,,,,,
2,1,30,1,2,60,30,3,I,48,202,False,,,,,
2,1,30,1,2,60,30,4,I,36,202,False,,,,,
2,1,30,1,2,60,30,5,I,19,221,True,,H,4.511078357696533,,"assistant

{""choice"": ""H""}"
2,1,31,1,2,60,52,1,H,57,233,False,,,,,
2,1,31,1,2,60,52,2,I,55,233,False,,,,,
2,1,31,1,2,60,52,3,H,69,233,False,,,,,
2,1,31,1,2,60,52,4,I,52,233,False,,,,,
2,1,31,1,2,60,52,5,H,62,295,True,,H,0.006744240876287222,,"assistant

{""choice"": ""H""}"
2,1,32,1,2,52,60,1,H,50,233,False,,,,,
2,1,32,1,2,52,60,2,I,62,233,False,,,,,
2,1,32,1,2,52,60,3,H,55,233,False,,,,,
2,1,32,1,2,52,60,4,I,66,233,False,,,,,
2,1,32,1,2,52,60,5,I,47,280,True,,I,0.048640359193086624,,"assistant

{""choice"": ""I""}"
2,1,33,6,1,52,40,1,H,48,176,False,,,,,
2,1,33,6,1,52,40,2,H,65,176,False,,,,,
2,1,33,6,1,52,40,3,I,23,176,False,,,,,
2,1,33,6,1,52,40,4,H,40,176,False,,,,,
2,1,33,6,1,52,40,5,H,50,226,True,,H,0.38694241642951965,,"assistant

{""choice"": ""H""}"
2,1,33,6,1,52,40,6,H,48,274,True,,I,1.6004661321640015,,"assistant

{""choice"": ""I""}"
2,1,33,6,1,52,40,7,H,54,328,True,,I,2.6949622631073,,"assistant

{""choice"": ""I""}"
2,1,33,6,1,52,40,8,H,51,379,True,,I,2.694969892501831,,"assistant

{""choice"": ""I""}"
2,1,33,6,1,52,40,9,H,35,414,True,,I,1.8048129081726074,,"assistant

{""choice"": ""I""}"
2,1,33,6,1,52,40,10,H,31,445,True,,I,2.6949799060821533,,"assistant

{""choice"": ""I""}"
2,1,34,6,2,60,72,1,I,62,253,False,,,,,
2,1,34,6,2,60,72,2,H,69,253,False,,,,,
2,1,34,6,2,60,72,3,I,66,253,False,,,,,
2,1,34,6,2,60,72,4,H,56,253,False,,,,,
2,1,34,6,2,60,72,5,I,76,329,True,,I,0.0336722806096077,,"assistant

{""choice"": ""I""}"
2,1,34,6,2,60,72,6,I,66,395,True,,I,0.4741517901420593,,"assistant

{""choice"": ""I""}"
2,1,34,6,2,60,72,7,I,73,468,True,,I,0.11285801976919174,,"assistant

{""choice"": ""I""}"
2,1,34,6,2,60,72,8,H,64,532,True,,I,1.7014683485031128,,"assistant

{""choice"": ""I""}"
2,1,34,6,2,60,72,9,I,77,609,True,,I,0.10026158392429352,,"assistant

{""choice"": ""I""}"
2,1,34,6,2,60,72,10,I,71,680,True,,H,1.1369850635528564,,"assistant

{""choice"": ""H""}"
2,1,35,6,3,40,60,1,I,64,233,False,,,,,
2,1,35,6,3,40,60,2,I,66,233,False,,,,,
2,1,35,6,3,40,60,3,H,44,233,False,,,,,
2,1,35,6,3,40,60,4,I,59,233,False,,,,,
2,1,35,6,3,40,60,5,I,57,290,True,,I,0.016047604382038116,,"assistant

{""choice"": ""I""}"
2,1,35,6,3,40,60,6,I,50,340,True,,I,0.11286941915750504,,"assistant

{""choice"": ""I""}"
2,1,35,6,3,40,60,7,I,67,407,True,,H,2.3502418994903564,,"assistant

{""choice"": ""H""}"
2,1,35,6,3,40,60,8,I,56,463,True,,H,0.4287709891796112,,"assistant

{""choice"": ""H""}"
2,1,35,6,3,40,60,9,I,58,521,True,,H,0.8982152938842773,,"assistant

{""choice"": ""H""}"
2,1,35,6,3,40,60,10,I,59,580,True,,H,0.8260595202445984,,"assistant

{""choice"": ""H""}"
2,1,36,6,2,60,30,1,H,61,168,False,,,,,
2,1,36,6,2,60,30,2,I,34,168,False,,,,,
2,1,36,6,2,60,30,3,H,53,168,False,,,,,
2,1,36,6,2,60,30,4,I,20,168,False,,,,,
2,1,36,6,2,60,30,5,H,62,230,True,,H,0.08899354934692383,,"assistant

{""choice"": ""H""}"
2,1,36,6,2,60,30,6,H,62,292,True,,H,0.38695594668388367,,"assistant

{""choice"": ""H""}"
2,1,36,6,2,60,30,7,H,59,351,True,,H,0.25201281905174255,,"assistant

{""choice"": ""H""}"
2,1,36,6,2,60,30,8,H,70,421,True,,I,1.6004624366760254,,"assistant

{""choice"": ""I""}"
2,1,36,6,2,60,30,9,H,56,477,True,,I,1.136937141418457,,"assistant

{""choice"": ""I""}"
2,1,36,6,2,60,30,10,H,56,533,True,,I,0.5760424137115479,,"assistant

{""choice"": ""I""}"
2,1,37,1,2,60,72,1,I,67,247,False,,,,,
2,1,37,1,2,60,72,2,H,56,247,False,,,,,
2,1,37,1,2,60,72,3,I,67,247,False,,,,,
2,1,37,1,2,60,72,4,H,57,247,False,,,,,
2,1,37,1,2,60,72,5,I,72,319,True,,I,0.0046380325220525265,,"assistant

{""choice"": ""I""}"
2,1,38,1,2,48,60,1,H,63,230,False,,,,,
2,1,38,1,2,48,60,2,I,51,230,False,,,,,
2,1,38,1,2,48,60,3,I,65,230,False,,,,,
2,1,38,1,2,48,60,4,H,51,230,False,,,,,
2,1,38,1,2,48,60,5,I,66,296,True,,I,0.018162721768021584,,"assistant

{""choice"": ""I""}"
2,1,39,6,2,60,56,1,H,61,214,False,,,,,
2,1,39,6,2,60,56,2,I,52,214,False,,,,,
2,1,39,6,2,60,56,3,I,59,214,False,,,,,
2,1,39,6,2,60,56,4,H,42,214,False,,,,,
2,1,39,6,2,60,56,5,I,59,273,True,,H,1.1369662284851074,,"assistant

{""choice"": ""H""}"
2,1,39,6,2,60,56,6,I,54,327,True,,I,0.826019823551178,,"assistant

{""choice"": ""I""}"
2,1,39,6,2,60,56,7,H,50,377,True,,I,2.017720937728882,,"assistant

{""choice"": ""I""}"
2,1,39,6,2,60,56,8,I,63,440,True,,I,0.6932499408721924,,"assistant

{""choice"": ""I""}"
2,1,39,6,2,60,56,9,I,57,497,True,,I,0.7577077746391296,,"assistant

{""choice"": ""I""}"
2,1,39,6,2,60,56,10,I,54,551,True,,I,1.2235496044158936,,"assistant

{""choice"": ""I""}"
2,1,40,6,2,32,40,1,H,42,137,False,,,,,
2,1,40,6,2,32,40,2,I,33,137,False,,,,,
2,1,40,6,2,32,40,3,H,26,137,False,,,,,
2,1,40,6,2,32,40,4,I,36,137,False,,,,,
2,1,40,6,2,32,40,5,H,38,175,True,,H,0.11289103329181671,,"assistant

{""choice"": ""H""}"
2,1,40,6,2,32,40,6,I,39,214,True,,H,2.237900733947754,,"assistant

{""choice"": ""H""}"
2,1,40,6,2,32,40,7,H,32,246,True,,I,1.804839015007019,,"assistant

{""choice"": ""I""}"
2,1,40,6,2,32,40,8,I,31,277,True,,I,0.062039099633693695,,"assistant

{""choice"": ""I""}"
2,1,40,6,2,32,40,9,I,33,310,True,,I,0.34859853982925415,,"assistant

{""choice"": ""I""}"
2,1,40,6,2,32,40,10,H,26,336,True,,H,0.28127050399780273,,"assistant

{""choice"": ""H""}"
2,1,41,6,2,72,60,1,I,63,265,False,,,,,
2,1,41,6,2,72,60,2,H,68,265,False,,,,,
2,1,41,6,2,72,60,3,H,80,265,False,,,,,
2,1,41,6,2,72,60,4,I,54,265,False,,,,,
2,1,41,6,2,72,60,5,H,72,337,True,,H,0.08899660408496857,,"assistant

{""choice"": ""H""}"
2,1,41,6,2,72,60,6,H,73,410,True,,H,0.693212628364563,,"assistant

{""choice"": ""H""}"
2,1,41,6,2,72,60,7,H,72,482,True,,H,0.14271891117095947,,"assistant

{""choice"": ""H""}"
2,1,41,6,2,72,60,8,H,73,555,True,,I,1.2235239744186401,,"assistant

{""choice"": ""I""}"
2,1,41,6,2,72,60,9,H,67,622,True,,I,2.0177128314971924,,"assistant

{""choice"": ""I""}"
2,1,41,6,2,72,60,10,H,67,689,True,,H,1.136968731880188,,"assistant

{""choice"": ""H""}"
2,1,42,6,2,60,64,1,I,71,275,False,,,,,
2,1,42,6,2,60,64,2,I,81,275,False,,,,,
2,1,42,6,2,60,64,3,H,57,275,False,,,,,
2,1,42,6,2,60,64,4,H,66,275,False,,,,,
2,1,42,6,2,60,64,5,I,59,334,True,,I,0.06998591870069504,,"assistant

{""choice"": ""I""}"
2,1,42,6,2,60,64,6,H,62,396,True,,H,0.693215012550354,,"assistant

{""choice"": ""H""}"
2,1,42,6,2,60,64,7,I,59,455,True,,I,1.313331961631775,,"assistant

{""choice"": ""I""}"
2,1,42,6,2,60,64,8,I,67,522,True,,H,1.6004880666732788,,"assistant

{""choice"": ""H""}"
2,1,42,6,2,60,64,9,H,76,598,True,,I,3.168039560317993,,"assistant

{""choice"": ""I""}"
2,1,42,6,2,60,64,10,H,69,667,True,,H,0.38705334067344666,,"assistant

{""choice"": ""H""}"
2,1,43,6,2,40,60,1,H,28,170,False,,,,,
2,1,43,6,2,40,60,2,H,27,170,False,,,,,
2,1,43,6,2,40,60,3,I,49,170,False,,,,,
2,1,43,6,2,40,60,4,I,66,170,False,,,,,
2,1,43,6,2,40,60,5,I,56,226,True,,I,0.01818414404988289,,"assistant

{""choice"": ""I""}"
2,1,43,6,2,40,60,6,I,55,281,True,,I,0.012525111436843872,,"assistant

{""choice"": ""I""}"
2,1,43,6,2,40,60,7,I,66,347,True,,I,0.6932077407836914,,"assistant

{""choice"": ""I""}"
2,1,43,6,2,40,60,8,H,58,405,True,,I,0.5759990215301514,,"assistant

{""choice"": ""I""}"
2,1,43,6,2,40,60,9,I,61,466,True,,I,0.25200650095939636,,"assistant

{""choice"": ""I""}"
2,1,43,6,2,40,60,10,I,74,540,True,,I,0.5232576727867126,,"assistant

{""choice"": ""I""}"
2,1,44,1,3,72,60,1,I,51,246,False,,,,,
2,1,44,1,3,72,60,2,I,48,246,False,,,,,
2,1,44,1,3,72,60,3,I,73,246,False,,,,,
2,1,44,1,3,72,60,4,H,74,246,False,,,,,
2,1,44,1,3,72,60,5,H,70,316,True,,H,0.20149509608745575,,"assistant

{""choice"": ""H""}"
2,1,45,6,3,64,60,1,I,69,255,False,,,,,
2,1,45,6,3,64,60,2,I,61,255,False,,,,,
2,1,45,6,3,64,60,3,I,68,255,False,,,,,
2,1,45,6,3,64,60,4,H,57,255,False,,,,,
2,1,45,6,3,64,60,5,I,60,315,True,,I,0.2812172472476959,,"assistant

{""choice"": ""I""}"
2,1,45,6,3,64,60,6,H,45,360,True,,I,1.9102725982666016,,"assistant

{""choice"": ""I""}"
2,1,45,6,3,64,60,7,I,59,419,True,,I,0.01605229638516903,,"assistant

{""choice"": ""I""}"
2,1,45,6,3,64,60,8,I,54,473,True,,I,0.020570162683725357,,"assistant

{""choice"": ""I""}"
2,1,45,6,3,64,60,9,H,64,537,True,,I,0.5232065320014954,,"assistant

{""choice"": ""I""}"
2,1,45,6,3,64,60,10,I,61,598,True,,H,0.82613605260849,,"assistant

{""choice"": ""H""}"
2,1,46,6,3,40,44,1,I,47,180,False,,,,,
2,1,46,6,3,40,44,2,I,40,180,False,,,,,
2,1,46,6,3,40,44,3,I,52,180,False,,,,,
2,1,46,6,3,40,44,4,H,41,180,False,,,,,
2,1,46,6,3,40,44,5,I,26,206,True,,I,0.06996757537126541,,"assistant

{""choice"": ""I""}"
2,1,46,6,3,40,44,6,I,41,247,True,,H,1.7014684677124023,,"assistant

{""choice"": ""H""}"
2,1,46,6,3,40,44,7,H,29,276,True,,H,0.28123965859413147,,"assistant

{""choice"": ""H""}"
2,1,46,6,3,40,44,8,I,32,308,True,,H,1.7014914751052856,,"assistant

{""choice"": ""H""}"
2,1,46,6,3,40,44,9,H,34,342,True,,H,0.20150543749332428,,"assistant

{""choice"": ""H""}"
2,1,46,6,3,40,44,10,I,51,393,True,,H,1.8048949241638184,,"assistant

{""choice"": ""H""}"
2,1,47,1,2,90,60,1,H,95,290,False,,,,,
2,1,47,1,2,90,60,2,H,87,290,False,,,,,
2,1,47,1,2,90,60,3,I,56,290,False,,,,,
2,1,47,1,2,90,60,4,I,52,290,False,,,,,
2,1,47,1,2,90,60,5,H,90,380,True,,H,0.08900205790996552,,"assistant

{""choice"": ""H""}"
2,1,48,6,3,56,60,1,I,68,210,False,,,,,
2,1,48,6,3,56,60,2,I,42,210,False,,,,,
2,1,48,6,3,56,60,3,I,48,210,False,,,,,
2,1,48,6,3,56,60,4,H,52,210,False,,,,,
2,1,48,6,3,56,60,5,I,64,274,True,,H,2.23787784576416,,"assistant

{""choice"": ""H""}"
2,1,48,6,3,56,60,6,I,56,330,True,,H,0.8981993794441223,,"assistant

{""choice"": ""H""}"
2,1,48,6,3,56,60,7,H,56,386,True,,I,1.600466251373291,,"assistant

{""choice"": ""I""}"
2,1,48,6,3,56,60,8,I,50,436,True,,I,0.5232630372047424,,"assistant

{""choice"": ""I""}"
2,1,48,6,3,56,60,9,H,51,487,True,,H,0.25202393531799316,,"assistant

{""choice"": ""H""}"
2,1,48,6,3,56,60,10,I,49,536,True,,I,0.8261557817459106,,"assistant

{""choice"": ""I""}"
2,1,49,1,1,60,90,1,I,89,275,False,,,,,
2,1,49,1,1,60,90,2,H,51,275,False,,,,,
2,1,49,1,1,60,90,3,H,73,275,False,,,,,
2,1,49,1,1,60,90,4,H,62,275,False,,,,,
2,1,49,1,1,60,90,5,I,94,369,True,,I,0.0699712410569191,,"assistant

{""choice"": ""I""}"
2,1,50,6,1,64,60,1,H,64,240,False,,,,,
2,1,50,6,1,64,60,2,H,61,240,False,,,,,
2,1,50,6,1,64,60,3,I,49,240,False,,,,,
2,1,50,6,1,64,60,4,H,66,240,False,,,,,
2,1,50,6,1,64,60,5,I,49,289,True,,I,1.1369444131851196,,"assistant

{""choice"": ""I""}"
2,1,50,6,1,64,60,6,H,71,360,True,,H,0.038064826279878616,,"assistant

{""choice"": ""H""}"
2,1,50,6,1,64,60,7,H,42,402,True,,H,0.11290445178747177,,"assistant

{""choice"": ""H""}"
2,1,50,6,1,64,60,8,H,67,469,True,,H,0.10027074813842773,,"assistant

{""choice"": ""H""}"
2,1,50,6,1,64,60,9,H,58,527,True,,H,0.04304090514779091,,"assistant

{""choice"": ""H""}"
2,1,50,6,1,64,60,10,H,63,590,True,,I,1.5020033121109009,,"assistant

{""choice"": ""I""}"
2,1,51,1,3,40,48,1,I,49,198,False,,,,,
2,1,51,1,3,40,48,2,I,52,198,False,,,,,
2,1,51,1,3,40,48,3,I,55,198,False,,,,,
2,1,51,1,3,40,48,4,H,42,198,False,,,,,
2,1,51,1,3,40,48,5,I,65,263,True,,I,0.02055474743247032,,"assistant

{""choice"": ""I""}"
2,1,52,6,1,40,52,1,H,33,155,False,,,,,
2,1,52,6,1,40,52,2,H,47,155,False,,,,,
2,1,52,6,1,40,52,3,H,29,155,False,,,,,
2,1,52,6,1,40,52,4,I,46,155,False,,,,,
2,1,52,6,1,40,52,5,I,61,216,True,,H,1.0537868738174438,,"assistant

{""choice"": ""H""}"
2,1,52,6,1,40,52,6,I,54,270,True,,I,0.01816740445792675,,"assistant

{""choice"": ""I""}"
2,1,52,6,1,40,52,7,I,61,331,True,,I,0.03806046396493912,,"assistant

{""choice"": ""I""}"
2,1,52,6,1,40,52,8,I,71,402,True,,I,0.14272190630435944,,"assistant

{""choice"": ""I""}"
2,1,52,6,1,40,52,9,I,41,443,True,,I,0.17980101704597473,,"assistant

{""choice"": ""I""}"
2,1,52,6,1,40,52,10,I,46,489,True,,I,0.25200900435447693,,"assistant

{""choice"": ""I""}"
2,1,53,1,1,40,52,1,H,45,156,False,,,,,
2,1,53,1,1,40,52,2,I,48,156,False,,,,,
2,1,53,1,1,40,52,3,H,38,156,False,,,,,
2,1,53,1,1,40,52,4,H,25,156,False,,,,,
2,1,53,1,1,40,52,5,I,48,204,True,,I,0.014178493060171604,,"assistant

{""choice"": ""I""}"
2,1,54,6,3,60,64,1,I,47,248,False,,,,,
2,1,54,6,3,60,64,2,I,72,248,False,,,,,
2,1,54,6,3,60,64,3,H,61,248,False,,,,,
2,1,54,6,3,60,64,4,I,68,248,False,,,,,
2,1,54,6,3,60,64,5,I,65,313,True,,I,0.04302126541733742,,"assistant

{""choice"": ""I""}"
2,1,54,6,3,60,64,6,I,73,386,True,,H,1.7014687061309814,,"assistant

{""choice"": ""H""}"
2,1,54,6,3,60,64,7,I,67,453,True,,H,1.9102736711502075,,"assistant

{""choice"": ""H""}"
2,1,54,6,3,60,64,8,I,60,513,True,,I,0.7576791048049927,,"assistant

{""choice"": ""I""}"
2,1,54,6,3,60,64,9,H,61,574,True,,H,0.16028685867786407,,"assistant

{""choice"": ""H""}"
2,1,54,6,3,60,64,10,I,60,634,True,,I,0.4288390874862671,,"assistant

{""choice"": ""I""}"
2,1,55,6,3,40,28,1,H,42,131,False,,,,,
2,1,55,6,3,40,28,2,I,21,131,False,,,,,
2,1,55,6,3,40,28,3,I,31,131,False,,,,,
2,1,55,6,3,40,28,4,I,37,131,False,,,,,
2,1,55,6,3,40,28,5,I,24,155,True,,I,0.07892169803380966,,"assistant

{""choice"": ""I""}"
2,1,55,6,3,40,28,6,H,46,201,True,,I,0.6932258605957031,,"assistant

{""choice"": ""I""}"
2,1,55,6,3,40,28,7,H,42,243,True,,H,0.026334119960665703,,"assistant

{""choice"": ""H""}"
2,1,55,6,3,40,28,8,H,31,274,True,,H,0.10028757154941559,,"assistant

{""choice"": ""H""}"
2,1,55,6,3,40,28,9,I,31,305,True,,I,0.6932264566421509,,"assistant

{""choice"": ""I""}"
2,1,55,6,3,40,28,10,H,32,337,True,,H,0.3486013114452362,,"assistant

{""choice"": ""H""}"
2,1,56,6,3,48,60,1,I,58,218,False,,,,,
2,1,56,6,3,48,60,2,I,52,218,False,,,,,
2,1,56,6,3,48,60,3,I,54,218,False,,,,,
2,1,56,6,3,48,60,4,H,54,218,False,,,,,
2,1,56,6,3,48,60,5,I,63,281,True,,H,1.5019965171813965,,"assistant

{""choice"": ""H""}"
2,1,56,6,3,48,60,6,I,66,347,True,,I,0.05491548031568527,,"assistant

{""choice"": ""I""}"
2,1,56,6,3,48,60,7,I,66,413,True,,I,1.0537604093551636,,"assistant

{""choice"": ""I""}"
2,1,56,6,3,48,60,8,H,37,450,True,,I,1.804800271987915,,"assistant

{""choice"": ""I""}"
2,1,56,6,3,48,60,9,I,68,518,True,,I,0.11286451667547226,,"assistant

{""choice"": ""I""}"
2,1,56,6,3,48,60,10,I,47,565,True,,I,0.04304102063179016,,"assistant

{""choice"": ""I""}"
2,1,57,6,1,48,60,1,H,46,212,False,,,,,
2,1,57,6,1,48,60,2,I,63,212,False,,,,,
2,1,57,6,1,48,60,3,H,57,212,False,,,,,
2,1,57,6,1,48,60,4,H,46,212,False,,,,,
2,1,57,6,1,48,60,5,I,54,266,True,,I,0.01417731773108244,,"assistant

{""choice"": ""I""}"
2,1,57,6,1,48,60,6,H,50,316,True,,I,2.4639954566955566,,"assistant

{""choice"": ""I""}"
2,1,57,6,1,48,60,7,I,70,386,True,,I,0.02326582930982113,,"assistant

{""choice"": ""I""}"
2,1,57,6,1,48,60,8,I,52,438,True,,I,0.026343639940023422,,"assistant

{""choice"": ""I""}"
2,1,57,6,1,48,60,9,H,51,489,True,,I,4.264185428619385,,"assistant

{""choice"": ""I""}"
2,1,57,6,1,48,60,10,I,64,553,True,,I,0.014190010726451874,,"assistant

{""choice"": ""I""}"
2,1,58,1,2,40,44,1,I,53,174,False,,,,,
2,1,58,1,2,40,44,2,H,32,174,False,,,,,
2,1,58,1,2,40,44,3,I,38,174,False,,,,,
2,1,58,1,2,40,44,4,H,51,174,False,,,,,
2,1,58,1,2,40,44,5,I,46,220,True,,I,0.08898329734802246,,"assistant

{""choice"": ""I""}"
2,1,59,1,1,60,40,1,H,68,218,False,,,,,
2,1,59,1,1,60,40,2,H,58,218,False,,,,,
2,1,59,1,1,60,40,3,I,42,218,False,,,,,
2,1,59,1,1,60,40,4,H,50,218,False,,,,,
2,1,59,1,1,60,40,5,H,72,290,True,,H,0.020566659048199654,,"assistant

{""choice"": ""H""}"
2,1,60,1,2,60,40,1,H,55,203,False,,,,,
2,1,60,1,2,60,40,2,H,63,203,False,,,,,
2,1,60,1,2,60,40,3,I,40,203,False,,,,,
2,1,60,1,2,60,40,4,I,45,203,False,,,,,
2,1,60,1,2,60,40,5,H,44,247,True,,H,0.1427377164363861,,"assistant

{""choice"": ""H""}"
2,1,61,1,2,40,44,1,H,37,147,False,,,,,
2,1,61,1,2,40,44,2,I,35,147,False,,,,,
2,1,61,1,2,40,44,3,I,52,147,False,,,,,
2,1,61,1,2,40,44,4,H,23,147,False,,,,,
2,1,61,1,2,40,44,5,I,47,194,True,,I,0.011059650219976902,,"assistant

{""choice"": ""I""}"
2,1,62,1,2,40,32,1,I,20,129,False,,,,,
2,1,62,1,2,40,32,2,I,36,129,False,,,,,
2,1,62,1,2,40,32,3,H,41,129,False,,,,,
2,1,62,1,2,40,32,4,H,32,129,False,,,,,
2,1,62,1,2,40,32,5,I,35,164,True,,H,2.3502466678619385,,"assistant

{""choice"": ""H""}"
2,1,63,1,3,48,40,1,I,33,144,False,,,,,
2,1,63,1,3,48,40,2,H,40,144,False,,,,,
2,1,63,1,3,48,40,3,I,30,144,False,,,,,
2,1,63,1,3,48,40,4,I,41,144,False,,,,,
2,1,63,1,3,48,40,5,H,61,205,True,,I,2.463975667953491,,"assistant

{""choice"": ""I""}"
2,1,64,1,2,40,70,1,H,33,211,False,,,,,
2,1,64,1,2,40,70,2,H,33,211,False,,,,,
2,1,64,1,2,40,70,3,I,80,211,False,,,,,
2,1,64,1,2,40,70,4,I,65,211,False,,,,,
2,1,64,1,2,40,70,5,I,74,285,True,,I,0.020579388365149498,,"assistant

{""choice"": ""I""}"
2,1,65,6,2,56,60,1,I,56,226,False,,,,,
2,1,65,6,2,56,60,2,H,54,226,False,,,,,
2,1,65,6,2,56,60,3,H,64,226,False,,,,,
2,1,65,6,2,56,60,4,I,52,226,False,,,,,
2,1,65,6,2,56,60,5,I,65,291,True,,H,3.651325225830078,,"assistant

{""choice"": ""H""}"
2,1,65,6,2,56,60,6,H,43,334,True,,I,0.2812064588069916,,"assistant

{""choice"": ""I""}"
2,1,65,6,2,56,60,7,I,71,405,True,,I,0.008628821931779385,,"assistant

{""choice"": ""I""}"
2,1,65,6,2,56,60,8,I,66,471,True,,I,0.22551661729812622,,"assistant

{""choice"": ""I""}"
2,1,65,6,2,56,60,9,I,59,530,True,,I,0.01106754969805479,,"assistant

{""choice"": ""I""}"
2,1,65,6,2,56,60,10,I,58,588,True,,H,0.974157452583313,,"assistant

{""choice"": ""H""}"
2,1,66,1,2,70,40,1,H,60,248,False,,,,,
2,1,66,1,2,70,40,2,I,44,248,False,,,,,
2,1,66,1,2,70,40,3,H,81,248,False,,,,,
2,1,66,1,2,70,40,4,I,63,248,False,,,,,
2,1,66,1,2,70,40,5,H,67,315,True,,H,0.08898951858282089,,"assistant

{""choice"": ""H""}"
2,1,67,1,1,60,48,1,H,65,230,False,,,,,
2,1,67,1,1,60,48,2,H,48,230,False,,,,,
2,1,67,1,1,60,48,3,H,63,230,False,,,,,
2,1,67,1,1,60,48,4,I,54,230,False,,,,,
2,1,67,1,1,60,48,5,H,50,280,True,,I,1.8047974109649658,,"assistant

{""choice"": ""I""}"
2,1,68,1,2,60,56,1,H,60,226,False,,,,,
2,1,68,1,2,60,56,2,I,43,226,False,,,,,
2,1,68,1,2,60,56,3,H,48,226,False,,,,,
2,1,68,1,2,60,56,4,I,75,226,False,,,,,
2,1,68,1,2,60,56,5,I,63,289,True,,I,0.02976696379482746,,"assistant

{""choice"": ""I""}"
2,1,69,1,2,60,40,1,I,53,216,False,,,,,
2,1,69,1,2,60,40,2,H,50,216,False,,,,,
2,1,69,1,2,60,40,3,I,45,216,False,,,,,
2,1,69,1,2,60,40,4,H,68,216,False,,,,,
2,1,69,1,2,60,40,5,H,70,286,True,,H,0.03806551173329353,,"assistant

{""choice"": ""H""}"
2,1,70,1,2,40,10,1,H,34,96,False,,,,,
2,1,70,1,2,40,10,2,I,17,96,False,,,,,
2,1,70,1,2,40,10,3,I,10,96,False,,,,,
2,1,70,1,2,40,10,4,H,35,96,False,,,,,
2,1,70,1,2,40,10,5,H,52,148,True,,H,0.008638040162622929,,"assistant

{""choice"": ""H""}"
2,1,71,6,2,44,40,1,I,31,168,False,,,,,
2,1,71,6,2,44,40,2,I,45,168,False,,,,,
2,1,71,6,2,44,40,3,H,47,168,False,,,,,
2,1,71,6,2,44,40,4,H,45,168,False,,,,,
2,1,71,6,2,44,40,5,H,30,198,True,,H,1.6004650592803955,,"assistant

{""choice"": ""H""}"
2,1,71,6,2,44,40,6,I,40,238,True,,I,0.06996124237775803,,"assistant

{""choice"": ""I""}"
2,1,71,6,2,44,40,7,H,38,276,True,,I,1.910339593887329,,"assistant

{""choice"": ""I""}"
2,1,71,6,2,44,40,8,I,31,307,True,,I,0.054917626082897186,,"assistant

{""choice"": ""I""}"
2,1,71,6,2,44,40,9,H,31,338,True,,I,0.4288235008716583,,"assistant

{""choice"": ""I""}"
2,1,71,6,2,44,40,10,I,47,385,True,,I,0.08899878710508347,,"assistant

{""choice"": ""I""}"
2,1,72,1,2,10,40,1,H,1,110,False,,,,,
2,1,72,1,2,10,40,2,I,51,110,False,,,,,
2,1,72,1,2,10,40,3,H,22,110,False,,,,,
2,1,72,1,2,10,40,4,I,36,110,False,,,,,
2,1,72,1,2,10,40,5,I,47,157,True,,I,0.1269996613264084,,"assistant

{""choice"": ""I""}"
2,1,73,6,3,40,48,1,I,46,181,False,,,,,
2,1,73,6,3,40,48,2,H,42,181,False,,,,,
2,1,73,6,3,40,48,3,I,64,181,False,,,,,
2,1,73,6,3,40,48,4,I,29,181,False,,,,,
2,1,73,6,3,40,48,5,H,45,226,True,,I,2.6949710845947266,,"assistant

{""choice"": ""I""}"
2,1,73,6,3,40,48,6,I,50,276,True,,H,0.20146450400352478,,"assistant

{""choice"": ""H""}"
2,1,73,6,3,40,48,7,I,53,329,True,,I,0.2812795042991638,,"assistant

{""choice"": ""I""}"
2,1,73,6,3,40,48,8,H,34,363,True,,I,4.141058444976807,,"assistant

{""choice"": ""I""}"
2,1,73,6,3,40,48,9,I,35,398,True,,I,0.07001303881406784,,"assistant

{""choice"": ""I""}"
2,1,73,6,3,40,48,10,I,50,448,True,,I,0.054933760315179825,,"assistant

{""choice"": ""I""}"
2,1,74,6,2,40,32,1,H,30,124,False,,,,,
2,1,74,6,2,40,32,2,I,28,124,False,,,,,
2,1,74,6,2,40,32,3,H,41,124,False,,,,,
2,1,74,6,2,40,32,4,I,25,124,False,,,,,
2,1,74,6,2,40,32,5,H,27,151,True,,H,0.03808043152093887,,"assistant

{""choice"": ""H""}"
2,1,74,6,2,40,32,6,I,29,180,True,,H,1.50203537940979,,"assistant

{""choice"": ""H""}"
2,1,74,6,2,40,32,7,H,54,234,True,,I,2.463979482650757,,"assistant

{""choice"": ""I""}"
2,1,74,6,2,40,32,8,H,45,279,True,,H,0.6932860612869263,,"assistant

{""choice"": ""H""}"
2,1,74,6,2,40,32,9,I,38,317,True,,I,0.47415557503700256,,"assistant

{""choice"": ""I""}"
2,1,74,6,2,40,32,10,H,42,359,True,,I,1.0538312196731567,,"assistant

{""choice"": ""I""}"
2,1,75,6,2,40,28,1,I,29,160,False,,,,,
2,1,75,6,2,40,28,2,H,58,160,False,,,,,
2,1,75,6,2,40,28,3,H,45,160,False,,,,,
2,1,75,6,2,40,28,4,I,28,160,False,,,,,
2,1,75,6,2,40,28,5,H,36,196,True,,H,0.008630122058093548,,"assistant

{""choice"": ""H""}"
2,1,75,6,2,40,28,6,H,33,229,True,,H,0.348503053188324,,"assistant

{""choice"": ""H""}"
2,1,75,6,2,40,28,7,I,33,262,True,,H,1.6004700660705566,,"assistant

{""choice"": ""H""}"
2,1,75,6,2,40,28,8,I,22,284,True,,I,0.5760365724563599,,"assistant

{""choice"": ""I""}"
2,1,75,6,2,40,28,9,H,54,338,True,,H,0.12701110541820526,,"assistant

{""choice"": ""H""}"
2,1,75,6,2,40,28,10,H,50,388,True,,H,0.07001770287752151,,"assistant

{""choice"": ""H""}"
2,1,76,1,2,40,36,1,H,40,165,False,,,,,
2,1,76,1,2,40,36,2,I,39,165,False,,,,,
2,1,76,1,2,40,36,3,I,44,165,False,,,,,
2,1,76,1,2,40,36,4,H,42,165,False,,,,,
2,1,76,1,2,40,36,5,I,30,195,True,,H,0.9741659760475159,,"assistant

{""choice"": ""H""}"
2,1,77,6,1,68,60,1,I,79,266,False,,,,,
2,1,77,6,1,68,60,2,H,53,266,False,,,,,
2,1,77,6,1,68,60,3,H,65,266,False,,,,,
2,1,77,6,1,68,60,4,H,69,266,False,,,,,
2,1,77,6,1,68,60,5,I,48,314,True,,I,0.08897751569747925,,"assistant

{""choice"": ""I""}"
2,1,77,6,1,68,60,6,H,76,390,True,,H,0.22547124326229095,,"assistant

{""choice"": ""H""}"
2,1,77,6,1,68,60,7,H,51,441,True,,H,0.3485754728317261,,"assistant

{""choice"": ""H""}"
2,1,77,6,1,68,60,8,I,55,496,True,,I,0.22549055516719818,,"assistant

{""choice"": ""I""}"
2,1,77,6,1,68,60,9,H,72,568,True,,H,0.20149442553520203,,"assistant

{""choice"": ""H""}"
2,1,77,6,1,68,60,10,I,55,623,True,,H,1.2235931158065796,,"assistant

{""choice"": ""H""}"
2,1,78,6,2,48,60,1,H,41,212,False,,,,,
2,1,78,6,2,48,60,2,I,67,212,False,,,,,
2,1,78,6,2,48,60,3,H,51,212,False,,,,,
2,1,78,6,2,48,60,4,I,53,212,False,,,,,
2,1,78,6,2,48,60,5,H,54,266,True,,I,3.651319980621338,,"assistant

{""choice"": ""I""}"
2,1,78,6,2,48,60,6,I,72,338,True,,I,0.05490555241703987,,"assistant

{""choice"": ""I""}"
2,1,78,6,2,48,60,7,I,52,390,True,,I,0.02633725479245186,,"assistant

{""choice"": ""I""}"
2,1,78,6,2,48,60,8,H,53,443,True,,I,4.3875298500061035,,"assistant

{""choice"": ""I""}"
2,1,78,6,2,48,60,9,I,61,504,True,,I,0.023271536454558372,,"assistant

{""choice"": ""I""}"
2,1,78,6,2,48,60,10,I,59,563,True,,I,0.11292500048875809,,"assistant

{""choice"": ""I""}"
2,1,79,1,2,32,40,1,I,42,161,False,,,,,
2,1,79,1,2,32,40,2,H,44,161,False,,,,,
2,1,79,1,2,32,40,3,H,33,161,False,,,,,
2,1,79,1,2,32,40,4,I,42,161,False,,,,,
2,1,79,1,2,32,40,5,H,30,191,True,,H,0.2014831155538559,,"assistant

{""choice"": ""H""}"
2,1,80,1,3,44,40,1,I,45,182,False,,,,,
2,1,80,1,3,44,40,2,I,46,182,False,,,,,
2,1,80,1,3,44,40,3,H,43,182,False,,,,,
2,1,80,1,3,44,40,4,I,48,182,False,,,,,
2,1,80,1,3,44,40,5,H,34,216,True,,I,1.0537807941436768,,"assistant

{""choice"": ""I""}"
2,2,81,1,3,64,60,1,I,62,229,False,,,,,
2,2,81,1,3,64,60,2,I,54,229,False,,,,,
2,2,81,1,3,64,60,3,H,50,229,False,,,,,
2,2,81,1,3,64,60,4,I,63,229,False,,,,,
2,2,81,1,3,64,60,5,I,72,301,True,,I,0.6932334899902344,,"assistant

{""choice"": ""I""}"
2,2,82,6,3,40,32,1,H,28,130,False,,,,,
2,2,82,6,3,40,32,2,I,30,130,False,,,,,
2,2,82,6,3,40,32,3,I,27,130,False,,,,,
2,2,82,6,3,40,32,4,I,45,130,False,,,,,
2,2,82,6,3,40,32,5,I,55,185,True,,I,0.023259073495864868,,"assistant

{""choice"": ""I""}"
2,2,82,6,3,40,32,6,I,39,224,True,,I,0.03806402161717415,,"assistant

{""choice"": ""I""}"
2,2,82,6,3,40,32,7,I,27,251,True,,I,0.1002366691827774,,"assistant

{""choice"": ""I""}"
2,2,82,6,3,40,32,8,H,41,292,True,,H,0.2519834339618683,,"assistant

{""choice"": ""H""}"
2,2,82,6,3,40,32,9,I,28,320,True,,I,0.4288025200366974,,"assistant

{""choice"": ""I""}"
2,2,82,6,3,40,32,10,H,28,348,True,,H,0.225515678524971,,"assistant

{""choice"": ""H""}"
2,2,83,6,1,10,40,1,I,32,57,False,,,,,
2,2,83,6,1,10,40,2,H,14,57,False,,,,,
2,2,83,6,1,10,40,3,H,9,57,False,,,,,
2,2,83,6,1,10,40,4,H,2,57,False,,,,,
2,2,83,6,1,10,40,5,I,47,104,True,,I,0.038083530962467194,,"assistant

{""choice"": ""I""}"
2,2,83,6,1,10,40,6,I,58,162,True,,I,0.03808066248893738,,"assistant

{""choice"": ""I""}"
2,2,83,6,1,10,40,7,I,40,202,True,,I,0.0040901582688093185,,"assistant

{""choice"": ""I""}"
2,2,83,6,1,10,40,8,I,44,246,True,,H,0.5759971737861633,,"assistant

{""choice"": ""H""}"
2,2,83,6,1,10,40,9,I,34,280,True,,I,0.11287154257297516,,"assistant

{""choice"": ""I""}"
2,2,83,6,1,10,40,10,I,33,313,True,,I,0.14274722337722778,,"assistant

{""choice"": ""I""}"
2,2,84,1,2,56,60,1,I,59,220,False,,,,,
2,2,84,1,2,56,60,2,I,57,220,False,,,,,
2,2,84,1,2,56,60,3,H,46,220,False,,,,,
2,2,84,1,2,56,60,4,H,58,220,False,,,,,
2,2,84,1,2,56,60,5,I,56,276,True,,I,0.8260232210159302,,"assistant

{""choice"": ""I""}"
2,2,85,1,2,80,60,1,H,85,284,False,,,,,
2,2,85,1,2,80,60,2,I,53,284,False,,,,,
2,2,85,1,2,80,60,3,H,77,284,False,,,,,
2,2,85,1,2,80,60,4,I,69,284,False,,,,,
2,2,85,1,2,80,60,5,H,82,366,True,,H,0.01606801524758339,,"assistant

{""choice"": ""H""}"
2,2,86,1,2,72,60,1,I,64,280,False,,,,,
2,2,86,1,2,72,60,2,H,92,280,False,,,,,
2,2,86,1,2,72,60,3,H,66,280,False,,,,,
2,2,86,1,2,72,60,4,I,58,280,False,,,,,
2,2,86,1,2,72,60,5,H,79,359,True,,H,0.14273720979690552,,"assistant

{""choice"": ""H""}"
2,2,87,6,1,90,60,1,H,94,342,False,,,,,
2,2,87,6,1,90,60,2,H,98,342,False,,,,,
2,2,87,6,1,90,60,3,I,55,342,False,,,,,
2,2,87,6,1,90,60,4,H,95,342,False,,,,,
2,2,87,6,1,90,60,5,H,99,441,True,,H,0.2519966959953308,,"assistant

{""choice"": ""H""}"
2,2,87,6,1,90,60,6,H,99,540,True,,H,0.06200918182730675,,"assistant

{""choice"": ""H""}"
2,2,87,6,1,90,60,7,H,91,631,True,,H,0.38693100214004517,,"assistant

{""choice"": ""H""}"
2,2,87,6,1,90,60,8,H,83,714,True,,I,2.017717123031616,,"assistant

{""choice"": ""I""}"
2,2,87,6,1,90,60,9,H,97,811,True,,I,2.5789194107055664,,"assistant

{""choice"": ""I""}"
2,2,87,6,1,90,60,10,H,76,887,True,,H,0.3485283851623535,,"assistant

{""choice"": ""H""}"
2,2,88,6,2,40,36,1,I,32,146,False,,,,,
2,2,88,6,2,40,36,2,H,29,146,False,,,,,
2,2,88,6,2,40,36,3,I,34,146,False,,,,,
2,2,88,6,2,40,36,4,H,51,146,False,,,,,
2,2,88,6,2,40,36,5,H,42,188,True,,H,0.1798001229763031,,"assistant

{""choice"": ""H""}"
2,2,88,6,2,40,36,6,I,28,216,True,,I,0.4287712275981903,,"assistant

{""choice"": ""I""}"
2,2,88,6,2,40,36,7,H,45,261,True,,H,0.12699545919895172,,"assistant

{""choice"": ""H""}"
2,2,88,6,2,40,36,8,H,45,306,True,,H,0.12701120972633362,,"assistant

{""choice"": ""H""}"
2,2,88,6,2,40,36,9,H,40,346,True,,H,0.6932326555252075,,"assistant

{""choice"": ""H""}"
2,2,88,6,2,40,36,10,H,33,379,True,,H,1.1369428634643555,,"assistant

{""choice"": ""H""}"
2,2,89,6,1,60,72,1,H,73,287,False,,,,,
2,2,89,6,1,60,72,2,H,70,287,False,,,,,
2,2,89,6,1,60,72,3,I,88,287,False,,,,,
2,2,89,6,1,60,72,4,H,56,287,False,,,,,
2,2,89,6,1,60,72,5,I,76,363,True,,I,0.011058943346142769,,"assistant

{""choice"": ""I""}"
2,2,89,6,1,60,72,6,I,79,442,True,,I,0.02326885610818863,,"assistant

{""choice"": ""I""}"
2,2,89,6,1,60,72,7,I,62,504,True,,I,0.026315078139305115,,"assistant

{""choice"": ""I""}"
2,2,89,6,1,60,72,8,I,72,576,True,,H,1.1369277238845825,,"assistant

{""choice"": ""H""}"
2,2,89,6,1,60,72,9,I,78,654,True,,H,0.8981888294219971,,"assistant

{""choice"": ""H""}"
2,2,89,6,1,60,72,10,I,66,720,True,,H,0.9741588234901428,,"assistant

{""choice"": ""H""}"
2,2,90,6,2,48,60,1,H,55,227,False,,,,,
2,2,90,6,2,48,60,2,H,47,227,False,,,,,
2,2,90,6,2,48,60,3,I,53,227,False,,,,,
2,2,90,6,2,48,60,4,I,72,227,False,,,,,
2,2,90,6,2,48,60,5,I,50,277,True,,I,0.01252063736319542,,"assistant

{""choice"": ""I""}"
2,2,90,6,2,48,60,6,H,46,323,True,,I,0.7576606273651123,,"assistant

{""choice"": ""I""}"
2,2,90,6,2,48,60,7,I,66,389,True,,I,0.02977055124938488,,"assistant

{""choice"": ""I""}"
2,2,90,6,2,48,60,8,I,69,458,True,,I,0.12701308727264404,,"assistant

{""choice"": ""I""}"
2,2,90,6,2,48,60,9,I,55,513,True,,I,0.3869578242301941,,"assistant

{""choice"": ""I""}"
2,2,90,6,2,48,60,10,I,57,570,True,,I,0.04861628636717796,,"assistant

{""choice"": ""I""}"
2,2,91,6,3,40,60,1,I,62,238,False,,,,,
2,2,91,6,3,40,60,2,H,48,238,False,,,,,
2,2,91,6,3,40,60,3,I,60,238,False,,,,,
2,2,91,6,3,40,60,4,I,68,238,False,,,,,
2,2,91,6,3,40,60,5,H,51,289,True,,I,5.0067267417907715,,"assistant

{""choice"": ""I""}"
2,2,91,6,3,40,60,6,I,57,346,True,,I,0.033662714064121246,,"assistant

{""choice"": ""I""}"
2,2,91,6,3,40,60,7,I,62,408,True,,I,0.020558016374707222,,"assistant

{""choice"": ""I""}"
2,2,91,6,3,40,60,8,I,44,452,True,,I,0.31336909532546997,,"assistant

{""choice"": ""I""}"
2,2,91,6,3,40,60,9,H,64,516,True,,I,2.3502466678619385,,"assistant

{""choice"": ""I""}"
2,2,91,6,3,40,60,10,I,52,568,True,,H,1.8048317432403564,,"assistant

{""choice"": ""H""}"
2,2,92,1,2,40,60,1,H,43,204,False,,,,,
2,2,92,1,2,40,60,2,I,66,204,False,,,,,
2,2,92,1,2,40,60,3,I,65,204,False,,,,,
2,2,92,1,2,40,60,4,H,30,204,False,,,,,
2,2,92,1,2,40,60,5,I,65,269,True,,I,0.062016576528549194,,"assistant

{""choice"": ""I""}"
2,2,93,1,1,72,60,1,H,77,271,False,,,,,
2,2,93,1,1,72,60,2,H,78,271,False,,,,,
2,2,93,1,1,72,60,3,I,37,271,False,,,,,
2,2,93,1,1,72,60,4,H,79,271,False,,,,,
2,2,93,1,1,72,60,5,H,78,349,True,,I,0.25199753046035767,,"assistant

{""choice"": ""I""}"
2,2,94,6,2,40,70,1,I,56,210,False,,,,,
2,2,94,6,2,40,70,2,H,37,210,False,,,,,
2,2,94,6,2,40,70,3,H,50,210,False,,,,,
2,2,94,6,2,40,70,4,I,67,210,False,,,,,
2,2,94,6,2,40,70,5,I,69,279,True,,I,0.014179551042616367,,"assistant

{""choice"": ""I""}"
2,2,94,6,2,40,70,6,I,70,349,True,,I,0.018171032890677452,,"assistant

{""choice"": ""I""}"
2,2,94,6,2,40,70,7,I,72,421,True,,I,1.0537570714950562,,"assistant

{""choice"": ""I""}"
2,2,94,6,2,40,70,8,I,75,496,True,,I,1.5019861459732056,,"assistant

{""choice"": ""I""}"
2,2,94,6,2,40,70,9,I,85,581,True,,I,0.4287794530391693,,"assistant

{""choice"": ""I""}"
2,2,94,6,2,40,70,10,I,66,647,True,,H,0.9741495847702026,,"assistant

{""choice"": ""H""}"
2,2,95,1,3,60,90,1,I,78,326,False,,,,,
2,2,95,1,3,60,90,2,I,92,326,False,,,,,
2,2,95,1,3,60,90,3,H,57,326,False,,,,,
2,2,95,1,3,60,90,4,I,99,326,False,,,,,
2,2,95,1,3,60,90,5,I,77,403,True,,H,0.22548522055149078,,"assistant

{""choice"": ""H""}"
2,2,96,1,2,40,20,1,I,13,133,False,,,,,
2,2,96,1,2,40,20,2,H,47,133,False,,,,,
2,2,96,1,2,40,20,3,I,28,133,False,,,,,
2,2,96,1,2,40,20,4,H,45,133,False,,,,,
2,2,96,1,2,40,20,5,H,33,166,True,,H,0.05493612959980965,,"assistant

{""choice"": ""H""}"
2,2,97,1,1,28,40,1,H,42,134,False,,,,,
2,2,97,1,1,28,40,2,H,36,134,False,,,,,
2,2,97,1,1,28,40,3,I,31,134,False,,,,,
2,2,97,1,1,28,40,4,H,25,134,False,,,,,
2,2,97,1,1,28,40,5,I,51,185,True,,I,0.11286622285842896,,"assistant

{""choice"": ""I""}"
2,2,98,1,2,20,40,1,H,16,117,False,,,,,
2,2,98,1,2,20,40,2,H,18,117,False,,,,,
2,2,98,1,2,20,40,3,I,48,117,False,,,,,
2,2,98,1,2,20,40,4,I,35,117,False,,,,,
2,2,98,1,2,20,40,5,I,43,160,True,,I,0.012520048767328262,,"assistant

{""choice"": ""I""}"
2,2,99,1,2,64,60,1,H,81,250,False,,,,,
2,2,99,1,2,64,60,2,I,53,250,False,,,,,
2,2,99,1,2,64,60,3,H,66,250,False,,,,,
2,2,99,1,2,64,60,4,I,50,250,False,,,,,
2,2,99,1,2,64,60,5,H,53,303,True,,H,0.12699367105960846,,"assistant

{""choice"": ""H""}"
2,2,100,6,1,48,40,1,I,34,190,False,,,,,
2,2,100,6,1,48,40,2,H,60,190,False,,,,,
2,2,100,6,1,48,40,3,H,46,190,False,,,,,
2,2,100,6,1,48,40,4,H,50,190,False,,,,,
2,2,100,6,1,48,40,5,I,39,229,True,,I,1.053795576095581,,"assistant

{""choice"": ""I""}"
2,2,100,6,1,48,40,6,H,52,281,True,,H,0.10024691373109818,,"assistant

{""choice"": ""H""}"
2,2,100,6,1,48,40,7,H,45,326,True,,H,0.026329010725021362,,"assistant

{""choice"": ""H""}"
2,2,100,6,1,48,40,8,H,51,377,True,,H,0.026340041309595108,,"assistant

{""choice"": ""H""}"
2,2,100,6,1,48,40,9,I,37,414,True,,H,2.8120179176330566,,"assistant

{""choice"": ""H""}"
2,2,100,6,1,48,40,10,H,49,463,True,,H,0.2520754337310791,,"assistant

{""choice"": ""H""}"
2,2,101,6,1,60,30,1,I,31,198,False,,,,,
2,2,101,6,1,60,30,2,H,49,198,False,,,,,
2,2,101,6,1,60,30,3,H,56,198,False,,,,,
2,2,101,6,1,60,30,4,H,62,198,False,,,,,
2,2,101,6,1,60,30,5,H,55,253,True,,I,0.28122103214263916,,"assistant

{""choice"": ""I""}"
2,2,101,6,1,60,30,6,I,20,273,True,,H,0.757655143737793,,"assistant

{""choice"": ""H""}"
2,2,101,6,1,60,30,7,H,65,338,True,,H,0.16028951108455658,,"assistant

{""choice"": ""H""}"
2,2,101,6,1,60,30,8,H,64,402,True,,H,0.01817723736166954,,"assistant

{""choice"": ""H""}"
2,2,101,6,1,60,30,9,H,50,452,True,,I,0.4287838935852051,,"assistant

{""choice"": ""I""}"
2,2,101,6,1,60,30,10,H,72,524,True,,I,0.757683515548706,,"assistant

{""choice"": ""I""}"
2,2,102,1,2,28,40,1,H,23,143,False,,,,,
2,2,102,1,2,28,40,2,I,42,143,False,,,,,
2,2,102,1,2,28,40,3,H,42,143,False,,,,,
2,2,102,1,2,28,40,4,I,36,143,False,,,,,
2,2,102,1,2,28,40,5,H,37,180,True,,I,0.826048731803894,,"assistant

{""choice"": ""I""}"
2,2,103,6,2,80,60,1,H,80,292,False,,,,,
2,2,103,6,2,80,60,2,I,65,292,False,,,,,
2,2,103,6,2,80,60,3,I,63,292,False,,,,,
2,2,103,6,2,80,60,4,H,84,292,False,,,,,
2,2,103,6,2,80,60,5,I,67,359,True,,H,2.694990396499634,,"assistant

{""choice"": ""H""}"
2,2,103,6,2,80,60,6,H,79,438,True,,H,0.033665597438812256,,"assistant

{""choice"": ""H""}"
2,2,103,6,2,80,60,7,H,83,521,True,,H,0.0160652007907629,,"assistant

{""choice"": ""H""}"
2,2,103,6,2,80,60,8,H,71,592,True,,H,0.3485773205757141,,"assistant

{""choice"": ""H""}"
2,2,103,6,2,80,60,9,H,76,668,True,,H,0.023286443203687668,,"assistant

{""choice"": ""H""}"
2,2,103,6,2,80,60,10,H,78,746,True,,I,0.9741665124893188,,"assistant

{""choice"": ""I""}"
2,2,104,6,3,30,60,1,H,31,206,False,,,,,
2,2,104,6,3,30,60,2,I,52,206,False,,,,,
2,2,104,6,3,30,60,3,I,70,206,False,,,,,
2,2,104,6,3,30,60,4,I,53,206,False,,,,,
2,2,104,6,3,30,60,5,H,27,233,True,,I,4.264174461364746,,"assistant

{""choice"": ""I""}"
2,2,104,6,3,30,60,6,I,75,308,True,,I,0.08899889141321182,,"assistant

{""choice"": ""I""}"
2,2,104,6,3,30,60,7,I,75,383,True,,I,0.07894262671470642,,"assistant

{""choice"": ""I""}"
2,2,104,6,3,30,60,8,I,56,439,True,,I,0.014178258366882801,,"assistant

{""choice"": ""I""}"
2,2,104,6,3,30,60,9,I,66,505,True,,H,0.34851938486099243,,"assistant

{""choice"": ""H""}"
2,2,104,6,3,30,60,10,I,59,564,True,,H,0.4287855923175812,,"assistant

{""choice"": ""H""}"
2,2,105,1,1,52,40,1,I,32,204,False,,,,,
2,2,105,1,1,52,40,2,H,64,204,False,,,,,
2,2,105,1,1,52,40,3,H,67,204,False,,,,,
2,2,105,1,1,52,40,4,H,41,204,False,,,,,
2,2,105,1,1,52,40,5,H,53,257,True,,H,0.048624005168676376,,"assistant

{""choice"": ""H""}"
2,2,106,6,2,48,40,1,H,48,171,False,,,,,
2,2,106,6,2,48,40,2,H,39,171,False,,,,,
2,2,106,6,2,48,40,3,I,49,171,False,,,,,
2,2,106,6,2,48,40,4,I,35,171,False,,,,,
2,2,106,6,2,48,40,5,I,31,202,True,,I,0.04862230271100998,,"assistant

{""choice"": ""I""}"
2,2,106,6,2,48,40,6,I,41,243,True,,H,0.9741743803024292,,"assistant

{""choice"": ""H""}"
2,2,106,6,2,48,40,7,H,53,296,True,,I,2.0177159309387207,,"assistant

{""choice"": ""I""}"
2,2,106,6,2,48,40,8,H,45,341,True,,H,0.016063323244452477,,"assistant

{""choice"": ""H""}"
2,2,106,6,2,48,40,9,I,40,381,True,,H,2.695003032684326,,"assistant

{""choice"": ""H""}"
2,2,106,6,2,48,40,10,H,40,421,True,,H,0.3486131727695465,,"assistant

{""choice"": ""H""}"
2,2,107,6,2,20,40,1,I,48,126,False,,,,,
2,2,107,6,2,20,40,2,H,25,126,False,,,,,
2,2,107,6,2,20,40,3,H,11,126,False,,,,,
2,2,107,6,2,20,40,4,I,42,126,False,,,,,
2,2,107,6,2,20,40,5,H,16,142,True,,I,3.4086930751800537,,"assistant

{""choice"": ""I""}"
2,2,107,6,2,20,40,6,I,44,186,True,,I,0.054950911551713943,,"assistant

{""choice"": ""I""}"
2,2,107,6,2,20,40,7,I,45,231,True,,I,0.007620786316692829,,"assistant

{""choice"": ""I""}"
2,2,107,6,2,20,40,8,I,38,269,True,,I,0.00464171078056097,,"assistant

{""choice"": ""I""}"
2,2,107,6,2,20,40,9,I,38,307,True,,H,0.4287793040275574,,"assistant

{""choice"": ""H""}"
2,2,107,6,2,20,40,10,I,40,347,True,,I,0.018183324486017227,,"assistant

{""choice"": ""I""}"
2,2,108,1,3,90,60,1,H,82,278,False,,,,,
2,2,108,1,3,90,60,2,I,56,278,False,,,,,
2,2,108,1,3,90,60,3,I,72,278,False,,,,,
2,2,108,1,3,90,60,4,I,68,278,False,,,,,
2,2,108,1,3,90,60,5,H,92,370,True,,I,2.12697172164917,,"assistant

{""choice"": ""I""}"
2,2,109,1,2,68,60,1,H,72,244,False,,,,,
2,2,109,1,2,68,60,2,I,53,244,False,,,,,
2,2,109,1,2,68,60,3,I,66,244,False,,,,,
2,2,109,1,2,68,60,4,H,53,244,False,,,,,
2,2,109,1,2,68,60,5,H,65,309,True,,I,0.281232625246048,,"assistant

{""choice"": ""I""}"
2,2,110,6,3,60,80,1,I,87,304,False,,,,,
2,2,110,6,3,60,80,2,I,74,304,False,,,,,
2,2,110,6,3,60,80,3,I,82,304,False,,,,,
2,2,110,6,3,60,80,4,H,61,304,False,,,,,
2,2,110,6,3,60,80,5,I,95,399,True,,I,0.020554395392537117,,"assistant

{""choice"": ""I""}"
2,2,110,6,3,60,80,6,I,83,482,True,,I,0.38693368434906006,,"assistant

{""choice"": ""I""}"
2,2,110,6,3,60,80,7,I,81,563,True,,I,0.9741321802139282,,"assistant

{""choice"": ""I""}"
2,2,110,6,3,60,80,8,I,87,650,True,,I,1.2235091924667358,,"assistant

{""choice"": ""I""}"
2,2,110,6,3,60,80,9,I,81,731,True,,H,1.1369460821151733,,"assistant

{""choice"": ""H""}"
2,2,110,6,3,60,80,10,I,92,823,True,,H,0.5760475397109985,,"assistant

{""choice"": ""H""}"
2,2,111,1,3,30,60,1,I,58,197,False,,,,,
2,2,111,1,3,30,60,2,I,60,197,False,,,,,
2,2,111,1,3,30,60,3,H,30,197,False,,,,,
2,2,111,1,3,30,60,4,I,49,197,False,,,,,
2,2,111,1,3,30,60,5,I,37,234,True,,I,0.014173204079270363,,"assistant

{""choice"": ""I""}"
2,2,112,6,3,72,60,1,I,48,231,False,,,,,
2,2,112,6,3,72,60,2,I,62,231,False,,,,,
2,2,112,6,3,72,60,3,H,63,231,False,,,,,
2,2,112,6,3,72,60,4,I,58,231,False,,,,,
2,2,112,6,3,72,60,5,I,56,287,True,,H,2.1269822120666504,,"assistant

{""choice"": ""H""}"
2,2,112,6,3,72,60,6,H,67,354,True,,H,0.6932340860366821,,"assistant

{""choice"": ""H""}"
2,2,112,6,3,72,60,7,H,53,407,True,,H,0.014185662381350994,,"assistant

{""choice"": ""H""}"
2,2,112,6,3,72,60,8,I,65,472,True,,H,2.5789546966552734,,"assistant

{""choice"": ""H""}"
2,2,112,6,3,72,60,9,H,70,542,True,,H,0.8982465267181396,,"assistant

{""choice"": ""H""}"
2,2,112,6,3,72,60,10,H,72,614,True,,H,0.11292339861392975,,"assistant

{""choice"": ""H""}"
2,2,113,1,2,40,10,1,I,27,105,False,,,,,
2,2,113,1,2,40,10,2,I,8,105,False,,,,,
2,2,113,1,2,40,10,3,H,34,105,False,,,,,
2,2,113,1,2,40,10,4,H,36,105,False,,,,,
2,2,113,1,2,40,10,5,H,32,137,True,,H,0.0486321821808815,,"assistant

{""choice"": ""H""}"
2,2,114,6,1,72,60,1,H,66,272,False,,,,,
2,2,114,6,1,72,60,2,H,75,272,False,,,,,
2,2,114,6,1,72,60,3,H,69,272,False,,,,,
2,2,114,6,1,72,60,4,I,62,272,False,,,,,
2,2,114,6,1,72,60,5,H,70,342,True,,H,0.038077447563409805,,"assistant

{""choice"": ""H""}"
2,2,114,6,1,72,60,6,I,57,399,True,,H,2.126984119415283,,"assistant

{""choice"": ""H""}"
2,2,114,6,1,72,60,7,H,75,474,True,,H,0.17981834709644318,,"assistant

{""choice"": ""H""}"
2,2,114,6,1,72,60,8,H,69,543,True,,H,0.3485966920852661,,"assistant

{""choice"": ""H""}"
2,2,114,6,1,72,60,9,H,80,623,True,,I,1.6004760265350342,,"assistant

{""choice"": ""I""}"
2,2,114,6,1,72,60,10,H,73,696,True,,H,0.07895529270172119,,"assistant

{""choice"": ""H""}"
2,2,115,6,2,44,40,1,I,42,164,False,,,,,
2,2,115,6,2,44,40,2,H,36,164,False,,,,,
2,2,115,6,2,44,40,3,H,41,164,False,,,,,
2,2,115,6,2,44,40,4,I,45,164,False,,,,,
2,2,115,6,2,44,40,5,H,51,215,True,,I,1.8048170804977417,,"assistant

{""choice"": ""I""}"
2,2,115,6,2,44,40,6,H,35,250,True,,I,1.8047829866409302,,"assistant

{""choice"": ""I""}"
2,2,115,6,2,44,40,7,I,38,288,True,,I,0.3133329451084137,,"assistant

{""choice"": ""I""}"
2,2,115,6,2,44,40,8,H,38,326,True,,I,0.5760577321052551,,"assistant

{""choice"": ""I""}"
2,2,115,6,2,44,40,9,I,47,373,True,,I,0.28124964237213135,,"assistant

{""choice"": ""I""}"
2,2,115,6,2,44,40,10,H,33,406,True,,I,2.3503267765045166,,"assistant

{""choice"": ""I""}"
2,2,116,1,3,40,52,1,I,50,191,False,,,,,
2,2,116,1,3,40,52,2,H,42,191,False,,,,,
2,2,116,1,3,40,52,3,I,44,191,False,,,,,
2,2,116,1,3,40,52,4,I,55,191,False,,,,,
2,2,116,1,3,40,52,5,I,47,238,True,,I,0.009769012220203876,,"assistant

{""choice"": ""I""}"
2,2,117,1,3,32,40,1,I,24,142,False,,,,,
2,2,117,1,3,32,40,2,I,39,142,False,,,,,
2,2,117,1,3,32,40,3,I,49,142,False,,,,,
2,2,117,1,3,32,40,4,H,30,142,False,,,,,
2,2,117,1,3,32,40,5,I,42,184,True,,I,0.42876991629600525,,"assistant

{""choice"": ""I""}"
2,2,118,6,2,40,32,1,I,33,116,False,,,,,
2,2,118,6,2,40,32,2,I,18,116,False,,,,,
2,2,118,6,2,40,32,3,H,30,116,False,,,,,
2,2,118,6,2,40,32,4,H,35,116,False,,,,,
2,2,118,6,2,40,32,5,I,38,154,True,,H,3.288066864013672,,"assistant

{""choice"": ""H""}"
2,2,118,6,2,40,32,6,H,46,200,True,,I,2.929914951324463,,"assistant

{""choice"": ""I""}"
2,2,118,6,2,40,32,7,H,29,229,True,,H,0.10026708245277405,,"assistant

{""choice"": ""H""}"
2,2,118,6,2,40,32,8,I,23,252,True,,H,2.3502681255340576,,"assistant

{""choice"": ""H""}"
2,2,118,6,2,40,32,9,H,41,293,True,,H,0.06201557070016861,,"assistant

{""choice"": ""H""}"
2,2,118,6,2,40,32,10,H,50,343,True,,H,0.2813100218772888,,"assistant

{""choice"": ""H""}"
2,2,119,1,2,52,40,1,I,55,184,False,,,,,
2,2,119,1,2,52,40,2,I,45,184,False,,,,,
2,2,119,1,2,52,40,3,H,44,184,False,,,,,
2,2,119,1,2,52,40,4,H,40,184,False,,,,,
2,2,119,1,2,52,40,5,I,34,218,True,,I,0.012527230195701122,,"assistant

{""choice"": ""I""}"
2,2,120,1,3,40,20,1,I,27,123,False,,,,,
2,2,120,1,3,40,20,2,H,44,123,False,,,,,
2,2,120,1,3,40,20,3,I,21,123,False,,,,,
2,2,120,1,3,40,20,4,I,31,123,False,,,,,
2,2,120,1,3,40,20,5,H,49,172,True,,H,0.04861798882484436,,"assistant

{""choice"": ""H""}"
2,2,121,6,2,52,40,1,H,68,216,False,,,,,
2,2,121,6,2,52,40,2,I,53,216,False,,,,,
2,2,121,6,2,52,40,3,I,40,216,False,,,,,
2,2,121,6,2,52,40,4,H,55,216,False,,,,,
2,2,121,6,2,52,40,5,I,47,263,True,,H,3.4086782932281494,,"assistant

{""choice"": ""H""}"
2,2,121,6,2,52,40,6,H,57,320,True,,H,0.06996168196201324,,"assistant

{""choice"": ""H""}"
2,2,121,6,2,52,40,7,H,65,385,True,,H,0.17984981834888458,,"assistant

{""choice"": ""H""}"
2,2,121,6,2,52,40,8,H,37,422,True,,I,0.3869956135749817,,"assistant

{""choice"": ""I""}"
2,2,121,6,2,52,40,9,I,46,468,True,,I,0.22545848786830902,,"assistant

{""choice"": ""I""}"
2,2,121,6,2,52,40,10,H,35,503,True,,H,0.16030564904212952,,"assistant

{""choice"": ""H""}"
2,2,122,6,2,40,10,1,I,10,86,False,,,,,
2,2,122,6,2,40,10,2,H,34,86,False,,,,,
2,2,122,6,2,40,10,3,I,14,86,False,,,,,
2,2,122,6,2,40,10,4,H,28,86,False,,,,,
2,2,122,6,2,40,10,5,I,9,95,True,,H,3.7732701301574707,,"assistant

{""choice"": ""H""}"
2,2,122,6,2,40,10,6,H,36,131,True,,H,0.07001370191574097,,"assistant

{""choice"": ""H""}"
2,2,122,6,2,40,10,7,H,38,169,True,,H,0.029782237485051155,,"assistant

{""choice"": ""H""}"
2,2,122,6,2,40,10,8,H,45,214,True,,H,0.2015100121498108,,"assistant

{""choice"": ""H""}"
2,2,122,6,2,40,10,9,H,38,252,True,,H,0.34854117035865784,,"assistant

{""choice"": ""H""}"
2,2,122,6,2,40,10,10,H,37,289,True,,H,0.062014784663915634,,"assistant

{""choice"": ""H""}"
2,2,123,1,1,48,60,1,H,40,214,False,,,,,
2,2,123,1,1,48,60,2,H,51,214,False,,,,,
2,2,123,1,1,48,60,3,I,54,214,False,,,,,
2,2,123,1,1,48,60,4,H,69,214,False,,,,,
2,2,123,1,1,48,60,5,H,55,269,True,,H,0.3485073447227478,,"assistant

{""choice"": ""H""}"
2,2,124,6,3,60,48,1,I,47,178,False,,,,,
2,2,124,6,3,60,48,2,I,32,178,False,,,,,
2,2,124,6,3,60,48,3,I,40,178,False,,,,,
2,2,124,6,3,60,48,4,H,59,178,False,,,,,
2,2,124,6,3,60,48,5,I,47,225,True,,H,3.5297741889953613,,"assistant

{""choice"": ""H""}"
2,2,124,6,3,60,48,6,I,47,272,True,,H,1.8048276901245117,,"assistant

{""choice"": ""H""}"
2,2,124,6,3,60,48,7,I,46,318,True,,H,2.69497013092041,,"assistant

{""choice"": ""H""}"
2,2,124,6,3,60,48,8,H,62,380,True,,I,0.2812376618385315,,"assistant

{""choice"": ""I""}"
2,2,124,6,3,60,48,9,H,58,438,True,,H,0.016076931729912758,,"assistant

{""choice"": ""H""}"
2,2,124,6,3,60,48,10,H,58,496,True,,H,0.029811281710863113,,"assistant

{""choice"": ""H""}"
2,2,125,1,1,60,64,1,H,55,249,False,,,,,
2,2,125,1,1,60,64,2,I,64,249,False,,,,,
2,2,125,1,1,60,64,3,H,58,249,False,,,,,
2,2,125,1,1,60,64,4,H,72,249,False,,,,,
2,2,125,1,1,60,64,5,H,55,304,True,,I,1.6004725694656372,,"assistant

{""choice"": ""I""}"
2,2,126,6,2,60,40,1,H,58,197,False,,,,,
2,2,126,6,2,60,40,2,H,61,197,False,,,,,
2,2,126,6,2,60,40,3,I,36,197,False,,,,,
2,2,126,6,2,60,40,4,I,42,197,False,,,,,
2,2,126,6,2,60,40,5,H,56,253,True,,H,0.007626346778124571,,"assistant

{""choice"": ""H""}"
2,2,126,6,2,60,40,6,H,67,320,True,,H,0.020579271018505096,,"assistant

{""choice"": ""H""}"
2,2,126,6,2,60,40,7,H,65,385,True,,I,1.1369296312332153,,"assistant

{""choice"": ""I""}"
2,2,126,6,2,60,40,8,H,60,445,True,,I,0.3869507610797882,,"assistant

{""choice"": ""I""}"
2,2,126,6,2,60,40,9,H,68,513,True,,I,2.463973045349121,,"assistant

{""choice"": ""I""}"
2,2,126,6,2,60,40,10,H,61,574,True,,I,2.3502542972564697,,"assistant

{""choice"": ""I""}"
2,2,127,1,2,48,40,1,H,56,199,False,,,,,
2,2,127,1,2,48,40,2,I,47,199,False,,,,,
2,2,127,1,2,48,40,3,I,43,199,False,,,,,
2,2,127,1,2,48,40,4,H,53,199,False,,,,,
2,2,127,1,2,48,40,5,H,31,230,True,,I,0.2254951149225235,,"assistant

{""choice"": ""I""}"
2,2,128,6,1,56,60,1,I,51,248,False,,,,,
2,2,128,6,1,56,60,2,H,64,248,False,,,,,
2,2,128,6,1,56,60,3,H,72,248,False,,,,,
2,2,128,6,1,56,60,4,H,61,248,False,,,,,
2,2,128,6,1,56,60,5,H,76,324,True,,H,0.8260290026664734,,"assistant

{""choice"": ""H""}"
2,2,128,6,1,56,60,6,H,70,394,True,,I,1.136930227279663,,"assistant

{""choice"": ""I""}"
2,2,128,6,1,56,60,7,H,40,434,True,,H,0.2014625519514084,,"assistant

{""choice"": ""H""}"
2,2,128,6,1,56,60,8,H,58,492,True,,I,1.8048142194747925,,"assistant

{""choice"": ""I""}"
2,2,128,6,1,56,60,9,H,56,548,True,,H,1.9102678298950195,,"assistant

{""choice"": ""H""}"
2,2,128,6,1,56,60,10,H,58,606,True,,I,1.9102766513824463,,"assistant

{""choice"": ""I""}"
2,2,129,1,2,60,90,1,I,86,301,False,,,,,
2,2,129,1,2,60,90,2,H,58,301,False,,,,,
2,2,129,1,2,60,90,3,H,63,301,False,,,,,
2,2,129,1,2,60,90,4,I,94,301,False,,,,,
2,2,129,1,2,60,90,5,I,87,388,True,,I,0.02979404106736183,,"assistant

{""choice"": ""I""}"
2,2,130,6,2,28,40,1,I,42,125,False,,,,,
2,2,130,6,2,28,40,2,H,19,125,False,,,,,
2,2,130,6,2,28,40,3,I,27,125,False,,,,,
2,2,130,6,2,28,40,4,H,37,125,False,,,,,
2,2,130,6,2,28,40,5,I,41,166,True,,H,0.2254818081855774,,"assistant

{""choice"": ""H""}"
2,2,130,6,2,28,40,6,H,18,184,True,,I,3.6513290405273438,,"assistant

{""choice"": ""I""}"
2,2,130,6,2,28,40,7,I,65,249,True,,I,0.06998913735151291,,"assistant

{""choice"": ""I""}"
2,2,130,6,2,28,40,8,I,31,280,True,,I,0.20150932669639587,,"assistant

{""choice"": ""I""}"
2,2,130,6,2,28,40,9,H,33,313,True,,I,4.387531757354736,,"assistant

{""choice"": ""I""}"
2,2,130,6,2,28,40,10,I,26,339,True,,I,0.020571913570165634,,"assistant

{""choice"": ""I""}"
2,2,131,6,2,60,52,1,I,68,248,False,,,,,
2,2,131,6,2,60,52,2,H,57,248,False,,,,,
2,2,131,6,2,60,52,3,H,68,248,False,,,,,
2,2,131,6,2,60,52,4,I,55,248,False,,,,,
2,2,131,6,2,60,52,5,I,51,299,True,,H,2.3502447605133057,,"assistant

{""choice"": ""H""}"
2,2,131,6,2,60,52,6,H,50,349,True,,H,0.10023893415927887,,"assistant

{""choice"": ""H""}"
2,2,131,6,2,60,52,7,I,52,401,True,,H,1.1369407176971436,,"assistant

{""choice"": ""H""}"
2,2,131,6,2,60,52,8,H,67,468,True,,H,0.474160760641098,,"assistant

{""choice"": ""H""}"
2,2,131,6,2,60,52,9,H,59,527,True,,H,0.20153340697288513,,"assistant

{""choice"": ""H""}"
2,2,131,6,2,60,52,10,H,40,567,True,,H,0.9742106199264526,,"assistant

{""choice"": ""H""}"
2,2,132,6,2,60,48,1,I,38,200,False,,,,,
2,2,132,6,2,60,48,2,I,39,200,False,,,,,
2,2,132,6,2,60,48,3,H,65,200,False,,,,,
2,2,132,6,2,60,48,4,H,58,200,False,,,,,
2,2,132,6,2,60,48,5,I,54,254,True,,H,2.6949901580810547,,"assistant

{""choice"": ""H""}"
2,2,132,6,2,60,48,6,H,79,333,True,,H,0.11286153644323349,,"assistant

{""choice"": ""H""}"
2,2,132,6,2,60,48,7,H,54,387,True,,H,0.008634849451482296,,"assistant

{""choice"": ""H""}"
2,2,132,6,2,60,48,8,H,62,449,True,,H,0.3485524356365204,,"assistant

{""choice"": ""H""}"
2,2,132,6,2,60,48,9,H,66,515,True,,H,0.020579621195793152,,"assistant

{""choice"": ""H""}"
2,2,132,6,2,60,48,10,H,58,573,True,,H,0.04304935410618782,,"assistant

{""choice"": ""H""}"
2,2,133,1,2,60,30,1,I,20,166,False,,,,,
2,2,133,1,2,60,30,2,I,27,166,False,,,,,
2,2,133,1,2,60,30,3,H,61,166,False,,,,,
2,2,133,1,2,60,30,4,H,58,166,False,,,,,
2,2,133,1,2,60,30,5,H,60,226,True,,H,0.016052061691880226,,"assistant

{""choice"": ""H""}"
2,2,134,1,2,60,48,1,I,30,189,False,,,,,
2,2,134,1,2,60,48,2,I,38,189,False,,,,,
2,2,134,1,2,60,48,3,H,51,189,False,,,,,
2,2,134,1,2,60,48,4,H,70,189,False,,,,,
2,2,134,1,2,60,48,5,H,70,259,True,,H,0.033685535192489624,,"assistant

{""choice"": ""H""}"
2,2,135,6,3,60,52,1,I,51,230,False,,,,,
2,2,135,6,3,60,52,2,I,60,230,False,,,,,
2,2,135,6,3,60,52,3,H,65,230,False,,,,,
2,2,135,6,3,60,52,4,I,54,230,False,,,,,
2,2,135,6,3,60,52,5,H,58,288,True,,H,0.25199639797210693,,"assistant

{""choice"": ""H""}"
2,2,135,6,3,60,52,6,H,64,352,True,,H,0.693213939666748,,"assistant

{""choice"": ""H""}"
2,2,135,6,3,60,52,7,H,60,412,True,,H,0.07893557846546173,,"assistant

{""choice"": ""H""}"
2,2,135,6,3,60,52,8,I,62,474,True,,I,0.47413694858551025,,"assistant

{""choice"": ""I""}"
2,2,135,6,3,60,52,9,H,49,523,True,,H,0.38699576258659363,,"assistant

{""choice"": ""H""}"
2,2,135,6,3,60,52,10,I,55,578,True,,I,0.6327622532844543,,"assistant

{""choice"": ""I""}"
2,2,136,6,1,20,40,1,H,17,100,False,,,,,
2,2,136,6,1,20,40,2,H,8,100,False,,,,,
2,2,136,6,1,20,40,3,H,28,100,False,,,,,
2,2,136,6,1,20,40,4,I,47,100,False,,,,,
2,2,136,6,1,20,40,5,I,35,135,True,,I,0.02055591531097889,,"assistant

{""choice"": ""I""}"
2,2,136,6,1,20,40,6,I,56,191,True,,I,0.28122803568840027,,"assistant

{""choice"": ""I""}"
2,2,136,6,1,20,40,7,I,33,224,True,,I,0.05490397289395332,,"assistant

{""choice"": ""I""}"
2,2,136,6,1,20,40,8,I,36,260,True,,H,0.20147521793842316,,"assistant

{""choice"": ""H""}"
2,2,136,6,1,20,40,9,I,39,299,True,,I,0.5232248902320862,,"assistant

{""choice"": ""I""}"
2,2,136,6,1,20,40,10,I,49,348,True,,H,0.4741946756839752,,"assistant

{""choice"": ""H""}"
2,2,137,1,2,40,70,1,I,58,207,False,,,,,
2,2,137,1,2,40,70,2,H,43,207,False,,,,,
2,2,137,1,2,40,70,3,H,38,207,False,,,,,
2,2,137,1,2,40,70,4,I,68,207,False,,,,,
2,2,137,1,2,40,70,5,I,87,294,True,,I,0.026345498859882355,,"assistant

{""choice"": ""I""}"
2,2,138,1,1,60,68,1,H,67,232,False,,,,,
2,2,138,1,1,60,68,2,I,60,232,False,,,,,
2,2,138,1,1,60,68,3,H,58,232,False,,,,,
2,2,138,1,1,60,68,4,H,47,232,False,,,,,
2,2,138,1,1,60,68,5,I,78,310,True,,H,1.2235174179077148,,"assistant

{""choice"": ""H""}"
2,2,139,1,2,60,68,1,H,64,264,False,,,,,
2,2,139,1,2,60,68,2,I,70,264,False,,,,,
2,2,139,1,2,60,68,3,H,71,264,False,,,,,
2,2,139,1,2,60,68,4,I,59,264,False,,,,,
2,2,139,1,2,60,68,5,H,72,336,True,,H,0.02634306065738201,,"assistant

{""choice"": ""H""}"
2,2,140,6,2,52,40,1,H,56,186,False,,,,,
2,2,140,6,2,52,40,2,I,41,186,False,,,,,
2,2,140,6,2,52,40,3,H,47,186,False,,,,,
2,2,140,6,2,52,40,4,I,42,186,False,,,,,
2,2,140,6,2,52,40,5,H,48,234,True,,H,0.2519991993904114,,"assistant

{""choice"": ""H""}"
2,2,140,6,2,52,40,6,H,49,283,True,,I,1.5019855499267578,,"assistant

{""choice"": ""I""}"
2,2,140,6,2,52,40,7,H,59,342,True,,I,0.2519978880882263,,"assistant

{""choice"": ""I""}"
2,2,140,6,2,52,40,8,H,48,390,True,,I,1.8047900199890137,,"assistant

{""choice"": ""I""}"
2,2,140,6,2,52,40,9,H,43,433,True,,I,1.5020098686218262,,"assistant

{""choice"": ""I""}"
2,2,140,6,2,52,40,10,H,55,488,True,,I,2.350245952606201,,"assistant

{""choice"": ""I""}"
2,2,141,1,2,60,48,1,H,65,230,False,,,,,
2,2,141,1,2,60,48,2,I,50,230,False,,,,,
2,2,141,1,2,60,48,3,I,58,230,False,,,,,
2,2,141,1,2,60,48,4,H,57,230,False,,,,,
2,2,141,1,2,60,48,5,H,70,300,True,,I,1.501983404159546,,"assistant

{""choice"": ""I""}"
2,2,142,6,1,28,40,1,H,31,132,False,,,,,
2,2,142,6,1,28,40,2,H,30,132,False,,,,,
2,2,142,6,1,28,40,3,H,39,132,False,,,,,
2,2,142,6,1,28,40,4,I,32,132,False,,,,,
2,2,142,6,1,28,40,5,H,37,169,True,,H,0.22549483180046082,,"assistant

{""choice"": ""H""}"
2,2,142,6,1,28,40,6,I,48,217,True,,I,0.2519875168800354,,"assistant

{""choice"": ""I""}"
2,2,142,6,1,28,40,7,H,31,248,True,,I,4.634768486022949,,"assistant

{""choice"": ""I""}"
2,2,142,6,1,28,40,8,I,36,284,True,,I,0.018167871981859207,,"assistant

{""choice"": ""I""}"
2,2,142,6,1,28,40,9,H,13,297,True,,I,3.8955891132354736,,"assistant

{""choice"": ""I""}"
2,2,142,6,1,28,40,10,I,51,348,True,,I,0.020562337711453438,,"assistant

{""choice"": ""I""}"
2,2,143,1,2,44,40,1,H,52,175,False,,,,,
2,2,143,1,2,44,40,2,H,47,175,False,,,,,
2,2,143,1,2,44,40,3,I,38,175,False,,,,,
2,2,143,1,2,44,40,4,I,38,175,False,,,,,
2,2,143,1,2,44,40,5,H,57,232,True,,I,0.6326667070388794,,"assistant

{""choice"": ""I""}"
2,2,144,1,2,60,52,1,H,55,203,False,,,,,
2,2,144,1,2,60,52,2,I,54,203,False,,,,,
2,2,144,1,2,60,52,3,H,53,203,False,,,,,
2,2,144,1,2,60,52,4,I,41,203,False,,,,,
2,2,144,1,2,60,52,5,H,62,265,True,,I,0.6932400465011597,,"assistant

{""choice"": ""I""}"
2,2,145,6,2,60,56,1,I,67,243,False,,,,,
2,2,145,6,2,60,56,2,I,55,243,False,,,,,
2,2,145,6,2,60,56,3,H,56,243,False,,,,,
2,2,145,6,2,60,56,4,H,65,243,False,,,,,
2,2,145,6,2,60,56,5,I,58,301,True,,I,0.08897871524095535,,"assistant

{""choice"": ""I""}"
2,2,145,6,2,60,56,6,H,64,365,True,,H,1.7014851570129395,,"assistant

{""choice"": ""H""}"
2,2,145,6,2,60,56,7,I,37,402,True,,H,1.1369835138320923,,"assistant

{""choice"": ""H""}"
2,2,145,6,2,60,56,8,H,63,465,True,,H,0.048666588962078094,,"assistant

{""choice"": ""H""}"
2,2,145,6,2,60,56,9,H,73,538,True,,H,0.023293547332286835,,"assistant

{""choice"": ""H""}"
2,2,145,6,2,60,56,10,H,65,603,True,,H,0.043072305619716644,,"assistant

{""choice"": ""H""}"
2,2,146,1,2,60,40,1,I,38,188,False,,,,,
2,2,146,1,2,60,40,2,I,45,188,False,,,,,
2,2,146,1,2,60,40,3,H,49,188,False,,,,,
2,2,146,1,2,60,40,4,H,56,188,False,,,,,
2,2,146,1,2,60,40,5,H,57,245,True,,H,0.14274267852306366,,"assistant

{""choice"": ""H""}"
2,2,147,1,2,60,40,1,I,34,201,False,,,,,
2,2,147,1,2,60,40,2,H,61,201,False,,,,,
2,2,147,1,2,60,40,3,H,60,201,False,,,,,
2,2,147,1,2,60,40,4,I,46,201,False,,,,,
2,2,147,1,2,60,40,5,H,63,264,True,,H,0.016053704544901848,,"assistant

{""choice"": ""H""}"
2,2,148,6,2,40,20,1,H,53,117,False,,,,,
2,2,148,6,2,40,20,2,H,31,117,False,,,,,
2,2,148,6,2,40,20,3,I,21,117,False,,,,,
2,2,148,6,2,40,20,4,I,12,117,False,,,,,
2,2,148,6,2,40,20,5,H,42,159,True,,H,0.20148321986198425,,"assistant

{""choice"": ""H""}"
2,2,148,6,2,40,20,6,H,34,193,True,,H,0.020600641146302223,,"assistant

{""choice"": ""H""}"
2,2,148,6,2,40,20,7,H,27,220,True,,I,1.2235041856765747,,"assistant

{""choice"": ""I""}"
2,2,148,6,2,40,20,8,I,19,239,True,,I,0.08897501230239868,,"assistant

{""choice"": ""I""}"
2,2,148,6,2,40,20,9,H,30,269,True,,H,0.1798383742570877,,"assistant

{""choice"": ""H""}"
2,2,148,6,2,40,20,10,H,39,308,True,,H,0.9741957187652588,,"assistant

{""choice"": ""H""}"
2,2,149,6,2,48,40,1,H,48,177,False,,,,,
2,2,149,6,2,48,40,2,H,57,177,False,,,,,
2,2,149,6,2,48,40,3,I,36,177,False,,,,,
2,2,149,6,2,48,40,4,I,36,177,False,,,,,
2,2,149,6,2,48,40,5,H,56,233,True,,H,0.14274227619171143,,"assistant

{""choice"": ""H""}"
2,2,149,6,2,48,40,6,H,48,281,True,,H,0.014203879982233047,,"assistant

{""choice"": ""H""}"
2,2,149,6,2,48,40,7,H,62,343,True,,I,0.3869391977787018,,"assistant

{""choice"": ""I""}"
2,2,149,6,2,48,40,8,H,29,372,True,,I,0.5760127902030945,,"assistant

{""choice"": ""I""}"
2,2,149,6,2,48,40,9,H,59,431,True,,I,2.46397066116333,,"assistant

{""choice"": ""I""}"
2,2,149,6,2,48,40,10,H,64,495,True,,I,2.3502447605133057,,"assistant

{""choice"": ""I""}"
2,2,150,6,3,40,36,1,H,40,140,False,,,,,
2,2,150,6,3,40,36,2,I,29,140,False,,,,,
2,2,150,6,3,40,36,3,I,28,140,False,,,,,
2,2,150,6,3,40,36,4,I,43,140,False,,,,,
2,2,150,6,3,40,36,5,I,21,161,True,,I,1.5020067691802979,,"assistant

{""choice"": ""I""}"
2,2,150,6,3,40,36,6,H,42,203,True,,H,0.17978817224502563,,"assistant

{""choice"": ""H""}"
2,2,150,6,3,40,36,7,H,26,229,True,,H,0.012534528970718384,,"assistant

{""choice"": ""H""}"
2,2,150,6,3,40,36,8,I,31,260,True,,H,1.3133718967437744,,"assistant

{""choice"": ""H""}"
2,2,150,6,3,40,36,9,H,32,292,True,,H,0.0890038013458252,,"assistant

{""choice"": ""H""}"
2,2,150,6,3,40,36,10,H,36,328,True,,H,0.3870573043823242,,"assistant

{""choice"": ""H""}"
2,2,151,6,1,30,60,1,H,28,136,False,,,,,
2,2,151,6,1,30,60,2,H,19,136,False,,,,,
2,2,151,6,1,30,60,3,H,35,136,False,,,,,
2,2,151,6,1,30,60,4,I,54,136,False,,,,,
2,2,151,6,1,30,60,5,H,38,174,True,,I,3.0486373901367188,,"assistant

{""choice"": ""I""}"
2,2,151,6,1,30,60,6,I,62,236,True,,I,0.06996813416481018,,"assistant

{""choice"": ""I""}"
2,2,151,6,1,30,60,7,I,51,287,True,,I,0.005942534189671278,,"assistant

{""choice"": ""I""}"
2,2,151,6,1,30,60,8,I,42,329,True,,I,0.008632958866655827,,"assistant

{""choice"": ""I""}"
2,2,151,6,1,30,60,9,I,70,399,True,,I,0.14274661242961884,,"assistant

{""choice"": ""I""}"
2,2,151,6,1,30,60,10,I,70,469,True,,I,0.0232761949300766,,"assistant

{""choice"": ""I""}"
2,2,152,1,2,40,28,1,I,25,152,False,,,,,
2,2,152,1,2,40,28,2,I,20,152,False,,,,,
2,2,152,1,2,40,28,3,H,48,152,False,,,,,
2,2,152,1,2,40,28,4,H,59,152,False,,,,,
2,2,152,1,2,40,28,5,H,40,192,True,,H,0.007619958370923996,,"assistant

{""choice"": ""H""}"
2,2,153,1,1,40,70,1,I,72,206,False,,,,,
2,2,153,1,1,40,70,2,H,44,206,False,,,,,
2,2,153,1,1,40,70,3,H,39,206,False,,,,,
2,2,153,1,1,40,70,4,H,51,206,False,,,,,
2,2,153,1,1,40,70,5,I,76,282,True,,I,0.38695505261421204,,"assistant

{""choice"": ""I""}"
2,2,154,6,1,60,56,1,H,55,212,False,,,,,
2,2,154,6,1,60,56,2,H,62,212,False,,,,,
2,2,154,6,1,60,56,3,H,44,212,False,,,,,
2,2,154,6,1,60,56,4,I,51,212,False,,,,,
2,2,154,6,1,60,56,5,I,63,275,True,,H,2.4639933109283447,,"assistant

{""choice"": ""H""}"
2,2,154,6,1,60,56,6,I,55,330,True,,I,0.5760068893432617,,"assistant

{""choice"": ""I""}"
2,2,154,6,1,60,56,7,I,62,392,True,,H,0.1269666850566864,,"assistant

{""choice"": ""H""}"
2,2,154,6,1,60,56,8,I,54,446,True,,I,0.28122732043266296,,"assistant

{""choice"": ""I""}"
2,2,154,6,1,60,56,9,I,72,518,True,,I,0.693259596824646,,"assistant

{""choice"": ""I""}"
2,2,154,6,1,60,56,10,I,59,577,True,,I,0.2812498211860657,,"assistant

{""choice"": ""I""}"
2,2,155,1,2,48,40,1,H,40,169,False,,,,,
2,2,155,1,2,48,40,2,I,44,169,False,,,,,
2,2,155,1,2,48,40,3,H,53,169,False,,,,,
2,2,155,1,2,48,40,4,I,32,169,False,,,,,
2,2,155,1,2,48,40,5,H,54,223,True,,I,0.31333667039871216,,"assistant

{""choice"": ""I""}"
2,2,156,1,3,40,70,1,H,49,260,False,,,,,
2,2,156,1,3,40,70,2,I,68,260,False,,,,,
2,2,156,1,3,40,70,3,I,68,260,False,,,,,
2,2,156,1,3,40,70,4,I,75,260,False,,,,,
2,2,156,1,3,40,70,5,I,70,330,True,,I,0.008623267523944378,,"assistant

{""choice"": ""I""}"
2,2,157,6,1,36,40,1,H,24,146,False,,,,,
2,2,157,6,1,36,40,2,H,44,146,False,,,,,
2,2,157,6,1,36,40,3,I,53,146,False,,,,,
2,2,157,6,1,36,40,4,H,25,146,False,,,,,
2,2,157,6,1,36,40,5,I,58,204,True,,I,0.10024809837341309,,"assistant

{""choice"": ""I""}"
2,2,157,6,1,36,40,6,I,37,241,True,,I,0.11287292838096619,,"assistant

{""choice"": ""I""}"
2,2,157,6,1,36,40,7,I,42,283,True,,I,0.04861367493867874,,"assistant

{""choice"": ""I""}"
2,2,157,6,1,36,40,8,I,44,327,True,,I,0.1798023134469986,,"assistant

{""choice"": ""I""}"
2,2,157,6,1,36,40,9,I,47,374,True,,H,0.47418856620788574,,"assistant

{""choice"": ""H""}"
2,2,157,6,1,36,40,10,I,43,417,True,,H,0.4288281500339508,,"assistant

{""choice"": ""H""}"
2,2,158,6,3,60,40,1,H,55,175,False,,,,,
2,2,158,6,3,60,40,2,I,36,175,False,,,,,
2,2,158,6,3,60,40,3,I,45,175,False,,,,,
2,2,158,6,3,60,40,4,I,39,175,False,,,,,
2,2,158,6,3,60,40,5,H,55,230,True,,H,0.10026265680789948,,"assistant

{""choice"": ""H""}"
2,2,158,6,3,60,40,6,H,66,296,True,,H,0.38697877526283264,,"assistant

{""choice"": ""H""}"
2,2,158,6,3,60,40,7,H,61,357,True,,H,0.012531468644738197,,"assistant

{""choice"": ""H""}"
2,2,158,6,3,60,40,8,H,68,425,True,,H,0.14274650812149048,,"assistant

{""choice"": ""H""}"
2,2,158,6,3,60,40,9,H,72,497,True,,H,0.8260101079940796,,"assistant

{""choice"": ""H""}"
2,2,158,6,3,60,40,10,H,68,565,True,,H,0.8260449171066284,,"assistant

{""choice"": ""H""}"
2,2,159,1,2,70,40,1,I,36,196,False,,,,,
2,2,159,1,2,70,40,2,I,33,196,False,,,,,
2,2,159,1,2,70,40,3,H,62,196,False,,,,,
2,2,159,1,2,70,40,4,H,65,196,False,,,,,
2,2,159,1,2,70,40,5,H,58,254,True,,H,0.020575417205691338,,"assistant

{""choice"": ""H""}"
2,2,160,1,2,44,40,1,I,32,165,False,,,,,
2,2,160,1,2,44,40,2,H,53,165,False,,,,,
2,2,160,1,2,44,40,3,I,31,165,False,,,,,
2,2,160,1,2,44,40,4,H,49,165,False,,,,,
2,2,160,1,2,44,40,5,H,50,215,True,,H,0.0181778222322464,,"assistant

{""choice"": ""H""}"
2,3,161,1,2,80,60,1,H,78,269,False,,,,,
2,3,161,1,2,80,60,2,I,62,269,False,,,,,
2,3,161,1,2,80,60,3,H,65,269,False,,,,,
2,3,161,1,2,80,60,4,I,64,269,False,,,,,
2,3,161,1,2,80,60,5,H,85,354,True,,I,0.5231971740722656,,"assistant

{""choice"": ""I""}"
2,3,162,1,2,40,36,1,H,27,155,False,,,,,
2,3,162,1,2,40,36,2,H,57,155,False,,,,,
2,3,162,1,2,40,36,3,I,24,155,False,,,,,
2,3,162,1,2,40,36,4,I,47,155,False,,,,,
2,3,162,1,2,40,36,5,H,46,201,True,,H,0.25200214982032776,,"assistant

{""choice"": ""H""}"
2,3,163,1,1,60,30,1,H,79,224,False,,,,,
2,3,163,1,1,60,30,2,H,52,224,False,,,,,
2,3,163,1,1,60,30,3,I,27,224,False,,,,,
2,3,163,1,1,60,30,4,H,66,224,False,,,,,
2,3,163,1,1,60,30,5,H,59,283,True,,H,0.6932282447814941,,"assistant

{""choice"": ""H""}"
2,3,164,6,2,40,44,1,I,57,174,False,,,,,
2,3,164,6,2,40,44,2,H,34,174,False,,,,,
2,3,164,6,2,40,44,3,H,38,174,False,,,,,
2,3,164,6,2,40,44,4,I,45,174,False,,,,,
2,3,164,6,2,40,44,5,I,47,221,True,,I,0.2520129084587097,,"assistant

{""choice"": ""I""}"
2,3,164,6,2,40,44,6,H,26,247,True,,I,3.4086763858795166,,"assistant

{""choice"": ""I""}"
2,3,164,6,2,40,44,7,I,34,281,True,,I,0.011065191589295864,,"assistant

{""choice"": ""I""}"
2,3,164,6,2,40,44,8,I,34,315,True,,I,0.34854140877723694,,"assistant

{""choice"": ""I""}"
2,3,164,6,2,40,44,9,I,46,361,True,,I,0.1128775104880333,,"assistant

{""choice"": ""I""}"
2,3,164,6,2,40,44,10,I,44,405,True,,H,1.0537954568862915,,"assistant

{""choice"": ""H""}"
2,3,165,6,2,10,40,1,H,12,111,False,,,,,
2,3,165,6,2,10,40,2,I,45,111,False,,,,,
2,3,165,6,2,10,40,3,I,37,111,False,,,,,
2,3,165,6,2,10,40,4,H,17,111,False,,,,,
2,3,165,6,2,10,40,5,I,54,165,True,,I,0.04303736612200737,,"assistant

{""choice"": ""I""}"
2,3,165,6,2,10,40,6,I,44,209,True,,I,0.02056303806602955,,"assistant

{""choice"": ""I""}"
2,3,165,6,2,10,40,7,I,36,245,True,,H,0.8259998559951782,,"assistant

{""choice"": ""H""}"
2,3,165,6,2,10,40,8,I,62,307,True,,H,1.2235126495361328,,"assistant

{""choice"": ""H""}"
2,3,165,6,2,10,40,9,I,49,356,True,,H,0.8260018229484558,,"assistant

{""choice"": ""H""}"
2,3,165,6,2,10,40,10,I,40,396,True,,I,0.8982051014900208,,"assistant

{""choice"": ""I""}"
2,3,166,6,3,80,60,1,I,63,262,False,,,,,
2,3,166,6,3,80,60,2,I,63,262,False,,,,,
2,3,166,6,3,80,60,3,I,62,262,False,,,,,
2,3,166,6,3,80,60,4,H,74,262,False,,,,,
2,3,166,6,3,80,60,5,H,79,341,True,,H,0.038081005215644836,,"assistant

{""choice"": ""H""}"
2,3,166,6,3,80,60,6,H,89,430,True,,H,0.06998758018016815,,"assistant

{""choice"": ""H""}"
2,3,166,6,3,80,60,7,H,78,508,True,,H,0.17980390787124634,,"assistant

{""choice"": ""H""}"
2,3,166,6,3,80,60,8,H,85,593,True,,H,0.10025004297494888,,"assistant

{""choice"": ""H""}"
2,3,166,6,3,80,60,9,H,84,677,True,,H,0.4741489589214325,,"assistant

{""choice"": ""H""}"
2,3,166,6,3,80,60,10,H,89,766,True,,H,0.6326886415481567,,"assistant

{""choice"": ""H""}"
2,3,167,6,1,40,36,1,H,41,152,False,,,,,
2,3,167,6,1,40,36,2,H,40,152,False,,,,,
2,3,167,6,1,40,36,3,I,38,152,False,,,,,
2,3,167,6,1,40,36,4,H,33,152,False,,,,,
2,3,167,6,1,40,36,5,I,44,196,True,,H,1.6004753112792969,,"assistant

{""choice"": ""H""}"
2,3,167,6,1,40,36,6,H,51,247,True,,I,2.350257635116577,,"assistant

{""choice"": ""I""}"
2,3,167,6,1,40,36,7,H,43,290,True,,H,0.31341642141342163,,"assistant

{""choice"": ""H""}"
2,3,167,6,1,40,36,8,I,24,314,True,,I,0.2255028337240219,,"assistant

{""choice"": ""I""}"
2,3,167,6,1,40,36,9,H,35,349,True,,H,0.38707607984542847,,"assistant

{""choice"": ""H""}"
2,3,167,6,1,40,36,10,H,31,380,True,,H,1.0538880825042725,,"assistant

{""choice"": ""H""}"
2,3,168,6,1,80,60,1,H,84,323,False,,,,,
2,3,168,6,1,80,60,2,I,57,323,False,,,,,
2,3,168,6,1,80,60,3,H,94,323,False,,,,,
2,3,168,6,1,80,60,4,H,88,323,False,,,,,
2,3,168,6,1,80,60,5,H,77,400,True,,H,0.3485199511051178,,"assistant

{""choice"": ""H""}"
2,3,168,6,1,80,60,6,H,76,476,True,,I,2.0177159309387207,,"assistant

{""choice"": ""I""}"
2,3,168,6,1,80,60,7,H,76,552,True,,I,1.0537605285644531,,"assistant

{""choice"": ""I""}"
2,3,168,6,1,80,60,8,H,68,620,True,,I,2.9299087524414062,,"assistant

{""choice"": ""I""}"
2,3,168,6,1,80,60,9,H,63,683,True,,I,2.811997175216675,,"assistant

{""choice"": ""I""}"
2,3,168,6,1,80,60,10,H,77,760,True,,I,2.464002847671509,,"assistant

{""choice"": ""I""}"
2,3,169,6,1,60,52,1,H,53,250,False,,,,,
2,3,169,6,1,60,52,2,H,71,250,False,,,,,
2,3,169,6,1,60,52,3,H,64,250,False,,,,,
2,3,169,6,1,60,52,4,I,62,250,False,,,,,
2,3,169,6,1,60,52,5,H,57,307,True,,I,0.9741485118865967,,"assistant

{""choice"": ""I""}"
2,3,169,6,1,60,52,6,I,45,352,True,,I,0.7576897144317627,,"assistant

{""choice"": ""I""}"
2,3,169,6,1,60,52,7,H,52,404,True,,H,0.47415927052497864,,"assistant

{""choice"": ""H""}"
2,3,169,6,1,60,52,8,H,51,455,True,,H,0.6327100396156311,,"assistant

{""choice"": ""H""}"
2,3,169,6,1,60,52,9,H,66,521,True,,I,0.31335392594337463,,"assistant

{""choice"": ""I""}"
2,3,169,6,1,60,52,10,H,74,595,True,,H,0.12702810764312744,,"assistant

{""choice"": ""H""}"
2,3,170,6,2,68,60,1,H,62,227,False,,,,,
2,3,170,6,2,68,60,2,H,63,227,False,,,,,
2,3,170,6,2,68,60,3,I,57,227,False,,,,,
2,3,170,6,2,68,60,4,I,45,227,False,,,,,
2,3,170,6,2,68,60,5,H,70,297,True,,H,0.00978199765086174,,"assistant

{""choice"": ""H""}"
2,3,170,6,2,68,60,6,I,62,359,True,,I,1.5020146369934082,,"assistant

{""choice"": ""I""}"
2,3,170,6,2,68,60,7,H,58,417,True,,I,0.8260478973388672,,"assistant

{""choice"": ""I""}"
2,3,170,6,2,68,60,8,H,60,477,True,,H,0.048646263778209686,,"assistant

{""choice"": ""H""}"
2,3,170,6,2,68,60,9,H,68,545,True,,I,1.8047971725463867,,"assistant

{""choice"": ""I""}"
2,3,170,6,2,68,60,10,H,72,617,True,,H,0.04864819347858429,,"assistant

{""choice"": ""H""}"
2,3,171,1,3,40,60,1,I,53,238,False,,,,,
2,3,171,1,3,40,60,2,H,42,238,False,,,,,
2,3,171,1,3,40,60,3,I,81,238,False,,,,,
2,3,171,1,3,40,60,4,I,62,238,False,,,,,
2,3,171,1,3,40,60,5,I,60,298,True,,I,0.25201159715652466,,"assistant

{""choice"": ""I""}"
2,3,172,1,2,28,40,1,I,47,141,False,,,,,
2,3,172,1,2,28,40,2,I,36,141,False,,,,,
2,3,172,1,2,28,40,3,H,30,141,False,,,,,
2,3,172,1,2,28,40,4,H,28,141,False,,,,,
2,3,172,1,2,28,40,5,I,42,183,True,,I,0.1602848321199417,,"assistant

{""choice"": ""I""}"
2,3,173,6,2,80,60,1,H,78,287,False,,,,,
2,3,173,6,2,80,60,2,H,95,287,False,,,,,
2,3,173,6,2,80,60,3,I,63,287,False,,,,,
2,3,173,6,2,80,60,4,I,51,287,False,,,,,
2,3,173,6,2,80,60,5,H,79,366,True,,H,0.0789482444524765,,"assistant

{""choice"": ""H""}"
2,3,173,6,2,80,60,6,H,81,447,True,,H,0.3485197126865387,,"assistant

{""choice"": ""H""}"
2,3,173,6,2,80,60,7,H,74,521,True,,I,0.10025295615196228,,"assistant

{""choice"": ""I""}"
2,3,173,6,2,80,60,8,H,65,586,True,,I,2.2378575801849365,,"assistant

{""choice"": ""I""}"
2,3,173,6,2,80,60,9,H,86,672,True,,I,1.8048170804977417,,"assistant

{""choice"": ""I""}"
2,3,173,6,2,80,60,10,H,85,757,True,,I,2.017728090286255,,"assistant

{""choice"": ""I""}"
2,3,174,6,2,40,60,1,I,67,215,False,,,,,
2,3,174,6,2,40,60,2,H,42,215,False,,,,,
2,3,174,6,2,40,60,3,H,42,215,False,,,,,
2,3,174,6,2,40,60,4,I,64,215,False,,,,,
2,3,174,6,2,40,60,5,H,41,256,True,,I,4.018165588378906,,"assistant

{""choice"": ""I""}"
2,3,174,6,2,40,60,6,I,51,307,True,,I,0.07000003010034561,,"assistant

{""choice"": ""I""}"
2,3,174,6,2,40,60,7,I,69,376,True,,I,0.018169276416301727,,"assistant

{""choice"": ""I""}"
2,3,174,6,2,40,60,8,I,58,434,True,,I,0.00464111752808094,,"assistant

{""choice"": ""I""}"
2,3,174,6,2,40,60,9,I,67,501,True,,I,0.006737255025655031,,"assistant

{""choice"": ""I""}"
2,3,174,6,2,40,60,10,I,63,564,True,,I,0.00979793444275856,,"assistant

{""choice"": ""I""}"
2,3,175,1,2,20,40,1,H,27,112,False,,,,,
2,3,175,1,2,20,40,2,H,17,112,False,,,,,
2,3,175,1,2,20,40,3,I,45,112,False,,,,,
2,3,175,1,2,20,40,4,I,23,112,False,,,,,
2,3,175,1,2,20,40,5,I,34,146,True,,I,0.07000336796045303,,"assistant

{""choice"": ""I""}"
2,3,176,1,3,60,52,1,H,67,226,False,,,,,
2,3,176,1,3,60,52,2,I,56,226,False,,,,,
2,3,176,1,3,60,52,3,I,54,226,False,,,,,
2,3,176,1,3,60,52,4,I,49,226,False,,,,,
2,3,176,1,3,60,52,5,H,56,282,True,,H,0.06201702728867531,,"assistant

{""choice"": ""H""}"
2,3,177,6,3,60,90,1,I,99,348,False,,,,,
2,3,177,6,3,60,90,2,I,86,348,False,,,,,
2,3,177,6,3,60,90,3,H,64,348,False,,,,,
2,3,177,6,3,60,90,4,I,99,348,False,,,,,
2,3,177,6,3,60,90,5,I,84,432,True,,I,0.01252193283289671,,"assistant

{""choice"": ""I""}"
2,3,177,6,3,60,90,6,I,85,517,True,,I,0.16027498245239258,,"assistant

{""choice"": ""I""}"
2,3,177,6,3,60,90,7,I,82,599,True,,I,0.22545525431632996,,"assistant

{""choice"": ""I""}"
2,3,177,6,3,60,90,8,I,81,680,True,,I,2.017733573913574,,"assistant

{""choice"": ""I""}"
2,3,177,6,3,60,90,9,I,99,779,True,,H,1.910296082496643,,"assistant

{""choice"": ""H""}"
2,3,177,6,3,60,90,10,I,93,872,True,,H,1.4062360525131226,,"assistant

{""choice"": ""H""}"
2,3,178,6,3,40,20,1,I,21,122,False,,,,,
2,3,178,6,3,40,20,2,I,26,122,False,,,,,
2,3,178,6,3,40,20,3,H,50,122,False,,,,,
2,3,178,6,3,40,20,4,I,25,122,False,,,,,
2,3,178,6,3,40,20,5,H,44,166,True,,H,0.029779693111777306,,"assistant

{""choice"": ""H""}"
2,3,178,6,3,40,20,6,H,36,202,True,,H,0.016061563044786453,,"assistant

{""choice"": ""H""}"
2,3,178,6,3,40,20,7,H,40,242,True,,H,0.05492236465215683,,"assistant

{""choice"": ""H""}"
2,3,178,6,3,40,20,8,H,41,283,True,,H,0.28122678399086,,"assistant

{""choice"": ""H""}"
2,3,178,6,3,40,20,9,H,33,316,True,,I,0.632688581943512,,"assistant

{""choice"": ""I""}"
2,3,178,6,3,40,20,10,H,44,360,True,,H,0.576042115688324,,"assistant

{""choice"": ""H""}"
2,3,179,6,2,40,36,1,H,50,173,False,,,,,
2,3,179,6,2,40,36,2,I,39,173,False,,,,,
2,3,179,6,2,40,36,3,I,38,173,False,,,,,
2,3,179,6,2,40,36,4,H,46,173,False,,,,,
2,3,179,6,2,40,36,5,I,57,230,True,,H,3.529780626296997,,"assistant

{""choice"": ""H""}"
2,3,179,6,2,40,36,6,H,44,274,True,,I,3.651322603225708,,"assistant

{""choice"": ""I""}"
2,3,179,6,2,40,36,7,I,39,313,True,,I,0.018171852454543114,,"assistant

{""choice"": ""I""}"
2,3,179,6,2,40,36,8,H,27,340,True,,I,0.38696524500846863,,"assistant

{""choice"": ""I""}"
2,3,179,6,2,40,36,9,I,39,379,True,,I,0.026341434568166733,,"assistant

{""choice"": ""I""}"
2,3,179,6,2,40,36,10,I,40,419,True,,I,0.28128141164779663,,"assistant

{""choice"": ""I""}"
2,3,180,6,1,60,40,1,H,87,220,False,,,,,
2,3,180,6,1,60,40,2,I,43,220,False,,,,,
2,3,180,6,1,60,40,3,H,54,220,False,,,,,
2,3,180,6,1,60,40,4,H,36,220,False,,,,,
2,3,180,6,1,60,40,5,I,40,260,True,,H,2.3502631187438965,,"assistant

{""choice"": ""H""}"
2,3,180,6,1,60,40,6,H,49,309,True,,H,0.4741442799568176,,"assistant

{""choice"": ""H""}"
2,3,180,6,1,60,40,7,I,29,338,True,,H,1.701483964920044,,"assistant

{""choice"": ""H""}"
2,3,180,6,1,60,40,8,H,65,403,True,,H,0.07894736528396606,,"assistant

{""choice"": ""H""}"
2,3,180,6,1,60,40,9,H,63,466,True,,H,0.04304775595664978,,"assistant

{""choice"": ""H""}"
2,3,180,6,1,60,40,10,H,50,516,True,,H,0.029812900349497795,,"assistant

{""choice"": ""H""}"
2,3,181,1,2,30,60,1,H,21,163,False,,,,,
2,3,181,1,2,30,60,2,I,52,163,False,,,,,
2,3,181,1,2,30,60,3,I,63,163,False,,,,,
2,3,181,1,2,30,60,4,H,27,163,False,,,,,
2,3,181,1,2,30,60,5,I,51,214,True,,I,0.0430404469370842,,"assistant

{""choice"": ""I""}"
2,3,182,6,3,68,60,1,I,57,256,False,,,,,
2,3,182,6,3,68,60,2,I,69,256,False,,,,,
2,3,182,6,3,68,60,3,I,50,256,False,,,,,
2,3,182,6,3,68,60,4,H,80,256,False,,,,,
2,3,182,6,3,68,60,5,H,53,309,True,,H,0.16031205654144287,,"assistant

{""choice"": ""H""}"
2,3,182,6,3,68,60,6,H,62,371,True,,I,1.223488211631775,,"assistant

{""choice"": ""I""}"
2,3,182,6,3,68,60,7,I,63,434,True,,H,1.8048012256622314,,"assistant

{""choice"": ""H""}"
2,3,182,6,3,68,60,8,H,74,508,True,,I,2.23787522315979,,"assistant

{""choice"": ""I""}"
2,3,182,6,3,68,60,9,H,71,579,True,,H,0.2255137711763382,,"assistant

{""choice"": ""H""}"
2,3,182,6,3,68,60,10,H,76,655,True,,I,1.5020110607147217,,"assistant

{""choice"": ""I""}"
2,3,183,6,3,60,68,1,I,62,254,False,,,,,
2,3,183,6,3,60,68,2,H,54,254,False,,,,,
2,3,183,6,3,60,68,3,I,64,254,False,,,,,
2,3,183,6,3,60,68,4,I,74,254,False,,,,,
2,3,183,6,3,60,68,5,H,57,311,True,,I,1.600498914718628,,"assistant

{""choice"": ""I""}"
2,3,183,6,3,60,68,6,I,70,381,True,,I,0.04304216057062149,,"assistant

{""choice"": ""I""}"
2,3,183,6,3,60,68,7,I,62,443,True,,I,0.005942178890109062,,"assistant

{""choice"": ""I""}"
2,3,183,6,3,60,68,8,I,66,509,True,,I,0.007631670217961073,,"assistant

{""choice"": ""I""}"
2,3,183,6,3,60,68,9,I,66,575,True,,I,0.009774678386747837,,"assistant

{""choice"": ""I""}"
2,3,183,6,3,60,68,10,I,70,645,True,,I,0.020577052608132362,,"assistant

{""choice"": ""I""}"
2,3,184,1,2,32,40,1,I,36,127,False,,,,,
2,3,184,1,2,32,40,2,H,32,127,False,,,,,
2,3,184,1,2,32,40,3,I,33,127,False,,,,,
2,3,184,1,2,32,40,4,H,26,127,False,,,,,
2,3,184,1,2,32,40,5,I,43,170,True,,I,0.014185545034706593,,"assistant

{""choice"": ""I""}"
2,3,185,1,2,40,48,1,I,40,156,False,,,,,
2,3,185,1,2,40,48,2,H,48,156,False,,,,,
2,3,185,1,2,40,48,3,H,28,156,False,,,,,
2,3,185,1,2,40,48,4,I,40,156,False,,,,,
2,3,185,1,2,40,48,5,I,48,204,True,,I,0.3485064208507538,,"assistant

{""choice"": ""I""}"
2,3,186,1,1,40,10,1,I,1,105,False,,,,,
2,3,186,1,1,40,10,2,H,25,105,False,,,,,
2,3,186,1,1,40,10,3,H,42,105,False,,,,,
2,3,186,1,1,40,10,4,H,37,105,False,,,,,
2,3,186,1,1,40,10,5,H,48,153,True,,H,0.011064012534916401,,"assistant

{""choice"": ""H""}"
2,3,187,1,3,52,40,1,I,47,178,False,,,,,
2,3,187,1,3,52,40,2,I,38,178,False,,,,,
2,3,187,1,3,52,40,3,H,55,178,False,,,,,
2,3,187,1,3,52,40,4,I,38,178,False,,,,,
2,3,187,1,3,52,40,5,H,49,227,True,,H,0.03367170691490173,,"assistant

{""choice"": ""H""}"
2,3,188,6,2,60,80,1,H,56,256,False,,,,,
2,3,188,6,2,60,80,2,H,50,256,False,,,,,
2,3,188,6,2,60,80,3,I,80,256,False,,,,,
2,3,188,6,2,60,80,4,I,70,256,False,,,,,
2,3,188,6,2,60,80,5,I,84,340,True,,I,0.008625867776572704,,"assistant

{""choice"": ""I""}"
2,3,188,6,2,60,80,6,I,86,426,True,,I,0.14272738993167877,,"assistant

{""choice"": ""I""}"
2,3,188,6,2,60,80,7,I,77,503,True,,I,0.04301578551530838,,"assistant

{""choice"": ""I""}"
2,3,188,6,2,60,80,8,I,69,572,True,,I,0.16026654839515686,,"assistant

{""choice"": ""I""}"
2,3,188,6,2,60,80,9,I,68,640,True,,I,0.5232107043266296,,"assistant

{""choice"": ""I""}"
2,3,188,6,2,60,80,10,I,81,721,True,,I,0.6932464838027954,,"assistant

{""choice"": ""I""}"
2,3,189,6,1,40,60,1,H,40,191,False,,,,,
2,3,189,6,1,40,60,2,I,75,191,False,,,,,
2,3,189,6,1,40,60,3,H,46,191,False,,,,,
2,3,189,6,1,40,60,4,H,30,191,False,,,,,
2,3,189,6,1,40,60,5,I,58,249,True,,I,0.0297870971262455,,"assistant

{""choice"": ""I""}"
2,3,189,6,1,40,60,6,I,65,314,True,,I,0.048632748425006866,,"assistant

{""choice"": ""I""}"
2,3,189,6,1,40,60,7,I,70,384,True,,I,0.3133261501789093,,"assistant

{""choice"": ""I""}"
2,3,189,6,1,40,60,8,I,55,439,True,,I,0.12696994841098785,,"assistant

{""choice"": ""I""}"
2,3,189,6,1,40,60,9,I,58,497,True,,H,0.6326600313186646,,"assistant

{""choice"": ""H""}"
2,3,189,6,1,40,60,10,I,50,547,True,,I,0.38698136806488037,,"assistant

{""choice"": ""I""}"
2,3,190,1,3,40,36,1,H,35,163,False,,,,,
2,3,190,1,3,40,36,2,I,38,163,False,,,,,
2,3,190,1,3,40,36,3,I,50,163,False,,,,,
2,3,190,1,3,40,36,4,I,40,163,False,,,,,
2,3,190,1,3,40,36,5,I,36,199,True,,I,0.014176142401993275,,"assistant

{""choice"": ""I""}"
2,3,191,1,2,60,68,1,H,70,263,False,,,,,
2,3,191,1,2,60,68,2,H,63,263,False,,,,,
2,3,191,1,2,60,68,3,I,61,263,False,,,,,
2,3,191,1,2,60,68,4,I,69,263,False,,,,,
2,3,191,1,2,60,68,5,H,57,320,True,,H,1.7014689445495605,,"assistant

{""choice"": ""H""}"
2,3,192,6,3,60,56,1,I,50,206,False,,,,,
2,3,192,6,3,60,56,2,I,50,206,False,,,,,
2,3,192,6,3,60,56,3,H,48,206,False,,,,,
2,3,192,6,3,60,56,4,I,58,206,False,,,,,
2,3,192,6,3,60,56,5,I,57,263,True,,I,0.7576884031295776,,"assistant

{""choice"": ""I""}"
2,3,192,6,3,60,56,6,I,63,326,True,,I,0.048618216067552567,,"assistant

{""choice"": ""I""}"
2,3,192,6,3,60,56,7,H,60,386,True,,I,3.0486061573028564,,"assistant

{""choice"": ""I""}"
2,3,192,6,3,60,56,8,I,54,440,True,,I,0.42881548404693604,,"assistant

{""choice"": ""I""}"
2,3,192,6,3,60,56,9,I,36,476,True,,I,0.3869641125202179,,"assistant

{""choice"": ""I""}"
2,3,192,6,3,60,56,10,H,69,545,True,,H,0.28126683831214905,,"assistant

{""choice"": ""H""}"
2,3,193,6,3,20,40,1,I,41,151,False,,,,,
2,3,193,6,3,20,40,2,I,44,151,False,,,,,
2,3,193,6,3,20,40,3,H,26,151,False,,,,,
2,3,193,6,3,20,40,4,I,40,151,False,,,,,
2,3,193,6,3,20,40,5,I,42,193,True,,I,0.016048777848482132,,"assistant

{""choice"": ""I""}"
2,3,193,6,3,20,40,6,I,48,241,True,,I,0.9741441607475281,,"assistant

{""choice"": ""I""}"
2,3,193,6,3,20,40,7,I,36,277,True,,I,0.048606518656015396,,"assistant

{""choice"": ""I""}"
2,3,193,6,3,20,40,8,I,52,329,True,,I,1.6004788875579834,,"assistant

{""choice"": ""I""}"
2,3,193,6,3,20,40,9,I,48,377,True,,H,0.3133386969566345,,"assistant

{""choice"": ""H""}"
2,3,193,6,3,20,40,10,I,47,424,True,,I,0.4287991225719452,,"assistant

{""choice"": ""I""}"
2,3,194,6,3,52,40,1,H,51,155,False,,,,,
2,3,194,6,3,52,40,2,I,46,155,False,,,,,
2,3,194,6,3,52,40,3,I,20,155,False,,,,,
2,3,194,6,3,52,40,4,I,38,155,False,,,,,
2,3,194,6,3,52,40,5,H,67,222,True,,H,0.06998958438634872,,"assistant

{""choice"": ""H""}"
2,3,194,6,3,52,40,6,H,49,271,True,,H,0.17982591688632965,,"assistant

{""choice"": ""H""}"
2,3,194,6,3,52,40,7,H,52,323,True,,I,0.7576603889465332,,"assistant

{""choice"": ""I""}"
2,3,194,6,3,52,40,8,H,65,388,True,,H,0.2812395691871643,,"assistant

{""choice"": ""H""}"
2,3,194,6,3,52,40,9,H,50,438,True,,H,0.42879918217658997,,"assistant

{""choice"": ""H""}"
2,3,194,6,3,52,40,10,H,45,483,True,,H,1.313328742980957,,"assistant

{""choice"": ""H""}"
2,3,195,6,1,60,80,1,H,57,231,False,,,,,
2,3,195,6,1,60,80,2,I,67,231,False,,,,,
2,3,195,6,1,60,80,3,H,55,231,False,,,,,
2,3,195,6,1,60,80,4,H,52,231,False,,,,,
2,3,195,6,1,60,80,5,I,78,309,True,,I,0.014176965691149235,,"assistant

{""choice"": ""I""}"
2,3,195,6,1,60,80,6,I,77,386,True,,I,0.006731215864419937,,"assistant

{""choice"": ""I""}"
2,3,195,6,1,60,80,7,I,84,470,True,,I,0.20146547257900238,,"assistant

{""choice"": ""I""}"
2,3,195,6,1,60,80,8,I,80,550,True,,I,0.06996568292379379,,"assistant

{""choice"": ""I""}"
2,3,195,6,1,60,80,9,I,89,639,True,,I,0.22548693418502808,,"assistant

{""choice"": ""I""}"
2,3,195,6,1,60,80,10,I,74,713,True,,I,0.5760165452957153,,"assistant

{""choice"": ""I""}"
2,3,196,1,1,64,60,1,I,51,256,False,,,,,
2,3,196,1,1,64,60,2,H,61,256,False,,,,,
2,3,196,1,1,64,60,3,H,82,256,False,,,,,
2,3,196,1,1,64,60,4,H,62,256,False,,,,,
2,3,196,1,1,64,60,5,H,74,330,True,,H,0.020565606653690338,,"assistant

{""choice"": ""H""}"
2,3,197,6,3,36,40,1,I,52,165,False,,,,,
2,3,197,6,3,36,40,2,H,24,165,False,,,,,
2,3,197,6,3,36,40,3,I,48,165,False,,,,,
2,3,197,6,3,36,40,4,I,41,165,False,,,,,
2,3,197,6,3,36,40,5,H,40,205,True,,H,1.502008080482483,,"assistant

{""choice"": ""H""}"
2,3,197,6,3,36,40,6,I,51,256,True,,H,0.38695764541625977,,"assistant

{""choice"": ""H""}"
2,3,197,6,3,36,40,7,I,46,302,True,,I,0.054949671030044556,,"assistant

{""choice"": ""I""}"
2,3,197,6,3,36,40,8,I,23,325,True,,I,0.009779046289622784,,"assistant

{""choice"": ""I""}"
2,3,197,6,3,36,40,9,I,41,366,True,,I,0.826026439666748,,"assistant

{""choice"": ""I""}"
2,3,197,6,3,36,40,10,I,28,394,True,,I,0.7577041983604431,,"assistant

{""choice"": ""I""}"
2,3,198,6,3,52,60,1,H,51,219,False,,,,,
2,3,198,6,3,52,60,2,I,62,219,False,,,,,
2,3,198,6,3,52,60,3,I,47,219,False,,,,,
2,3,198,6,3,52,60,4,I,59,219,False,,,,,
2,3,198,6,3,52,60,5,H,54,273,True,,I,3.1680235862731934,,"assistant

{""choice"": ""I""}"
2,3,198,6,3,52,60,6,H,51,324,True,,I,0.576046347618103,,"assistant

{""choice"": ""I""}"
2,3,198,6,3,52,60,7,I,51,375,True,,I,0.04301680997014046,,"assistant

{""choice"": ""I""}"
2,3,198,6,3,52,60,8,H,54,429,True,,I,1.0538172721862793,,"assistant

{""choice"": ""I""}"
2,3,198,6,3,52,60,9,I,57,486,True,,H,0.9742099642753601,,"assistant

{""choice"": ""H""}"
2,3,198,6,3,52,60,10,H,39,525,True,,I,1.701580286026001,,"assistant

{""choice"": ""I""}"
2,3,199,6,1,40,10,1,I,23,142,False,,,,,
2,3,199,6,1,40,10,2,H,43,142,False,,,,,
2,3,199,6,1,40,10,3,H,40,142,False,,,,,
2,3,199,6,1,40,10,4,H,36,142,False,,,,,
2,3,199,6,1,40,10,5,I,19,161,True,,H,0.8260338306427002,,"assistant

{""choice"": ""H""}"
2,3,199,6,1,40,10,6,H,31,192,True,,H,0.06997013092041016,,"assistant

{""choice"": ""H""}"
2,3,199,6,1,40,10,7,H,49,241,True,,H,0.22552794218063354,,"assistant

{""choice"": ""H""}"
2,3,199,6,1,40,10,8,H,39,280,True,,H,0.5760706067085266,,"assistant

{""choice"": ""H""}"
2,3,199,6,1,40,10,9,H,29,309,True,,H,0.04863365739583969,,"assistant

{""choice"": ""H""}"
2,3,199,6,1,40,10,10,H,42,351,True,,H,0.8260510563850403,,"assistant

{""choice"": ""H""}"
2,3,200,1,3,52,60,1,I,75,259,False,,,,,
2,3,200,1,3,52,60,2,I,51,259,False,,,,,
2,3,200,1,3,52,60,3,I,56,259,False,,,,,
2,3,200,1,3,52,60,4,H,77,259,False,,,,,
2,3,200,1,3,52,60,5,H,52,311,True,,H,0.11289731413125992,,"assistant

{""choice"": ""H""}"
2,3,201,6,3,60,40,1,H,53,187,False,,,,,
2,3,201,6,3,60,40,2,I,49,187,False,,,,,
2,3,201,6,3,60,40,3,I,32,187,False,,,,,
2,3,201,6,3,60,40,4,I,53,187,False,,,,,
2,3,201,6,3,60,40,5,I,29,216,True,,H,0.20147034525871277,,"assistant

{""choice"": ""H""}"
2,3,201,6,3,60,40,6,I,33,249,True,,H,2.350245475769043,,"assistant

{""choice"": ""H""}"
2,3,201,6,3,60,40,7,H,76,325,True,,H,0.2812253534793854,,"assistant

{""choice"": ""H""}"
2,3,201,6,3,60,40,8,H,59,384,True,,H,0.007632025051862001,,"assistant

{""choice"": ""H""}"
2,3,201,6,3,60,40,9,H,60,444,True,,H,0.005280476063489914,,"assistant

{""choice"": ""H""}"
2,3,201,6,3,60,40,10,H,59,503,True,,H,0.062033720314502716,,"assistant

{""choice"": ""H""}"
2,3,202,6,1,40,60,1,I,65,183,False,,,,,
2,3,202,6,1,40,60,2,H,41,183,False,,,,,
2,3,202,6,1,40,60,3,H,30,183,False,,,,,
2,3,202,6,1,40,60,4,H,47,183,False,,,,,
2,3,202,6,1,40,60,5,I,59,242,True,,I,0.25201207399368286,,"assistant

{""choice"": ""I""}"
2,3,202,6,1,40,60,6,H,36,278,True,,I,2.1269936561584473,,"assistant

{""choice"": ""I""}"
2,3,202,6,1,40,60,7,I,44,322,True,,I,0.029787907376885414,,"assistant

{""choice"": ""I""}"
2,3,202,6,1,40,60,8,I,64,386,True,,I,0.07002025842666626,,"assistant

{""choice"": ""I""}"
2,3,202,6,1,40,60,9,I,53,439,True,,I,0.0076287128031253815,,"assistant

{""choice"": ""I""}"
2,3,202,6,1,40,60,10,I,47,486,True,,I,0.38698071241378784,,"assistant

{""choice"": ""I""}"
2,3,203,1,1,56,60,1,H,61,260,False,,,,,
2,3,203,1,1,56,60,2,H,73,260,False,,,,,
2,3,203,1,1,56,60,3,H,65,260,False,,,,,
2,3,203,1,1,56,60,4,I,61,260,False,,,,,
2,3,203,1,1,56,60,5,H,63,323,True,,H,0.8260183930397034,,"assistant

{""choice"": ""H""}"
2,3,204,6,2,60,68,1,I,98,293,False,,,,,
2,3,204,6,2,60,68,2,I,57,293,False,,,,,
2,3,204,6,2,60,68,3,H,69,293,False,,,,,
2,3,204,6,2,60,68,4,H,69,293,False,,,,,
2,3,204,6,2,60,68,5,I,63,356,True,,I,0.4741494059562683,,"assistant

{""choice"": ""I""}"
2,3,204,6,2,60,68,6,H,60,416,True,,H,0.1797928512096405,,"assistant

{""choice"": ""H""}"
2,3,204,6,2,60,68,7,I,77,493,True,,I,0.06200391799211502,,"assistant

{""choice"": ""I""}"
2,3,204,6,2,60,68,8,I,60,553,True,,I,0.2520429193973541,,"assistant

{""choice"": ""I""}"
2,3,204,6,2,60,68,9,I,64,617,True,,I,0.038077905774116516,,"assistant

{""choice"": ""I""}"
2,3,204,6,2,60,68,10,I,82,699,True,,I,1.0537865161895752,,"assistant

{""choice"": ""I""}"
2,3,205,1,2,52,40,1,I,51,199,False,,,,,
2,3,205,1,2,52,40,2,H,62,199,False,,,,,
2,3,205,1,2,52,40,3,H,55,199,False,,,,,
2,3,205,1,2,52,40,4,I,31,199,False,,,,,
2,3,205,1,2,52,40,5,H,60,259,True,,H,0.14274537563323975,,"assistant

{""choice"": ""H""}"
2,3,206,6,2,60,90,1,H,59,288,False,,,,,
2,3,206,6,2,60,90,2,I,89,288,False,,,,,
2,3,206,6,2,60,90,3,H,50,288,False,,,,,
2,3,206,6,2,60,90,4,I,90,288,False,,,,,
2,3,206,6,2,60,90,5,I,85,373,True,,I,0.02634073793888092,,"assistant

{""choice"": ""I""}"
2,3,206,6,2,60,90,6,I,99,472,True,,I,0.386938214302063,,"assistant

{""choice"": ""I""}"
2,3,206,6,2,60,90,7,I,99,571,True,,I,0.07891321182250977,,"assistant

{""choice"": ""I""}"
2,3,206,6,2,60,90,8,I,99,670,True,,H,1.5019856691360474,,"assistant

{""choice"": ""H""}"
2,3,206,6,2,60,90,9,I,90,760,True,,H,0.9741827249526978,,"assistant

{""choice"": ""H""}"
2,3,206,6,2,60,90,10,I,78,838,True,,H,0.9741528034210205,,"assistant

{""choice"": ""H""}"
2,3,207,6,2,60,68,1,H,64,248,False,,,,,
2,3,207,6,2,60,68,2,I,71,248,False,,,,,
2,3,207,6,2,60,68,3,H,43,248,False,,,,,
2,3,207,6,2,60,68,4,I,70,248,False,,,,,
2,3,207,6,2,60,68,5,H,41,289,True,,I,2.929931640625,,"assistant

{""choice"": ""I""}"
2,3,207,6,2,60,68,6,I,73,362,True,,I,0.02055848389863968,,"assistant

{""choice"": ""I""}"
2,3,207,6,2,60,68,7,I,66,428,True,,I,0.01818215288221836,,"assistant

{""choice"": ""I""}"
2,3,207,6,2,60,68,8,I,74,502,True,,I,0.0076280031353235245,,"assistant

{""choice"": ""I""}"
2,3,207,6,2,60,68,9,I,62,564,True,,I,0.42879095673561096,,"assistant

{""choice"": ""I""}"
2,3,207,6,2,60,68,10,I,63,627,True,,I,0.7576842308044434,,"assistant

{""choice"": ""I""}"
2,3,208,6,2,40,48,1,H,44,189,False,,,,,
2,3,208,6,2,40,48,2,H,51,189,False,,,,,
2,3,208,6,2,40,48,3,I,48,189,False,,,,,
2,3,208,6,2,40,48,4,I,46,189,False,,,,,
2,3,208,6,2,40,48,5,I,42,231,True,,I,0.9741509556770325,,"assistant

{""choice"": ""I""}"
2,3,208,6,2,40,48,6,I,39,270,True,,H,1.6004971265792847,,"assistant

{""choice"": ""H""}"
2,3,208,6,2,40,48,7,H,37,307,True,,H,0.023261869326233864,,"assistant

{""choice"": ""H""}"
2,3,208,6,2,40,48,8,H,37,344,True,,H,0.16029782593250275,,"assistant

{""choice"": ""H""}"
2,3,208,6,2,40,48,9,I,42,386,True,,I,1.7014977931976318,,"assistant

{""choice"": ""I""}"
2,3,208,6,2,40,48,10,I,49,435,True,,H,0.9742101430892944,,"assistant

{""choice"": ""H""}"
2,3,209,1,2,36,40,1,H,36,127,False,,,,,
2,3,209,1,2,36,40,2,H,38,127,False,,,,,
2,3,209,1,2,36,40,3,I,24,127,False,,,,,
2,3,209,1,2,36,40,4,I,29,127,False,,,,,
2,3,209,1,2,36,40,5,H,45,172,True,,H,0.2014850676059723,,"assistant

{""choice"": ""H""}"
2,3,210,1,2,40,60,1,H,45,217,False,,,,,
2,3,210,1,2,40,60,2,H,37,217,False,,,,,
2,3,210,1,2,40,60,3,I,70,217,False,,,,,
2,3,210,1,2,40,60,4,I,65,217,False,,,,,
2,3,210,1,2,40,60,5,I,64,281,True,,I,0.023294012993574142,,"assistant

{""choice"": ""I""}"
2,3,211,6,3,28,40,1,I,37,155,False,,,,,
2,3,211,6,3,28,40,2,H,24,155,False,,,,,
2,3,211,6,3,28,40,3,I,49,155,False,,,,,
2,3,211,6,3,28,40,4,I,45,155,False,,,,,
2,3,211,6,3,28,40,5,I,31,186,True,,I,0.25201261043548584,,"assistant

{""choice"": ""I""}"
2,3,211,6,3,28,40,6,I,35,221,True,,H,0.9741368293762207,,"assistant

{""choice"": ""H""}"
2,3,211,6,3,28,40,7,H,47,268,True,,H,0.2254675328731537,,"assistant

{""choice"": ""H""}"
2,3,211,6,3,28,40,8,H,16,284,True,,H,0.22550606727600098,,"assistant

{""choice"": ""H""}"
2,3,211,6,3,28,40,9,I,35,319,True,,I,0.31335315108299255,,"assistant

{""choice"": ""I""}"
2,3,211,6,3,28,40,10,I,55,374,True,,H,1.053834319114685,,"assistant

{""choice"": ""H""}"
2,3,212,1,2,48,60,1,I,37,201,False,,,,,
2,3,212,1,2,48,60,2,I,61,201,False,,,,,
2,3,212,1,2,48,60,3,H,56,201,False,,,,,
2,3,212,1,2,48,60,4,H,47,201,False,,,,,
2,3,212,1,2,48,60,5,I,50,251,True,,I,0.020561402663588524,,"assistant

{""choice"": ""I""}"
2,3,213,1,1,40,28,1,H,32,146,False,,,,,
2,3,213,1,1,40,28,2,I,33,146,False,,,,,
2,3,213,1,1,40,28,3,H,45,146,False,,,,,
2,3,213,1,1,40,28,4,H,36,146,False,,,,,
2,3,213,1,1,40,28,5,H,44,190,True,,I,1.5019941329956055,,"assistant

{""choice"": ""I""}"
2,3,214,1,3,40,44,1,I,66,182,False,,,,,
2,3,214,1,3,40,44,2,H,23,182,False,,,,,
2,3,214,1,3,40,44,3,I,41,182,False,,,,,
2,3,214,1,3,40,44,4,I,52,182,False,,,,,
2,3,214,1,3,40,44,5,I,31,213,True,,I,0.2014886736869812,,"assistant

{""choice"": ""I""}"
2,3,215,1,3,36,40,1,I,39,133,False,,,,,
2,3,215,1,3,36,40,2,H,25,133,False,,,,,
2,3,215,1,3,36,40,3,I,29,133,False,,,,,
2,3,215,1,3,36,40,4,I,40,133,False,,,,,
2,3,215,1,3,36,40,5,I,45,178,True,,I,0.1798197478055954,,"assistant

{""choice"": ""I""}"
2,3,216,6,2,20,40,1,I,25,93,False,,,,,
2,3,216,6,2,20,40,2,H,14,93,False,,,,,
2,3,216,6,2,20,40,3,H,23,93,False,,,,,
2,3,216,6,2,20,40,4,I,31,93,False,,,,,
2,3,216,6,2,20,40,5,I,44,137,True,,I,0.1002679392695427,,"assistant

{""choice"": ""I""}"
2,3,216,6,2,20,40,6,H,9,146,True,,I,1.0537911653518677,,"assistant

{""choice"": ""I""}"
2,3,216,6,2,20,40,7,I,38,184,True,,I,0.029782701283693314,,"assistant

{""choice"": ""I""}"
2,3,216,6,2,20,40,8,I,42,226,True,,I,0.1798544079065323,,"assistant

{""choice"": ""I""}"
2,3,216,6,2,20,40,9,I,40,266,True,,I,0.576030969619751,,"assistant

{""choice"": ""I""}"
2,3,216,6,2,20,40,10,I,38,304,True,,H,0.632683515548706,,"assistant

{""choice"": ""H""}"
2,3,217,1,2,72,60,1,H,75,258,False,,,,,
2,3,217,1,2,72,60,2,I,54,258,False,,,,,
2,3,217,1,2,72,60,3,H,72,258,False,,,,,
2,3,217,1,2,72,60,4,I,57,258,False,,,,,
2,3,217,1,2,72,60,5,H,79,337,True,,H,0.012549597769975662,,"assistant

{""choice"": ""H""}"
2,3,218,6,3,40,52,1,I,48,187,False,,,,,
2,3,218,6,3,40,52,2,I,49,187,False,,,,,
2,3,218,6,3,40,52,3,I,56,187,False,,,,,
2,3,218,6,3,40,52,4,H,34,187,False,,,,,
2,3,218,6,3,40,52,5,I,58,245,True,,I,0.018161902204155922,,"assistant

{""choice"": ""I""}"
2,3,218,6,3,40,52,6,I,48,293,True,,I,0.3485066592693329,,"assistant

{""choice"": ""I""}"
2,3,218,6,3,40,52,7,I,50,343,True,,I,1.1369150876998901,,"assistant

{""choice"": ""I""}"
2,3,218,6,3,40,52,8,I,57,400,True,,H,0.3485105335712433,,"assistant

{""choice"": ""H""}"
2,3,218,6,3,40,52,9,I,51,451,True,,I,1.0537793636322021,,"assistant

{""choice"": ""I""}"
2,3,218,6,3,40,52,10,I,48,499,True,,I,1.0537898540496826,,"assistant

{""choice"": ""I""}"
2,3,219,1,1,60,72,1,I,70,269,False,,,,,
2,3,219,1,1,60,72,2,H,75,269,False,,,,,
2,3,219,1,1,60,72,3,H,59,269,False,,,,,
2,3,219,1,1,60,72,4,H,65,269,False,,,,,
2,3,219,1,1,60,72,5,H,55,324,True,,I,1.6004873514175415,,"assistant

{""choice"": ""I""}"
2,3,220,6,2,60,40,1,H,54,208,False,,,,,
2,3,220,6,2,60,40,2,H,58,208,False,,,,,
2,3,220,6,2,60,40,3,I,50,208,False,,,,,
2,3,220,6,2,60,40,4,I,46,208,False,,,,,
2,3,220,6,2,60,40,5,H,61,269,True,,H,0.1269918829202652,,"assistant

{""choice"": ""H""}"
2,3,220,6,2,60,40,6,H,44,313,True,,H,0.009792031720280647,,"assistant

{""choice"": ""H""}"
2,3,220,6,2,60,40,7,I,49,362,True,,I,0.11284907907247543,,"assistant

{""choice"": ""I""}"
2,3,220,6,2,60,40,8,H,66,428,True,,H,0.47419244050979614,,"assistant

{""choice"": ""H""}"
2,3,220,6,2,60,40,9,H,57,485,True,,I,1.223537802696228,,"assistant

{""choice"": ""I""}"
2,3,220,6,2,60,40,10,H,64,549,True,,I,1.4062386751174927,,"assistant

{""choice"": ""I""}"
2,3,221,6,1,60,90,1,I,98,259,False,,,,,
2,3,221,6,1,60,90,2,H,58,259,False,,,,,
2,3,221,6,1,60,90,3,H,43,259,False,,,,,
2,3,221,6,1,60,90,4,H,60,259,False,,,,,
2,3,221,6,1,60,90,5,I,97,356,True,,I,0.160282701253891,,"assistant

{""choice"": ""I""}"
2,3,221,6,1,60,90,6,I,89,445,True,,I,0.07894692569971085,,"assistant

{""choice"": ""I""}"
2,3,221,6,1,60,90,7,I,99,544,True,,I,0.01252193283289671,,"assistant

{""choice"": ""I""}"
2,3,221,6,1,60,90,8,I,76,620,True,,H,1.0537687540054321,,"assistant

{""choice"": ""H""}"
2,3,221,6,1,60,90,9,I,99,719,True,,H,0.22549493610858917,,"assistant

{""choice"": ""H""}"
2,3,221,6,1,60,90,10,I,93,812,True,,H,0.974160373210907,,"assistant

{""choice"": ""H""}"
2,3,222,6,2,60,72,1,H,67,252,False,,,,,
2,3,222,6,2,60,72,2,I,59,252,False,,,,,
2,3,222,6,2,60,72,3,H,58,252,False,,,,,
2,3,222,6,2,60,72,4,I,68,252,False,,,,,
2,3,222,6,2,60,72,5,H,64,316,True,,I,0.7577250599861145,,"assistant

{""choice"": ""I""}"
2,3,222,6,2,60,72,6,I,71,387,True,,H,1.2235521078109741,,"assistant

{""choice"": ""H""}"
2,3,222,6,2,60,72,7,H,69,456,True,,I,3.2880797386169434,,"assistant

{""choice"": ""I""}"
2,3,222,6,2,60,72,8,I,80,536,True,,I,0.31339219212532043,,"assistant

{""choice"": ""I""}"
2,3,222,6,2,60,72,9,H,54,590,True,,I,3.8955774307250977,,"assistant

{""choice"": ""I""}"
2,3,222,6,2,60,72,10,I,74,664,True,,I,0.014191421680152416,,"assistant

{""choice"": ""I""}"
2,3,223,6,2,60,40,1,I,36,203,False,,,,,
2,3,223,6,2,60,40,2,I,54,203,False,,,,,
2,3,223,6,2,60,40,3,H,57,203,False,,,,,
2,3,223,6,2,60,40,4,H,56,203,False,,,,,
2,3,223,6,2,60,40,5,H,74,277,True,,H,0.08897598832845688,,"assistant

{""choice"": ""H""}"
2,3,223,6,2,60,40,6,H,52,329,True,,H,0.6326732039451599,,"assistant

{""choice"": ""H""}"
2,3,223,6,2,60,40,7,H,70,399,True,,H,0.20146869122982025,,"assistant

{""choice"": ""H""}"
2,3,223,6,2,60,40,8,H,70,469,True,,I,1.5019807815551758,,"assistant

{""choice"": ""I""}"
2,3,223,6,2,60,40,9,H,63,532,True,,I,0.9741668701171875,,"assistant

{""choice"": ""I""}"
2,3,223,6,2,60,40,10,H,57,589,True,,I,0.42879995703697205,,"assistant

{""choice"": ""I""}"
2,3,224,1,2,68,60,1,H,69,258,False,,,,,
2,3,224,1,2,68,60,2,H,69,258,False,,,,,
2,3,224,1,2,68,60,3,I,63,258,False,,,,,
2,3,224,1,2,68,60,4,I,57,258,False,,,,,
2,3,224,1,2,68,60,5,H,64,322,True,,H,0.47416454553604126,,"assistant

{""choice"": ""H""}"
2,3,225,1,1,60,80,1,H,40,254,False,,,,,
2,3,225,1,1,60,80,2,H,63,254,False,,,,,
2,3,225,1,1,60,80,3,I,95,254,False,,,,,
2,3,225,1,1,60,80,4,H,56,254,False,,,,,
2,3,225,1,1,60,80,5,I,59,313,True,,I,0.0789361298084259,,"assistant

{""choice"": ""I""}"
2,3,226,1,1,60,52,1,I,55,237,False,,,,,
2,3,226,1,1,60,52,2,H,67,237,False,,,,,
2,3,226,1,1,60,52,3,H,52,237,False,,,,,
2,3,226,1,1,60,52,4,H,63,237,False,,,,,
2,3,226,1,1,60,52,5,I,58,295,True,,I,0.7577069997787476,,"assistant

{""choice"": ""I""}"
2,3,227,6,3,48,40,1,I,26,153,False,,,,,
2,3,227,6,3,48,40,2,I,50,153,False,,,,,
2,3,227,6,3,48,40,3,H,43,153,False,,,,,
2,3,227,6,3,48,40,4,I,34,153,False,,,,,
2,3,227,6,3,48,40,5,H,56,209,True,,H,0.28122857213020325,,"assistant

{""choice"": ""H""}"
2,3,227,6,3,48,40,6,I,57,266,True,,H,0.9741787314414978,,"assistant

{""choice"": ""H""}"
2,3,227,6,3,48,40,7,H,43,309,True,,I,1.9102731943130493,,"assistant

{""choice"": ""I""}"
2,3,227,6,3,48,40,8,I,31,340,True,,H,0.6327311992645264,,"assistant

{""choice"": ""H""}"
2,3,227,6,3,48,40,9,H,48,388,True,,I,1.2235493659973145,,"assistant

{""choice"": ""I""}"
2,3,227,6,3,48,40,10,H,34,422,True,,H,0.14278867840766907,,"assistant

{""choice"": ""H""}"
2,3,228,1,2,40,32,1,H,37,150,False,,,,,
2,3,228,1,2,40,32,2,I,33,150,False,,,,,
2,3,228,1,2,40,32,3,I,36,150,False,,,,,
2,3,228,1,2,40,32,4,H,44,150,False,,,,,
2,3,228,1,2,40,32,5,H,26,176,True,,H,0.033675163984298706,,"assistant

{""choice"": ""H""}"
2,3,229,1,2,56,60,1,I,57,217,False,,,,,
2,3,229,1,2,56,60,2,I,55,217,False,,,,,
2,3,229,1,2,56,60,3,H,50,217,False,,,,,
2,3,229,1,2,56,60,4,H,55,217,False,,,,,
2,3,229,1,2,56,60,5,I,51,268,True,,I,0.023266876116394997,,"assistant

{""choice"": ""I""}"
2,3,230,1,1,60,40,1,H,63,224,False,,,,,
2,3,230,1,1,60,40,2,I,29,224,False,,,,,
2,3,230,1,1,60,40,3,H,68,224,False,,,,,
2,3,230,1,1,60,40,4,H,64,224,False,,,,,
2,3,230,1,1,60,40,5,H,66,290,True,,H,0.22547675669193268,,"assistant

{""choice"": ""H""}"
2,3,231,1,1,90,60,1,H,92,337,False,,,,,
2,3,231,1,1,90,60,2,I,51,337,False,,,,,
2,3,231,1,1,90,60,3,H,95,337,False,,,,,
2,3,231,1,1,90,60,4,H,99,337,False,,,,,
2,3,231,1,1,90,60,5,H,85,422,True,,H,0.006735597271472216,,"assistant

{""choice"": ""H""}"
2,3,232,6,2,52,60,1,I,65,193,False,,,,,
2,3,232,6,2,52,60,2,H,37,193,False,,,,,
2,3,232,6,2,52,60,3,I,44,193,False,,,,,
2,3,232,6,2,52,60,4,H,47,193,False,,,,,
2,3,232,6,2,52,60,5,I,47,240,True,,I,0.023269206285476685,,"assistant

{""choice"": ""I""}"
2,3,232,6,2,52,60,6,H,48,288,True,,H,0.523193359375,,"assistant

{""choice"": ""H""}"
2,3,232,6,2,52,60,7,I,67,355,True,,H,1.2235527038574219,,"assistant

{""choice"": ""H""}"
2,3,232,6,2,52,60,8,I,59,414,True,,I,0.016064144670963287,,"assistant

{""choice"": ""I""}"
2,3,232,6,2,52,60,9,I,56,470,True,,I,0.020567242056131363,,"assistant

{""choice"": ""I""}"
2,3,232,6,2,52,60,10,I,62,532,True,,I,0.03808307275176048,,"assistant

{""choice"": ""I""}"
2,3,233,6,1,60,48,1,I,41,225,False,,,,,
2,3,233,6,1,60,48,2,H,65,225,False,,,,,
2,3,233,6,1,60,48,3,H,70,225,False,,,,,
2,3,233,6,1,60,48,4,H,49,225,False,,,,,
2,3,233,6,1,60,48,5,I,60,285,True,,H,3.408674716949463,,"assistant

{""choice"": ""H""}"
2,3,233,6,1,60,48,6,H,66,351,True,,I,1.9102808237075806,,"assistant

{""choice"": ""I""}"
2,3,233,6,1,60,48,7,I,42,393,True,,H,3.0486197471618652,,"assistant

{""choice"": ""H""}"
2,3,233,6,1,60,48,8,H,49,442,True,,H,0.31340473890304565,,"assistant

{""choice"": ""H""}"
2,3,233,6,1,60,48,9,H,74,516,True,,H,0.5232603549957275,,"assistant

{""choice"": ""H""}"
2,3,233,6,1,60,48,10,H,63,579,True,,H,0.054948315024375916,,"assistant

{""choice"": ""H""}"
2,3,234,1,2,40,28,1,I,39,167,False,,,,,
2,3,234,1,2,40,28,2,H,50,167,False,,,,,
2,3,234,1,2,40,28,3,H,38,167,False,,,,,
2,3,234,1,2,40,28,4,I,40,167,False,,,,,
2,3,234,1,2,40,28,5,H,49,216,True,,H,0.6326979994773865,,"assistant

{""choice"": ""H""}"
2,3,235,6,1,40,48,1,H,30,165,False,,,,,
2,3,235,6,1,40,48,2,H,41,165,False,,,,,
2,3,235,6,1,40,48,3,H,41,165,False,,,,,
2,3,235,6,1,40,48,4,I,53,165,False,,,,,
2,3,235,6,1,40,48,5,H,38,203,True,,I,3.2880609035491943,,"assistant

{""choice"": ""I""}"
2,3,235,6,1,40,48,6,I,49,252,True,,I,0.06996813416481018,,"assistant

{""choice"": ""I""}"
2,3,235,6,1,40,48,7,H,43,295,True,,I,3.7732901573181152,,"assistant

{""choice"": ""I""}"
2,3,235,6,1,40,48,8,I,45,340,True,,I,0.062041785567998886,,"assistant

{""choice"": ""I""}"
2,3,235,6,1,40,48,9,I,50,390,True,,I,0.03371308371424675,,"assistant

{""choice"": ""I""}"
2,3,235,6,1,40,48,10,I,44,434,True,,I,0.018180983141064644,,"assistant

{""choice"": ""I""}"
2,3,236,6,1,32,40,1,H,30,143,False,,,,,
2,3,236,6,1,32,40,2,H,29,143,False,,,,,
2,3,236,6,1,32,40,3,I,43,143,False,,,,,
2,3,236,6,1,32,40,4,H,41,143,False,,,,,
2,3,236,6,1,32,40,5,I,28,171,True,,I,0.04304102063179016,,"assistant

{""choice"": ""I""}"
2,3,236,6,1,32,40,6,H,31,202,True,,H,1.0538010597229004,,"assistant

{""choice"": ""H""}"
2,3,236,6,1,32,40,7,I,31,233,True,,H,1.223528265953064,,"assistant

{""choice"": ""H""}"
2,3,236,6,1,32,40,8,I,36,269,True,,H,0.7577158808708191,,"assistant

{""choice"": ""H""}"
2,3,236,6,1,32,40,9,H,37,306,True,,I,3.2880752086639404,,"assistant

{""choice"": ""I""}"
2,3,236,6,1,32,40,10,H,27,333,True,,I,0.6327698826789856,,"assistant

{""choice"": ""I""}"
2,3,237,6,2,60,48,1,H,60,198,False,,,,,
2,3,237,6,2,60,48,2,I,41,198,False,,,,,
2,3,237,6,2,60,48,3,H,51,198,False,,,,,
2,3,237,6,2,60,48,4,I,46,198,False,,,,,
2,3,237,6,2,60,48,5,H,65,263,True,,H,0.14273306727409363,,"assistant

{""choice"": ""H""}"
2,3,237,6,2,60,48,6,H,66,329,True,,H,0.02634352445602417,,"assistant

{""choice"": ""H""}"
2,3,237,6,2,60,48,7,H,58,387,True,,H,1.0537601709365845,,"assistant

{""choice"": ""H""}"
2,3,237,6,2,60,48,8,H,64,451,True,,H,0.47415927052497864,,"assistant

{""choice"": ""H""}"
2,3,237,6,2,60,48,9,H,47,498,True,,I,1.5019783973693848,,"assistant

{""choice"": ""I""}"
2,3,237,6,2,60,48,10,H,78,576,True,,I,0.8260419368743896,,"assistant

{""choice"": ""I""}"
2,3,238,6,2,60,90,1,I,91,293,False,,,,,
2,3,238,6,2,60,90,2,H,73,293,False,,,,,
2,3,238,6,2,60,90,3,I,92,293,False,,,,,
2,3,238,6,2,60,90,4,H,37,293,False,,,,,
2,3,238,6,2,60,90,5,I,86,379,True,,I,0.018186485394835472,,"assistant

{""choice"": ""I""}"
2,3,238,6,2,60,90,6,I,84,463,True,,I,0.020576000213623047,,"assistant

{""choice"": ""I""}"
2,3,238,6,2,60,90,7,I,95,558,True,,I,0.11285781115293503,,"assistant

{""choice"": ""I""}"
2,3,238,6,2,60,90,8,I,82,640,True,,I,0.2812078893184662,,"assistant

{""choice"": ""I""}"
2,3,238,6,2,60,90,9,I,89,729,True,,I,1.0538101196289062,,"assistant

{""choice"": ""I""}"
2,3,238,6,2,60,90,10,I,78,807,True,,I,1.4062297344207764,,"assistant

{""choice"": ""I""}"
2,3,239,1,3,10,40,1,I,27,143,False,,,,,
2,3,239,1,3,10,40,2,I,34,143,False,,,,,
2,3,239,1,3,10,40,3,I,57,143,False,,,,,
2,3,239,1,3,10,40,4,H,25,143,False,,,,,
2,3,239,1,3,10,40,5,I,52,195,True,,I,0.018161317333579063,,"assistant

{""choice"": ""I""}"
2,3,240,6,2,90,60,1,I,61,303,False,,,,,
2,3,240,6,2,90,60,2,I,65,303,False,,,,,
2,3,240,6,2,90,60,3,H,84,303,False,,,,,
2,3,240,6,2,90,60,4,H,93,303,False,,,,,
2,3,240,6,2,90,60,5,H,90,393,True,,H,0.02326466329395771,,"assistant

{""choice"": ""H""}"
2,3,240,6,2,90,60,6,H,89,482,True,,H,0.02978038601577282,,"assistant

{""choice"": ""H""}"
2,3,240,6,2,90,60,7,H,99,581,True,,I,1.4061944484710693,,"assistant

{""choice"": ""I""}"
2,3,240,6,2,90,60,8,H,82,663,True,,H,1.4062005281448364,,"assistant

{""choice"": ""H""}"
2,3,240,6,2,90,60,9,H,91,754,True,,I,1.2235021591186523,,"assistant

{""choice"": ""I""}"
2,3,240,6,2,90,60,10,H,81,835,True,,I,1.2235124111175537,,"assistant

{""choice"": ""I""}"
2,4,241,6,2,56,60,1,H,69,247,False,,,,,
2,4,241,6,2,56,60,2,I,59,247,False,,,,,
2,4,241,6,2,56,60,3,I,63,247,False,,,,,
2,4,241,6,2,56,60,4,H,56,247,False,,,,,
2,4,241,6,2,56,60,5,I,75,322,True,,I,0.04302457720041275,,"assistant

{""choice"": ""I""}"
2,4,241,6,2,56,60,6,I,50,372,True,,I,0.3133247494697571,,"assistant

{""choice"": ""I""}"
2,4,241,6,2,56,60,7,I,65,437,True,,H,1.6004449129104614,,"assistant

{""choice"": ""H""}"
2,4,241,6,2,56,60,8,I,64,501,True,,H,1.3133162260055542,,"assistant

{""choice"": ""H""}"
2,4,241,6,2,56,60,9,H,61,562,True,,H,0.38693156838417053,,"assistant

{""choice"": ""H""}"
2,4,241,6,2,56,60,10,I,58,620,True,,I,1.22357177734375,,"assistant

{""choice"": ""I""}"
2,4,242,1,3,60,64,1,H,68,238,False,,,,,
2,4,242,1,3,60,64,2,I,56,238,False,,,,,
2,4,242,1,3,60,64,3,I,57,238,False,,,,,
2,4,242,1,3,60,64,4,I,57,238,False,,,,,
2,4,242,1,3,60,64,5,H,58,296,True,,I,1.8048053979873657,,"assistant

{""choice"": ""I""}"
2,4,243,6,3,90,60,1,I,50,267,False,,,,,
2,4,243,6,3,90,60,2,I,56,267,False,,,,,
2,4,243,6,3,90,60,3,H,99,267,False,,,,,
2,4,243,6,3,90,60,4,I,62,267,False,,,,,
2,4,243,6,3,90,60,5,H,96,363,True,,H,0.04303348436951637,,"assistant

{""choice"": ""H""}"
2,4,243,6,3,90,60,6,H,96,459,True,,H,0.012535471469163895,,"assistant

{""choice"": ""H""}"
2,4,243,6,3,90,60,7,H,94,553,True,,H,0.4741339683532715,,"assistant

{""choice"": ""H""}"
2,4,243,6,3,90,60,8,H,96,649,True,,H,0.69319748878479,,"assistant

{""choice"": ""H""}"
2,4,243,6,3,90,60,9,H,94,743,True,,H,0.47413694858551025,,"assistant

{""choice"": ""H""}"
2,4,243,6,3,90,60,10,H,94,837,True,,H,0.5231928825378418,,"assistant

{""choice"": ""H""}"
2,4,244,1,2,60,80,1,I,66,281,False,,,,,
2,4,244,1,2,60,80,2,H,78,281,False,,,,,
2,4,244,1,2,60,80,3,I,83,281,False,,,,,
2,4,244,1,2,60,80,4,H,54,281,False,,,,,
2,4,244,1,2,60,80,5,I,92,373,True,,I,0.0699942484498024,,"assistant

{""choice"": ""I""}"
2,4,245,1,1,68,60,1,H,74,286,False,,,,,
2,4,245,1,1,68,60,2,H,87,286,False,,,,,
2,4,245,1,1,68,60,3,I,57,286,False,,,,,
2,4,245,1,1,68,60,4,H,68,286,False,,,,,
2,4,245,1,1,68,60,5,H,69,355,True,,H,0.5760248303413391,,"assistant

{""choice"": ""H""}"
2,4,246,6,1,44,40,1,H,54,193,False,,,,,
2,4,246,6,1,44,40,2,I,43,193,False,,,,,
2,4,246,6,1,44,40,3,H,51,193,False,,,,,
2,4,246,6,1,44,40,4,H,45,193,False,,,,,
2,4,246,6,1,44,40,5,I,31,224,True,,H,3.168046712875366,,"assistant

{""choice"": ""H""}"
2,4,246,6,1,44,40,6,H,60,284,True,,H,0.10028864443302155,,"assistant

{""choice"": ""H""}"
2,4,246,6,1,44,40,7,H,61,345,True,,H,0.0430445596575737,,"assistant

{""choice"": ""H""}"
2,4,246,6,1,44,40,8,H,48,393,True,,H,0.007639833260327578,,"assistant

{""choice"": ""H""}"
2,4,246,6,1,44,40,9,H,46,439,True,,H,0.47417885065078735,,"assistant

{""choice"": ""H""}"
2,4,246,6,1,44,40,10,H,49,488,True,,I,0.8260300159454346,,"assistant

{""choice"": ""I""}"
2,4,247,6,3,70,40,1,I,38,186,False,,,,,
2,4,247,6,3,70,40,2,I,42,186,False,,,,,
2,4,247,6,3,70,40,3,H,68,186,False,,,,,
2,4,247,6,3,70,40,4,I,38,186,False,,,,,
2,4,247,6,3,70,40,5,H,60,246,True,,H,0.029783278703689575,,"assistant

{""choice"": ""H""}"
2,4,247,6,3,70,40,6,H,76,322,True,,H,0.014188600704073906,,"assistant

{""choice"": ""H""}"
2,4,247,6,3,70,40,7,H,57,379,True,,H,0.016051826998591423,,"assistant

{""choice"": ""H""}"
2,4,247,6,3,70,40,8,H,60,439,True,,H,0.1602858453989029,,"assistant

{""choice"": ""H""}"
2,4,247,6,3,70,40,9,H,84,523,True,,H,0.47416841983795166,,"assistant

{""choice"": ""H""}"
2,4,247,6,3,70,40,10,H,64,587,True,,H,0.4287969470024109,,"assistant

{""choice"": ""H""}"
2,4,248,1,3,60,56,1,H,55,220,False,,,,,
2,4,248,1,3,60,56,2,I,55,220,False,,,,,
2,4,248,1,3,60,56,3,I,52,220,False,,,,,
2,4,248,1,3,60,56,4,I,58,220,False,,,,,
2,4,248,1,3,60,56,5,H,58,278,True,,I,2.69497013092041,,"assistant

{""choice"": ""I""}"
2,4,249,1,3,60,30,1,I,21,126,False,,,,,
2,4,249,1,3,60,30,2,I,27,126,False,,,,,
2,4,249,1,3,60,30,3,I,28,126,False,,,,,
2,4,249,1,3,60,30,4,H,50,126,False,,,,,
2,4,249,1,3,60,30,5,H,66,192,True,,H,0.029777031391859055,,"assistant

{""choice"": ""H""}"
2,4,250,6,2,28,40,1,H,22,135,False,,,,,
2,4,250,6,2,28,40,2,H,20,135,False,,,,,
2,4,250,6,2,28,40,3,I,46,135,False,,,,,
2,4,250,6,2,28,40,4,I,47,135,False,,,,,
2,4,250,6,2,28,40,5,I,39,174,True,,I,0.0059377942234277725,,"assistant

{""choice"": ""I""}"
2,4,250,6,2,28,40,6,I,44,218,True,,I,0.016051240265369415,,"assistant

{""choice"": ""I""}"
2,4,250,6,2,28,40,7,I,31,249,True,,I,0.3869255781173706,,"assistant

{""choice"": ""I""}"
2,4,250,6,2,28,40,8,I,36,285,True,,H,0.8259972929954529,,"assistant

{""choice"": ""H""}"
2,4,250,6,2,28,40,9,I,27,312,True,,I,0.3869568407535553,,"assistant

{""choice"": ""I""}"
2,4,250,6,2,28,40,10,I,34,346,True,,H,0.9741479158401489,,"assistant

{""choice"": ""H""}"
2,4,251,6,2,68,60,1,I,55,244,False,,,,,
2,4,251,6,2,68,60,2,H,62,244,False,,,,,
2,4,251,6,2,68,60,3,H,64,244,False,,,,,
2,4,251,6,2,68,60,4,I,63,244,False,,,,,
2,4,251,6,2,68,60,5,H,80,324,True,,H,0.6326701045036316,,"assistant

{""choice"": ""H""}"
2,4,251,6,2,68,60,6,I,64,388,True,,H,0.8982000946998596,,"assistant

{""choice"": ""H""}"
2,4,251,6,2,68,60,7,H,77,465,True,,H,0.029782701283693314,,"assistant

{""choice"": ""H""}"
2,4,251,6,2,68,60,8,H,74,539,True,,H,0.25204384326934814,,"assistant

{""choice"": ""H""}"
2,4,251,6,2,68,60,9,H,69,608,True,,H,1.4062139987945557,,"assistant

{""choice"": ""H""}"
2,4,251,6,2,68,60,10,H,56,664,True,,I,1.2235149145126343,,"assistant

{""choice"": ""I""}"
2,4,252,1,1,20,40,1,H,15,95,False,,,,,
2,4,252,1,1,20,40,2,H,24,95,False,,,,,
2,4,252,1,1,20,40,3,H,8,95,False,,,,,
2,4,252,1,1,20,40,4,I,48,95,False,,,,,
2,4,252,1,1,20,40,5,H,27,122,True,,I,3.288083076477051,,"assistant

{""choice"": ""I""}"
2,4,253,6,2,40,28,1,I,29,144,False,,,,,
2,4,253,6,2,40,28,2,H,59,144,False,,,,,
2,4,253,6,2,40,28,3,I,23,144,False,,,,,
2,4,253,6,2,40,28,4,H,33,144,False,,,,,
2,4,253,6,2,40,28,5,I,25,169,True,,H,3.773268222808838,,"assistant

{""choice"": ""H""}"
2,4,253,6,2,40,28,6,H,45,214,True,,H,0.16031651198863983,,"assistant

{""choice"": ""H""}"
2,4,253,6,2,40,28,7,H,42,256,True,,H,0.016056988388299942,,"assistant

{""choice"": ""H""}"
2,4,253,6,2,40,28,8,I,30,286,True,,H,1.6005282402038574,,"assistant

{""choice"": ""H""}"
2,4,253,6,2,40,28,9,H,34,320,True,,H,0.0549345500767231,,"assistant

{""choice"": ""H""}"
2,4,253,6,2,40,28,10,H,38,358,True,,H,0.054945044219493866,,"assistant

{""choice"": ""H""}"
2,4,254,1,1,44,40,1,I,52,170,False,,,,,
2,4,254,1,1,44,40,2,H,31,170,False,,,,,
2,4,254,1,1,44,40,3,H,45,170,False,,,,,
2,4,254,1,1,44,40,4,H,42,170,False,,,,,
2,4,254,1,1,44,40,5,I,49,219,True,,I,0.12698106467723846,,"assistant

{""choice"": ""I""}"
2,4,255,1,3,60,40,1,H,60,165,False,,,,,
2,4,255,1,3,60,40,2,I,45,165,False,,,,,
2,4,255,1,3,60,40,3,I,21,165,False,,,,,
2,4,255,1,3,60,40,4,I,39,165,False,,,,,
2,4,255,1,3,60,40,5,H,64,229,True,,I,0.6326830387115479,,"assistant

{""choice"": ""I""}"
2,4,256,6,2,52,60,1,I,64,213,False,,,,,
2,4,256,6,2,52,60,2,I,55,213,False,,,,,
2,4,256,6,2,52,60,3,H,48,213,False,,,,,
2,4,256,6,2,52,60,4,H,46,213,False,,,,,
2,4,256,6,2,52,60,5,I,69,282,True,,I,0.01817021332681179,,"assistant

{""choice"": ""I""}"
2,4,256,6,2,52,60,6,I,64,346,True,,I,0.1427420675754547,,"assistant

{""choice"": ""I""}"
2,4,256,6,2,52,60,7,I,67,413,True,,I,0.04302126541733742,,"assistant

{""choice"": ""I""}"
2,4,256,6,2,52,60,8,I,62,475,True,,H,0.974147617816925,,"assistant

{""choice"": ""H""}"
2,4,256,6,2,52,60,9,I,66,541,True,,H,0.8982341289520264,,"assistant

{""choice"": ""H""}"
2,4,256,6,2,52,60,10,I,43,584,True,,I,0.7576776742935181,,"assistant

{""choice"": ""I""}"
2,4,257,6,2,64,60,1,I,48,214,False,,,,,
2,4,257,6,2,64,60,2,H,53,214,False,,,,,
2,4,257,6,2,64,60,3,I,63,214,False,,,,,
2,4,257,6,2,64,60,4,H,50,214,False,,,,,
2,4,257,6,2,64,60,5,I,49,263,True,,I,0.02056105248630047,,"assistant

{""choice"": ""I""}"
2,4,257,6,2,64,60,6,H,63,326,True,,I,1.4062252044677734,,"assistant

{""choice"": ""I""}"
2,4,257,6,2,64,60,7,I,56,382,True,,H,1.2235581874847412,,"assistant

{""choice"": ""H""}"
2,4,257,6,2,64,60,8,H,73,455,True,,I,0.17982740700244904,,"assistant

{""choice"": ""I""}"
2,4,257,6,2,64,60,9,H,62,517,True,,H,0.023275496438145638,,"assistant

{""choice"": ""H""}"
2,4,257,6,2,64,60,10,H,51,568,True,,H,0.42888644337654114,,"assistant

{""choice"": ""H""}"
2,4,258,1,1,40,32,1,H,29,142,False,,,,,
2,4,258,1,1,40,32,2,H,30,142,False,,,,,
2,4,258,1,1,40,32,3,H,47,142,False,,,,,
2,4,258,1,1,40,32,4,I,36,142,False,,,,,
2,4,258,1,1,40,32,5,H,41,183,True,,H,1.2235066890716553,,"assistant

{""choice"": ""H""}"
2,4,259,1,2,52,60,1,I,55,214,False,,,,,
2,4,259,1,2,52,60,2,H,48,214,False,,,,,
2,4,259,1,2,52,60,3,H,50,214,False,,,,,
2,4,259,1,2,52,60,4,I,61,214,False,,,,,
2,4,259,1,2,52,60,5,I,73,287,True,,I,0.016048895195126534,,"assistant

{""choice"": ""I""}"
2,4,260,1,2,64,60,1,I,69,271,False,,,,,
2,4,260,1,2,64,60,2,H,75,271,False,,,,,
2,4,260,1,2,64,60,3,I,59,271,False,,,,,
2,4,260,1,2,64,60,4,H,68,271,False,,,,,
2,4,260,1,2,64,60,5,H,54,325,True,,H,0.3869835436344147,,"assistant

{""choice"": ""H""}"
2,4,261,6,2,40,20,1,H,21,114,False,,,,,
2,4,261,6,2,40,20,2,H,56,114,False,,,,,
2,4,261,6,2,40,20,3,I,19,114,False,,,,,
2,4,261,6,2,40,20,4,I,18,114,False,,,,,
2,4,261,6,2,40,20,5,H,53,167,True,,H,0.08899234980344772,,"assistant

{""choice"": ""H""}"
2,4,261,6,2,40,20,6,H,32,199,True,,H,0.016079159453511238,,"assistant

{""choice"": ""H""}"
2,4,261,6,2,40,20,7,I,25,224,True,,I,0.17978379130363464,,"assistant

{""choice"": ""I""}"
2,4,261,6,2,40,20,8,H,38,262,True,,I,1.2235240936279297,,"assistant

{""choice"": ""I""}"
2,4,261,6,2,40,20,9,H,46,308,True,,H,0.25203874707221985,,"assistant

{""choice"": ""H""}"
2,4,261,6,2,40,20,10,H,30,338,True,,H,0.17985400557518005,,"assistant

{""choice"": ""H""}"
2,4,262,6,1,40,20,1,H,20,122,False,,,,,
2,4,262,6,1,40,20,2,I,22,122,False,,,,,
2,4,262,6,1,40,20,3,H,44,122,False,,,,,
2,4,262,6,1,40,20,4,H,36,122,False,,,,,
2,4,262,6,1,40,20,5,I,20,142,True,,H,3.0486302375793457,,"assistant

{""choice"": ""H""}"
2,4,262,6,1,40,20,6,I,29,171,True,,H,2.1269798278808594,,"assistant

{""choice"": ""H""}"
2,4,262,6,1,40,20,7,H,33,204,True,,I,2.0177230834960938,,"assistant

{""choice"": ""I""}"
2,4,262,6,1,40,20,8,I,28,232,True,,H,2.57895827293396,,"assistant

{""choice"": ""H""}"
2,4,262,6,1,40,20,9,H,33,265,True,,I,0.974220335483551,,"assistant

{""choice"": ""I""}"
2,4,262,6,1,40,20,10,H,22,287,True,,H,0.08903761208057404,,"assistant

{""choice"": ""H""}"
2,4,263,6,3,32,40,1,I,38,143,False,,,,,
2,4,263,6,3,32,40,2,I,22,143,False,,,,,
2,4,263,6,3,32,40,3,I,42,143,False,,,,,
2,4,263,6,3,32,40,4,H,41,143,False,,,,,
2,4,263,6,3,32,40,5,H,43,186,True,,H,0.1128697320818901,,"assistant

{""choice"": ""H""}"
2,4,263,6,3,32,40,6,H,32,218,True,,H,0.048623211681842804,,"assistant

{""choice"": ""H""}"
2,4,263,6,3,32,40,7,I,45,263,True,,H,1.600474238395691,,"assistant

{""choice"": ""H""}"
2,4,263,6,3,32,40,8,I,43,306,True,,I,0.12701760232448578,,"assistant

{""choice"": ""I""}"
2,4,263,6,3,32,40,9,H,34,340,True,,I,3.4086899757385254,,"assistant

{""choice"": ""I""}"
2,4,263,6,3,32,40,10,H,27,367,True,,I,1.9103655815124512,,"assistant

{""choice"": ""I""}"
2,4,264,1,3,40,60,1,I,66,202,False,,,,,
2,4,264,1,3,40,60,2,I,42,202,False,,,,,
2,4,264,1,3,40,60,3,I,51,202,False,,,,,
2,4,264,1,3,40,60,4,H,43,202,False,,,,,
2,4,264,1,3,40,60,5,H,43,245,True,,I,0.31334128975868225,,"assistant

{""choice"": ""I""}"
2,4,265,1,2,40,60,1,I,62,192,False,,,,,
2,4,265,1,2,40,60,2,H,33,192,False,,,,,
2,4,265,1,2,40,60,3,H,39,192,False,,,,,
2,4,265,1,2,40,60,4,I,58,192,False,,,,,
2,4,265,1,2,40,60,5,I,69,261,True,,I,0.1270078420639038,,"assistant

{""choice"": ""I""}"
2,4,266,6,1,40,32,1,H,51,159,False,,,,,
2,4,266,6,1,40,32,2,H,38,159,False,,,,,
2,4,266,6,1,40,32,3,H,37,159,False,,,,,
2,4,266,6,1,40,32,4,I,33,159,False,,,,,
2,4,266,6,1,40,32,5,H,34,193,True,,H,0.12699608504772186,,"assistant

{""choice"": ""H""}"
2,4,266,6,1,40,32,6,H,53,246,True,,I,1.136971116065979,,"assistant

{""choice"": ""I""}"
2,4,266,6,1,40,32,7,H,40,286,True,,I,2.126966714859009,,"assistant

{""choice"": ""I""}"
2,4,266,6,1,40,32,8,H,37,323,True,,I,2.4639809131622314,,"assistant

{""choice"": ""I""}"
2,4,266,6,1,40,32,9,H,26,349,True,,I,2.127002000808716,,"assistant

{""choice"": ""I""}"
2,4,266,6,1,40,32,10,H,26,375,True,,I,1.8048386573791504,,"assistant

{""choice"": ""I""}"
2,4,267,1,1,60,56,1,H,68,269,False,,,,,
2,4,267,1,1,60,56,2,I,62,269,False,,,,,
2,4,267,1,1,60,56,3,H,70,269,False,,,,,
2,4,267,1,1,60,56,4,H,69,269,False,,,,,
2,4,267,1,1,60,56,5,H,51,320,True,,I,0.8981935977935791,,"assistant

{""choice"": ""I""}"
2,4,268,1,1,32,40,1,H,34,148,False,,,,,
2,4,268,1,1,32,40,2,H,32,148,False,,,,,
2,4,268,1,1,32,40,3,H,34,148,False,,,,,
2,4,268,1,1,32,40,4,I,48,148,False,,,,,
2,4,268,1,1,32,40,5,I,37,185,True,,I,0.01417449675500393,,"assistant

{""choice"": ""I""}"
2,4,269,1,3,60,68,1,H,63,278,False,,,,,
2,4,269,1,3,60,68,2,I,73,278,False,,,,,
2,4,269,1,3,60,68,3,I,74,278,False,,,,,
2,4,269,1,3,60,68,4,I,68,278,False,,,,,
2,4,269,1,3,60,68,5,I,79,357,True,,I,0.02055848389863968,,"assistant

{""choice"": ""I""}"
2,4,270,1,1,10,40,1,H,18,65,False,,,,,
2,4,270,1,1,10,40,2,H,6,65,False,,,,,
2,4,270,1,1,10,40,3,H,4,65,False,,,,,
2,4,270,1,1,10,40,4,I,37,65,False,,,,,
2,4,270,1,1,10,40,5,I,25,90,True,,I,0.020581256598234177,,"assistant

{""choice"": ""I""}"
2,4,271,1,1,40,48,1,H,55,170,False,,,,,
2,4,271,1,1,40,48,2,I,47,170,False,,,,,
2,4,271,1,1,40,48,3,H,32,170,False,,,,,
2,4,271,1,1,40,48,4,H,36,170,False,,,,,
2,4,271,1,1,40,48,5,I,55,225,True,,H,1.9102983474731445,,"assistant

{""choice"": ""H""}"
2,4,272,6,2,40,44,1,H,42,173,False,,,,,
2,4,272,6,2,40,44,2,I,54,173,False,,,,,
2,4,272,6,2,40,44,3,I,36,173,False,,,,,
2,4,272,6,2,40,44,4,H,41,173,False,,,,,
2,4,272,6,2,40,44,5,I,28,201,True,,I,0.2520049214363098,,"assistant

{""choice"": ""I""}"
2,4,272,6,2,40,44,6,H,37,238,True,,H,0.2519778609275818,,"assistant

{""choice"": ""H""}"
2,4,272,6,2,40,44,7,I,43,281,True,,H,0.6327338814735413,,"assistant

{""choice"": ""H""}"
2,4,272,6,2,40,44,8,H,52,333,True,,I,2.5789451599121094,,"assistant

{""choice"": ""I""}"
2,4,272,6,2,40,44,9,H,50,383,True,,H,0.17983219027519226,,"assistant

{""choice"": ""H""}"
2,4,272,6,2,40,44,10,H,37,420,True,,H,0.05495914816856384,,"assistant

{""choice"": ""H""}"
2,4,273,6,2,64,60,1,I,64,267,False,,,,,
2,4,273,6,2,64,60,2,I,58,267,False,,,,,
2,4,273,6,2,64,60,3,H,64,267,False,,,,,
2,4,273,6,2,64,60,4,H,81,267,False,,,,,
2,4,273,6,2,64,60,5,H,64,331,True,,H,0.043027088046073914,,"assistant

{""choice"": ""H""}"
2,4,273,6,2,64,60,6,H,70,401,True,,H,1.1369309425354004,,"assistant

{""choice"": ""H""}"
2,4,273,6,2,64,60,7,H,54,455,True,,I,1.600460171699524,,"assistant

{""choice"": ""I""}"
2,4,273,6,2,64,60,8,I,68,523,True,,I,0.5760216116905212,,"assistant

{""choice"": ""I""}"
2,4,273,6,2,64,60,9,H,57,580,True,,I,0.6932697296142578,,"assistant

{""choice"": ""I""}"
2,4,273,6,2,64,60,10,I,61,641,True,,I,0.17982740700244904,,"assistant

{""choice"": ""I""}"
2,4,274,6,2,30,60,1,H,43,185,False,,,,,
2,4,274,6,2,30,60,2,H,31,185,False,,,,,
2,4,274,6,2,30,60,3,I,54,185,False,,,,,
2,4,274,6,2,30,60,4,I,57,185,False,,,,,
2,4,274,6,2,30,60,5,I,57,242,True,,I,0.02979346178472042,,"assistant

{""choice"": ""I""}"
2,4,274,6,2,30,60,6,I,57,299,True,,I,0.4287700653076172,,"assistant

{""choice"": ""I""}"
2,4,274,6,2,30,60,7,I,61,360,True,,H,1.8047938346862793,,"assistant

{""choice"": ""H""}"
2,4,274,6,2,30,60,8,I,58,418,True,,H,1.136928915977478,,"assistant

{""choice"": ""H""}"
2,4,274,6,2,30,60,9,I,70,488,True,,I,0.8981878161430359,,"assistant

{""choice"": ""I""}"
2,4,274,6,2,30,60,10,I,60,548,True,,I,0.22549322247505188,,"assistant

{""choice"": ""I""}"
2,4,275,1,2,40,52,1,I,54,199,False,,,,,
2,4,275,1,2,40,52,2,H,38,199,False,,,,,
2,4,275,1,2,40,52,3,H,38,199,False,,,,,
2,4,275,1,2,40,52,4,I,69,199,False,,,,,
2,4,275,1,2,40,52,5,I,55,254,True,,I,0.03809339925646782,,"assistant

{""choice"": ""I""}"
2,4,276,1,3,20,40,1,I,34,141,False,,,,,
2,4,276,1,3,20,40,2,I,43,141,False,,,,,
2,4,276,1,3,20,40,3,H,21,141,False,,,,,
2,4,276,1,3,20,40,4,I,43,141,False,,,,,
2,4,276,1,3,20,40,5,I,50,191,True,,I,0.25200843811035156,,"assistant

{""choice"": ""I""}"
2,4,277,6,3,44,40,1,I,48,151,False,,,,,
2,4,277,6,3,44,40,2,H,46,151,False,,,,,
2,4,277,6,3,44,40,3,I,30,151,False,,,,,
2,4,277,6,3,44,40,4,I,27,151,False,,,,,
2,4,277,6,3,44,40,5,H,50,201,True,,H,1.0537843704223633,,"assistant

{""choice"": ""H""}"
2,4,277,6,3,44,40,6,I,30,231,True,,H,1.9103175401687622,,"assistant

{""choice"": ""H""}"
2,4,277,6,3,44,40,7,H,38,269,True,,H,0.043050382286310196,,"assistant

{""choice"": ""H""}"
2,4,277,6,3,44,40,8,H,51,320,True,,H,0.02058078907430172,,"assistant

{""choice"": ""H""}"
2,4,277,6,3,44,40,9,I,36,356,True,,H,1.9103187322616577,,"assistant

{""choice"": ""H""}"
2,4,277,6,3,44,40,10,H,53,409,True,,H,0.03369014710187912,,"assistant

{""choice"": ""H""}"
2,4,278,6,1,40,44,1,H,33,157,False,,,,,
2,4,278,6,1,40,44,2,H,39,157,False,,,,,
2,4,278,6,1,40,44,3,H,42,157,False,,,,,
2,4,278,6,1,40,44,4,I,43,157,False,,,,,
2,4,278,6,1,40,44,5,H,45,202,True,,I,2.8119966983795166,,"assistant

{""choice"": ""I""}"
2,4,278,6,1,40,44,6,H,40,242,True,,H,0.28123190999031067,,"assistant

{""choice"": ""H""}"
2,4,278,6,1,40,44,7,I,52,294,True,,I,0.523196816444397,,"assistant

{""choice"": ""I""}"
2,4,278,6,1,40,44,8,I,43,337,True,,I,0.01606954075396061,,"assistant

{""choice"": ""I""}"
2,4,278,6,1,40,44,9,H,48,385,True,,I,3.2880988121032715,,"assistant

{""choice"": ""I""}"
2,4,278,6,1,40,44,10,H,42,427,True,,I,1.4062988758087158,,"assistant

{""choice"": ""I""}"
2,4,279,1,2,60,90,1,H,61,318,False,,,,,
2,4,279,1,2,60,90,2,H,73,318,False,,,,,
2,4,279,1,2,60,90,3,I,99,318,False,,,,,
2,4,279,1,2,60,90,4,I,85,318,False,,,,,
2,4,279,1,2,60,90,5,I,88,406,True,,I,0.026316702365875244,,"assistant

{""choice"": ""I""}"
2,4,280,1,2,40,52,1,I,88,211,False,,,,,
2,4,280,1,2,40,52,2,H,30,211,False,,,,,
2,4,280,1,2,40,52,3,I,57,211,False,,,,,
2,4,280,1,2,40,52,4,H,36,211,False,,,,,
2,4,280,1,2,40,52,5,I,59,270,True,,I,0.05493567883968353,,"assistant

{""choice"": ""I""}"
2,4,281,6,1,40,28,1,I,28,157,False,,,,,
2,4,281,6,1,40,28,2,H,44,157,False,,,,,
2,4,281,6,1,40,28,3,H,46,157,False,,,,,
2,4,281,6,1,40,28,4,H,39,157,False,,,,,
2,4,281,6,1,40,28,5,H,40,197,True,,I,0.7576825618743896,,"assistant

{""choice"": ""I""}"
2,4,281,6,1,40,28,6,H,51,248,True,,H,0.11287431418895721,,"assistant

{""choice"": ""H""}"
2,4,281,6,1,40,28,7,H,42,290,True,,H,0.1602676659822464,,"assistant

{""choice"": ""H""}"
2,4,281,6,1,40,28,8,H,36,326,True,,I,1.7014620304107666,,"assistant

{""choice"": ""I""}"
2,4,281,6,1,40,28,9,H,31,357,True,,I,1.804796576499939,,"assistant

{""choice"": ""I""}"
2,4,281,6,1,40,28,10,H,33,390,True,,H,1.6004759073257446,,"assistant

{""choice"": ""H""}"
2,4,282,1,2,60,56,1,I,61,284,False,,,,,
2,4,282,1,2,60,56,2,H,66,284,False,,,,,
2,4,282,1,2,60,56,3,H,90,284,False,,,,,
2,4,282,1,2,60,56,4,I,67,284,False,,,,,
2,4,282,1,2,60,56,5,I,52,336,True,,H,1.701487421989441,,"assistant

{""choice"": ""H""}"
2,4,283,1,1,40,20,1,I,17,117,False,,,,,
2,4,283,1,1,40,20,2,H,31,117,False,,,,,
2,4,283,1,1,40,20,3,H,43,117,False,,,,,
2,4,283,1,1,40,20,4,H,26,117,False,,,,,
2,4,283,1,1,40,20,5,I,18,135,True,,H,1.2235316038131714,,"assistant

{""choice"": ""H""}"
2,4,284,1,1,48,40,1,I,26,172,False,,,,,
2,4,284,1,1,48,40,2,H,54,172,False,,,,,
2,4,284,1,1,48,40,3,H,45,172,False,,,,,
2,4,284,1,1,48,40,4,H,47,172,False,,,,,
2,4,284,1,1,48,40,5,H,48,220,True,,H,0.023269090801477432,,"assistant

{""choice"": ""H""}"
2,4,285,1,2,30,60,1,H,24,169,False,,,,,
2,4,285,1,2,30,60,2,I,70,169,False,,,,,
2,4,285,1,2,30,60,3,I,40,169,False,,,,,
2,4,285,1,2,30,60,4,H,35,169,False,,,,,
2,4,285,1,2,30,60,5,I,86,255,True,,I,0.08899366110563278,,"assistant

{""choice"": ""I""}"
2,4,286,1,1,70,40,1,I,42,248,False,,,,,
2,4,286,1,1,70,40,2,H,65,248,False,,,,,
2,4,286,1,1,70,40,3,H,73,248,False,,,,,
2,4,286,1,1,70,40,4,H,68,248,False,,,,,
2,4,286,1,1,70,40,5,H,71,319,True,,I,0.28124019503593445,,"assistant

{""choice"": ""I""}"
2,4,287,1,2,10,40,1,I,44,113,False,,,,,
2,4,287,1,2,10,40,2,H,1,113,False,,,,,
2,4,287,1,2,10,40,3,I,49,113,False,,,,,
2,4,287,1,2,10,40,4,H,19,113,False,,,,,
2,4,287,1,2,10,40,5,I,22,135,True,,I,0.02328166924417019,,"assistant

{""choice"": ""I""}"
2,4,288,6,3,10,40,1,I,51,135,False,,,,,
2,4,288,6,3,10,40,2,I,40,135,False,,,,,
2,4,288,6,3,10,40,3,I,43,135,False,,,,,
2,4,288,6,3,10,40,4,H,1,135,False,,,,,
2,4,288,6,3,10,40,5,H,11,146,True,,I,3.2880616188049316,,"assistant

{""choice"": ""I""}"
2,4,288,6,3,10,40,6,H,22,168,True,,I,2.126955032348633,,"assistant

{""choice"": ""I""}"
2,4,288,6,3,10,40,7,I,58,226,True,,H,2.578937292098999,,"assistant

{""choice"": ""H""}"
2,4,288,6,3,10,40,8,I,42,268,True,,I,0.03806746378540993,,"assistant

{""choice"": ""I""}"
2,4,288,6,3,10,40,9,I,30,298,True,,I,0.026328662410378456,,"assistant

{""choice"": ""I""}"
2,4,288,6,3,10,40,10,I,50,348,True,,I,0.03369118645787239,,"assistant

{""choice"": ""I""}"
2,4,289,1,3,48,60,1,I,54,202,False,,,,,
2,4,289,1,3,48,60,2,H,53,202,False,,,,,
2,4,289,1,3,48,60,3,I,47,202,False,,,,,
2,4,289,1,3,48,60,4,I,48,202,False,,,,,
2,4,289,1,3,48,60,5,H,55,257,True,,I,2.017733335494995,,"assistant

{""choice"": ""I""}"
2,4,290,6,2,60,52,1,H,56,205,False,,,,,
2,4,290,6,2,60,52,2,I,49,205,False,,,,,
2,4,290,6,2,60,52,3,I,48,205,False,,,,,
2,4,290,6,2,60,52,4,H,52,205,False,,,,,
2,4,290,6,2,60,52,5,H,49,254,True,,H,0.048628777265548706,,"assistant

{""choice"": ""H""}"
2,4,290,6,2,60,52,6,I,58,312,True,,H,0.6932607889175415,,"assistant

{""choice"": ""H""}"
2,4,290,6,2,60,52,7,I,57,369,True,,I,0.03367931395769119,,"assistant

{""choice"": ""I""}"
2,4,290,6,2,60,52,8,H,61,430,True,,I,5.25525426864624,,"assistant

{""choice"": ""I""}"
2,4,290,6,2,60,52,9,H,64,494,True,,I,0.7577410340309143,,"assistant

{""choice"": ""I""}"
2,4,290,6,2,60,52,10,H,57,551,True,,H,0.02980850450694561,,"assistant

{""choice"": ""H""}"
2,4,291,1,3,60,80,1,I,89,295,False,,,,,
2,4,291,1,3,60,80,2,H,36,295,False,,,,,
2,4,291,1,3,60,80,3,I,80,295,False,,,,,
2,4,291,1,3,60,80,4,I,90,295,False,,,,,
2,4,291,1,3,60,80,5,I,89,384,True,,I,0.11288176476955414,,"assistant

{""choice"": ""I""}"
2,4,292,1,3,80,60,1,I,68,272,False,,,,,
2,4,292,1,3,80,60,2,I,54,272,False,,,,,
2,4,292,1,3,80,60,3,I,70,272,False,,,,,
2,4,292,1,3,80,60,4,H,80,272,False,,,,,
2,4,292,1,3,80,60,5,H,82,354,True,,H,0.03807251527905464,,"assistant

{""choice"": ""H""}"
2,4,293,6,2,60,40,1,I,39,212,False,,,,,
2,4,293,6,2,60,40,2,H,71,212,False,,,,,
2,4,293,6,2,60,40,3,H,63,212,False,,,,,
2,4,293,6,2,60,40,4,I,39,212,False,,,,,
2,4,293,6,2,60,40,5,I,46,258,True,,H,4.511063575744629,,"assistant

{""choice"": ""H""}"
2,4,293,6,2,60,40,6,H,64,322,True,,H,0.048609811812639236,,"assistant

{""choice"": ""H""}"
2,4,293,6,2,60,40,7,H,63,385,True,,H,0.08901132643222809,,"assistant

{""choice"": ""H""}"
2,4,293,6,2,60,40,8,H,64,449,True,,H,0.42884600162506104,,"assistant

{""choice"": ""H""}"
2,4,293,6,2,60,40,9,H,58,507,True,,H,0.5232304930686951,,"assistant

{""choice"": ""H""}"
2,4,293,6,2,60,40,10,H,62,569,True,,H,0.6327067613601685,,"assistant

{""choice"": ""H""}"
2,4,294,1,3,40,28,1,I,27,129,False,,,,,
2,4,294,1,3,40,28,2,H,33,129,False,,,,,
2,4,294,1,3,40,28,3,I,41,129,False,,,,,
2,4,294,1,3,40,28,4,I,28,129,False,,,,,
2,4,294,1,3,40,28,5,H,28,157,True,,I,2.3502485752105713,,"assistant

{""choice"": ""I""}"
2,4,295,6,2,70,40,1,H,57,206,False,,,,,
2,4,295,6,2,70,40,2,I,29,206,False,,,,,
2,4,295,6,2,70,40,3,H,70,206,False,,,,,
2,4,295,6,2,70,40,4,I,50,206,False,,,,,
2,4,295,6,2,70,40,5,H,77,283,True,,H,0.0067402152344584465,,"assistant

{""choice"": ""H""}"
2,4,295,6,2,70,40,6,H,54,337,True,,H,0.02328900620341301,,"assistant

{""choice"": ""H""}"
2,4,295,6,2,70,40,7,I,38,375,True,,H,1.8048096895217896,,"assistant

{""choice"": ""H""}"
2,4,295,6,2,70,40,8,H,64,439,True,,H,0.1128968894481659,,"assistant

{""choice"": ""H""}"
2,4,295,6,2,70,40,9,H,75,514,True,,H,0.8260554671287537,,"assistant

{""choice"": ""H""}"
2,4,295,6,2,70,40,10,H,64,578,True,,H,0.11290775239467621,,"assistant

{""choice"": ""H""}"
2,4,296,6,1,60,40,1,H,65,249,False,,,,,
2,4,296,6,1,60,40,2,H,66,249,False,,,,,
2,4,296,6,1,60,40,3,H,72,249,False,,,,,
2,4,296,6,1,60,40,4,I,46,249,False,,,,,
2,4,296,6,1,60,40,5,H,59,308,True,,H,0.02327200211584568,,"assistant

{""choice"": ""H""}"
2,4,296,6,1,60,40,6,H,48,356,True,,I,0.11288858205080032,,"assistant

{""choice"": ""I""}"
2,4,296,6,1,60,40,7,I,31,387,True,,I,0.14273586869239807,,"assistant

{""choice"": ""I""}"
2,4,296,6,1,60,40,8,H,51,438,True,,H,0.7577241063117981,,"assistant

{""choice"": ""H""}"
2,4,296,6,1,60,40,9,H,58,496,True,,I,0.9741824269294739,,"assistant

{""choice"": ""I""}"
2,4,296,6,1,60,40,10,H,69,565,True,,I,1.3133615255355835,,"assistant

{""choice"": ""I""}"
2,4,297,1,2,40,20,1,I,20,135,False,,,,,
2,4,297,1,2,40,20,2,H,51,135,False,,,,,
2,4,297,1,2,40,20,3,I,27,135,False,,,,,
2,4,297,1,2,40,20,4,H,37,135,False,,,,,
2,4,297,1,2,40,20,5,I,18,153,True,,H,3.1680397987365723,,"assistant

{""choice"": ""H""}"
2,4,298,6,2,36,40,1,I,33,163,False,,,,,
2,4,298,6,2,36,40,2,I,41,163,False,,,,,
2,4,298,6,2,36,40,3,H,45,163,False,,,,,
2,4,298,6,2,36,40,4,H,44,163,False,,,,,
2,4,298,6,2,36,40,5,I,31,194,True,,H,0.7576926350593567,,"assistant

{""choice"": ""H""}"
2,4,298,6,2,36,40,6,H,32,226,True,,H,0.10024227946996689,,"assistant

{""choice"": ""H""}"
2,4,298,6,2,36,40,7,I,50,276,True,,H,2.12697696685791,,"assistant

{""choice"": ""H""}"
2,4,298,6,2,36,40,8,H,38,314,True,,I,1.7015140056610107,,"assistant

{""choice"": ""I""}"
2,4,298,6,2,36,40,9,I,29,343,True,,I,0.03369014710187912,,"assistant

{""choice"": ""I""}"
2,4,298,6,2,36,40,10,H,43,386,True,,I,2.017791986465454,,"assistant

{""choice"": ""I""}"
2,4,299,6,2,40,52,1,H,33,175,False,,,,,
2,4,299,6,2,40,52,2,H,35,175,False,,,,,
2,4,299,6,2,40,52,3,I,54,175,False,,,,,
2,4,299,6,2,40,52,4,I,53,175,False,,,,,
2,4,299,6,2,40,52,5,I,47,222,True,,I,0.014176259748637676,,"assistant

{""choice"": ""I""}"
2,4,299,6,2,40,52,6,I,56,278,True,,I,0.026320533826947212,,"assistant

{""choice"": ""I""}"
2,4,299,6,2,40,52,7,I,57,335,True,,I,0.474143385887146,,"assistant

{""choice"": ""I""}"
2,4,299,6,2,40,52,8,I,50,385,True,,I,0.22546495497226715,,"assistant

{""choice"": ""I""}"
2,4,299,6,2,40,52,9,I,60,445,True,,I,0.693211555480957,,"assistant

{""choice"": ""I""}"
2,4,299,6,2,40,52,10,I,72,517,True,,I,0.5760226845741272,,"assistant

{""choice"": ""I""}"
2,4,300,6,2,60,80,1,I,67,270,False,,,,,
2,4,300,6,2,60,80,2,I,75,270,False,,,,,
2,4,300,6,2,60,80,3,H,65,270,False,,,,,
2,4,300,6,2,60,80,4,H,63,270,False,,,,,
2,4,300,6,2,60,80,5,I,80,350,True,,I,0.009770547039806843,,"assistant

{""choice"": ""I""}"
2,4,300,6,2,60,80,6,I,78,428,True,,I,0.14273689687252045,,"assistant

{""choice"": ""I""}"
2,4,300,6,2,60,80,7,I,77,505,True,,I,0.020556148141622543,,"assistant

{""choice"": ""I""}"
2,4,300,6,2,60,80,8,I,68,573,True,,I,0.22548027336597443,,"assistant

{""choice"": ""I""}"
2,4,300,6,2,60,80,9,I,79,652,True,,H,0.474177747964859,,"assistant

{""choice"": ""H""}"
2,4,300,6,2,60,80,10,I,76,728,True,,I,0.1270013302564621,,"assistant

{""choice"": ""I""}"
2,4,301,1,1,30,60,1,H,30,129,False,,,,,
2,4,301,1,1,30,60,2,H,15,129,False,,,,,
2,4,301,1,1,30,60,3,H,31,129,False,,,,,
2,4,301,1,1,30,60,4,I,53,129,False,,,,,
2,4,301,1,1,30,60,5,I,52,181,True,,I,0.020556265488266945,,"assistant

{""choice"": ""I""}"
2,4,302,1,2,40,60,1,H,42,205,False,,,,,
2,4,302,1,2,40,60,2,I,55,205,False,,,,,
2,4,302,1,2,40,60,3,H,49,205,False,,,,,
2,4,302,1,2,40,60,4,I,59,205,False,,,,,
2,4,302,1,2,40,60,5,I,67,272,True,,I,0.054949332028627396,,"assistant

{""choice"": ""I""}"
2,4,303,1,1,40,60,1,I,51,134,False,,,,,
2,4,303,1,1,40,60,2,H,21,134,False,,,,,
2,4,303,1,1,40,60,3,H,28,134,False,,,,,
2,4,303,1,1,40,60,4,H,34,134,False,,,,,
2,4,303,1,1,40,60,5,H,32,166,True,,H,0.47416597604751587,,"assistant

{""choice"": ""H""}"
2,4,304,6,2,32,40,1,H,33,124,False,,,,,
2,4,304,6,2,32,40,2,H,18,124,False,,,,,
2,4,304,6,2,32,40,3,I,38,124,False,,,,,
2,4,304,6,2,32,40,4,I,35,124,False,,,,,
2,4,304,6,2,32,40,5,I,40,164,True,,I,0.014176847413182259,,"assistant

{""choice"": ""I""}"
2,4,304,6,2,32,40,6,I,44,208,True,,I,0.47415393590927124,,"assistant

{""choice"": ""I""}"
2,4,304,6,2,32,40,7,I,44,252,True,,I,0.07891618460416794,,"assistant

{""choice"": ""I""}"
2,4,304,6,2,32,40,8,I,37,289,True,,I,0.31333309412002563,,"assistant

{""choice"": ""I""}"
2,4,304,6,2,32,40,9,I,43,332,True,,I,1.0537683963775635,,"assistant

{""choice"": ""I""}"
2,4,304,6,2,32,40,10,I,47,379,True,,H,0.898213267326355,,"assistant

{""choice"": ""H""}"
2,4,305,1,1,40,36,1,H,45,169,False,,,,,
2,4,305,1,1,40,36,2,H,46,169,False,,,,,
2,4,305,1,1,40,36,3,I,38,169,False,,,,,
2,4,305,1,1,40,36,4,H,40,169,False,,,,,
2,4,305,1,1,40,36,5,H,31,200,True,,H,0.0297846682369709,,"assistant

{""choice"": ""H""}"
2,4,306,6,2,30,60,1,I,59,191,False,,,,,
2,4,306,6,2,30,60,2,H,43,191,False,,,,,
2,4,306,6,2,30,60,3,H,27,191,False,,,,,
2,4,306,6,2,30,60,4,I,62,191,False,,,,,
2,4,306,6,2,30,60,5,I,48,239,True,,I,0.011062126606702805,,"assistant

{""choice"": ""I""}"
2,4,306,6,2,30,60,6,I,54,293,True,,I,0.34850937128067017,,"assistant

{""choice"": ""I""}"
2,4,306,6,2,30,60,7,I,69,362,True,,H,1.0537524223327637,,"assistant

{""choice"": ""H""}"
2,4,306,6,2,30,60,8,I,54,416,True,,H,1.5019981861114502,,"assistant

{""choice"": ""H""}"
2,4,306,6,2,30,60,9,I,53,469,True,,I,1.313334345817566,,"assistant

{""choice"": ""I""}"
2,4,306,6,2,30,60,10,I,62,531,True,,I,1.1369584798812866,,"assistant

{""choice"": ""I""}"
2,4,307,6,2,90,60,1,I,59,311,False,,,,,
2,4,307,6,2,90,60,2,H,99,311,False,,,,,
2,4,307,6,2,90,60,3,H,90,311,False,,,,,
2,4,307,6,2,90,60,4,I,63,311,False,,,,,
2,4,307,6,2,90,60,5,H,91,402,True,,H,0.014181548729538918,,"assistant

{""choice"": ""H""}"
2,4,307,6,2,90,60,6,H,95,497,True,,H,0.023277942091226578,,"assistant

{""choice"": ""H""}"
2,4,307,6,2,90,60,7,H,98,595,True,,H,0.08897478878498077,,"assistant

{""choice"": ""H""}"
2,4,307,6,2,90,60,8,H,81,676,True,,H,0.38693368434906006,,"assistant

{""choice"": ""H""}"
2,4,307,6,2,90,60,9,H,98,774,True,,I,0.576012134552002,,"assistant

{""choice"": ""I""}"
2,4,307,6,2,90,60,10,H,91,865,True,,H,0.6932191848754883,,"assistant

{""choice"": ""H""}"
2,4,308,6,1,60,64,1,H,59,281,False,,,,,
2,4,308,6,1,60,64,2,H,67,281,False,,,,,
2,4,308,6,1,60,64,3,I,84,281,False,,,,,
2,4,308,6,1,60,64,4,H,71,281,False,,,,,
2,4,308,6,1,60,64,5,I,62,343,True,,I,0.03806665912270546,,"assistant

{""choice"": ""I""}"
2,4,308,6,1,60,64,6,H,60,403,True,,I,2.237874984741211,,"assistant

{""choice"": ""I""}"
2,4,308,6,1,60,64,7,I,64,467,True,,I,0.10026481747627258,,"assistant

{""choice"": ""I""}"
2,4,308,6,1,60,64,8,H,62,529,True,,I,3.4086790084838867,,"assistant

{""choice"": ""I""}"
2,4,308,6,1,60,64,9,I,64,593,True,,I,0.07001703977584839,,"assistant

{""choice"": ""I""}"
2,4,308,6,1,60,64,10,I,60,653,True,,I,0.11292755603790283,,"assistant

{""choice"": ""I""}"
2,4,309,1,2,40,48,1,I,39,178,False,,,,,
2,4,309,1,2,40,48,2,I,59,178,False,,,,,
2,4,309,1,2,40,48,3,H,43,178,False,,,,,
2,4,309,1,2,40,48,4,H,37,178,False,,,,,
2,4,309,1,2,40,48,5,I,47,225,True,,I,0.008631067350506783,,"assistant

{""choice"": ""I""}"
2,4,310,1,2,90,60,1,I,67,304,False,,,,,
2,4,310,1,2,90,60,2,I,56,304,False,,,,,
2,4,310,1,2,90,60,3,H,90,304,False,,,,,
2,4,310,1,2,90,60,4,H,91,304,False,,,,,
2,4,310,1,2,90,60,5,I,62,366,True,,H,3.773282527923584,,"assistant

{""choice"": ""H""}"
2,4,311,6,2,40,10,1,I,14,115,False,,,,,
2,4,311,6,2,40,10,2,H,35,115,False,,,,,
2,4,311,6,2,40,10,3,H,44,115,False,,,,,
2,4,311,6,2,40,10,4,I,22,115,False,,,,,
2,4,311,6,2,40,10,5,H,66,181,True,,H,0.06201523169875145,,"assistant

{""choice"": ""H""}"
2,4,311,6,2,40,10,6,I,20,201,True,,H,3.773277521133423,,"assistant

{""choice"": ""H""}"
2,4,311,6,2,40,10,7,H,37,238,True,,H,0.012533940374851227,,"assistant

{""choice"": ""H""}"
2,4,311,6,2,40,10,8,H,17,255,True,,H,0.20153222978115082,,"assistant

{""choice"": ""H""}"
2,4,311,6,2,40,10,9,H,41,296,True,,H,0.38696905970573425,,"assistant

{""choice"": ""H""}"
2,4,311,6,2,40,10,10,H,47,343,True,,I,1.313344120979309,,"assistant

{""choice"": ""I""}"
2,4,312,1,3,68,60,1,I,71,237,False,,,,,
2,4,312,1,3,68,60,2,I,48,237,False,,,,,
2,4,312,1,3,68,60,3,I,55,237,False,,,,,
2,4,312,1,3,68,60,4,H,63,237,False,,,,,
2,4,312,1,3,68,60,5,H,65,302,True,,H,0.4741983115673065,,"assistant

{""choice"": ""H""}"
2,4,313,1,1,40,60,1,H,23,161,False,,,,,
2,4,313,1,1,40,60,2,I,57,161,False,,,,,
2,4,313,1,1,40,60,3,H,39,161,False,,,,,
2,4,313,1,1,40,60,4,H,42,161,False,,,,,
2,4,313,1,1,40,60,5,I,50,211,True,,I,0.05491378903388977,,"assistant

{""choice"": ""I""}"
2,4,314,6,1,40,70,1,H,38,189,False,,,,,
2,4,314,6,1,40,70,2,H,35,189,False,,,,,
2,4,314,6,1,40,70,3,H,56,189,False,,,,,
2,4,314,6,1,40,70,4,I,60,189,False,,,,,
2,4,314,6,1,40,70,5,I,75,264,True,,I,0.02631530910730362,,"assistant

{""choice"": ""I""}"
2,4,314,6,1,40,70,6,I,73,337,True,,I,0.11287537962198257,,"assistant

{""choice"": ""I""}"
2,4,314,6,1,40,70,7,I,88,425,True,,H,0.348500519990921,,"assistant

{""choice"": ""H""}"
2,4,314,6,1,40,70,8,I,66,491,True,,I,0.10024594515562057,,"assistant

{""choice"": ""I""}"
2,4,314,6,1,40,70,9,I,81,572,True,,I,0.5760067701339722,,"assistant

{""choice"": ""I""}"
2,4,314,6,1,40,70,10,I,78,650,True,,I,0.11287602037191391,,"assistant

{""choice"": ""I""}"
2,4,315,6,2,40,60,1,H,44,209,False,,,,,
2,4,315,6,2,40,60,2,H,33,209,False,,,,,
2,4,315,6,2,40,60,3,I,68,209,False,,,,,
2,4,315,6,2,40,60,4,I,64,209,False,,,,,
2,4,315,6,2,40,60,5,I,65,274,True,,I,0.00862645823508501,,"assistant

{""choice"": ""I""}"
2,4,315,6,2,40,60,6,H,30,304,True,,I,4.5110650062561035,,"assistant

{""choice"": ""I""}"
2,4,315,6,2,40,60,7,I,62,366,True,,I,0.026336906477808952,,"assistant

{""choice"": ""I""}"
2,4,315,6,2,40,60,8,I,55,421,True,,I,0.12702159583568573,,"assistant

{""choice"": ""I""}"
2,4,315,6,2,40,60,9,I,66,487,True,,I,0.5760223865509033,,"assistant

{""choice"": ""I""}"
2,4,315,6,2,40,60,10,I,61,548,True,,I,0.043039992451667786,,"assistant

{""choice"": ""I""}"
2,4,316,6,2,40,48,1,H,48,197,False,,,,,
2,4,316,6,2,40,48,2,I,58,197,False,,,,,
2,4,316,6,2,40,48,3,I,51,197,False,,,,,
2,4,316,6,2,40,48,4,H,40,197,False,,,,,
2,4,316,6,2,40,48,5,I,42,239,True,,I,0.011062362231314182,,"assistant

{""choice"": ""I""}"
2,4,316,6,2,40,48,6,I,34,273,True,,I,0.10025402903556824,,"assistant

{""choice"": ""I""}"
2,4,316,6,2,40,48,7,H,43,316,True,,H,0.07891751080751419,,"assistant

{""choice"": ""H""}"
2,4,316,6,2,40,48,8,I,42,358,True,,H,2.464005708694458,,"assistant

{""choice"": ""H""}"
2,4,316,6,2,40,48,9,I,44,402,True,,H,1.7015126943588257,,"assistant

{""choice"": ""H""}"
2,4,316,6,2,40,48,10,I,44,446,True,,I,1.5020347833633423,,"assistant

{""choice"": ""I""}"
2,4,317,1,2,36,40,1,I,43,142,False,,,,,
2,4,317,1,2,36,40,2,H,15,142,False,,,,,
2,4,317,1,2,36,40,3,H,39,142,False,,,,,
2,4,317,1,2,36,40,4,I,45,142,False,,,,,
2,4,317,1,2,36,40,5,I,47,189,True,,I,0.018166935071349144,,"assistant

{""choice"": ""I""}"
2,4,318,1,3,56,60,1,I,71,260,False,,,,,
2,4,318,1,3,56,60,2,H,55,260,False,,,,,
2,4,318,1,3,56,60,3,I,68,260,False,,,,,
2,4,318,1,3,56,60,4,I,66,260,False,,,,,
2,4,318,1,3,56,60,5,I,51,311,True,,I,0.012527348473668098,,"assistant

{""choice"": ""I""}"
2,4,319,1,2,60,80,1,I,83,271,False,,,,,
2,4,319,1,2,60,80,2,H,45,271,False,,,,,
2,4,319,1,2,60,80,3,I,75,271,False,,,,,
2,4,319,1,2,60,80,4,H,68,271,False,,,,,
2,4,319,1,2,60,80,5,I,80,351,True,,I,0.014187660999596119,,"assistant

{""choice"": ""I""}"
2,4,320,6,2,10,40,1,H,6,102,False,,,,,
2,4,320,6,2,10,40,2,I,50,102,False,,,,,
2,4,320,6,2,10,40,3,I,38,102,False,,,,,
2,4,320,6,2,10,40,4,H,8,102,False,,,,,
2,4,320,6,2,10,40,5,I,35,137,True,,I,0.011065074242651463,,"assistant

{""choice"": ""I""}"
2,4,320,6,2,10,40,6,I,40,177,True,,I,0.12700627744197845,,"assistant

{""choice"": ""I""}"
2,4,320,6,2,10,40,7,I,19,196,True,,I,0.38695028424263,,"assistant

{""choice"": ""I""}"
2,4,320,6,2,10,40,8,I,53,249,True,,I,0.8260118365287781,,"assistant

{""choice"": ""I""}"
2,4,320,6,2,10,40,9,I,36,285,True,,I,0.4741613566875458,,"assistant

{""choice"": ""I""}"
2,4,320,6,2,10,40,10,I,27,312,True,,I,0.1603281944990158,,"assistant

{""choice"": ""I""}"
