trial,human_choice,original_last_choice,flipped_last_choice,reward,model_choice,log_likelihood_baseline,baseline_U,baseline_P,flipped_choice,flipped_choice_prompt,flipped_reward,flipped_reward_prompt,top2_tokens_baseline,prob_U_flipped,prob_P_flipped,delta_U,delta_P,original_last_reward,flipped_last_reward
1,U,U,P,1,U,-0.38671875,0.6796875,0.3203125,True,"In this task, you have to repeatedly choose between two slot machines labeled U and P.
You can choose a slot machine by pressing its corresponding key.When you select one of the machines, you will win 1 or 0 points.Your goal is to choose the slot machines that will give you the most points.You will receive feedback about the outcome after making a choice.
The environment may change unpredictably, and past success does not guarantee future results. You’ll need to adapt to these changes to keep finding the better machine.You will play 1 game in total, consisting of 100 trials. Game 1:You press <<P>> and get 1 points.",False,,"[{'token': 'U', 'prob': 0.6796875}, {'token': 'P', 'prob': 0.3203125}]",8.498318493366241e-09,2.8558133635669947e-10,-0.6796874915016815,-0.32031249971441866,,
1,U,,,1,U,-0.38671875,0.6796875,0.3203125,False,,True,"In this task, you have to repeatedly choose between two slot machines labeled U and P.
You can choose a slot machine by pressing its corresponding key.When you select one of the machines, you will win 1 or 0 points.Your goal is to choose the slot machines that will give you the most points.You will receive feedback about the outcome after making a choice.
The environment may change unpredictably, and past success does not guarantee future results. You’ll need to adapt to these changes to keep finding the better machine.You will play 1 game in total, consisting of 100 trials. Game 1:You press <<U>> and get 0 points.","[{'token': 'U', 'prob': 0.6796875}, {'token': 'P', 'prob': 0.3203125}]",1.862645149230957e-08,5.4797055781818926e-11,-0.6796874813735485,-0.32031249994520294,1,0
2,U,U,P,1,U,-0.1611328125,0.8515625,0.1484375,True,"In this task, you have to repeatedly choose between two slot machines labeled U and P.
You can choose a slot machine by pressing its corresponding key.When you select one of the machines, you will win 1 or 0 points.Your goal is to choose the slot machines that will give you the most points.You will receive feedback about the outcome after making a choice.
The environment may change unpredictably, and past success does not guarantee future results. You’ll need to adapt to these changes to keep finding the better machine.You will play 1 game in total, consisting of 100 trials. Game 1:You press <<U>> and get 1 points.
You press <<P>> and get 1 points.",False,,"[{'token': 'U', 'prob': 0.8515625}, {'token': 'P', 'prob': 0.1484375}]",7.748894859105349e-10,3.467448550509289e-12,-0.8515624992251105,-0.14843749999653255,,
2,U,,,1,U,-0.1611328125,0.8515625,0.1484375,False,,True,"In this task, you have to repeatedly choose between two slot machines labeled U and P.
You can choose a slot machine by pressing its corresponding key.When you select one of the machines, you will win 1 or 0 points.Your goal is to choose the slot machines that will give you the most points.You will receive feedback about the outcome after making a choice.
The environment may change unpredictably, and past success does not guarantee future results. You’ll need to adapt to these changes to keep finding the better machine.You will play 1 game in total, consisting of 100 trials. Game 1:You press <<U>> and get 1 points.
You press <<U>> and get 0 points.","[{'token': 'U', 'prob': 0.8515625}, {'token': 'P', 'prob': 0.1484375}]",1.1859810911118984e-09,1.7479351299698465e-12,-0.8515624988140189,-0.14843749999825206,1,0
3,U,U,P,0,U,-0.12890625,0.87890625,0.119140625,True,"In this task, you have to repeatedly choose between two slot machines labeled U and P.
You can choose a slot machine by pressing its corresponding key.When you select one of the machines, you will win 1 or 0 points.Your goal is to choose the slot machines that will give you the most points.You will receive feedback about the outcome after making a choice.
The environment may change unpredictably, and past success does not guarantee future results. You’ll need to adapt to these changes to keep finding the better machine.You will play 1 game in total, consisting of 100 trials. Game 1:You press <<U>> and get 1 points.
You press <<U>> and get 1 points.
You press <<P>> and get 1 points.",False,,"[{'token': 'U', 'prob': 0.87890625}, {'token': 'P', 'prob': 0.119140625}]",1.2369127944111824e-09,7.560174708487466e-12,-0.8789062487630872,-0.11914062499243983,,
3,U,,,0,U,-0.12890625,0.87890625,0.119140625,False,,True,"In this task, you have to repeatedly choose between two slot machines labeled U and P.
You can choose a slot machine by pressing its corresponding key.When you select one of the machines, you will win 1 or 0 points.Your goal is to choose the slot machines that will give you the most points.You will receive feedback about the outcome after making a choice.
The environment may change unpredictably, and past success does not guarantee future results. You’ll need to adapt to these changes to keep finding the better machine.You will play 1 game in total, consisting of 100 trials. Game 1:You press <<U>> and get 1 points.
You press <<U>> and get 1 points.
You press <<U>> and get 0 points.","[{'token': 'U', 'prob': 0.87890625}, {'token': 'P', 'prob': 0.119140625}]",1.2150849215686321e-09,4.320099833421409e-12,-0.8789062487849151,-0.1191406249956799,1,0
4,U,U,P,1,U,-0.51953125,0.59375,0.408203125,True,"In this task, you have to repeatedly choose between two slot machines labeled U and P.
You can choose a slot machine by pressing its corresponding key.When you select one of the machines, you will win 1 or 0 points.Your goal is to choose the slot machines that will give you the most points.You will receive feedback about the outcome after making a choice.
The environment may change unpredictably, and past success does not guarantee future results. You’ll need to adapt to these changes to keep finding the better machine.You will play 1 game in total, consisting of 100 trials. Game 1:You press <<U>> and get 1 points.
You press <<U>> and get 1 points.
You press <<U>> and get 1 points.
You press <<P>> and get 0 points.",False,,"[{'token': 'U', 'prob': 0.59375}, {'token': 'P', 'prob': 0.408203125}]",3.332388587296009e-09,4.632738637155853e-12,-0.5937499966676114,-0.40820312499536726,,
4,U,,,1,U,-0.51953125,0.59375,0.408203125,False,,True,"In this task, you have to repeatedly choose between two slot machines labeled U and P.
You can choose a slot machine by pressing its corresponding key.When you select one of the machines, you will win 1 or 0 points.Your goal is to choose the slot machines that will give you the most points.You will receive feedback about the outcome after making a choice.
The environment may change unpredictably, and past success does not guarantee future results. You’ll need to adapt to these changes to keep finding the better machine.You will play 1 game in total, consisting of 100 trials. Game 1:You press <<U>> and get 1 points.
You press <<U>> and get 1 points.
You press <<U>> and get 1 points.
You press <<U>> and get 1 points.","[{'token': 'U', 'prob': 0.59375}, {'token': 'P', 'prob': 0.408203125}]",8.076312951743603e-10,9.450218385609332e-13,-0.5937499991923687,-0.408203124999055,0,1
5,U,U,P,1,U,-0.12890625,0.87890625,0.119140625,True,"In this task, you have to repeatedly choose between two slot machines labeled U and P.
You can choose a slot machine by pressing its corresponding key.When you select one of the machines, you will win 1 or 0 points.Your goal is to choose the slot machines that will give you the most points.You will receive feedback about the outcome after making a choice.
The environment may change unpredictably, and past success does not guarantee future results. You’ll need to adapt to these changes to keep finding the better machine.You will play 1 game in total, consisting of 100 trials. Game 1:You press <<U>> and get 1 points.
You press <<U>> and get 1 points.
You press <<U>> and get 1 points.
You press <<U>> and get 0 points.
You press <<P>> and get 1 points.",False,,"[{'token': 'U', 'prob': 0.87890625}, {'token': 'P', 'prob': 0.119140625}]",6.039044819772243e-10,1.5120349416974932e-11,-0.8789062493960955,-0.11914062498487965,,
5,U,,,1,U,-0.12890625,0.87890625,0.119140625,False,,True,"In this task, you have to repeatedly choose between two slot machines labeled U and P.
You can choose a slot machine by pressing its corresponding key.When you select one of the machines, you will win 1 or 0 points.Your goal is to choose the slot machines that will give you the most points.You will receive feedback about the outcome after making a choice.
The environment may change unpredictably, and past success does not guarantee future results. You’ll need to adapt to these changes to keep finding the better machine.You will play 1 game in total, consisting of 100 trials. Game 1:You press <<U>> and get 1 points.
You press <<U>> and get 1 points.
You press <<U>> and get 1 points.
You press <<U>> and get 0 points.
You press <<U>> and get 0 points.","[{'token': 'U', 'prob': 0.87890625}, {'token': 'P', 'prob': 0.119140625}]",5.20230969414115e-10,3.410605131648481e-12,-0.878906249479769,-0.1191406249965894,1,0
6,U,U,P,1,U,-0.0771484375,0.92578125,0.07568359375,True,"In this task, you have to repeatedly choose between two slot machines labeled U and P.
You can choose a slot machine by pressing its corresponding key.When you select one of the machines, you will win 1 or 0 points.Your goal is to choose the slot machines that will give you the most points.You will receive feedback about the outcome after making a choice.
The environment may change unpredictably, and past success does not guarantee future results. You’ll need to adapt to these changes to keep finding the better machine.You will play 1 game in total, consisting of 100 trials. Game 1:You press <<U>> and get 1 points.
You press <<U>> and get 1 points.
You press <<U>> and get 1 points.
You press <<U>> and get 0 points.
You press <<U>> and get 1 points.
You press <<P>> and get 1 points.",False,,"[{'token': 'U', 'prob': 0.92578125}, {'token': 'P', 'prob': 0.07568359375}]",1.0622898116707802e-09,2.0122570276726037e-11,-0.9257812489377102,-0.07568359372987743,,
6,U,,,1,U,-0.0771484375,0.92578125,0.07568359375,False,,True,"In this task, you have to repeatedly choose between two slot machines labeled U and P.
You can choose a slot machine by pressing its corresponding key.When you select one of the machines, you will win 1 or 0 points.Your goal is to choose the slot machines that will give you the most points.You will receive feedback about the outcome after making a choice.
The environment may change unpredictably, and past success does not guarantee future results. You’ll need to adapt to these changes to keep finding the better machine.You will play 1 game in total, consisting of 100 trials. Game 1:You press <<U>> and get 1 points.
You press <<U>> and get 1 points.
You press <<U>> and get 1 points.
You press <<U>> and get 0 points.
You press <<U>> and get 1 points.
You press <<U>> and get 0 points.","[{'token': 'U', 'prob': 0.92578125}, {'token': 'P', 'prob': 0.07568359375}]",6.184563972055912e-10,1.5347723092418164e-12,-0.9257812493815436,-0.07568359374846523,1,0
7,P,U,P,0,U,-2.8125,0.94140625,0.06005859375,True,"In this task, you have to repeatedly choose between two slot machines labeled U and P.
You can choose a slot machine by pressing its corresponding key.When you select one of the machines, you will win 1 or 0 points.Your goal is to choose the slot machines that will give you the most points.You will receive feedback about the outcome after making a choice.
The environment may change unpredictably, and past success does not guarantee future results. You’ll need to adapt to these changes to keep finding the better machine.You will play 1 game in total, consisting of 100 trials. Game 1:You press <<U>> and get 1 points.
You press <<U>> and get 1 points.
You press <<U>> and get 1 points.
You press <<U>> and get 0 points.
You press <<U>> and get 1 points.
You press <<U>> and get 1 points.
You press <<P>> and get 1 points.",False,,"[{'token': 'U', 'prob': 0.94140625}, {'token': 'P', 'prob': 0.06005859375}]",1.469743438065052e-09,3.5697667044587433e-11,-0.9414062485302566,-0.06005859371430233,,
7,P,,,0,U,-2.8125,0.94140625,0.06005859375,False,,True,"In this task, you have to repeatedly choose between two slot machines labeled U and P.
You can choose a slot machine by pressing its corresponding key.When you select one of the machines, you will win 1 or 0 points.Your goal is to choose the slot machines that will give you the most points.You will receive feedback about the outcome after making a choice.
The environment may change unpredictably, and past success does not guarantee future results. You’ll need to adapt to these changes to keep finding the better machine.You will play 1 game in total, consisting of 100 trials. Game 1:You press <<U>> and get 1 points.
You press <<U>> and get 1 points.
You press <<U>> and get 1 points.
You press <<U>> and get 0 points.
You press <<U>> and get 1 points.
You press <<U>> and get 1 points.
You press <<U>> and get 0 points.","[{'token': 'U', 'prob': 0.94140625}, {'token': 'P', 'prob': 0.06005859375}]",5.748006515204906e-10,1.6697754290362354e-12,-0.9414062494251993,-0.060058593748330225,1,0
8,U,P,U,1,U,-0.251953125,0.77734375,0.22265625,True,"In this task, you have to repeatedly choose between two slot machines labeled U and P.
You can choose a slot machine by pressing its corresponding key.When you select one of the machines, you will win 1 or 0 points.Your goal is to choose the slot machines that will give you the most points.You will receive feedback about the outcome after making a choice.
The environment may change unpredictably, and past success does not guarantee future results. You’ll need to adapt to these changes to keep finding the better machine.You will play 1 game in total, consisting of 100 trials. Game 1:You press <<U>> and get 1 points.
You press <<U>> and get 1 points.
You press <<U>> and get 1 points.
You press <<U>> and get 0 points.
You press <<U>> and get 1 points.
You press <<U>> and get 1 points.
You press <<U>> and get 1 points.
You press <<U>> and get 0 points.",False,,"[{'token': 'U', 'prob': 0.77734375}, {'token': 'P', 'prob': 0.22265625}]",5.129550117999315e-10,1.7408297026122455e-12,-0.777343749487045,-0.22265624999825917,,
8,U,,,1,U,-0.251953125,0.77734375,0.22265625,False,,True,"In this task, you have to repeatedly choose between two slot machines labeled U and P.
You can choose a slot machine by pressing its corresponding key.When you select one of the machines, you will win 1 or 0 points.Your goal is to choose the slot machines that will give you the most points.You will receive feedback about the outcome after making a choice.
The environment may change unpredictably, and past success does not guarantee future results. You’ll need to adapt to these changes to keep finding the better machine.You will play 1 game in total, consisting of 100 trials. Game 1:You press <<U>> and get 1 points.
You press <<U>> and get 1 points.
You press <<U>> and get 1 points.
You press <<U>> and get 0 points.
You press <<U>> and get 1 points.
You press <<U>> and get 1 points.
You press <<U>> and get 1 points.
You press <<P>> and get 1 points.","[{'token': 'U', 'prob': 0.77734375}, {'token': 'P', 'prob': 0.22265625}]",1.964508555829525e-09,4.069988790433854e-11,-0.7773437480354914,-0.2226562499593001,0,1
9,U,U,P,0,U,-0.0986328125,0.90625,0.09521484375,True,"In this task, you have to repeatedly choose between two slot machines labeled U and P.
You can choose a slot machine by pressing its corresponding key.When you select one of the machines, you will win 1 or 0 points.Your goal is to choose the slot machines that will give you the most points.You will receive feedback about the outcome after making a choice.
The environment may change unpredictably, and past success does not guarantee future results. You’ll need to adapt to these changes to keep finding the better machine.You will play 1 game in total, consisting of 100 trials. Game 1:You press <<U>> and get 1 points.
You press <<U>> and get 1 points.
You press <<U>> and get 1 points.
You press <<U>> and get 0 points.
You press <<U>> and get 1 points.
You press <<U>> and get 1 points.
You press <<U>> and get 1 points.
You press <<P>> and get 0 points.
You press <<P>> and get 1 points.",False,,"[{'token': 'U', 'prob': 0.90625}, {'token': 'P', 'prob': 0.09521484375}]",6.293703336268663e-10,5.4569682106375694e-12,-0.9062499993706297,-0.09521484374454303,,
9,U,,,0,U,-0.0986328125,0.90625,0.09521484375,False,,True,"In this task, you have to repeatedly choose between two slot machines labeled U and P.
You can choose a slot machine by pressing its corresponding key.When you select one of the machines, you will win 1 or 0 points.Your goal is to choose the slot machines that will give you the most points.You will receive feedback about the outcome after making a choice.
The environment may change unpredictably, and past success does not guarantee future results. You’ll need to adapt to these changes to keep finding the better machine.You will play 1 game in total, consisting of 100 trials. Game 1:You press <<U>> and get 1 points.
You press <<U>> and get 1 points.
You press <<U>> and get 1 points.
You press <<U>> and get 0 points.
You press <<U>> and get 1 points.
You press <<U>> and get 1 points.
You press <<U>> and get 1 points.
You press <<P>> and get 0 points.
You press <<U>> and get 0 points.","[{'token': 'U', 'prob': 0.90625}, {'token': 'P', 'prob': 0.09521484375}]",1.3023964129388332e-09,2.2879476091475226e-12,-0.9062499986976036,-0.09521484374771205,1,0
10,U,U,P,1,U,-0.1611328125,0.8515625,0.1484375,True,"In this task, you have to repeatedly choose between two slot machines labeled U and P.
You can choose a slot machine by pressing its corresponding key.When you select one of the machines, you will win 1 or 0 points.Your goal is to choose the slot machines that will give you the most points.You will receive feedback about the outcome after making a choice.
The environment may change unpredictably, and past success does not guarantee future results. You’ll need to adapt to these changes to keep finding the better machine.You will play 1 game in total, consisting of 100 trials. Game 1:You press <<U>> and get 1 points.
You press <<U>> and get 1 points.
You press <<U>> and get 1 points.
You press <<U>> and get 0 points.
You press <<U>> and get 1 points.
You press <<U>> and get 1 points.
You press <<U>> and get 1 points.
You press <<P>> and get 0 points.
You press <<U>> and get 1 points.
You press <<P>> and get 0 points.",False,,"[{'token': 'U', 'prob': 0.8515625}, {'token': 'P', 'prob': 0.1484375}]",1.2660166248679161e-09,2.7711166694643907e-12,-0.8515624987339834,-0.14843749999722888,,
10,U,,,1,U,-0.1611328125,0.8515625,0.1484375,False,,True,"In this task, you have to repeatedly choose between two slot machines labeled U and P.
You can choose a slot machine by pressing its corresponding key.When you select one of the machines, you will win 1 or 0 points.Your goal is to choose the slot machines that will give you the most points.You will receive feedback about the outcome after making a choice.
The environment may change unpredictably, and past success does not guarantee future results. You’ll need to adapt to these changes to keep finding the better machine.You will play 1 game in total, consisting of 100 trials. Game 1:You press <<U>> and get 1 points.
You press <<U>> and get 1 points.
You press <<U>> and get 1 points.
You press <<U>> and get 0 points.
You press <<U>> and get 1 points.
You press <<U>> and get 1 points.
You press <<U>> and get 1 points.
You press <<P>> and get 0 points.
You press <<U>> and get 1 points.
You press <<U>> and get 1 points.","[{'token': 'U', 'prob': 0.8515625}, {'token': 'P', 'prob': 0.1484375}]",6.803020369261503e-10,5.151434834260726e-13,-0.851562499319698,-0.14843749999948486,0,1
11,P,U,P,1,U,-2.359375,0.90625,0.09521484375,True,"In this task, you have to repeatedly choose between two slot machines labeled U and P.
You can choose a slot machine by pressing its corresponding key.When you select one of the machines, you will win 1 or 0 points.Your goal is to choose the slot machines that will give you the most points.You will receive feedback about the outcome after making a choice.
The environment may change unpredictably, and past success does not guarantee future results. You’ll need to adapt to these changes to keep finding the better machine.You will play 1 game in total, consisting of 100 trials. Game 1:You press <<U>> and get 1 points.
You press <<U>> and get 1 points.
You press <<U>> and get 1 points.
You press <<U>> and get 0 points.
You press <<U>> and get 1 points.
You press <<U>> and get 1 points.
You press <<U>> and get 1 points.
You press <<P>> and get 0 points.
You press <<U>> and get 1 points.
You press <<U>> and get 0 points.
You press <<P>> and get 1 points.",False,,"[{'token': 'U', 'prob': 0.90625}, {'token': 'P', 'prob': 0.09521484375}]",5.493347998708487e-10,7.133849067031406e-12,-0.9062499994506652,-0.09521484374286615,,
11,P,,,1,U,-2.359375,0.90625,0.09521484375,False,,True,"In this task, you have to repeatedly choose between two slot machines labeled U and P.
You can choose a slot machine by pressing its corresponding key.When you select one of the machines, you will win 1 or 0 points.Your goal is to choose the slot machines that will give you the most points.You will receive feedback about the outcome after making a choice.
The environment may change unpredictably, and past success does not guarantee future results. You’ll need to adapt to these changes to keep finding the better machine.You will play 1 game in total, consisting of 100 trials. Game 1:You press <<U>> and get 1 points.
You press <<U>> and get 1 points.
You press <<U>> and get 1 points.
You press <<U>> and get 0 points.
You press <<U>> and get 1 points.
You press <<U>> and get 1 points.
You press <<U>> and get 1 points.
You press <<P>> and get 0 points.
You press <<U>> and get 1 points.
You press <<U>> and get 0 points.
You press <<U>> and get 0 points.","[{'token': 'U', 'prob': 0.90625}, {'token': 'P', 'prob': 0.09521484375}]",4.3655745685100555e-10,9.237055564881302e-13,-0.9062499995634425,-0.0952148437490763,1,0
12,U,P,U,1,P,-0.828125,0.4375,0.5625,True,"In this task, you have to repeatedly choose between two slot machines labeled U and P.
You can choose a slot machine by pressing its corresponding key.When you select one of the machines, you will win 1 or 0 points.Your goal is to choose the slot machines that will give you the most points.You will receive feedback about the outcome after making a choice.
The environment may change unpredictably, and past success does not guarantee future results. You’ll need to adapt to these changes to keep finding the better machine.You will play 1 game in total, consisting of 100 trials. Game 1:You press <<U>> and get 1 points.
You press <<U>> and get 1 points.
You press <<U>> and get 1 points.
You press <<U>> and get 0 points.
You press <<U>> and get 1 points.
You press <<U>> and get 1 points.
You press <<U>> and get 1 points.
You press <<P>> and get 0 points.
You press <<U>> and get 1 points.
You press <<U>> and get 0 points.
You press <<U>> and get 1 points.
You press <<U>> and get 1 points.",False,,"[{'token': 'P', 'prob': 0.5625}, {'token': 'U', 'prob': 0.4375}]",4.43833414465189e-10,6.465938895416912e-13,-0.4374999995561666,-0.5624999999993534,,
12,U,,,1,P,-0.828125,0.4375,0.5625,False,,True,"In this task, you have to repeatedly choose between two slot machines labeled U and P.
You can choose a slot machine by pressing its corresponding key.When you select one of the machines, you will win 1 or 0 points.Your goal is to choose the slot machines that will give you the most points.You will receive feedback about the outcome after making a choice.
The environment may change unpredictably, and past success does not guarantee future results. You’ll need to adapt to these changes to keep finding the better machine.You will play 1 game in total, consisting of 100 trials. Game 1:You press <<U>> and get 1 points.
You press <<U>> and get 1 points.
You press <<U>> and get 1 points.
You press <<U>> and get 0 points.
You press <<U>> and get 1 points.
You press <<U>> and get 1 points.
You press <<U>> and get 1 points.
You press <<P>> and get 0 points.
You press <<U>> and get 1 points.
You press <<U>> and get 0 points.
You press <<U>> and get 1 points.
You press <<P>> and get 0 points.","[{'token': 'P', 'prob': 0.5625}, {'token': 'U', 'prob': 0.4375}]",6.111804395914078e-10,1.8332002582610585e-12,-0.43749999938881956,-0.5624999999981668,1,0
13,P,U,P,0,U,-0.7578125,0.53125,0.46875,True,"In this task, you have to repeatedly choose between two slot machines labeled U and P.
You can choose a slot machine by pressing its corresponding key.When you select one of the machines, you will win 1 or 0 points.Your goal is to choose the slot machines that will give you the most points.You will receive feedback about the outcome after making a choice.
The environment may change unpredictably, and past success does not guarantee future results. You’ll need to adapt to these changes to keep finding the better machine.You will play 1 game in total, consisting of 100 trials. Game 1:You press <<U>> and get 1 points.
You press <<U>> and get 1 points.
You press <<U>> and get 1 points.
You press <<U>> and get 0 points.
You press <<U>> and get 1 points.
You press <<U>> and get 1 points.
You press <<U>> and get 1 points.
You press <<P>> and get 0 points.
You press <<U>> and get 1 points.
You press <<U>> and get 0 points.
You press <<U>> and get 1 points.
You press <<P>> and get 1 points.
You press <<P>> and get 1 points.",False,,"[{'token': 'U', 'prob': 0.53125}, {'token': 'P', 'prob': 0.46875}]",5.456968210637569e-10,8.29913915367797e-12,-0.5312499994543032,-0.46874999999170086,,
13,P,,,0,U,-0.7578125,0.53125,0.46875,False,,True,"In this task, you have to repeatedly choose between two slot machines labeled U and P.
You can choose a slot machine by pressing its corresponding key.When you select one of the machines, you will win 1 or 0 points.Your goal is to choose the slot machines that will give you the most points.You will receive feedback about the outcome after making a choice.
The environment may change unpredictably, and past success does not guarantee future results. You’ll need to adapt to these changes to keep finding the better machine.You will play 1 game in total, consisting of 100 trials. Game 1:You press <<U>> and get 1 points.
You press <<U>> and get 1 points.
You press <<U>> and get 1 points.
You press <<U>> and get 0 points.
You press <<U>> and get 1 points.
You press <<U>> and get 1 points.
You press <<U>> and get 1 points.
You press <<P>> and get 0 points.
You press <<U>> and get 1 points.
You press <<U>> and get 0 points.
You press <<U>> and get 1 points.
You press <<P>> and get 1 points.
You press <<U>> and get 0 points.","[{'token': 'U', 'prob': 0.53125}, {'token': 'P', 'prob': 0.46875}]",6.148184183984995e-10,2.3590018827235326e-12,-0.5312499993851816,-0.468749999997641,1,0
14,U,P,U,1,U,-0.203125,0.81640625,0.1826171875,True,"In this task, you have to repeatedly choose between two slot machines labeled U and P.
You can choose a slot machine by pressing its corresponding key.When you select one of the machines, you will win 1 or 0 points.Your goal is to choose the slot machines that will give you the most points.You will receive feedback about the outcome after making a choice.
The environment may change unpredictably, and past success does not guarantee future results. You’ll need to adapt to these changes to keep finding the better machine.You will play 1 game in total, consisting of 100 trials. Game 1:You press <<U>> and get 1 points.
You press <<U>> and get 1 points.
You press <<U>> and get 1 points.
You press <<U>> and get 0 points.
You press <<U>> and get 1 points.
You press <<U>> and get 1 points.
You press <<U>> and get 1 points.
You press <<P>> and get 0 points.
You press <<U>> and get 1 points.
You press <<U>> and get 0 points.
You press <<U>> and get 1 points.
You press <<P>> and get 1 points.
You press <<U>> and get 1 points.
You press <<U>> and get 0 points.",False,,"[{'token': 'U', 'prob': 0.81640625}, {'token': 'P', 'prob': 0.1826171875}]",6.621121428906918e-10,1.1226575225009583e-12,-0.8164062493378879,-0.18261718749887734,,
14,U,,,1,U,-0.203125,0.81640625,0.1826171875,False,,True,"In this task, you have to repeatedly choose between two slot machines labeled U and P.
You can choose a slot machine by pressing its corresponding key.When you select one of the machines, you will win 1 or 0 points.Your goal is to choose the slot machines that will give you the most points.You will receive feedback about the outcome after making a choice.
The environment may change unpredictably, and past success does not guarantee future results. You’ll need to adapt to these changes to keep finding the better machine.You will play 1 game in total, consisting of 100 trials. Game 1:You press <<U>> and get 1 points.
You press <<U>> and get 1 points.
You press <<U>> and get 1 points.
You press <<U>> and get 0 points.
You press <<U>> and get 1 points.
You press <<U>> and get 1 points.
You press <<U>> and get 1 points.
You press <<P>> and get 0 points.
You press <<U>> and get 1 points.
You press <<U>> and get 0 points.
You press <<U>> and get 1 points.
You press <<P>> and get 1 points.
You press <<U>> and get 1 points.
You press <<P>> and get 1 points.","[{'token': 'U', 'prob': 0.81640625}, {'token': 'P', 'prob': 0.1826171875}]",1.280568540096283e-09,5.314859663485549e-12,-0.8164062487194315,-0.18261718749468514,0,1
15,U,U,P,1,U,-0.38671875,0.6796875,0.3203125,True,"In this task, you have to repeatedly choose between two slot machines labeled U and P.
You can choose a slot machine by pressing its corresponding key.When you select one of the machines, you will win 1 or 0 points.Your goal is to choose the slot machines that will give you the most points.You will receive feedback about the outcome after making a choice.
The environment may change unpredictably, and past success does not guarantee future results. You’ll need to adapt to these changes to keep finding the better machine.You will play 1 game in total, consisting of 100 trials. Game 1:You press <<U>> and get 1 points.
You press <<U>> and get 1 points.
You press <<U>> and get 1 points.
You press <<U>> and get 0 points.
You press <<U>> and get 1 points.
You press <<U>> and get 1 points.
You press <<U>> and get 1 points.
You press <<P>> and get 0 points.
You press <<U>> and get 1 points.
You press <<U>> and get 0 points.
You press <<U>> and get 1 points.
You press <<P>> and get 1 points.
You press <<U>> and get 1 points.
You press <<P>> and get 0 points.
You press <<P>> and get 1 points.",False,,"[{'token': 'U', 'prob': 0.6796875}, {'token': 'P', 'prob': 0.3203125}]",6.366462912410498e-10,3.339550858072471e-12,-0.6796874993633537,-0.32031249999666045,,
15,U,,,1,U,-0.38671875,0.6796875,0.3203125,False,,True,"In this task, you have to repeatedly choose between two slot machines labeled U and P.
You can choose a slot machine by pressing its corresponding key.When you select one of the machines, you will win 1 or 0 points.Your goal is to choose the slot machines that will give you the most points.You will receive feedback about the outcome after making a choice.
The environment may change unpredictably, and past success does not guarantee future results. You’ll need to adapt to these changes to keep finding the better machine.You will play 1 game in total, consisting of 100 trials. Game 1:You press <<U>> and get 1 points.
You press <<U>> and get 1 points.
You press <<U>> and get 1 points.
You press <<U>> and get 0 points.
You press <<U>> and get 1 points.
You press <<U>> and get 1 points.
You press <<U>> and get 1 points.
You press <<P>> and get 0 points.
You press <<U>> and get 1 points.
You press <<U>> and get 0 points.
You press <<U>> and get 1 points.
You press <<P>> and get 1 points.
You press <<U>> and get 1 points.
You press <<P>> and get 0 points.
You press <<U>> and get 0 points.","[{'token': 'U', 'prob': 0.6796875}, {'token': 'P', 'prob': 0.3203125}]",7.8580342233181e-10,1.5631940186722204e-12,-0.6796874992141966,-0.3203124999984368,1,0
16,U,U,P,1,U,-0.203125,0.81640625,0.1826171875,True,"In this task, you have to repeatedly choose between two slot machines labeled U and P.
You can choose a slot machine by pressing its corresponding key.When you select one of the machines, you will win 1 or 0 points.Your goal is to choose the slot machines that will give you the most points.You will receive feedback about the outcome after making a choice.
The environment may change unpredictably, and past success does not guarantee future results. You’ll need to adapt to these changes to keep finding the better machine.You will play 1 game in total, consisting of 100 trials. Game 1:You press <<U>> and get 1 points.
You press <<U>> and get 1 points.
You press <<U>> and get 1 points.
You press <<U>> and get 0 points.
You press <<U>> and get 1 points.
You press <<U>> and get 1 points.
You press <<U>> and get 1 points.
You press <<P>> and get 0 points.
You press <<U>> and get 1 points.
You press <<U>> and get 0 points.
You press <<U>> and get 1 points.
You press <<P>> and get 1 points.
You press <<U>> and get 1 points.
You press <<P>> and get 0 points.
You press <<U>> and get 1 points.
You press <<P>> and get 1 points.",False,,"[{'token': 'U', 'prob': 0.81640625}, {'token': 'P', 'prob': 0.1826171875}]",1.0622898116707802e-09,3.339550858072471e-12,-0.8164062489377102,-0.18261718749666045,,
16,U,,,1,U,-0.203125,0.81640625,0.1826171875,False,,True,"In this task, you have to repeatedly choose between two slot machines labeled U and P.
You can choose a slot machine by pressing its corresponding key.When you select one of the machines, you will win 1 or 0 points.Your goal is to choose the slot machines that will give you the most points.You will receive feedback about the outcome after making a choice.
The environment may change unpredictably, and past success does not guarantee future results. You’ll need to adapt to these changes to keep finding the better machine.You will play 1 game in total, consisting of 100 trials. Game 1:You press <<U>> and get 1 points.
You press <<U>> and get 1 points.
You press <<U>> and get 1 points.
You press <<U>> and get 0 points.
You press <<U>> and get 1 points.
You press <<U>> and get 1 points.
You press <<U>> and get 1 points.
You press <<P>> and get 0 points.
You press <<U>> and get 1 points.
You press <<U>> and get 0 points.
You press <<U>> and get 1 points.
You press <<P>> and get 1 points.
You press <<U>> and get 1 points.
You press <<P>> and get 0 points.
You press <<U>> and get 1 points.
You press <<U>> and get 0 points.","[{'token': 'U', 'prob': 0.81640625}, {'token': 'P', 'prob': 0.1826171875}]",9.822542779147625e-10,1.2221335055073723e-12,-0.8164062490177457,-0.18261718749877787,1,0
17,U,U,P,1,U,-0.203125,0.81640625,0.1826171875,True,"In this task, you have to repeatedly choose between two slot machines labeled U and P.
You can choose a slot machine by pressing its corresponding key.When you select one of the machines, you will win 1 or 0 points.Your goal is to choose the slot machines that will give you the most points.You will receive feedback about the outcome after making a choice.
The environment may change unpredictably, and past success does not guarantee future results. You’ll need to adapt to these changes to keep finding the better machine.You will play 1 game in total, consisting of 100 trials. Game 1:You press <<U>> and get 1 points.
You press <<U>> and get 1 points.
You press <<U>> and get 1 points.
You press <<U>> and get 0 points.
You press <<U>> and get 1 points.
You press <<U>> and get 1 points.
You press <<U>> and get 1 points.
You press <<P>> and get 0 points.
You press <<U>> and get 1 points.
You press <<U>> and get 0 points.
You press <<U>> and get 1 points.
You press <<P>> and get 1 points.
You press <<U>> and get 1 points.
You press <<P>> and get 0 points.
You press <<U>> and get 1 points.
You press <<U>> and get 1 points.
You press <<P>> and get 1 points.",False,,"[{'token': 'U', 'prob': 0.81640625}, {'token': 'P', 'prob': 0.1826171875}]",1.1641532182693481e-09,5.7411853049416095e-12,-0.8164062488358468,-0.18261718749425881,,
17,U,,,1,U,-0.203125,0.81640625,0.1826171875,False,,True,"In this task, you have to repeatedly choose between two slot machines labeled U and P.
You can choose a slot machine by pressing its corresponding key.When you select one of the machines, you will win 1 or 0 points.Your goal is to choose the slot machines that will give you the most points.You will receive feedback about the outcome after making a choice.
The environment may change unpredictably, and past success does not guarantee future results. You’ll need to adapt to these changes to keep finding the better machine.You will play 1 game in total, consisting of 100 trials. Game 1:You press <<U>> and get 1 points.
You press <<U>> and get 1 points.
You press <<U>> and get 1 points.
You press <<U>> and get 0 points.
You press <<U>> and get 1 points.
You press <<U>> and get 1 points.
You press <<U>> and get 1 points.
You press <<P>> and get 0 points.
You press <<U>> and get 1 points.
You press <<U>> and get 0 points.
You press <<U>> and get 1 points.
You press <<P>> and get 1 points.
You press <<U>> and get 1 points.
You press <<P>> and get 0 points.
You press <<U>> and get 1 points.
You press <<U>> and get 1 points.
You press <<U>> and get 0 points.","[{'token': 'U', 'prob': 0.81640625}, {'token': 'P', 'prob': 0.1826171875}]",9.531504474580288e-10,1.2221335055073723e-12,-0.8164062490468496,-0.18261718749877787,1,0
18,U,U,P,1,U,-0.12890625,0.87890625,0.119140625,True,"In this task, you have to repeatedly choose between two slot machines labeled U and P.
You can choose a slot machine by pressing its corresponding key.When you select one of the machines, you will win 1 or 0 points.Your goal is to choose the slot machines that will give you the most points.You will receive feedback about the outcome after making a choice.
The environment may change unpredictably, and past success does not guarantee future results. You’ll need to adapt to these changes to keep finding the better machine.You will play 1 game in total, consisting of 100 trials. Game 1:You press <<U>> and get 1 points.
You press <<U>> and get 1 points.
You press <<U>> and get 1 points.
You press <<U>> and get 0 points.
You press <<U>> and get 1 points.
You press <<U>> and get 1 points.
You press <<U>> and get 1 points.
You press <<P>> and get 0 points.
You press <<U>> and get 1 points.
You press <<U>> and get 0 points.
You press <<U>> and get 1 points.
You press <<P>> and get 1 points.
You press <<U>> and get 1 points.
You press <<P>> and get 0 points.
You press <<U>> and get 1 points.
You press <<U>> and get 1 points.
You press <<U>> and get 1 points.
You press <<P>> and get 1 points.",False,,"[{'token': 'U', 'prob': 0.87890625}, {'token': 'P', 'prob': 0.119140625}]",1.8408172763884068e-09,8.242295734817162e-12,-0.8789062481591827,-0.1191406249917577,,
18,U,,,1,U,-0.12890625,0.87890625,0.119140625,False,,True,"In this task, you have to repeatedly choose between two slot machines labeled U and P.
You can choose a slot machine by pressing its corresponding key.When you select one of the machines, you will win 1 or 0 points.Your goal is to choose the slot machines that will give you the most points.You will receive feedback about the outcome after making a choice.
The environment may change unpredictably, and past success does not guarantee future results. You’ll need to adapt to these changes to keep finding the better machine.You will play 1 game in total, consisting of 100 trials. Game 1:You press <<U>> and get 1 points.
You press <<U>> and get 1 points.
You press <<U>> and get 1 points.
You press <<U>> and get 0 points.
You press <<U>> and get 1 points.
You press <<U>> and get 1 points.
You press <<U>> and get 1 points.
You press <<P>> and get 0 points.
You press <<U>> and get 1 points.
You press <<U>> and get 0 points.
You press <<U>> and get 1 points.
You press <<P>> and get 1 points.
You press <<U>> and get 1 points.
You press <<P>> and get 0 points.
You press <<U>> and get 1 points.
You press <<U>> and get 1 points.
You press <<U>> and get 1 points.
You press <<U>> and get 0 points.","[{'token': 'U', 'prob': 0.87890625}, {'token': 'P', 'prob': 0.119140625}]",1.0477378964424133e-09,1.2292389328649733e-12,-0.8789062489522621,-0.11914062499877076,1,0
19,U,U,P,1,U,-0.12890625,0.87890625,0.119140625,True,"In this task, you have to repeatedly choose between two slot machines labeled U and P.
You can choose a slot machine by pressing its corresponding key.When you select one of the machines, you will win 1 or 0 points.Your goal is to choose the slot machines that will give you the most points.You will receive feedback about the outcome after making a choice.
The environment may change unpredictably, and past success does not guarantee future results. You’ll need to adapt to these changes to keep finding the better machine.You will play 1 game in total, consisting of 100 trials. Game 1:You press <<U>> and get 1 points.
You press <<U>> and get 1 points.
You press <<U>> and get 1 points.
You press <<U>> and get 0 points.
You press <<U>> and get 1 points.
You press <<U>> and get 1 points.
You press <<U>> and get 1 points.
You press <<P>> and get 0 points.
You press <<U>> and get 1 points.
You press <<U>> and get 0 points.
You press <<U>> and get 1 points.
You press <<P>> and get 1 points.
You press <<U>> and get 1 points.
You press <<P>> and get 0 points.
You press <<U>> and get 1 points.
You press <<U>> and get 1 points.
You press <<U>> and get 1 points.
You press <<U>> and get 1 points.
You press <<P>> and get 1 points.",False,,"[{'token': 'U', 'prob': 0.87890625}, {'token': 'P', 'prob': 0.119140625}]",2.0954757928848267e-09,1.3073986337985843e-11,-0.8789062479045242,-0.11914062498692601,,
19,U,,,1,U,-0.12890625,0.87890625,0.119140625,False,,True,"In this task, you have to repeatedly choose between two slot machines labeled U and P.
You can choose a slot machine by pressing its corresponding key.When you select one of the machines, you will win 1 or 0 points.Your goal is to choose the slot machines that will give you the most points.You will receive feedback about the outcome after making a choice.
The environment may change unpredictably, and past success does not guarantee future results. You’ll need to adapt to these changes to keep finding the better machine.You will play 1 game in total, consisting of 100 trials. Game 1:You press <<U>> and get 1 points.
You press <<U>> and get 1 points.
You press <<U>> and get 1 points.
You press <<U>> and get 0 points.
You press <<U>> and get 1 points.
You press <<U>> and get 1 points.
You press <<U>> and get 1 points.
You press <<P>> and get 0 points.
You press <<U>> and get 1 points.
You press <<U>> and get 0 points.
You press <<U>> and get 1 points.
You press <<P>> and get 1 points.
You press <<U>> and get 1 points.
You press <<P>> and get 0 points.
You press <<U>> and get 1 points.
You press <<U>> and get 1 points.
You press <<U>> and get 1 points.
You press <<U>> and get 1 points.
You press <<U>> and get 0 points.","[{'token': 'U', 'prob': 0.87890625}, {'token': 'P', 'prob': 0.119140625}]",7.34871719032526e-10,1.2079226507921703e-12,-0.8789062492651283,-0.11914062499879208,1,0
20,U,U,P,1,U,-0.0986328125,0.90625,0.09521484375,True,"In this task, you have to repeatedly choose between two slot machines labeled U and P.
You can choose a slot machine by pressing its corresponding key.When you select one of the machines, you will win 1 or 0 points.Your goal is to choose the slot machines that will give you the most points.You will receive feedback about the outcome after making a choice.
The environment may change unpredictably, and past success does not guarantee future results. You’ll need to adapt to these changes to keep finding the better machine.You will play 1 game in total, consisting of 100 trials. Game 1:You press <<U>> and get 1 points.
You press <<U>> and get 1 points.
You press <<U>> and get 1 points.
You press <<U>> and get 0 points.
You press <<U>> and get 1 points.
You press <<U>> and get 1 points.
You press <<U>> and get 1 points.
You press <<P>> and get 0 points.
You press <<U>> and get 1 points.
You press <<U>> and get 0 points.
You press <<U>> and get 1 points.
You press <<P>> and get 1 points.
You press <<U>> and get 1 points.
You press <<P>> and get 0 points.
You press <<U>> and get 1 points.
You press <<U>> and get 1 points.
You press <<U>> and get 1 points.
You press <<U>> and get 1 points.
You press <<U>> and get 1 points.
You press <<P>> and get 1 points.",False,,"[{'token': 'U', 'prob': 0.90625}, {'token': 'P', 'prob': 0.09521484375}]",2.852175384759903e-09,2.2851054382044822e-11,-0.9062499971478246,-0.09521484372714895,,
20,U,,,1,U,-0.0986328125,0.90625,0.09521484375,False,,True,"In this task, you have to repeatedly choose between two slot machines labeled U and P.
You can choose a slot machine by pressing its corresponding key.When you select one of the machines, you will win 1 or 0 points.Your goal is to choose the slot machines that will give you the most points.You will receive feedback about the outcome after making a choice.
The environment may change unpredictably, and past success does not guarantee future results. You’ll need to adapt to these changes to keep finding the better machine.You will play 1 game in total, consisting of 100 trials. Game 1:You press <<U>> and get 1 points.
You press <<U>> and get 1 points.
You press <<U>> and get 1 points.
You press <<U>> and get 0 points.
You press <<U>> and get 1 points.
You press <<U>> and get 1 points.
You press <<U>> and get 1 points.
You press <<P>> and get 0 points.
You press <<U>> and get 1 points.
You press <<U>> and get 0 points.
You press <<U>> and get 1 points.
You press <<P>> and get 1 points.
You press <<U>> and get 1 points.
You press <<P>> and get 0 points.
You press <<U>> and get 1 points.
You press <<U>> and get 1 points.
You press <<U>> and get 1 points.
You press <<U>> and get 1 points.
You press <<U>> and get 1 points.
You press <<U>> and get 0 points.","[{'token': 'U', 'prob': 0.90625}, {'token': 'P', 'prob': 0.09521484375}]",9.204086381942034e-10,1.5205614545266144e-12,-0.9062499990795914,-0.09521484374847944,1,0
21,U,U,P,1,U,-0.0986328125,0.90625,0.09521484375,True,"In this task, you have to repeatedly choose between two slot machines labeled U and P.
You can choose a slot machine by pressing its corresponding key.When you select one of the machines, you will win 1 or 0 points.Your goal is to choose the slot machines that will give you the most points.You will receive feedback about the outcome after making a choice.
The environment may change unpredictably, and past success does not guarantee future results. You’ll need to adapt to these changes to keep finding the better machine.You will play 1 game in total, consisting of 100 trials. Game 1:You press <<U>> and get 1 points.
You press <<U>> and get 1 points.
You press <<U>> and get 1 points.
You press <<U>> and get 0 points.
You press <<U>> and get 1 points.
You press <<U>> and get 1 points.
You press <<U>> and get 1 points.
You press <<P>> and get 0 points.
You press <<U>> and get 1 points.
You press <<U>> and get 0 points.
You press <<U>> and get 1 points.
You press <<P>> and get 1 points.
You press <<U>> and get 1 points.
You press <<P>> and get 0 points.
You press <<U>> and get 1 points.
You press <<U>> and get 1 points.
You press <<U>> and get 1 points.
You press <<U>> and get 1 points.
You press <<U>> and get 1 points.
You press <<U>> and get 1 points.
You press <<P>> and get 1 points.",False,,"[{'token': 'U', 'prob': 0.90625}, {'token': 'P', 'prob': 0.09521484375}]",4.511093720793724e-09,4.160938260611147e-11,-0.9062499954889063,-0.09521484370839062,,
21,U,,,1,U,-0.0986328125,0.90625,0.09521484375,False,,True,"In this task, you have to repeatedly choose between two slot machines labeled U and P.
You can choose a slot machine by pressing its corresponding key.When you select one of the machines, you will win 1 or 0 points.Your goal is to choose the slot machines that will give you the most points.You will receive feedback about the outcome after making a choice.
The environment may change unpredictably, and past success does not guarantee future results. You’ll need to adapt to these changes to keep finding the better machine.You will play 1 game in total, consisting of 100 trials. Game 1:You press <<U>> and get 1 points.
You press <<U>> and get 1 points.
You press <<U>> and get 1 points.
You press <<U>> and get 0 points.
You press <<U>> and get 1 points.
You press <<U>> and get 1 points.
You press <<U>> and get 1 points.
You press <<P>> and get 0 points.
You press <<U>> and get 1 points.
You press <<U>> and get 0 points.
You press <<U>> and get 1 points.
You press <<P>> and get 1 points.
You press <<U>> and get 1 points.
You press <<P>> and get 0 points.
You press <<U>> and get 1 points.
You press <<U>> and get 1 points.
You press <<U>> and get 1 points.
You press <<U>> and get 1 points.
You press <<U>> and get 1 points.
You press <<U>> and get 1 points.
You press <<U>> and get 0 points.","[{'token': 'U', 'prob': 0.90625}, {'token': 'P', 'prob': 0.09521484375}]",1.229636836796999e-09,1.7905676941154525e-12,-0.9062499987703632,-0.09521484374820943,1,0
22,P,U,P,0,U,-2.578125,0.92578125,0.07568359375,True,"In this task, you have to repeatedly choose between two slot machines labeled U and P.
You can choose a slot machine by pressing its corresponding key.When you select one of the machines, you will win 1 or 0 points.Your goal is to choose the slot machines that will give you the most points.You will receive feedback about the outcome after making a choice.
The environment may change unpredictably, and past success does not guarantee future results. You’ll need to adapt to these changes to keep finding the better machine.You will play 1 game in total, consisting of 100 trials. Game 1:You press <<U>> and get 1 points.
You press <<U>> and get 1 points.
You press <<U>> and get 1 points.
You press <<U>> and get 0 points.
You press <<U>> and get 1 points.
You press <<U>> and get 1 points.
You press <<U>> and get 1 points.
You press <<P>> and get 0 points.
You press <<U>> and get 1 points.
You press <<U>> and get 0 points.
You press <<U>> and get 1 points.
You press <<P>> and get 1 points.
You press <<U>> and get 1 points.
You press <<P>> and get 0 points.
You press <<U>> and get 1 points.
You press <<U>> and get 1 points.
You press <<U>> and get 1 points.
You press <<U>> and get 1 points.
You press <<U>> and get 1 points.
You press <<U>> and get 1 points.
You press <<U>> and get 1 points.
You press <<P>> and get 1 points.",False,,"[{'token': 'U', 'prob': 0.92578125}, {'token': 'P', 'prob': 0.07568359375}]",5.762558430433273e-09,4.4792614062316716e-11,-0.9257812442374416,-0.07568359370520739,,
22,P,,,0,U,-2.578125,0.92578125,0.07568359375,False,,True,"In this task, you have to repeatedly choose between two slot machines labeled U and P.
You can choose a slot machine by pressing its corresponding key.When you select one of the machines, you will win 1 or 0 points.Your goal is to choose the slot machines that will give you the most points.You will receive feedback about the outcome after making a choice.
The environment may change unpredictably, and past success does not guarantee future results. You’ll need to adapt to these changes to keep finding the better machine.You will play 1 game in total, consisting of 100 trials. Game 1:You press <<U>> and get 1 points.
You press <<U>> and get 1 points.
You press <<U>> and get 1 points.
You press <<U>> and get 0 points.
You press <<U>> and get 1 points.
You press <<U>> and get 1 points.
You press <<U>> and get 1 points.
You press <<P>> and get 0 points.
You press <<U>> and get 1 points.
You press <<U>> and get 0 points.
You press <<U>> and get 1 points.
You press <<P>> and get 1 points.
You press <<U>> and get 1 points.
You press <<P>> and get 0 points.
You press <<U>> and get 1 points.
You press <<U>> and get 1 points.
You press <<U>> and get 1 points.
You press <<U>> and get 1 points.
You press <<U>> and get 1 points.
You press <<U>> and get 1 points.
You press <<U>> and get 1 points.
You press <<U>> and get 0 points.","[{'token': 'U', 'prob': 0.92578125}, {'token': 'P', 'prob': 0.07568359375}]",1.178705133497715e-09,1.7124079931818414e-12,-0.9257812488212949,-0.07568359374828759,1,0
23,U,P,U,1,U,-0.12890625,0.87890625,0.119140625,True,"In this task, you have to repeatedly choose between two slot machines labeled U and P.
You can choose a slot machine by pressing its corresponding key.When you select one of the machines, you will win 1 or 0 points.Your goal is to choose the slot machines that will give you the most points.You will receive feedback about the outcome after making a choice.
The environment may change unpredictably, and past success does not guarantee future results. You’ll need to adapt to these changes to keep finding the better machine.You will play 1 game in total, consisting of 100 trials. Game 1:You press <<U>> and get 1 points.
You press <<U>> and get 1 points.
You press <<U>> and get 1 points.
You press <<U>> and get 0 points.
You press <<U>> and get 1 points.
You press <<U>> and get 1 points.
You press <<U>> and get 1 points.
You press <<P>> and get 0 points.
You press <<U>> and get 1 points.
You press <<U>> and get 0 points.
You press <<U>> and get 1 points.
You press <<P>> and get 1 points.
You press <<U>> and get 1 points.
You press <<P>> and get 0 points.
You press <<U>> and get 1 points.
You press <<U>> and get 1 points.
You press <<U>> and get 1 points.
You press <<U>> and get 1 points.
You press <<U>> and get 1 points.
You press <<U>> and get 1 points.
You press <<U>> and get 1 points.
You press <<U>> and get 1 points.
You press <<U>> and get 0 points.",False,,"[{'token': 'U', 'prob': 0.87890625}, {'token': 'P', 'prob': 0.119140625}]",1.0986695997416973e-09,1.9326762412674725e-12,-0.8789062489013304,-0.11914062499806732,,
23,U,,,1,U,-0.12890625,0.87890625,0.119140625,False,,True,"In this task, you have to repeatedly choose between two slot machines labeled U and P.
You can choose a slot machine by pressing its corresponding key.When you select one of the machines, you will win 1 or 0 points.Your goal is to choose the slot machines that will give you the most points.You will receive feedback about the outcome after making a choice.
The environment may change unpredictably, and past success does not guarantee future results. You’ll need to adapt to these changes to keep finding the better machine.You will play 1 game in total, consisting of 100 trials. Game 1:You press <<U>> and get 1 points.
You press <<U>> and get 1 points.
You press <<U>> and get 1 points.
You press <<U>> and get 0 points.
You press <<U>> and get 1 points.
You press <<U>> and get 1 points.
You press <<U>> and get 1 points.
You press <<P>> and get 0 points.
You press <<U>> and get 1 points.
You press <<U>> and get 0 points.
You press <<U>> and get 1 points.
You press <<P>> and get 1 points.
You press <<U>> and get 1 points.
You press <<P>> and get 0 points.
You press <<U>> and get 1 points.
You press <<U>> and get 1 points.
You press <<U>> and get 1 points.
You press <<U>> and get 1 points.
You press <<U>> and get 1 points.
You press <<U>> and get 1 points.
You press <<U>> and get 1 points.
You press <<U>> and get 1 points.
You press <<P>> and get 1 points.","[{'token': 'U', 'prob': 0.87890625}, {'token': 'P', 'prob': 0.119140625}]",6.461050361394882e-09,6.048139766789973e-11,-0.8789062435389496,-0.1191406249395186,0,1
24,U,U,P,1,U,-0.0986328125,0.90625,0.09521484375,True,"In this task, you have to repeatedly choose between two slot machines labeled U and P.
You can choose a slot machine by pressing its corresponding key.When you select one of the machines, you will win 1 or 0 points.Your goal is to choose the slot machines that will give you the most points.You will receive feedback about the outcome after making a choice.
The environment may change unpredictably, and past success does not guarantee future results. You’ll need to adapt to these changes to keep finding the better machine.You will play 1 game in total, consisting of 100 trials. Game 1:You press <<U>> and get 1 points.
You press <<U>> and get 1 points.
You press <<U>> and get 1 points.
You press <<U>> and get 0 points.
You press <<U>> and get 1 points.
You press <<U>> and get 1 points.
You press <<U>> and get 1 points.
You press <<P>> and get 0 points.
You press <<U>> and get 1 points.
You press <<U>> and get 0 points.
You press <<U>> and get 1 points.
You press <<P>> and get 1 points.
You press <<U>> and get 1 points.
You press <<P>> and get 0 points.
You press <<U>> and get 1 points.
You press <<U>> and get 1 points.
You press <<U>> and get 1 points.
You press <<U>> and get 1 points.
You press <<U>> and get 1 points.
You press <<U>> and get 1 points.
You press <<U>> and get 1 points.
You press <<U>> and get 1 points.
You press <<P>> and get 0 points.
You press <<P>> and get 1 points.",False,,"[{'token': 'U', 'prob': 0.90625}, {'token': 'P', 'prob': 0.09521484375}]",1.3023964129388332e-09,9.947598300641403e-12,-0.9062499986976036,-0.0952148437400524,,
24,U,,,1,U,-0.0986328125,0.90625,0.09521484375,False,,True,"In this task, you have to repeatedly choose between two slot machines labeled U and P.
You can choose a slot machine by pressing its corresponding key.When you select one of the machines, you will win 1 or 0 points.Your goal is to choose the slot machines that will give you the most points.You will receive feedback about the outcome after making a choice.
The environment may change unpredictably, and past success does not guarantee future results. You’ll need to adapt to these changes to keep finding the better machine.You will play 1 game in total, consisting of 100 trials. Game 1:You press <<U>> and get 1 points.
You press <<U>> and get 1 points.
You press <<U>> and get 1 points.
You press <<U>> and get 0 points.
You press <<U>> and get 1 points.
You press <<U>> and get 1 points.
You press <<U>> and get 1 points.
You press <<P>> and get 0 points.
You press <<U>> and get 1 points.
You press <<U>> and get 0 points.
You press <<U>> and get 1 points.
You press <<P>> and get 1 points.
You press <<U>> and get 1 points.
You press <<P>> and get 0 points.
You press <<U>> and get 1 points.
You press <<U>> and get 1 points.
You press <<U>> and get 1 points.
You press <<U>> and get 1 points.
You press <<U>> and get 1 points.
You press <<U>> and get 1 points.
You press <<U>> and get 1 points.
You press <<U>> and get 1 points.
You press <<P>> and get 0 points.
You press <<U>> and get 0 points.","[{'token': 'U', 'prob': 0.90625}, {'token': 'P', 'prob': 0.09521484375}]",1.3606040738523006e-09,1.8047785488306545e-12,-0.9062499986393959,-0.09521484374819522,1,0
25,U,U,P,1,U,-0.0771484375,0.92578125,0.07568359375,True,"In this task, you have to repeatedly choose between two slot machines labeled U and P.
You can choose a slot machine by pressing its corresponding key.When you select one of the machines, you will win 1 or 0 points.Your goal is to choose the slot machines that will give you the most points.You will receive feedback about the outcome after making a choice.
The environment may change unpredictably, and past success does not guarantee future results. You’ll need to adapt to these changes to keep finding the better machine.You will play 1 game in total, consisting of 100 trials. Game 1:You press <<U>> and get 1 points.
You press <<U>> and get 1 points.
You press <<U>> and get 1 points.
You press <<U>> and get 0 points.
You press <<U>> and get 1 points.
You press <<U>> and get 1 points.
You press <<U>> and get 1 points.
You press <<P>> and get 0 points.
You press <<U>> and get 1 points.
You press <<U>> and get 0 points.
You press <<U>> and get 1 points.
You press <<P>> and get 1 points.
You press <<U>> and get 1 points.
You press <<P>> and get 0 points.
You press <<U>> and get 1 points.
You press <<U>> and get 1 points.
You press <<U>> and get 1 points.
You press <<U>> and get 1 points.
You press <<U>> and get 1 points.
You press <<U>> and get 1 points.
You press <<U>> and get 1 points.
You press <<U>> and get 1 points.
You press <<P>> and get 0 points.
You press <<U>> and get 1 points.
You press <<P>> and get 1 points.",False,,"[{'token': 'U', 'prob': 0.92578125}, {'token': 'P', 'prob': 0.07568359375}]",2.8958311304450035e-09,1.887201506178826e-11,-0.9257812471041689,-0.07568359373112798,,
25,U,,,1,U,-0.0771484375,0.92578125,0.07568359375,False,,True,"In this task, you have to repeatedly choose between two slot machines labeled U and P.
You can choose a slot machine by pressing its corresponding key.When you select one of the machines, you will win 1 or 0 points.Your goal is to choose the slot machines that will give you the most points.You will receive feedback about the outcome after making a choice.
The environment may change unpredictably, and past success does not guarantee future results. You’ll need to adapt to these changes to keep finding the better machine.You will play 1 game in total, consisting of 100 trials. Game 1:You press <<U>> and get 1 points.
You press <<U>> and get 1 points.
You press <<U>> and get 1 points.
You press <<U>> and get 0 points.
You press <<U>> and get 1 points.
You press <<U>> and get 1 points.
You press <<U>> and get 1 points.
You press <<P>> and get 0 points.
You press <<U>> and get 1 points.
You press <<U>> and get 0 points.
You press <<U>> and get 1 points.
You press <<P>> and get 1 points.
You press <<U>> and get 1 points.
You press <<P>> and get 0 points.
You press <<U>> and get 1 points.
You press <<U>> and get 1 points.
You press <<U>> and get 1 points.
You press <<U>> and get 1 points.
You press <<U>> and get 1 points.
You press <<U>> and get 1 points.
You press <<U>> and get 1 points.
You press <<U>> and get 1 points.
You press <<P>> and get 0 points.
You press <<U>> and get 1 points.
You press <<U>> and get 0 points.","[{'token': 'U', 'prob': 0.92578125}, {'token': 'P', 'prob': 0.07568359375}]",1.0622898116707802e-09,1.5489831639570184e-12,-0.9257812489377102,-0.07568359374845102,1,0
26,U,U,P,1,U,-0.0771484375,0.92578125,0.07568359375,True,"In this task, you have to repeatedly choose between two slot machines labeled U and P.
You can choose a slot machine by pressing its corresponding key.When you select one of the machines, you will win 1 or 0 points.Your goal is to choose the slot machines that will give you the most points.You will receive feedback about the outcome after making a choice.
The environment may change unpredictably, and past success does not guarantee future results. You’ll need to adapt to these changes to keep finding the better machine.You will play 1 game in total, consisting of 100 trials. Game 1:You press <<U>> and get 1 points.
You press <<U>> and get 1 points.
You press <<U>> and get 1 points.
You press <<U>> and get 0 points.
You press <<U>> and get 1 points.
You press <<U>> and get 1 points.
You press <<U>> and get 1 points.
You press <<P>> and get 0 points.
You press <<U>> and get 1 points.
You press <<U>> and get 0 points.
You press <<U>> and get 1 points.
You press <<P>> and get 1 points.
You press <<U>> and get 1 points.
You press <<P>> and get 0 points.
You press <<U>> and get 1 points.
You press <<U>> and get 1 points.
You press <<U>> and get 1 points.
You press <<U>> and get 1 points.
You press <<U>> and get 1 points.
You press <<U>> and get 1 points.
You press <<U>> and get 1 points.
You press <<U>> and get 1 points.
You press <<P>> and get 0 points.
You press <<U>> and get 1 points.
You press <<U>> and get 1 points.
You press <<P>> and get 1 points.",False,,"[{'token': 'U', 'prob': 0.92578125}, {'token': 'P', 'prob': 0.07568359375}]",3.899913281202316e-09,2.7853275241795927e-11,-0.9257812461000867,-0.07568359372214672,,
26,U,,,1,U,-0.0771484375,0.92578125,0.07568359375,False,,True,"In this task, you have to repeatedly choose between two slot machines labeled U and P.
You can choose a slot machine by pressing its corresponding key.When you select one of the machines, you will win 1 or 0 points.Your goal is to choose the slot machines that will give you the most points.You will receive feedback about the outcome after making a choice.
The environment may change unpredictably, and past success does not guarantee future results. You’ll need to adapt to these changes to keep finding the better machine.You will play 1 game in total, consisting of 100 trials. Game 1:You press <<U>> and get 1 points.
You press <<U>> and get 1 points.
You press <<U>> and get 1 points.
You press <<U>> and get 0 points.
You press <<U>> and get 1 points.
You press <<U>> and get 1 points.
You press <<U>> and get 1 points.
You press <<P>> and get 0 points.
You press <<U>> and get 1 points.
You press <<U>> and get 0 points.
You press <<U>> and get 1 points.
You press <<P>> and get 1 points.
You press <<U>> and get 1 points.
You press <<P>> and get 0 points.
You press <<U>> and get 1 points.
You press <<U>> and get 1 points.
You press <<U>> and get 1 points.
You press <<U>> and get 1 points.
You press <<U>> and get 1 points.
You press <<U>> and get 1 points.
You press <<U>> and get 1 points.
You press <<U>> and get 1 points.
You press <<P>> and get 0 points.
You press <<U>> and get 1 points.
You press <<U>> and get 1 points.
You press <<U>> and get 0 points.","[{'token': 'U', 'prob': 0.92578125}, {'token': 'P', 'prob': 0.07568359375}]",1.0913936421275139e-09,1.4424017535930034e-12,-0.9257812489086064,-0.0756835937485576,1,0
27,U,U,P,1,U,-0.060302734375,0.94140625,0.06005859375,True,"In this task, you have to repeatedly choose between two slot machines labeled U and P.
You can choose a slot machine by pressing its corresponding key.When you select one of the machines, you will win 1 or 0 points.Your goal is to choose the slot machines that will give you the most points.You will receive feedback about the outcome after making a choice.
The environment may change unpredictably, and past success does not guarantee future results. You’ll need to adapt to these changes to keep finding the better machine.You will play 1 game in total, consisting of 100 trials. Game 1:You press <<U>> and get 1 points.
You press <<U>> and get 1 points.
You press <<U>> and get 1 points.
You press <<U>> and get 0 points.
You press <<U>> and get 1 points.
You press <<U>> and get 1 points.
You press <<U>> and get 1 points.
You press <<P>> and get 0 points.
You press <<U>> and get 1 points.
You press <<U>> and get 0 points.
You press <<U>> and get 1 points.
You press <<P>> and get 1 points.
You press <<U>> and get 1 points.
You press <<P>> and get 0 points.
You press <<U>> and get 1 points.
You press <<U>> and get 1 points.
You press <<U>> and get 1 points.
You press <<U>> and get 1 points.
You press <<U>> and get 1 points.
You press <<U>> and get 1 points.
You press <<U>> and get 1 points.
You press <<U>> and get 1 points.
You press <<P>> and get 0 points.
You press <<U>> and get 1 points.
You press <<U>> and get 1 points.
You press <<U>> and get 1 points.
You press <<P>> and get 1 points.",False,,"[{'token': 'U', 'prob': 0.94140625}, {'token': 'P', 'prob': 0.06005859375}]",3.0704541131854057e-09,1.978150976356119e-11,-0.9414062469295459,-0.06005859373021849,,
27,U,,,1,U,-0.060302734375,0.94140625,0.06005859375,False,,True,"In this task, you have to repeatedly choose between two slot machines labeled U and P.
You can choose a slot machine by pressing its corresponding key.When you select one of the machines, you will win 1 or 0 points.Your goal is to choose the slot machines that will give you the most points.You will receive feedback about the outcome after making a choice.
The environment may change unpredictably, and past success does not guarantee future results. You’ll need to adapt to these changes to keep finding the better machine.You will play 1 game in total, consisting of 100 trials. Game 1:You press <<U>> and get 1 points.
You press <<U>> and get 1 points.
You press <<U>> and get 1 points.
You press <<U>> and get 0 points.
You press <<U>> and get 1 points.
You press <<U>> and get 1 points.
You press <<U>> and get 1 points.
You press <<P>> and get 0 points.
You press <<U>> and get 1 points.
You press <<U>> and get 0 points.
You press <<U>> and get 1 points.
You press <<P>> and get 1 points.
You press <<U>> and get 1 points.
You press <<P>> and get 0 points.
You press <<U>> and get 1 points.
You press <<U>> and get 1 points.
You press <<U>> and get 1 points.
You press <<U>> and get 1 points.
You press <<U>> and get 1 points.
You press <<U>> and get 1 points.
You press <<U>> and get 1 points.
You press <<U>> and get 1 points.
You press <<P>> and get 0 points.
You press <<U>> and get 1 points.
You press <<U>> and get 1 points.
You press <<U>> and get 1 points.
You press <<U>> and get 0 points.","[{'token': 'U', 'prob': 0.94140625}, {'token': 'P', 'prob': 0.06005859375}]",1.076841726899147e-09,1.3855583347321954e-12,-0.9414062489231583,-0.06005859374861444,1,0
28,U,U,P,1,U,-0.060302734375,0.94140625,0.06005859375,True,"In this task, you have to repeatedly choose between two slot machines labeled U and P.
You can choose a slot machine by pressing its corresponding key.When you select one of the machines, you will win 1 or 0 points.Your goal is to choose the slot machines that will give you the most points.You will receive feedback about the outcome after making a choice.
The environment may change unpredictably, and past success does not guarantee future results. You’ll need to adapt to these changes to keep finding the better machine.You will play 1 game in total, consisting of 100 trials. Game 1:You press <<U>> and get 1 points.
You press <<U>> and get 1 points.
You press <<U>> and get 1 points.
You press <<U>> and get 0 points.
You press <<U>> and get 1 points.
You press <<U>> and get 1 points.
You press <<U>> and get 1 points.
You press <<P>> and get 0 points.
You press <<U>> and get 1 points.
You press <<U>> and get 0 points.
You press <<U>> and get 1 points.
You press <<P>> and get 1 points.
You press <<U>> and get 1 points.
You press <<P>> and get 0 points.
You press <<U>> and get 1 points.
You press <<U>> and get 1 points.
You press <<U>> and get 1 points.
You press <<U>> and get 1 points.
You press <<U>> and get 1 points.
You press <<U>> and get 1 points.
You press <<U>> and get 1 points.
You press <<U>> and get 1 points.
You press <<P>> and get 0 points.
You press <<U>> and get 1 points.
You press <<U>> and get 1 points.
You press <<U>> and get 1 points.
You press <<U>> and get 1 points.
You press <<P>> and get 1 points.",False,,"[{'token': 'U', 'prob': 0.94140625}, {'token': 'P', 'prob': 0.06005859375}]",3.2014213502407074e-09,2.1600499167107046e-11,-0.9414062467985786,-0.0600585937283995,,
28,U,,,1,U,-0.060302734375,0.94140625,0.06005859375,False,,True,"In this task, you have to repeatedly choose between two slot machines labeled U and P.
You can choose a slot machine by pressing its corresponding key.When you select one of the machines, you will win 1 or 0 points.Your goal is to choose the slot machines that will give you the most points.You will receive feedback about the outcome after making a choice.
The environment may change unpredictably, and past success does not guarantee future results. You’ll need to adapt to these changes to keep finding the better machine.You will play 1 game in total, consisting of 100 trials. Game 1:You press <<U>> and get 1 points.
You press <<U>> and get 1 points.
You press <<U>> and get 1 points.
You press <<U>> and get 0 points.
You press <<U>> and get 1 points.
You press <<U>> and get 1 points.
You press <<U>> and get 1 points.
You press <<P>> and get 0 points.
You press <<U>> and get 1 points.
You press <<U>> and get 0 points.
You press <<U>> and get 1 points.
You press <<P>> and get 1 points.
You press <<U>> and get 1 points.
You press <<P>> and get 0 points.
You press <<U>> and get 1 points.
You press <<U>> and get 1 points.
You press <<U>> and get 1 points.
You press <<U>> and get 1 points.
You press <<U>> and get 1 points.
You press <<U>> and get 1 points.
You press <<U>> and get 1 points.
You press <<U>> and get 1 points.
You press <<P>> and get 0 points.
You press <<U>> and get 1 points.
You press <<U>> and get 1 points.
You press <<U>> and get 1 points.
You press <<U>> and get 1 points.
You press <<U>> and get 0 points.","[{'token': 'U', 'prob': 0.94140625}, {'token': 'P', 'prob': 0.06005859375}]",9.677023626863956e-10,1.4566126083082054e-12,-0.9414062490322976,-0.06005859374854339,1,0
29,U,U,P,1,U,-0.060302734375,0.94140625,0.06005859375,True,"In this task, you have to repeatedly choose between two slot machines labeled U and P.
You can choose a slot machine by pressing its corresponding key.When you select one of the machines, you will win 1 or 0 points.Your goal is to choose the slot machines that will give you the most points.You will receive feedback about the outcome after making a choice.
The environment may change unpredictably, and past success does not guarantee future results. You’ll need to adapt to these changes to keep finding the better machine.You will play 1 game in total, consisting of 100 trials. Game 1:You press <<U>> and get 1 points.
You press <<U>> and get 1 points.
You press <<U>> and get 1 points.
You press <<U>> and get 0 points.
You press <<U>> and get 1 points.
You press <<U>> and get 1 points.
You press <<U>> and get 1 points.
You press <<P>> and get 0 points.
You press <<U>> and get 1 points.
You press <<U>> and get 0 points.
You press <<U>> and get 1 points.
You press <<P>> and get 1 points.
You press <<U>> and get 1 points.
You press <<P>> and get 0 points.
You press <<U>> and get 1 points.
You press <<U>> and get 1 points.
You press <<U>> and get 1 points.
You press <<U>> and get 1 points.
You press <<U>> and get 1 points.
You press <<U>> and get 1 points.
You press <<U>> and get 1 points.
You press <<U>> and get 1 points.
You press <<P>> and get 0 points.
You press <<U>> and get 1 points.
You press <<U>> and get 1 points.
You press <<U>> and get 1 points.
You press <<U>> and get 1 points.
You press <<U>> and get 1 points.
You press <<P>> and get 1 points.",False,,"[{'token': 'U', 'prob': 0.94140625}, {'token': 'P', 'prob': 0.06005859375}]",4.103640094399452e-09,3.069544618483633e-11,-0.9414062458963599,-0.060058593719304554,,
29,U,,,1,U,-0.060302734375,0.94140625,0.06005859375,False,,True,"In this task, you have to repeatedly choose between two slot machines labeled U and P.
You can choose a slot machine by pressing its corresponding key.When you select one of the machines, you will win 1 or 0 points.Your goal is to choose the slot machines that will give you the most points.You will receive feedback about the outcome after making a choice.
The environment may change unpredictably, and past success does not guarantee future results. You’ll need to adapt to these changes to keep finding the better machine.You will play 1 game in total, consisting of 100 trials. Game 1:You press <<U>> and get 1 points.
You press <<U>> and get 1 points.
You press <<U>> and get 1 points.
You press <<U>> and get 0 points.
You press <<U>> and get 1 points.
You press <<U>> and get 1 points.
You press <<U>> and get 1 points.
You press <<P>> and get 0 points.
You press <<U>> and get 1 points.
You press <<U>> and get 0 points.
You press <<U>> and get 1 points.
You press <<P>> and get 1 points.
You press <<U>> and get 1 points.
You press <<P>> and get 0 points.
You press <<U>> and get 1 points.
You press <<U>> and get 1 points.
You press <<U>> and get 1 points.
You press <<U>> and get 1 points.
You press <<U>> and get 1 points.
You press <<U>> and get 1 points.
You press <<U>> and get 1 points.
You press <<U>> and get 1 points.
You press <<P>> and get 0 points.
You press <<U>> and get 1 points.
You press <<U>> and get 1 points.
You press <<U>> and get 1 points.
You press <<U>> and get 1 points.
You press <<U>> and get 1 points.
You press <<U>> and get 0 points.","[{'token': 'U', 'prob': 0.94140625}, {'token': 'P', 'prob': 0.06005859375}]",1.2660166248679161e-09,1.8474111129762605e-12,-0.9414062487339834,-0.06005859374815259,1,0
30,U,U,P,1,U,-0.0771484375,0.92578125,0.07568359375,True,"In this task, you have to repeatedly choose between two slot machines labeled U and P.
You can choose a slot machine by pressing its corresponding key.When you select one of the machines, you will win 1 or 0 points.Your goal is to choose the slot machines that will give you the most points.You will receive feedback about the outcome after making a choice.
The environment may change unpredictably, and past success does not guarantee future results. You’ll need to adapt to these changes to keep finding the better machine.You will play 1 game in total, consisting of 100 trials. Game 1:You press <<U>> and get 1 points.
You press <<U>> and get 1 points.
You press <<U>> and get 1 points.
You press <<U>> and get 0 points.
You press <<U>> and get 1 points.
You press <<U>> and get 1 points.
You press <<U>> and get 1 points.
You press <<P>> and get 0 points.
You press <<U>> and get 1 points.
You press <<U>> and get 0 points.
You press <<U>> and get 1 points.
You press <<P>> and get 1 points.
You press <<U>> and get 1 points.
You press <<P>> and get 0 points.
You press <<U>> and get 1 points.
You press <<U>> and get 1 points.
You press <<U>> and get 1 points.
You press <<U>> and get 1 points.
You press <<U>> and get 1 points.
You press <<U>> and get 1 points.
You press <<U>> and get 1 points.
You press <<U>> and get 1 points.
You press <<P>> and get 0 points.
You press <<U>> and get 1 points.
You press <<U>> and get 1 points.
You press <<U>> and get 1 points.
You press <<U>> and get 1 points.
You press <<U>> and get 1 points.
You press <<U>> and get 1 points.
You press <<P>> and get 1 points.",False,,"[{'token': 'U', 'prob': 0.92578125}, {'token': 'P', 'prob': 0.07568359375}]",5.180481821298599e-09,4.638422979041934e-11,-0.9257812448195182,-0.07568359370361577,,
30,U,,,1,U,-0.0771484375,0.92578125,0.07568359375,False,,True,"In this task, you have to repeatedly choose between two slot machines labeled U and P.
You can choose a slot machine by pressing its corresponding key.When you select one of the machines, you will win 1 or 0 points.Your goal is to choose the slot machines that will give you the most points.You will receive feedback about the outcome after making a choice.
The environment may change unpredictably, and past success does not guarantee future results. You’ll need to adapt to these changes to keep finding the better machine.You will play 1 game in total, consisting of 100 trials. Game 1:You press <<U>> and get 1 points.
You press <<U>> and get 1 points.
You press <<U>> and get 1 points.
You press <<U>> and get 0 points.
You press <<U>> and get 1 points.
You press <<U>> and get 1 points.
You press <<U>> and get 1 points.
You press <<P>> and get 0 points.
You press <<U>> and get 1 points.
You press <<U>> and get 0 points.
You press <<U>> and get 1 points.
You press <<P>> and get 1 points.
You press <<U>> and get 1 points.
You press <<P>> and get 0 points.
You press <<U>> and get 1 points.
You press <<U>> and get 1 points.
You press <<U>> and get 1 points.
You press <<U>> and get 1 points.
You press <<U>> and get 1 points.
You press <<U>> and get 1 points.
You press <<U>> and get 1 points.
You press <<U>> and get 1 points.
You press <<P>> and get 0 points.
You press <<U>> and get 1 points.
You press <<U>> and get 1 points.
You press <<U>> and get 1 points.
You press <<U>> and get 1 points.
You press <<U>> and get 1 points.
You press <<U>> and get 1 points.
You press <<U>> and get 0 points.","[{'token': 'U', 'prob': 0.92578125}, {'token': 'P', 'prob': 0.07568359375}]",1.622538547962904e-09,2.2879476091475226e-12,-0.9257812483774615,-0.07568359374771205,1,0
31,U,U,P,1,U,-0.0771484375,0.92578125,0.07568359375,True,"In this task, you have to repeatedly choose between two slot machines labeled U and P.
You can choose a slot machine by pressing its corresponding key.When you select one of the machines, you will win 1 or 0 points.Your goal is to choose the slot machines that will give you the most points.You will receive feedback about the outcome after making a choice.
The environment may change unpredictably, and past success does not guarantee future results. You’ll need to adapt to these changes to keep finding the better machine.You will play 1 game in total, consisting of 100 trials. Game 1:You press <<U>> and get 1 points.
You press <<U>> and get 1 points.
You press <<U>> and get 1 points.
You press <<U>> and get 0 points.
You press <<U>> and get 1 points.
You press <<U>> and get 1 points.
You press <<U>> and get 1 points.
You press <<P>> and get 0 points.
You press <<U>> and get 1 points.
You press <<U>> and get 0 points.
You press <<U>> and get 1 points.
You press <<P>> and get 1 points.
You press <<U>> and get 1 points.
You press <<P>> and get 0 points.
You press <<U>> and get 1 points.
You press <<U>> and get 1 points.
You press <<U>> and get 1 points.
You press <<U>> and get 1 points.
You press <<U>> and get 1 points.
You press <<U>> and get 1 points.
You press <<U>> and get 1 points.
You press <<U>> and get 1 points.
You press <<P>> and get 0 points.
You press <<U>> and get 1 points.
You press <<U>> and get 1 points.
You press <<U>> and get 1 points.
You press <<U>> and get 1 points.
You press <<U>> and get 1 points.
You press <<U>> and get 1 points.
You press <<U>> and get 1 points.
You press <<P>> and get 1 points.",False,,"[{'token': 'U', 'prob': 0.92578125}, {'token': 'P', 'prob': 0.07568359375}]",4.190951585769653e-09,4.1154635255225e-11,-0.9257812458090484,-0.07568359370884536,,
31,U,,,1,U,-0.0771484375,0.92578125,0.07568359375,False,,True,"In this task, you have to repeatedly choose between two slot machines labeled U and P.
You can choose a slot machine by pressing its corresponding key.When you select one of the machines, you will win 1 or 0 points.Your goal is to choose the slot machines that will give you the most points.You will receive feedback about the outcome after making a choice.
The environment may change unpredictably, and past success does not guarantee future results. You’ll need to adapt to these changes to keep finding the better machine.You will play 1 game in total, consisting of 100 trials. Game 1:You press <<U>> and get 1 points.
You press <<U>> and get 1 points.
You press <<U>> and get 1 points.
You press <<U>> and get 0 points.
You press <<U>> and get 1 points.
You press <<U>> and get 1 points.
You press <<U>> and get 1 points.
You press <<P>> and get 0 points.
You press <<U>> and get 1 points.
You press <<U>> and get 0 points.
You press <<U>> and get 1 points.
You press <<P>> and get 1 points.
You press <<U>> and get 1 points.
You press <<P>> and get 0 points.
You press <<U>> and get 1 points.
You press <<U>> and get 1 points.
You press <<U>> and get 1 points.
You press <<U>> and get 1 points.
You press <<U>> and get 1 points.
You press <<U>> and get 1 points.
You press <<U>> and get 1 points.
You press <<U>> and get 1 points.
You press <<P>> and get 0 points.
You press <<U>> and get 1 points.
You press <<U>> and get 1 points.
You press <<U>> and get 1 points.
You press <<U>> and get 1 points.
You press <<U>> and get 1 points.
You press <<U>> and get 1 points.
You press <<U>> and get 1 points.
You press <<U>> and get 0 points.","[{'token': 'U', 'prob': 0.92578125}, {'token': 'P', 'prob': 0.07568359375}]",1.3533281162381172e-09,1.9610979506978765e-12,-0.9257812486466719,-0.0756835937480389,1,0
32,U,U,P,1,U,-0.0771484375,0.92578125,0.07568359375,True,"In this task, you have to repeatedly choose between two slot machines labeled U and P.
You can choose a slot machine by pressing its corresponding key.When you select one of the machines, you will win 1 or 0 points.Your goal is to choose the slot machines that will give you the most points.You will receive feedback about the outcome after making a choice.
The environment may change unpredictably, and past success does not guarantee future results. You’ll need to adapt to these changes to keep finding the better machine.You will play 1 game in total, consisting of 100 trials. Game 1:You press <<U>> and get 1 points.
You press <<U>> and get 1 points.
You press <<U>> and get 1 points.
You press <<U>> and get 0 points.
You press <<U>> and get 1 points.
You press <<U>> and get 1 points.
You press <<U>> and get 1 points.
You press <<P>> and get 0 points.
You press <<U>> and get 1 points.
You press <<U>> and get 0 points.
You press <<U>> and get 1 points.
You press <<P>> and get 1 points.
You press <<U>> and get 1 points.
You press <<P>> and get 0 points.
You press <<U>> and get 1 points.
You press <<U>> and get 1 points.
You press <<U>> and get 1 points.
You press <<U>> and get 1 points.
You press <<U>> and get 1 points.
You press <<U>> and get 1 points.
You press <<U>> and get 1 points.
You press <<U>> and get 1 points.
You press <<P>> and get 0 points.
You press <<U>> and get 1 points.
You press <<U>> and get 1 points.
You press <<U>> and get 1 points.
You press <<U>> and get 1 points.
You press <<U>> and get 1 points.
You press <<U>> and get 1 points.
You press <<U>> and get 1 points.
You press <<U>> and get 1 points.
You press <<P>> and get 1 points.",False,,"[{'token': 'U', 'prob': 0.92578125}, {'token': 'P', 'prob': 0.07568359375}]",3.3032847568392754e-09,2.2282620193436742e-11,-0.9257812466967152,-0.07568359372771738,,
32,U,,,1,U,-0.0771484375,0.92578125,0.07568359375,False,,True,"In this task, you have to repeatedly choose between two slot machines labeled U and P.
You can choose a slot machine by pressing its corresponding key.When you select one of the machines, you will win 1 or 0 points.Your goal is to choose the slot machines that will give you the most points.You will receive feedback about the outcome after making a choice.
The environment may change unpredictably, and past success does not guarantee future results. You’ll need to adapt to these changes to keep finding the better machine.You will play 1 game in total, consisting of 100 trials. Game 1:You press <<U>> and get 1 points.
You press <<U>> and get 1 points.
You press <<U>> and get 1 points.
You press <<U>> and get 0 points.
You press <<U>> and get 1 points.
You press <<U>> and get 1 points.
You press <<U>> and get 1 points.
You press <<P>> and get 0 points.
You press <<U>> and get 1 points.
You press <<U>> and get 0 points.
You press <<U>> and get 1 points.
You press <<P>> and get 1 points.
You press <<U>> and get 1 points.
You press <<P>> and get 0 points.
You press <<U>> and get 1 points.
You press <<U>> and get 1 points.
You press <<U>> and get 1 points.
You press <<U>> and get 1 points.
You press <<U>> and get 1 points.
You press <<U>> and get 1 points.
You press <<U>> and get 1 points.
You press <<U>> and get 1 points.
You press <<P>> and get 0 points.
You press <<U>> and get 1 points.
You press <<U>> and get 1 points.
You press <<U>> and get 1 points.
You press <<U>> and get 1 points.
You press <<U>> and get 1 points.
You press <<U>> and get 1 points.
You press <<U>> and get 1 points.
You press <<U>> and get 1 points.
You press <<U>> and get 0 points.","[{'token': 'U', 'prob': 0.92578125}, {'token': 'P', 'prob': 0.07568359375}]",1.2732925824820995e-09,2.1032064978498966e-12,-0.9257812487267074,-0.0756835937478968,1,0
33,U,U,P,1,U,-0.0771484375,0.92578125,0.07568359375,True,"In this task, you have to repeatedly choose between two slot machines labeled U and P.
You can choose a slot machine by pressing its corresponding key.When you select one of the machines, you will win 1 or 0 points.Your goal is to choose the slot machines that will give you the most points.You will receive feedback about the outcome after making a choice.
The environment may change unpredictably, and past success does not guarantee future results. You’ll need to adapt to these changes to keep finding the better machine.You will play 1 game in total, consisting of 100 trials. Game 1:You press <<U>> and get 1 points.
You press <<U>> and get 1 points.
You press <<U>> and get 1 points.
You press <<U>> and get 0 points.
You press <<U>> and get 1 points.
You press <<U>> and get 1 points.
You press <<U>> and get 1 points.
You press <<P>> and get 0 points.
You press <<U>> and get 1 points.
You press <<U>> and get 0 points.
You press <<U>> and get 1 points.
You press <<P>> and get 1 points.
You press <<U>> and get 1 points.
You press <<P>> and get 0 points.
You press <<U>> and get 1 points.
You press <<U>> and get 1 points.
You press <<U>> and get 1 points.
You press <<U>> and get 1 points.
You press <<U>> and get 1 points.
You press <<U>> and get 1 points.
You press <<U>> and get 1 points.
You press <<U>> and get 1 points.
You press <<P>> and get 0 points.
You press <<U>> and get 1 points.
You press <<U>> and get 1 points.
You press <<U>> and get 1 points.
You press <<U>> and get 1 points.
You press <<U>> and get 1 points.
You press <<U>> and get 1 points.
You press <<U>> and get 1 points.
You press <<U>> and get 1 points.
You press <<U>> and get 1 points.
You press <<P>> and get 1 points.",False,,"[{'token': 'U', 'prob': 0.92578125}, {'token': 'P', 'prob': 0.07568359375}]",3.0122464522719383e-09,2.091837814077735e-11,-0.9257812469877535,-0.07568359372908162,,
33,U,,,1,U,-0.0771484375,0.92578125,0.07568359375,False,,True,"In this task, you have to repeatedly choose between two slot machines labeled U and P.
You can choose a slot machine by pressing its corresponding key.When you select one of the machines, you will win 1 or 0 points.Your goal is to choose the slot machines that will give you the most points.You will receive feedback about the outcome after making a choice.
The environment may change unpredictably, and past success does not guarantee future results. You’ll need to adapt to these changes to keep finding the better machine.You will play 1 game in total, consisting of 100 trials. Game 1:You press <<U>> and get 1 points.
You press <<U>> and get 1 points.
You press <<U>> and get 1 points.
You press <<U>> and get 0 points.
You press <<U>> and get 1 points.
You press <<U>> and get 1 points.
You press <<U>> and get 1 points.
You press <<P>> and get 0 points.
You press <<U>> and get 1 points.
You press <<U>> and get 0 points.
You press <<U>> and get 1 points.
You press <<P>> and get 1 points.
You press <<U>> and get 1 points.
You press <<P>> and get 0 points.
You press <<U>> and get 1 points.
You press <<U>> and get 1 points.
You press <<U>> and get 1 points.
You press <<U>> and get 1 points.
You press <<U>> and get 1 points.
You press <<U>> and get 1 points.
You press <<U>> and get 1 points.
You press <<U>> and get 1 points.
You press <<P>> and get 0 points.
You press <<U>> and get 1 points.
You press <<U>> and get 1 points.
You press <<U>> and get 1 points.
You press <<U>> and get 1 points.
You press <<U>> and get 1 points.
You press <<U>> and get 1 points.
You press <<U>> and get 1 points.
You press <<U>> and get 1 points.
You press <<U>> and get 1 points.
You press <<U>> and get 0 points.","[{'token': 'U', 'prob': 0.92578125}, {'token': 'P', 'prob': 0.07568359375}]",9.89530235528946e-10,1.5845103007450234e-12,-0.9257812490104698,-0.07568359374841549,1,0
34,U,U,P,1,U,-0.060302734375,0.94140625,0.06005859375,True,"In this task, you have to repeatedly choose between two slot machines labeled U and P.
You can choose a slot machine by pressing its corresponding key.When you select one of the machines, you will win 1 or 0 points.Your goal is to choose the slot machines that will give you the most points.You will receive feedback about the outcome after making a choice.
The environment may change unpredictably, and past success does not guarantee future results. You’ll need to adapt to these changes to keep finding the better machine.You will play 1 game in total, consisting of 100 trials. Game 1:You press <<U>> and get 1 points.
You press <<U>> and get 1 points.
You press <<U>> and get 1 points.
You press <<U>> and get 0 points.
You press <<U>> and get 1 points.
You press <<U>> and get 1 points.
You press <<U>> and get 1 points.
You press <<P>> and get 0 points.
You press <<U>> and get 1 points.
You press <<U>> and get 0 points.
You press <<U>> and get 1 points.
You press <<P>> and get 1 points.
You press <<U>> and get 1 points.
You press <<P>> and get 0 points.
You press <<U>> and get 1 points.
You press <<U>> and get 1 points.
You press <<U>> and get 1 points.
You press <<U>> and get 1 points.
You press <<U>> and get 1 points.
You press <<U>> and get 1 points.
You press <<U>> and get 1 points.
You press <<U>> and get 1 points.
You press <<P>> and get 0 points.
You press <<U>> and get 1 points.
You press <<U>> and get 1 points.
You press <<U>> and get 1 points.
You press <<U>> and get 1 points.
You press <<U>> and get 1 points.
You press <<U>> and get 1 points.
You press <<U>> and get 1 points.
You press <<U>> and get 1 points.
You press <<U>> and get 1 points.
You press <<U>> and get 1 points.
You press <<P>> and get 1 points.",False,,"[{'token': 'U', 'prob': 0.94140625}, {'token': 'P', 'prob': 0.06005859375}]",4.6566128730773926e-09,3.7971403799019754e-11,-0.9414062453433871,-0.060058593712028596,,
34,U,,,1,U,-0.060302734375,0.94140625,0.06005859375,False,,True,"In this task, you have to repeatedly choose between two slot machines labeled U and P.
You can choose a slot machine by pressing its corresponding key.When you select one of the machines, you will win 1 or 0 points.Your goal is to choose the slot machines that will give you the most points.You will receive feedback about the outcome after making a choice.
The environment may change unpredictably, and past success does not guarantee future results. You’ll need to adapt to these changes to keep finding the better machine.You will play 1 game in total, consisting of 100 trials. Game 1:You press <<U>> and get 1 points.
You press <<U>> and get 1 points.
You press <<U>> and get 1 points.
You press <<U>> and get 0 points.
You press <<U>> and get 1 points.
You press <<U>> and get 1 points.
You press <<U>> and get 1 points.
You press <<P>> and get 0 points.
You press <<U>> and get 1 points.
You press <<U>> and get 0 points.
You press <<U>> and get 1 points.
You press <<P>> and get 1 points.
You press <<U>> and get 1 points.
You press <<P>> and get 0 points.
You press <<U>> and get 1 points.
You press <<U>> and get 1 points.
You press <<U>> and get 1 points.
You press <<U>> and get 1 points.
You press <<U>> and get 1 points.
You press <<U>> and get 1 points.
You press <<U>> and get 1 points.
You press <<U>> and get 1 points.
You press <<P>> and get 0 points.
You press <<U>> and get 1 points.
You press <<U>> and get 1 points.
You press <<U>> and get 1 points.
You press <<U>> and get 1 points.
You press <<U>> and get 1 points.
You press <<U>> and get 1 points.
You press <<U>> and get 1 points.
You press <<U>> and get 1 points.
You press <<U>> and get 1 points.
You press <<U>> and get 1 points.
You press <<U>> and get 0 points.","[{'token': 'U', 'prob': 0.94140625}, {'token': 'P', 'prob': 0.06005859375}]",1.2078089639544487e-09,2.6432189770275727e-12,-0.941406248792191,-0.06005859374735678,1,0
35,U,U,P,1,U,-0.060302734375,0.94140625,0.06005859375,True,"In this task, you have to repeatedly choose between two slot machines labeled U and P.
You can choose a slot machine by pressing its corresponding key.When you select one of the machines, you will win 1 or 0 points.Your goal is to choose the slot machines that will give you the most points.You will receive feedback about the outcome after making a choice.
The environment may change unpredictably, and past success does not guarantee future results. You’ll need to adapt to these changes to keep finding the better machine.You will play 1 game in total, consisting of 100 trials. Game 1:You press <<U>> and get 1 points.
You press <<U>> and get 1 points.
You press <<U>> and get 1 points.
You press <<U>> and get 0 points.
You press <<U>> and get 1 points.
You press <<U>> and get 1 points.
You press <<U>> and get 1 points.
You press <<P>> and get 0 points.
You press <<U>> and get 1 points.
You press <<U>> and get 0 points.
You press <<U>> and get 1 points.
You press <<P>> and get 1 points.
You press <<U>> and get 1 points.
You press <<P>> and get 0 points.
You press <<U>> and get 1 points.
You press <<U>> and get 1 points.
You press <<U>> and get 1 points.
You press <<U>> and get 1 points.
You press <<U>> and get 1 points.
You press <<U>> and get 1 points.
You press <<U>> and get 1 points.
You press <<U>> and get 1 points.
You press <<P>> and get 0 points.
You press <<U>> and get 1 points.
You press <<U>> and get 1 points.
You press <<U>> and get 1 points.
You press <<U>> and get 1 points.
You press <<U>> and get 1 points.
You press <<U>> and get 1 points.
You press <<U>> and get 1 points.
You press <<U>> and get 1 points.
You press <<U>> and get 1 points.
You press <<U>> and get 1 points.
You press <<U>> and get 1 points.
You press <<P>> and get 1 points.",False,,"[{'token': 'U', 'prob': 0.94140625}, {'token': 'P', 'prob': 0.06005859375}]",5.9371814131736755e-09,5.911715561524034e-11,-0.9414062440628186,-0.060058593690882844,,
35,U,,,1,U,-0.060302734375,0.94140625,0.06005859375,False,,True,"In this task, you have to repeatedly choose between two slot machines labeled U and P.
You can choose a slot machine by pressing its corresponding key.When you select one of the machines, you will win 1 or 0 points.Your goal is to choose the slot machines that will give you the most points.You will receive feedback about the outcome after making a choice.
The environment may change unpredictably, and past success does not guarantee future results. You’ll need to adapt to these changes to keep finding the better machine.You will play 1 game in total, consisting of 100 trials. Game 1:You press <<U>> and get 1 points.
You press <<U>> and get 1 points.
You press <<U>> and get 1 points.
You press <<U>> and get 0 points.
You press <<U>> and get 1 points.
You press <<U>> and get 1 points.
You press <<U>> and get 1 points.
You press <<P>> and get 0 points.
You press <<U>> and get 1 points.
You press <<U>> and get 0 points.
You press <<U>> and get 1 points.
You press <<P>> and get 1 points.
You press <<U>> and get 1 points.
You press <<P>> and get 0 points.
You press <<U>> and get 1 points.
You press <<U>> and get 1 points.
You press <<U>> and get 1 points.
You press <<U>> and get 1 points.
You press <<U>> and get 1 points.
You press <<U>> and get 1 points.
You press <<U>> and get 1 points.
You press <<U>> and get 1 points.
You press <<P>> and get 0 points.
You press <<U>> and get 1 points.
You press <<U>> and get 1 points.
You press <<U>> and get 1 points.
You press <<U>> and get 1 points.
You press <<U>> and get 1 points.
You press <<U>> and get 1 points.
You press <<U>> and get 1 points.
You press <<U>> and get 1 points.
You press <<U>> and get 1 points.
You press <<U>> and get 1 points.
You press <<U>> and get 1 points.
You press <<U>> and get 0 points.","[{'token': 'U', 'prob': 0.94140625}, {'token': 'P', 'prob': 0.06005859375}]",1.3387762010097504e-09,2.5153212845907547e-12,-0.9414062486612238,-0.06005859374748468,1,0
36,U,U,P,1,U,-0.060302734375,0.94140625,0.06005859375,True,"In this task, you have to repeatedly choose between two slot machines labeled U and P.
You can choose a slot machine by pressing its corresponding key.When you select one of the machines, you will win 1 or 0 points.Your goal is to choose the slot machines that will give you the most points.You will receive feedback about the outcome after making a choice.
The environment may change unpredictably, and past success does not guarantee future results. You’ll need to adapt to these changes to keep finding the better machine.You will play 1 game in total, consisting of 100 trials. Game 1:You press <<U>> and get 1 points.
You press <<U>> and get 1 points.
You press <<U>> and get 1 points.
You press <<U>> and get 0 points.
You press <<U>> and get 1 points.
You press <<U>> and get 1 points.
You press <<U>> and get 1 points.
You press <<P>> and get 0 points.
You press <<U>> and get 1 points.
You press <<U>> and get 0 points.
You press <<U>> and get 1 points.
You press <<P>> and get 1 points.
You press <<U>> and get 1 points.
You press <<P>> and get 0 points.
You press <<U>> and get 1 points.
You press <<U>> and get 1 points.
You press <<U>> and get 1 points.
You press <<U>> and get 1 points.
You press <<U>> and get 1 points.
You press <<U>> and get 1 points.
You press <<U>> and get 1 points.
You press <<U>> and get 1 points.
You press <<P>> and get 0 points.
You press <<U>> and get 1 points.
You press <<U>> and get 1 points.
You press <<U>> and get 1 points.
You press <<U>> and get 1 points.
You press <<U>> and get 1 points.
You press <<U>> and get 1 points.
You press <<U>> and get 1 points.
You press <<U>> and get 1 points.
You press <<U>> and get 1 points.
You press <<U>> and get 1 points.
You press <<U>> and get 1 points.
You press <<U>> and get 1 points.
You press <<P>> and get 1 points.",False,,"[{'token': 'U', 'prob': 0.94140625}, {'token': 'P', 'prob': 0.06005859375}]",7.363269105553627e-09,7.321432349272072e-11,-0.9414062426367309,-0.060058593676785677,,
36,U,,,1,U,-0.060302734375,0.94140625,0.06005859375,False,,True,"In this task, you have to repeatedly choose between two slot machines labeled U and P.
You can choose a slot machine by pressing its corresponding key.When you select one of the machines, you will win 1 or 0 points.Your goal is to choose the slot machines that will give you the most points.You will receive feedback about the outcome after making a choice.
The environment may change unpredictably, and past success does not guarantee future results. You’ll need to adapt to these changes to keep finding the better machine.You will play 1 game in total, consisting of 100 trials. Game 1:You press <<U>> and get 1 points.
You press <<U>> and get 1 points.
You press <<U>> and get 1 points.
You press <<U>> and get 0 points.
You press <<U>> and get 1 points.
You press <<U>> and get 1 points.
You press <<U>> and get 1 points.
You press <<P>> and get 0 points.
You press <<U>> and get 1 points.
You press <<U>> and get 0 points.
You press <<U>> and get 1 points.
You press <<P>> and get 1 points.
You press <<U>> and get 1 points.
You press <<P>> and get 0 points.
You press <<U>> and get 1 points.
You press <<U>> and get 1 points.
You press <<U>> and get 1 points.
You press <<U>> and get 1 points.
You press <<U>> and get 1 points.
You press <<U>> and get 1 points.
You press <<U>> and get 1 points.
You press <<U>> and get 1 points.
You press <<P>> and get 0 points.
You press <<U>> and get 1 points.
You press <<U>> and get 1 points.
You press <<U>> and get 1 points.
You press <<U>> and get 1 points.
You press <<U>> and get 1 points.
You press <<U>> and get 1 points.
You press <<U>> and get 1 points.
You press <<U>> and get 1 points.
You press <<U>> and get 1 points.
You press <<U>> and get 1 points.
You press <<U>> and get 1 points.
You press <<U>> and get 1 points.
You press <<U>> and get 0 points.","[{'token': 'U', 'prob': 0.94140625}, {'token': 'P', 'prob': 0.06005859375}]",1.1423253454267979e-09,2.0747847884194925e-12,-0.9414062488576747,-0.060058593747925215,1,0
37,U,U,P,1,U,-0.048095703125,0.953125,0.04736328125,True,"In this task, you have to repeatedly choose between two slot machines labeled U and P.
You can choose a slot machine by pressing its corresponding key.When you select one of the machines, you will win 1 or 0 points.Your goal is to choose the slot machines that will give you the most points.You will receive feedback about the outcome after making a choice.
The environment may change unpredictably, and past success does not guarantee future results. You’ll need to adapt to these changes to keep finding the better machine.You will play 1 game in total, consisting of 100 trials. Game 1:You press <<U>> and get 1 points.
You press <<U>> and get 1 points.
You press <<U>> and get 1 points.
You press <<U>> and get 0 points.
You press <<U>> and get 1 points.
You press <<U>> and get 1 points.
You press <<U>> and get 1 points.
You press <<P>> and get 0 points.
You press <<U>> and get 1 points.
You press <<U>> and get 0 points.
You press <<U>> and get 1 points.
You press <<P>> and get 1 points.
You press <<U>> and get 1 points.
You press <<P>> and get 0 points.
You press <<U>> and get 1 points.
You press <<U>> and get 1 points.
You press <<U>> and get 1 points.
You press <<U>> and get 1 points.
You press <<U>> and get 1 points.
You press <<U>> and get 1 points.
You press <<U>> and get 1 points.
You press <<U>> and get 1 points.
You press <<P>> and get 0 points.
You press <<U>> and get 1 points.
You press <<U>> and get 1 points.
You press <<U>> and get 1 points.
You press <<U>> and get 1 points.
You press <<U>> and get 1 points.
You press <<U>> and get 1 points.
You press <<U>> and get 1 points.
You press <<U>> and get 1 points.
You press <<U>> and get 1 points.
You press <<U>> and get 1 points.
You press <<U>> and get 1 points.
You press <<U>> and get 1 points.
You press <<U>> and get 1 points.
You press <<P>> and get 1 points.",False,,"[{'token': 'U', 'prob': 0.953125}, {'token': 'P', 'prob': 0.04736328125}]",7.974449545145035e-09,7.958078640513122e-11,-0.9531249920255505,-0.047363281170419214,,
37,U,,,1,U,-0.048095703125,0.953125,0.04736328125,False,,True,"In this task, you have to repeatedly choose between two slot machines labeled U and P.
You can choose a slot machine by pressing its corresponding key.When you select one of the machines, you will win 1 or 0 points.Your goal is to choose the slot machines that will give you the most points.You will receive feedback about the outcome after making a choice.
The environment may change unpredictably, and past success does not guarantee future results. You’ll need to adapt to these changes to keep finding the better machine.You will play 1 game in total, consisting of 100 trials. Game 1:You press <<U>> and get 1 points.
You press <<U>> and get 1 points.
You press <<U>> and get 1 points.
You press <<U>> and get 0 points.
You press <<U>> and get 1 points.
You press <<U>> and get 1 points.
You press <<U>> and get 1 points.
You press <<P>> and get 0 points.
You press <<U>> and get 1 points.
You press <<U>> and get 0 points.
You press <<U>> and get 1 points.
You press <<P>> and get 1 points.
You press <<U>> and get 1 points.
You press <<P>> and get 0 points.
You press <<U>> and get 1 points.
You press <<U>> and get 1 points.
You press <<U>> and get 1 points.
You press <<U>> and get 1 points.
You press <<U>> and get 1 points.
You press <<U>> and get 1 points.
You press <<U>> and get 1 points.
You press <<U>> and get 1 points.
You press <<P>> and get 0 points.
You press <<U>> and get 1 points.
You press <<U>> and get 1 points.
You press <<U>> and get 1 points.
You press <<U>> and get 1 points.
You press <<U>> and get 1 points.
You press <<U>> and get 1 points.
You press <<U>> and get 1 points.
You press <<U>> and get 1 points.
You press <<U>> and get 1 points.
You press <<U>> and get 1 points.
You press <<U>> and get 1 points.
You press <<U>> and get 1 points.
You press <<U>> and get 1 points.
You press <<U>> and get 0 points.","[{'token': 'U', 'prob': 0.953125}, {'token': 'P', 'prob': 0.04736328125}]",1.0550138540565968e-09,2.0321522242738865e-12,-0.9531249989449861,-0.04736328124796785,1,0
38,U,U,P,1,U,-0.048095703125,0.953125,0.04736328125,True,"In this task, you have to repeatedly choose between two slot machines labeled U and P.
You can choose a slot machine by pressing its corresponding key.When you select one of the machines, you will win 1 or 0 points.Your goal is to choose the slot machines that will give you the most points.You will receive feedback about the outcome after making a choice.
The environment may change unpredictably, and past success does not guarantee future results. You’ll need to adapt to these changes to keep finding the better machine.You will play 1 game in total, consisting of 100 trials. Game 1:You press <<U>> and get 1 points.
You press <<U>> and get 1 points.
You press <<U>> and get 1 points.
You press <<U>> and get 0 points.
You press <<U>> and get 1 points.
You press <<U>> and get 1 points.
You press <<U>> and get 1 points.
You press <<P>> and get 0 points.
You press <<U>> and get 1 points.
You press <<U>> and get 0 points.
You press <<U>> and get 1 points.
You press <<P>> and get 1 points.
You press <<U>> and get 1 points.
You press <<P>> and get 0 points.
You press <<U>> and get 1 points.
You press <<U>> and get 1 points.
You press <<U>> and get 1 points.
You press <<U>> and get 1 points.
You press <<U>> and get 1 points.
You press <<U>> and get 1 points.
You press <<U>> and get 1 points.
You press <<U>> and get 1 points.
You press <<P>> and get 0 points.
You press <<U>> and get 1 points.
You press <<U>> and get 1 points.
You press <<U>> and get 1 points.
You press <<U>> and get 1 points.
You press <<U>> and get 1 points.
You press <<U>> and get 1 points.
You press <<U>> and get 1 points.
You press <<U>> and get 1 points.
You press <<U>> and get 1 points.
You press <<U>> and get 1 points.
You press <<U>> and get 1 points.
You press <<U>> and get 1 points.
You press <<U>> and get 1 points.
You press <<U>> and get 1 points.
You press <<P>> and get 1 points.",False,,"[{'token': 'U', 'prob': 0.953125}, {'token': 'P', 'prob': 0.04736328125}]",6.955815479159355e-09,7.503331289626658e-11,-0.9531249930441845,-0.04736328117496669,,
38,U,,,1,U,-0.048095703125,0.953125,0.04736328125,False,,True,"In this task, you have to repeatedly choose between two slot machines labeled U and P.
You can choose a slot machine by pressing its corresponding key.When you select one of the machines, you will win 1 or 0 points.Your goal is to choose the slot machines that will give you the most points.You will receive feedback about the outcome after making a choice.
The environment may change unpredictably, and past success does not guarantee future results. You’ll need to adapt to these changes to keep finding the better machine.You will play 1 game in total, consisting of 100 trials. Game 1:You press <<U>> and get 1 points.
You press <<U>> and get 1 points.
You press <<U>> and get 1 points.
You press <<U>> and get 0 points.
You press <<U>> and get 1 points.
You press <<U>> and get 1 points.
You press <<U>> and get 1 points.
You press <<P>> and get 0 points.
You press <<U>> and get 1 points.
You press <<U>> and get 0 points.
You press <<U>> and get 1 points.
You press <<P>> and get 1 points.
You press <<U>> and get 1 points.
You press <<P>> and get 0 points.
You press <<U>> and get 1 points.
You press <<U>> and get 1 points.
You press <<U>> and get 1 points.
You press <<U>> and get 1 points.
You press <<U>> and get 1 points.
You press <<U>> and get 1 points.
You press <<U>> and get 1 points.
You press <<U>> and get 1 points.
You press <<P>> and get 0 points.
You press <<U>> and get 1 points.
You press <<U>> and get 1 points.
You press <<U>> and get 1 points.
You press <<U>> and get 1 points.
You press <<U>> and get 1 points.
You press <<U>> and get 1 points.
You press <<U>> and get 1 points.
You press <<U>> and get 1 points.
You press <<U>> and get 1 points.
You press <<U>> and get 1 points.
You press <<U>> and get 1 points.
You press <<U>> and get 1 points.
You press <<U>> and get 1 points.
You press <<U>> and get 1 points.
You press <<U>> and get 0 points.","[{'token': 'U', 'prob': 0.953125}, {'token': 'P', 'prob': 0.04736328125}]",1.1714291758835316e-09,2.2595258997171186e-12,-0.9531249988285708,-0.047363281247740474,1,0
39,U,U,P,1,U,-0.048095703125,0.953125,0.04736328125,True,"In this task, you have to repeatedly choose between two slot machines labeled U and P.
You can choose a slot machine by pressing its corresponding key.When you select one of the machines, you will win 1 or 0 points.Your goal is to choose the slot machines that will give you the most points.You will receive feedback about the outcome after making a choice.
The environment may change unpredictably, and past success does not guarantee future results. You’ll need to adapt to these changes to keep finding the better machine.You will play 1 game in total, consisting of 100 trials. Game 1:You press <<U>> and get 1 points.
You press <<U>> and get 1 points.
You press <<U>> and get 1 points.
You press <<U>> and get 0 points.
You press <<U>> and get 1 points.
You press <<U>> and get 1 points.
You press <<U>> and get 1 points.
You press <<P>> and get 0 points.
You press <<U>> and get 1 points.
You press <<U>> and get 0 points.
You press <<U>> and get 1 points.
You press <<P>> and get 1 points.
You press <<U>> and get 1 points.
You press <<P>> and get 0 points.
You press <<U>> and get 1 points.
You press <<U>> and get 1 points.
You press <<U>> and get 1 points.
You press <<U>> and get 1 points.
You press <<U>> and get 1 points.
You press <<U>> and get 1 points.
You press <<U>> and get 1 points.
You press <<U>> and get 1 points.
You press <<P>> and get 0 points.
You press <<U>> and get 1 points.
You press <<U>> and get 1 points.
You press <<U>> and get 1 points.
You press <<U>> and get 1 points.
You press <<U>> and get 1 points.
You press <<U>> and get 1 points.
You press <<U>> and get 1 points.
You press <<U>> and get 1 points.
You press <<U>> and get 1 points.
You press <<U>> and get 1 points.
You press <<U>> and get 1 points.
You press <<U>> and get 1 points.
You press <<U>> and get 1 points.
You press <<U>> and get 1 points.
You press <<U>> and get 1 points.
You press <<P>> and get 1 points.",False,,"[{'token': 'U', 'prob': 0.953125}, {'token': 'P', 'prob': 0.04736328125}]",8.556526154279709e-09,9.049472282640636e-11,-0.9531249914434738,-0.04736328115950528,,
39,U,,,1,U,-0.048095703125,0.953125,0.04736328125,False,,True,"In this task, you have to repeatedly choose between two slot machines labeled U and P.
You can choose a slot machine by pressing its corresponding key.When you select one of the machines, you will win 1 or 0 points.Your goal is to choose the slot machines that will give you the most points.You will receive feedback about the outcome after making a choice.
The environment may change unpredictably, and past success does not guarantee future results. You’ll need to adapt to these changes to keep finding the better machine.You will play 1 game in total, consisting of 100 trials. Game 1:You press <<U>> and get 1 points.
You press <<U>> and get 1 points.
You press <<U>> and get 1 points.
You press <<U>> and get 0 points.
You press <<U>> and get 1 points.
You press <<U>> and get 1 points.
You press <<U>> and get 1 points.
You press <<P>> and get 0 points.
You press <<U>> and get 1 points.
You press <<U>> and get 0 points.
You press <<U>> and get 1 points.
You press <<P>> and get 1 points.
You press <<U>> and get 1 points.
You press <<P>> and get 0 points.
You press <<U>> and get 1 points.
You press <<U>> and get 1 points.
You press <<U>> and get 1 points.
You press <<U>> and get 1 points.
You press <<U>> and get 1 points.
You press <<U>> and get 1 points.
You press <<U>> and get 1 points.
You press <<U>> and get 1 points.
You press <<P>> and get 0 points.
You press <<U>> and get 1 points.
You press <<U>> and get 1 points.
You press <<U>> and get 1 points.
You press <<U>> and get 1 points.
You press <<U>> and get 1 points.
You press <<U>> and get 1 points.
You press <<U>> and get 1 points.
You press <<U>> and get 1 points.
You press <<U>> and get 1 points.
You press <<U>> and get 1 points.
You press <<U>> and get 1 points.
You press <<U>> and get 1 points.
You press <<U>> and get 1 points.
You press <<U>> and get 1 points.
You press <<U>> and get 1 points.
You press <<U>> and get 0 points.","[{'token': 'U', 'prob': 0.953125}, {'token': 'P', 'prob': 0.04736328125}]",1.280568540096283e-09,2.2453150450019166e-12,-0.9531249987194315,-0.047363281247754685,1,0
40,U,U,P,1,U,-0.048095703125,0.953125,0.04736328125,True,"In this task, you have to repeatedly choose between two slot machines labeled U and P.
You can choose a slot machine by pressing its corresponding key.When you select one of the machines, you will win 1 or 0 points.Your goal is to choose the slot machines that will give you the most points.You will receive feedback about the outcome after making a choice.
The environment may change unpredictably, and past success does not guarantee future results. You’ll need to adapt to these changes to keep finding the better machine.You will play 1 game in total, consisting of 100 trials. Game 1:You press <<U>> and get 1 points.
You press <<U>> and get 1 points.
You press <<U>> and get 1 points.
You press <<U>> and get 0 points.
You press <<U>> and get 1 points.
You press <<U>> and get 1 points.
You press <<U>> and get 1 points.
You press <<P>> and get 0 points.
You press <<U>> and get 1 points.
You press <<U>> and get 0 points.
You press <<U>> and get 1 points.
You press <<P>> and get 1 points.
You press <<U>> and get 1 points.
You press <<P>> and get 0 points.
You press <<U>> and get 1 points.
You press <<U>> and get 1 points.
You press <<U>> and get 1 points.
You press <<U>> and get 1 points.
You press <<U>> and get 1 points.
You press <<U>> and get 1 points.
You press <<U>> and get 1 points.
You press <<U>> and get 1 points.
You press <<P>> and get 0 points.
You press <<U>> and get 1 points.
You press <<U>> and get 1 points.
You press <<U>> and get 1 points.
You press <<U>> and get 1 points.
You press <<U>> and get 1 points.
You press <<U>> and get 1 points.
You press <<U>> and get 1 points.
You press <<U>> and get 1 points.
You press <<U>> and get 1 points.
You press <<U>> and get 1 points.
You press <<U>> and get 1 points.
You press <<U>> and get 1 points.
You press <<U>> and get 1 points.
You press <<U>> and get 1 points.
You press <<U>> and get 1 points.
You press <<U>> and get 1 points.
You press <<P>> and get 1 points.",False,,"[{'token': 'U', 'prob': 0.953125}, {'token': 'P', 'prob': 0.04736328125}]",1.3329554349184036e-08,1.1732481652870774e-10,-0.9531249866704457,-0.047363281132675183,,
40,U,,,1,U,-0.048095703125,0.953125,0.04736328125,False,,True,"In this task, you have to repeatedly choose between two slot machines labeled U and P.
You can choose a slot machine by pressing its corresponding key.When you select one of the machines, you will win 1 or 0 points.Your goal is to choose the slot machines that will give you the most points.You will receive feedback about the outcome after making a choice.
The environment may change unpredictably, and past success does not guarantee future results. You’ll need to adapt to these changes to keep finding the better machine.You will play 1 game in total, consisting of 100 trials. Game 1:You press <<U>> and get 1 points.
You press <<U>> and get 1 points.
You press <<U>> and get 1 points.
You press <<U>> and get 0 points.
You press <<U>> and get 1 points.
You press <<U>> and get 1 points.
You press <<U>> and get 1 points.
You press <<P>> and get 0 points.
You press <<U>> and get 1 points.
You press <<U>> and get 0 points.
You press <<U>> and get 1 points.
You press <<P>> and get 1 points.
You press <<U>> and get 1 points.
You press <<P>> and get 0 points.
You press <<U>> and get 1 points.
You press <<U>> and get 1 points.
You press <<U>> and get 1 points.
You press <<U>> and get 1 points.
You press <<U>> and get 1 points.
You press <<U>> and get 1 points.
You press <<U>> and get 1 points.
You press <<U>> and get 1 points.
You press <<P>> and get 0 points.
You press <<U>> and get 1 points.
You press <<U>> and get 1 points.
You press <<U>> and get 1 points.
You press <<U>> and get 1 points.
You press <<U>> and get 1 points.
You press <<U>> and get 1 points.
You press <<U>> and get 1 points.
You press <<U>> and get 1 points.
You press <<U>> and get 1 points.
You press <<U>> and get 1 points.
You press <<U>> and get 1 points.
You press <<U>> and get 1 points.
You press <<U>> and get 1 points.
You press <<U>> and get 1 points.
You press <<U>> and get 1 points.
You press <<U>> and get 1 points.
You press <<U>> and get 0 points.","[{'token': 'U', 'prob': 0.953125}, {'token': 'P', 'prob': 0.04736328125}]",1.6370904631912708e-09,2.8705926524708048e-12,-0.9531249983629095,-0.04736328124712941,1,0
41,U,U,P,1,U,-0.048095703125,0.953125,0.04736328125,True,"In this task, you have to repeatedly choose between two slot machines labeled U and P.
You can choose a slot machine by pressing its corresponding key.When you select one of the machines, you will win 1 or 0 points.Your goal is to choose the slot machines that will give you the most points.You will receive feedback about the outcome after making a choice.
The environment may change unpredictably, and past success does not guarantee future results. You’ll need to adapt to these changes to keep finding the better machine.You will play 1 game in total, consisting of 100 trials. Game 1:You press <<U>> and get 1 points.
You press <<U>> and get 1 points.
You press <<U>> and get 1 points.
You press <<U>> and get 0 points.
You press <<U>> and get 1 points.
You press <<U>> and get 1 points.
You press <<U>> and get 1 points.
You press <<P>> and get 0 points.
You press <<U>> and get 1 points.
You press <<U>> and get 0 points.
You press <<U>> and get 1 points.
You press <<P>> and get 1 points.
You press <<U>> and get 1 points.
You press <<P>> and get 0 points.
You press <<U>> and get 1 points.
You press <<U>> and get 1 points.
You press <<U>> and get 1 points.
You press <<U>> and get 1 points.
You press <<U>> and get 1 points.
You press <<U>> and get 1 points.
You press <<U>> and get 1 points.
You press <<U>> and get 1 points.
You press <<P>> and get 0 points.
You press <<U>> and get 1 points.
You press <<U>> and get 1 points.
You press <<U>> and get 1 points.
You press <<U>> and get 1 points.
You press <<U>> and get 1 points.
You press <<U>> and get 1 points.
You press <<U>> and get 1 points.
You press <<U>> and get 1 points.
You press <<U>> and get 1 points.
You press <<U>> and get 1 points.
You press <<U>> and get 1 points.
You press <<U>> and get 1 points.
You press <<U>> and get 1 points.
You press <<U>> and get 1 points.
You press <<U>> and get 1 points.
You press <<U>> and get 1 points.
You press <<U>> and get 1 points.
You press <<P>> and get 1 points.",False,,"[{'token': 'U', 'prob': 0.953125}, {'token': 'P', 'prob': 0.04736328125}]",1.1292286217212677e-08,1.0322764865122736e-10,-0.9531249887077138,-0.04736328114677235,,
41,U,,,1,U,-0.048095703125,0.953125,0.04736328125,False,,True,"In this task, you have to repeatedly choose between two slot machines labeled U and P.
You can choose a slot machine by pressing its corresponding key.When you select one of the machines, you will win 1 or 0 points.Your goal is to choose the slot machines that will give you the most points.You will receive feedback about the outcome after making a choice.
The environment may change unpredictably, and past success does not guarantee future results. You’ll need to adapt to these changes to keep finding the better machine.You will play 1 game in total, consisting of 100 trials. Game 1:You press <<U>> and get 1 points.
You press <<U>> and get 1 points.
You press <<U>> and get 1 points.
You press <<U>> and get 0 points.
You press <<U>> and get 1 points.
You press <<U>> and get 1 points.
You press <<U>> and get 1 points.
You press <<P>> and get 0 points.
You press <<U>> and get 1 points.
You press <<U>> and get 0 points.
You press <<U>> and get 1 points.
You press <<P>> and get 1 points.
You press <<U>> and get 1 points.
You press <<P>> and get 0 points.
You press <<U>> and get 1 points.
You press <<U>> and get 1 points.
You press <<U>> and get 1 points.
You press <<U>> and get 1 points.
You press <<U>> and get 1 points.
You press <<U>> and get 1 points.
You press <<U>> and get 1 points.
You press <<U>> and get 1 points.
You press <<P>> and get 0 points.
You press <<U>> and get 1 points.
You press <<U>> and get 1 points.
You press <<U>> and get 1 points.
You press <<U>> and get 1 points.
You press <<U>> and get 1 points.
You press <<U>> and get 1 points.
You press <<U>> and get 1 points.
You press <<U>> and get 1 points.
You press <<U>> and get 1 points.
You press <<U>> and get 1 points.
You press <<U>> and get 1 points.
You press <<U>> and get 1 points.
You press <<U>> and get 1 points.
You press <<U>> and get 1 points.
You press <<U>> and get 1 points.
You press <<U>> and get 1 points.
You press <<U>> and get 1 points.
You press <<U>> and get 0 points.","[{'token': 'U', 'prob': 0.953125}, {'token': 'P', 'prob': 0.04736328125}]",1.3387762010097504e-09,2.6716406864579767e-12,-0.9531249986612238,-0.04736328124732836,1,0
42,P,U,P,1,U,-3.046875,0.953125,0.04736328125,True,"In this task, you have to repeatedly choose between two slot machines labeled U and P.
You can choose a slot machine by pressing its corresponding key.When you select one of the machines, you will win 1 or 0 points.Your goal is to choose the slot machines that will give you the most points.You will receive feedback about the outcome after making a choice.
The environment may change unpredictably, and past success does not guarantee future results. You’ll need to adapt to these changes to keep finding the better machine.You will play 1 game in total, consisting of 100 trials. Game 1:You press <<U>> and get 1 points.
You press <<U>> and get 1 points.
You press <<U>> and get 1 points.
You press <<U>> and get 0 points.
You press <<U>> and get 1 points.
You press <<U>> and get 1 points.
You press <<U>> and get 1 points.
You press <<P>> and get 0 points.
You press <<U>> and get 1 points.
You press <<U>> and get 0 points.
You press <<U>> and get 1 points.
You press <<P>> and get 1 points.
You press <<U>> and get 1 points.
You press <<P>> and get 0 points.
You press <<U>> and get 1 points.
You press <<U>> and get 1 points.
You press <<U>> and get 1 points.
You press <<U>> and get 1 points.
You press <<U>> and get 1 points.
You press <<U>> and get 1 points.
You press <<U>> and get 1 points.
You press <<U>> and get 1 points.
You press <<P>> and get 0 points.
You press <<U>> and get 1 points.
You press <<U>> and get 1 points.
You press <<U>> and get 1 points.
You press <<U>> and get 1 points.
You press <<U>> and get 1 points.
You press <<U>> and get 1 points.
You press <<U>> and get 1 points.
You press <<U>> and get 1 points.
You press <<U>> and get 1 points.
You press <<U>> and get 1 points.
You press <<U>> and get 1 points.
You press <<U>> and get 1 points.
You press <<U>> and get 1 points.
You press <<U>> and get 1 points.
You press <<U>> and get 1 points.
You press <<U>> and get 1 points.
You press <<U>> and get 1 points.
You press <<U>> and get 1 points.
You press <<P>> and get 1 points.",False,,"[{'token': 'U', 'prob': 0.953125}, {'token': 'P', 'prob': 0.04736328125}]",9.42964106798172e-09,9.413270163349807e-11,-0.9531249905703589,-0.0473632811558673,,
42,P,,,1,U,-3.046875,0.953125,0.04736328125,False,,True,"In this task, you have to repeatedly choose between two slot machines labeled U and P.
You can choose a slot machine by pressing its corresponding key.When you select one of the machines, you will win 1 or 0 points.Your goal is to choose the slot machines that will give you the most points.You will receive feedback about the outcome after making a choice.
The environment may change unpredictably, and past success does not guarantee future results. You’ll need to adapt to these changes to keep finding the better machine.You will play 1 game in total, consisting of 100 trials. Game 1:You press <<U>> and get 1 points.
You press <<U>> and get 1 points.
You press <<U>> and get 1 points.
You press <<U>> and get 0 points.
You press <<U>> and get 1 points.
You press <<U>> and get 1 points.
You press <<U>> and get 1 points.
You press <<P>> and get 0 points.
You press <<U>> and get 1 points.
You press <<U>> and get 0 points.
You press <<U>> and get 1 points.
You press <<P>> and get 1 points.
You press <<U>> and get 1 points.
You press <<P>> and get 0 points.
You press <<U>> and get 1 points.
You press <<U>> and get 1 points.
You press <<U>> and get 1 points.
You press <<U>> and get 1 points.
You press <<U>> and get 1 points.
You press <<U>> and get 1 points.
You press <<U>> and get 1 points.
You press <<U>> and get 1 points.
You press <<P>> and get 0 points.
You press <<U>> and get 1 points.
You press <<U>> and get 1 points.
You press <<U>> and get 1 points.
You press <<U>> and get 1 points.
You press <<U>> and get 1 points.
You press <<U>> and get 1 points.
You press <<U>> and get 1 points.
You press <<U>> and get 1 points.
You press <<U>> and get 1 points.
You press <<U>> and get 1 points.
You press <<U>> and get 1 points.
You press <<U>> and get 1 points.
You press <<U>> and get 1 points.
You press <<U>> and get 1 points.
You press <<U>> and get 1 points.
You press <<U>> and get 1 points.
You press <<U>> and get 1 points.
You press <<U>> and get 1 points.
You press <<U>> and get 0 points.","[{'token': 'U', 'prob': 0.953125}, {'token': 'P', 'prob': 0.04736328125}]",1.433363649994135e-09,2.5579538487363607e-12,-0.9531249985666364,-0.047363281247442046,1,0
43,U,P,U,1,U,-0.4765625,0.62109375,0.376953125,True,"In this task, you have to repeatedly choose between two slot machines labeled U and P.
You can choose a slot machine by pressing its corresponding key.When you select one of the machines, you will win 1 or 0 points.Your goal is to choose the slot machines that will give you the most points.You will receive feedback about the outcome after making a choice.
The environment may change unpredictably, and past success does not guarantee future results. You’ll need to adapt to these changes to keep finding the better machine.You will play 1 game in total, consisting of 100 trials. Game 1:You press <<U>> and get 1 points.
You press <<U>> and get 1 points.
You press <<U>> and get 1 points.
You press <<U>> and get 0 points.
You press <<U>> and get 1 points.
You press <<U>> and get 1 points.
You press <<U>> and get 1 points.
You press <<P>> and get 0 points.
You press <<U>> and get 1 points.
You press <<U>> and get 0 points.
You press <<U>> and get 1 points.
You press <<P>> and get 1 points.
You press <<U>> and get 1 points.
You press <<P>> and get 0 points.
You press <<U>> and get 1 points.
You press <<U>> and get 1 points.
You press <<U>> and get 1 points.
You press <<U>> and get 1 points.
You press <<U>> and get 1 points.
You press <<U>> and get 1 points.
You press <<U>> and get 1 points.
You press <<U>> and get 1 points.
You press <<P>> and get 0 points.
You press <<U>> and get 1 points.
You press <<U>> and get 1 points.
You press <<U>> and get 1 points.
You press <<U>> and get 1 points.
You press <<U>> and get 1 points.
You press <<U>> and get 1 points.
You press <<U>> and get 1 points.
You press <<U>> and get 1 points.
You press <<U>> and get 1 points.
You press <<U>> and get 1 points.
You press <<U>> and get 1 points.
You press <<U>> and get 1 points.
You press <<U>> and get 1 points.
You press <<U>> and get 1 points.
You press <<U>> and get 1 points.
You press <<U>> and get 1 points.
You press <<U>> and get 1 points.
You press <<U>> and get 1 points.
You press <<U>> and get 1 points.
You press <<U>> and get 1 points.",False,,"[{'token': 'U', 'prob': 0.62109375}, {'token': 'P', 'prob': 0.376953125}]",1.1350493878126144e-09,1.7337242752546445e-12,-0.6210937488649506,-0.3769531249982663,,
43,U,,,1,U,-0.4765625,0.62109375,0.376953125,False,,True,"In this task, you have to repeatedly choose between two slot machines labeled U and P.
You can choose a slot machine by pressing its corresponding key.When you select one of the machines, you will win 1 or 0 points.Your goal is to choose the slot machines that will give you the most points.You will receive feedback about the outcome after making a choice.
The environment may change unpredictably, and past success does not guarantee future results. You’ll need to adapt to these changes to keep finding the better machine.You will play 1 game in total, consisting of 100 trials. Game 1:You press <<U>> and get 1 points.
You press <<U>> and get 1 points.
You press <<U>> and get 1 points.
You press <<U>> and get 0 points.
You press <<U>> and get 1 points.
You press <<U>> and get 1 points.
You press <<U>> and get 1 points.
You press <<P>> and get 0 points.
You press <<U>> and get 1 points.
You press <<U>> and get 0 points.
You press <<U>> and get 1 points.
You press <<P>> and get 1 points.
You press <<U>> and get 1 points.
You press <<P>> and get 0 points.
You press <<U>> and get 1 points.
You press <<U>> and get 1 points.
You press <<U>> and get 1 points.
You press <<U>> and get 1 points.
You press <<U>> and get 1 points.
You press <<U>> and get 1 points.
You press <<U>> and get 1 points.
You press <<U>> and get 1 points.
You press <<P>> and get 0 points.
You press <<U>> and get 1 points.
You press <<U>> and get 1 points.
You press <<U>> and get 1 points.
You press <<U>> and get 1 points.
You press <<U>> and get 1 points.
You press <<U>> and get 1 points.
You press <<U>> and get 1 points.
You press <<U>> and get 1 points.
You press <<U>> and get 1 points.
You press <<U>> and get 1 points.
You press <<U>> and get 1 points.
You press <<U>> and get 1 points.
You press <<U>> and get 1 points.
You press <<U>> and get 1 points.
You press <<U>> and get 1 points.
You press <<U>> and get 1 points.
You press <<U>> and get 1 points.
You press <<U>> and get 1 points.
You press <<U>> and get 1 points.
You press <<P>> and get 0 points.","[{'token': 'U', 'prob': 0.62109375}, {'token': 'P', 'prob': 0.376953125}]",1.877197064459324e-09,3.865352482534945e-12,-0.6210937481228029,-0.37695312499613465,1,0
44,P,U,P,1,U,-1.21875,0.70703125,0.294921875,True,"In this task, you have to repeatedly choose between two slot machines labeled U and P.
You can choose a slot machine by pressing its corresponding key.When you select one of the machines, you will win 1 or 0 points.Your goal is to choose the slot machines that will give you the most points.You will receive feedback about the outcome after making a choice.
The environment may change unpredictably, and past success does not guarantee future results. You’ll need to adapt to these changes to keep finding the better machine.You will play 1 game in total, consisting of 100 trials. Game 1:You press <<U>> and get 1 points.
You press <<U>> and get 1 points.
You press <<U>> and get 1 points.
You press <<U>> and get 0 points.
You press <<U>> and get 1 points.
You press <<U>> and get 1 points.
You press <<U>> and get 1 points.
You press <<P>> and get 0 points.
You press <<U>> and get 1 points.
You press <<U>> and get 0 points.
You press <<U>> and get 1 points.
You press <<P>> and get 1 points.
You press <<U>> and get 1 points.
You press <<P>> and get 0 points.
You press <<U>> and get 1 points.
You press <<U>> and get 1 points.
You press <<U>> and get 1 points.
You press <<U>> and get 1 points.
You press <<U>> and get 1 points.
You press <<U>> and get 1 points.
You press <<U>> and get 1 points.
You press <<U>> and get 1 points.
You press <<P>> and get 0 points.
You press <<U>> and get 1 points.
You press <<U>> and get 1 points.
You press <<U>> and get 1 points.
You press <<U>> and get 1 points.
You press <<U>> and get 1 points.
You press <<U>> and get 1 points.
You press <<U>> and get 1 points.
You press <<U>> and get 1 points.
You press <<U>> and get 1 points.
You press <<U>> and get 1 points.
You press <<U>> and get 1 points.
You press <<U>> and get 1 points.
You press <<U>> and get 1 points.
You press <<U>> and get 1 points.
You press <<U>> and get 1 points.
You press <<U>> and get 1 points.
You press <<U>> and get 1 points.
You press <<U>> and get 1 points.
You press <<U>> and get 1 points.
You press <<P>> and get 1 points.
You press <<P>> and get 1 points.",False,,"[{'token': 'U', 'prob': 0.70703125}, {'token': 'P', 'prob': 0.294921875}]",1.0331859812140465e-09,1.1823431123048067e-11,-0.707031248966814,-0.29492187498817657,,
44,P,,,1,U,-1.21875,0.70703125,0.294921875,False,,True,"In this task, you have to repeatedly choose between two slot machines labeled U and P.
You can choose a slot machine by pressing its corresponding key.When you select one of the machines, you will win 1 or 0 points.Your goal is to choose the slot machines that will give you the most points.You will receive feedback about the outcome after making a choice.
The environment may change unpredictably, and past success does not guarantee future results. You’ll need to adapt to these changes to keep finding the better machine.You will play 1 game in total, consisting of 100 trials. Game 1:You press <<U>> and get 1 points.
You press <<U>> and get 1 points.
You press <<U>> and get 1 points.
You press <<U>> and get 0 points.
You press <<U>> and get 1 points.
You press <<U>> and get 1 points.
You press <<U>> and get 1 points.
You press <<P>> and get 0 points.
You press <<U>> and get 1 points.
You press <<U>> and get 0 points.
You press <<U>> and get 1 points.
You press <<P>> and get 1 points.
You press <<U>> and get 1 points.
You press <<P>> and get 0 points.
You press <<U>> and get 1 points.
You press <<U>> and get 1 points.
You press <<U>> and get 1 points.
You press <<U>> and get 1 points.
You press <<U>> and get 1 points.
You press <<U>> and get 1 points.
You press <<U>> and get 1 points.
You press <<U>> and get 1 points.
You press <<P>> and get 0 points.
You press <<U>> and get 1 points.
You press <<U>> and get 1 points.
You press <<U>> and get 1 points.
You press <<U>> and get 1 points.
You press <<U>> and get 1 points.
You press <<U>> and get 1 points.
You press <<U>> and get 1 points.
You press <<U>> and get 1 points.
You press <<U>> and get 1 points.
You press <<U>> and get 1 points.
You press <<U>> and get 1 points.
You press <<U>> and get 1 points.
You press <<U>> and get 1 points.
You press <<U>> and get 1 points.
You press <<U>> and get 1 points.
You press <<U>> and get 1 points.
You press <<U>> and get 1 points.
You press <<U>> and get 1 points.
You press <<U>> and get 1 points.
You press <<P>> and get 1 points.
You press <<U>> and get 0 points.","[{'token': 'U', 'prob': 0.70703125}, {'token': 'P', 'prob': 0.294921875}]",1.775333657860756e-09,8.469669410260394e-12,-0.7070312482246663,-0.29492187499153033,1,0
45,U,P,U,1,U,-0.314453125,0.73046875,0.26953125,True,"In this task, you have to repeatedly choose between two slot machines labeled U and P.
You can choose a slot machine by pressing its corresponding key.When you select one of the machines, you will win 1 or 0 points.Your goal is to choose the slot machines that will give you the most points.You will receive feedback about the outcome after making a choice.
The environment may change unpredictably, and past success does not guarantee future results. You’ll need to adapt to these changes to keep finding the better machine.You will play 1 game in total, consisting of 100 trials. Game 1:You press <<U>> and get 1 points.
You press <<U>> and get 1 points.
You press <<U>> and get 1 points.
You press <<U>> and get 0 points.
You press <<U>> and get 1 points.
You press <<U>> and get 1 points.
You press <<U>> and get 1 points.
You press <<P>> and get 0 points.
You press <<U>> and get 1 points.
You press <<U>> and get 0 points.
You press <<U>> and get 1 points.
You press <<P>> and get 1 points.
You press <<U>> and get 1 points.
You press <<P>> and get 0 points.
You press <<U>> and get 1 points.
You press <<U>> and get 1 points.
You press <<U>> and get 1 points.
You press <<U>> and get 1 points.
You press <<U>> and get 1 points.
You press <<U>> and get 1 points.
You press <<U>> and get 1 points.
You press <<U>> and get 1 points.
You press <<P>> and get 0 points.
You press <<U>> and get 1 points.
You press <<U>> and get 1 points.
You press <<U>> and get 1 points.
You press <<U>> and get 1 points.
You press <<U>> and get 1 points.
You press <<U>> and get 1 points.
You press <<U>> and get 1 points.
You press <<U>> and get 1 points.
You press <<U>> and get 1 points.
You press <<U>> and get 1 points.
You press <<U>> and get 1 points.
You press <<U>> and get 1 points.
You press <<U>> and get 1 points.
You press <<U>> and get 1 points.
You press <<U>> and get 1 points.
You press <<U>> and get 1 points.
You press <<U>> and get 1 points.
You press <<U>> and get 1 points.
You press <<U>> and get 1 points.
You press <<P>> and get 1 points.
You press <<U>> and get 1 points.
You press <<U>> and get 1 points.",False,,"[{'token': 'U', 'prob': 0.73046875}, {'token': 'P', 'prob': 0.26953125}]",1.5425030142068863e-09,2.5863755581667647e-12,-0.730468748457497,-0.2695312499974136,,
45,U,,,1,U,-0.314453125,0.73046875,0.26953125,False,,True,"In this task, you have to repeatedly choose between two slot machines labeled U and P.
You can choose a slot machine by pressing its corresponding key.When you select one of the machines, you will win 1 or 0 points.Your goal is to choose the slot machines that will give you the most points.You will receive feedback about the outcome after making a choice.
The environment may change unpredictably, and past success does not guarantee future results. You’ll need to adapt to these changes to keep finding the better machine.You will play 1 game in total, consisting of 100 trials. Game 1:You press <<U>> and get 1 points.
You press <<U>> and get 1 points.
You press <<U>> and get 1 points.
You press <<U>> and get 0 points.
You press <<U>> and get 1 points.
You press <<U>> and get 1 points.
You press <<U>> and get 1 points.
You press <<P>> and get 0 points.
You press <<U>> and get 1 points.
You press <<U>> and get 0 points.
You press <<U>> and get 1 points.
You press <<P>> and get 1 points.
You press <<U>> and get 1 points.
You press <<P>> and get 0 points.
You press <<U>> and get 1 points.
You press <<U>> and get 1 points.
You press <<U>> and get 1 points.
You press <<U>> and get 1 points.
You press <<U>> and get 1 points.
You press <<U>> and get 1 points.
You press <<U>> and get 1 points.
You press <<U>> and get 1 points.
You press <<P>> and get 0 points.
You press <<U>> and get 1 points.
You press <<U>> and get 1 points.
You press <<U>> and get 1 points.
You press <<U>> and get 1 points.
You press <<U>> and get 1 points.
You press <<U>> and get 1 points.
You press <<U>> and get 1 points.
You press <<U>> and get 1 points.
You press <<U>> and get 1 points.
You press <<U>> and get 1 points.
You press <<U>> and get 1 points.
You press <<U>> and get 1 points.
You press <<U>> and get 1 points.
You press <<U>> and get 1 points.
You press <<U>> and get 1 points.
You press <<U>> and get 1 points.
You press <<U>> and get 1 points.
You press <<U>> and get 1 points.
You press <<U>> and get 1 points.
You press <<P>> and get 1 points.
You press <<U>> and get 1 points.
You press <<P>> and get 0 points.","[{'token': 'U', 'prob': 0.73046875}, {'token': 'P', 'prob': 0.26953125}]",3.230525180697441e-09,7.503331289626658e-12,-0.7304687467694748,-0.26953124999249667,1,0
46,U,U,P,1,P,-1.140625,0.3203125,0.6796875,True,"In this task, you have to repeatedly choose between two slot machines labeled U and P.
You can choose a slot machine by pressing its corresponding key.When you select one of the machines, you will win 1 or 0 points.Your goal is to choose the slot machines that will give you the most points.You will receive feedback about the outcome after making a choice.
The environment may change unpredictably, and past success does not guarantee future results. You’ll need to adapt to these changes to keep finding the better machine.You will play 1 game in total, consisting of 100 trials. Game 1:You press <<U>> and get 1 points.
You press <<U>> and get 1 points.
You press <<U>> and get 1 points.
You press <<U>> and get 0 points.
You press <<U>> and get 1 points.
You press <<U>> and get 1 points.
You press <<U>> and get 1 points.
You press <<P>> and get 0 points.
You press <<U>> and get 1 points.
You press <<U>> and get 0 points.
You press <<U>> and get 1 points.
You press <<P>> and get 1 points.
You press <<U>> and get 1 points.
You press <<P>> and get 0 points.
You press <<U>> and get 1 points.
You press <<U>> and get 1 points.
You press <<U>> and get 1 points.
You press <<U>> and get 1 points.
You press <<U>> and get 1 points.
You press <<U>> and get 1 points.
You press <<U>> and get 1 points.
You press <<U>> and get 1 points.
You press <<P>> and get 0 points.
You press <<U>> and get 1 points.
You press <<U>> and get 1 points.
You press <<U>> and get 1 points.
You press <<U>> and get 1 points.
You press <<U>> and get 1 points.
You press <<U>> and get 1 points.
You press <<U>> and get 1 points.
You press <<U>> and get 1 points.
You press <<U>> and get 1 points.
You press <<U>> and get 1 points.
You press <<U>> and get 1 points.
You press <<U>> and get 1 points.
You press <<U>> and get 1 points.
You press <<U>> and get 1 points.
You press <<U>> and get 1 points.
You press <<U>> and get 1 points.
You press <<U>> and get 1 points.
You press <<U>> and get 1 points.
You press <<U>> and get 1 points.
You press <<P>> and get 1 points.
You press <<U>> and get 1 points.
You press <<P>> and get 1 points.
You press <<P>> and get 1 points.",False,,"[{'token': 'P', 'prob': 0.6796875}, {'token': 'U', 'prob': 0.3203125}]",1.0550138540565968e-09,7.844391802791506e-12,-0.32031249894498615,-0.6796874999921556,,
46,U,,,1,P,-1.140625,0.3203125,0.6796875,False,,True,"In this task, you have to repeatedly choose between two slot machines labeled U and P.
You can choose a slot machine by pressing its corresponding key.When you select one of the machines, you will win 1 or 0 points.Your goal is to choose the slot machines that will give you the most points.You will receive feedback about the outcome after making a choice.
The environment may change unpredictably, and past success does not guarantee future results. You’ll need to adapt to these changes to keep finding the better machine.You will play 1 game in total, consisting of 100 trials. Game 1:You press <<U>> and get 1 points.
You press <<U>> and get 1 points.
You press <<U>> and get 1 points.
You press <<U>> and get 0 points.
You press <<U>> and get 1 points.
You press <<U>> and get 1 points.
You press <<U>> and get 1 points.
You press <<P>> and get 0 points.
You press <<U>> and get 1 points.
You press <<U>> and get 0 points.
You press <<U>> and get 1 points.
You press <<P>> and get 1 points.
You press <<U>> and get 1 points.
You press <<P>> and get 0 points.
You press <<U>> and get 1 points.
You press <<U>> and get 1 points.
You press <<U>> and get 1 points.
You press <<U>> and get 1 points.
You press <<U>> and get 1 points.
You press <<U>> and get 1 points.
You press <<U>> and get 1 points.
You press <<U>> and get 1 points.
You press <<P>> and get 0 points.
You press <<U>> and get 1 points.
You press <<U>> and get 1 points.
You press <<U>> and get 1 points.
You press <<U>> and get 1 points.
You press <<U>> and get 1 points.
You press <<U>> and get 1 points.
You press <<U>> and get 1 points.
You press <<U>> and get 1 points.
You press <<U>> and get 1 points.
You press <<U>> and get 1 points.
You press <<U>> and get 1 points.
You press <<U>> and get 1 points.
You press <<U>> and get 1 points.
You press <<U>> and get 1 points.
You press <<U>> and get 1 points.
You press <<U>> and get 1 points.
You press <<U>> and get 1 points.
You press <<U>> and get 1 points.
You press <<U>> and get 1 points.
You press <<P>> and get 1 points.
You press <<U>> and get 1 points.
You press <<P>> and get 1 points.
You press <<U>> and get 0 points.","[{'token': 'P', 'prob': 0.6796875}, {'token': 'U', 'prob': 0.3203125}]",3.637978807091713e-09,1.9099388737231493e-11,-0.3203124963620212,-0.6796874999809006,1,0
47,U,U,P,1,U,-0.314453125,0.73046875,0.26953125,True,"In this task, you have to repeatedly choose between two slot machines labeled U and P.
You can choose a slot machine by pressing its corresponding key.When you select one of the machines, you will win 1 or 0 points.Your goal is to choose the slot machines that will give you the most points.You will receive feedback about the outcome after making a choice.
The environment may change unpredictably, and past success does not guarantee future results. You’ll need to adapt to these changes to keep finding the better machine.You will play 1 game in total, consisting of 100 trials. Game 1:You press <<U>> and get 1 points.
You press <<U>> and get 1 points.
You press <<U>> and get 1 points.
You press <<U>> and get 0 points.
You press <<U>> and get 1 points.
You press <<U>> and get 1 points.
You press <<U>> and get 1 points.
You press <<P>> and get 0 points.
You press <<U>> and get 1 points.
You press <<U>> and get 0 points.
You press <<U>> and get 1 points.
You press <<P>> and get 1 points.
You press <<U>> and get 1 points.
You press <<P>> and get 0 points.
You press <<U>> and get 1 points.
You press <<U>> and get 1 points.
You press <<U>> and get 1 points.
You press <<U>> and get 1 points.
You press <<U>> and get 1 points.
You press <<U>> and get 1 points.
You press <<U>> and get 1 points.
You press <<U>> and get 1 points.
You press <<P>> and get 0 points.
You press <<U>> and get 1 points.
You press <<U>> and get 1 points.
You press <<U>> and get 1 points.
You press <<U>> and get 1 points.
You press <<U>> and get 1 points.
You press <<U>> and get 1 points.
You press <<U>> and get 1 points.
You press <<U>> and get 1 points.
You press <<U>> and get 1 points.
You press <<U>> and get 1 points.
You press <<U>> and get 1 points.
You press <<U>> and get 1 points.
You press <<U>> and get 1 points.
You press <<U>> and get 1 points.
You press <<U>> and get 1 points.
You press <<U>> and get 1 points.
You press <<U>> and get 1 points.
You press <<U>> and get 1 points.
You press <<U>> and get 1 points.
You press <<P>> and get 1 points.
You press <<U>> and get 1 points.
You press <<P>> and get 1 points.
You press <<U>> and get 1 points.
You press <<P>> and get 1 points.",False,,"[{'token': 'U', 'prob': 0.73046875}, {'token': 'P', 'prob': 0.26953125}]",1.3969838619232178e-09,3.751665644813329e-12,-0.7304687486030161,-0.26953124999624833,,
47,U,,,1,U,-0.314453125,0.73046875,0.26953125,False,,True,"In this task, you have to repeatedly choose between two slot machines labeled U and P.
You can choose a slot machine by pressing its corresponding key.When you select one of the machines, you will win 1 or 0 points.Your goal is to choose the slot machines that will give you the most points.You will receive feedback about the outcome after making a choice.
The environment may change unpredictably, and past success does not guarantee future results. You’ll need to adapt to these changes to keep finding the better machine.You will play 1 game in total, consisting of 100 trials. Game 1:You press <<U>> and get 1 points.
You press <<U>> and get 1 points.
You press <<U>> and get 1 points.
You press <<U>> and get 0 points.
You press <<U>> and get 1 points.
You press <<U>> and get 1 points.
You press <<U>> and get 1 points.
You press <<P>> and get 0 points.
You press <<U>> and get 1 points.
You press <<U>> and get 0 points.
You press <<U>> and get 1 points.
You press <<P>> and get 1 points.
You press <<U>> and get 1 points.
You press <<P>> and get 0 points.
You press <<U>> and get 1 points.
You press <<U>> and get 1 points.
You press <<U>> and get 1 points.
You press <<U>> and get 1 points.
You press <<U>> and get 1 points.
You press <<U>> and get 1 points.
You press <<U>> and get 1 points.
You press <<U>> and get 1 points.
You press <<P>> and get 0 points.
You press <<U>> and get 1 points.
You press <<U>> and get 1 points.
You press <<U>> and get 1 points.
You press <<U>> and get 1 points.
You press <<U>> and get 1 points.
You press <<U>> and get 1 points.
You press <<U>> and get 1 points.
You press <<U>> and get 1 points.
You press <<U>> and get 1 points.
You press <<U>> and get 1 points.
You press <<U>> and get 1 points.
You press <<U>> and get 1 points.
You press <<U>> and get 1 points.
You press <<U>> and get 1 points.
You press <<U>> and get 1 points.
You press <<U>> and get 1 points.
You press <<U>> and get 1 points.
You press <<U>> and get 1 points.
You press <<U>> and get 1 points.
You press <<P>> and get 1 points.
You press <<U>> and get 1 points.
You press <<P>> and get 1 points.
You press <<U>> and get 1 points.
You press <<U>> and get 0 points.","[{'token': 'U', 'prob': 0.73046875}, {'token': 'P', 'prob': 0.26953125}]",2.066371962428093e-09,4.746425474877469e-12,-0.730468747933628,-0.2695312499952536,1,0
48,P,U,P,0,U,-1.90625,0.8515625,0.1484375,True,"In this task, you have to repeatedly choose between two slot machines labeled U and P.
You can choose a slot machine by pressing its corresponding key.When you select one of the machines, you will win 1 or 0 points.Your goal is to choose the slot machines that will give you the most points.You will receive feedback about the outcome after making a choice.
The environment may change unpredictably, and past success does not guarantee future results. You’ll need to adapt to these changes to keep finding the better machine.You will play 1 game in total, consisting of 100 trials. Game 1:You press <<U>> and get 1 points.
You press <<U>> and get 1 points.
You press <<U>> and get 1 points.
You press <<U>> and get 0 points.
You press <<U>> and get 1 points.
You press <<U>> and get 1 points.
You press <<U>> and get 1 points.
You press <<P>> and get 0 points.
You press <<U>> and get 1 points.
You press <<U>> and get 0 points.
You press <<U>> and get 1 points.
You press <<P>> and get 1 points.
You press <<U>> and get 1 points.
You press <<P>> and get 0 points.
You press <<U>> and get 1 points.
You press <<U>> and get 1 points.
You press <<U>> and get 1 points.
You press <<U>> and get 1 points.
You press <<U>> and get 1 points.
You press <<U>> and get 1 points.
You press <<U>> and get 1 points.
You press <<U>> and get 1 points.
You press <<P>> and get 0 points.
You press <<U>> and get 1 points.
You press <<U>> and get 1 points.
You press <<U>> and get 1 points.
You press <<U>> and get 1 points.
You press <<U>> and get 1 points.
You press <<U>> and get 1 points.
You press <<U>> and get 1 points.
You press <<U>> and get 1 points.
You press <<U>> and get 1 points.
You press <<U>> and get 1 points.
You press <<U>> and get 1 points.
You press <<U>> and get 1 points.
You press <<U>> and get 1 points.
You press <<U>> and get 1 points.
You press <<U>> and get 1 points.
You press <<U>> and get 1 points.
You press <<U>> and get 1 points.
You press <<U>> and get 1 points.
You press <<U>> and get 1 points.
You press <<P>> and get 1 points.
You press <<U>> and get 1 points.
You press <<P>> and get 1 points.
You press <<U>> and get 1 points.
You press <<U>> and get 1 points.
You press <<P>> and get 1 points.",False,,"[{'token': 'U', 'prob': 0.8515625}, {'token': 'P', 'prob': 0.1484375}]",1.7462298274040222e-09,5.3717030823463574e-12,-0.8515624982537702,-0.1484374999946283,,
48,P,,,0,U,-1.90625,0.8515625,0.1484375,False,,True,"In this task, you have to repeatedly choose between two slot machines labeled U and P.
You can choose a slot machine by pressing its corresponding key.When you select one of the machines, you will win 1 or 0 points.Your goal is to choose the slot machines that will give you the most points.You will receive feedback about the outcome after making a choice.
The environment may change unpredictably, and past success does not guarantee future results. You’ll need to adapt to these changes to keep finding the better machine.You will play 1 game in total, consisting of 100 trials. Game 1:You press <<U>> and get 1 points.
You press <<U>> and get 1 points.
You press <<U>> and get 1 points.
You press <<U>> and get 0 points.
You press <<U>> and get 1 points.
You press <<U>> and get 1 points.
You press <<U>> and get 1 points.
You press <<P>> and get 0 points.
You press <<U>> and get 1 points.
You press <<U>> and get 0 points.
You press <<U>> and get 1 points.
You press <<P>> and get 1 points.
You press <<U>> and get 1 points.
You press <<P>> and get 0 points.
You press <<U>> and get 1 points.
You press <<U>> and get 1 points.
You press <<U>> and get 1 points.
You press <<U>> and get 1 points.
You press <<U>> and get 1 points.
You press <<U>> and get 1 points.
You press <<U>> and get 1 points.
You press <<U>> and get 1 points.
You press <<P>> and get 0 points.
You press <<U>> and get 1 points.
You press <<U>> and get 1 points.
You press <<U>> and get 1 points.
You press <<U>> and get 1 points.
You press <<U>> and get 1 points.
You press <<U>> and get 1 points.
You press <<U>> and get 1 points.
You press <<U>> and get 1 points.
You press <<U>> and get 1 points.
You press <<U>> and get 1 points.
You press <<U>> and get 1 points.
You press <<U>> and get 1 points.
You press <<U>> and get 1 points.
You press <<U>> and get 1 points.
You press <<U>> and get 1 points.
You press <<U>> and get 1 points.
You press <<U>> and get 1 points.
You press <<U>> and get 1 points.
You press <<U>> and get 1 points.
You press <<P>> and get 1 points.
You press <<U>> and get 1 points.
You press <<P>> and get 1 points.
You press <<U>> and get 1 points.
You press <<U>> and get 1 points.
You press <<U>> and get 0 points.","[{'token': 'U', 'prob': 0.8515625}, {'token': 'P', 'prob': 0.1484375}]",2.5320332497358322e-09,4.206412995699793e-12,-0.8515624974679668,-0.1484374999957936,1,0
49,U,P,U,1,U,-0.12890625,0.87890625,0.119140625,True,"In this task, you have to repeatedly choose between two slot machines labeled U and P.
You can choose a slot machine by pressing its corresponding key.When you select one of the machines, you will win 1 or 0 points.Your goal is to choose the slot machines that will give you the most points.You will receive feedback about the outcome after making a choice.
The environment may change unpredictably, and past success does not guarantee future results. You’ll need to adapt to these changes to keep finding the better machine.You will play 1 game in total, consisting of 100 trials. Game 1:You press <<U>> and get 1 points.
You press <<U>> and get 1 points.
You press <<U>> and get 1 points.
You press <<U>> and get 0 points.
You press <<U>> and get 1 points.
You press <<U>> and get 1 points.
You press <<U>> and get 1 points.
You press <<P>> and get 0 points.
You press <<U>> and get 1 points.
You press <<U>> and get 0 points.
You press <<U>> and get 1 points.
You press <<P>> and get 1 points.
You press <<U>> and get 1 points.
You press <<P>> and get 0 points.
You press <<U>> and get 1 points.
You press <<U>> and get 1 points.
You press <<U>> and get 1 points.
You press <<U>> and get 1 points.
You press <<U>> and get 1 points.
You press <<U>> and get 1 points.
You press <<U>> and get 1 points.
You press <<U>> and get 1 points.
You press <<P>> and get 0 points.
You press <<U>> and get 1 points.
You press <<U>> and get 1 points.
You press <<U>> and get 1 points.
You press <<U>> and get 1 points.
You press <<U>> and get 1 points.
You press <<U>> and get 1 points.
You press <<U>> and get 1 points.
You press <<U>> and get 1 points.
You press <<U>> and get 1 points.
You press <<U>> and get 1 points.
You press <<U>> and get 1 points.
You press <<U>> and get 1 points.
You press <<U>> and get 1 points.
You press <<U>> and get 1 points.
You press <<U>> and get 1 points.
You press <<U>> and get 1 points.
You press <<U>> and get 1 points.
You press <<U>> and get 1 points.
You press <<U>> and get 1 points.
You press <<P>> and get 1 points.
You press <<U>> and get 1 points.
You press <<P>> and get 1 points.
You press <<U>> and get 1 points.
You press <<U>> and get 1 points.
You press <<U>> and get 1 points.
You press <<U>> and get 0 points.",False,,"[{'token': 'U', 'prob': 0.87890625}, {'token': 'P', 'prob': 0.119140625}]",3.157765604555607e-09,6.366462912410498e-12,-0.8789062468422344,-0.11914062499363354,,
49,U,,,1,U,-0.12890625,0.87890625,0.119140625,False,,True,"In this task, you have to repeatedly choose between two slot machines labeled U and P.
You can choose a slot machine by pressing its corresponding key.When you select one of the machines, you will win 1 or 0 points.Your goal is to choose the slot machines that will give you the most points.You will receive feedback about the outcome after making a choice.
The environment may change unpredictably, and past success does not guarantee future results. You’ll need to adapt to these changes to keep finding the better machine.You will play 1 game in total, consisting of 100 trials. Game 1:You press <<U>> and get 1 points.
You press <<U>> and get 1 points.
You press <<U>> and get 1 points.
You press <<U>> and get 0 points.
You press <<U>> and get 1 points.
You press <<U>> and get 1 points.
You press <<U>> and get 1 points.
You press <<P>> and get 0 points.
You press <<U>> and get 1 points.
You press <<U>> and get 0 points.
You press <<U>> and get 1 points.
You press <<P>> and get 1 points.
You press <<U>> and get 1 points.
You press <<P>> and get 0 points.
You press <<U>> and get 1 points.
You press <<U>> and get 1 points.
You press <<U>> and get 1 points.
You press <<U>> and get 1 points.
You press <<U>> and get 1 points.
You press <<U>> and get 1 points.
You press <<U>> and get 1 points.
You press <<U>> and get 1 points.
You press <<P>> and get 0 points.
You press <<U>> and get 1 points.
You press <<U>> and get 1 points.
You press <<U>> and get 1 points.
You press <<U>> and get 1 points.
You press <<U>> and get 1 points.
You press <<U>> and get 1 points.
You press <<U>> and get 1 points.
You press <<U>> and get 1 points.
You press <<U>> and get 1 points.
You press <<U>> and get 1 points.
You press <<U>> and get 1 points.
You press <<U>> and get 1 points.
You press <<U>> and get 1 points.
You press <<U>> and get 1 points.
You press <<U>> and get 1 points.
You press <<U>> and get 1 points.
You press <<U>> and get 1 points.
You press <<U>> and get 1 points.
You press <<U>> and get 1 points.
You press <<P>> and get 1 points.
You press <<U>> and get 1 points.
You press <<P>> and get 1 points.
You press <<U>> and get 1 points.
You press <<U>> and get 1 points.
You press <<U>> and get 1 points.
You press <<P>> and get 1 points.","[{'token': 'U', 'prob': 0.87890625}, {'token': 'P', 'prob': 0.119140625}]",4.394678398966789e-09,1.8530954548623413e-11,-0.8789062456053216,-0.11914062498146905,0,1
50,U,U,P,1,U,-0.0986328125,0.90625,0.09521484375,True,"In this task, you have to repeatedly choose between two slot machines labeled U and P.
You can choose a slot machine by pressing its corresponding key.When you select one of the machines, you will win 1 or 0 points.Your goal is to choose the slot machines that will give you the most points.You will receive feedback about the outcome after making a choice.
The environment may change unpredictably, and past success does not guarantee future results. You’ll need to adapt to these changes to keep finding the better machine.You will play 1 game in total, consisting of 100 trials. Game 1:You press <<U>> and get 1 points.
You press <<U>> and get 1 points.
You press <<U>> and get 1 points.
You press <<U>> and get 0 points.
You press <<U>> and get 1 points.
You press <<U>> and get 1 points.
You press <<U>> and get 1 points.
You press <<P>> and get 0 points.
You press <<U>> and get 1 points.
You press <<U>> and get 0 points.
You press <<U>> and get 1 points.
You press <<P>> and get 1 points.
You press <<U>> and get 1 points.
You press <<P>> and get 0 points.
You press <<U>> and get 1 points.
You press <<U>> and get 1 points.
You press <<U>> and get 1 points.
You press <<U>> and get 1 points.
You press <<U>> and get 1 points.
You press <<U>> and get 1 points.
You press <<U>> and get 1 points.
You press <<U>> and get 1 points.
You press <<P>> and get 0 points.
You press <<U>> and get 1 points.
You press <<U>> and get 1 points.
You press <<U>> and get 1 points.
You press <<U>> and get 1 points.
You press <<U>> and get 1 points.
You press <<U>> and get 1 points.
You press <<U>> and get 1 points.
You press <<U>> and get 1 points.
You press <<U>> and get 1 points.
You press <<U>> and get 1 points.
You press <<U>> and get 1 points.
You press <<U>> and get 1 points.
You press <<U>> and get 1 points.
You press <<U>> and get 1 points.
You press <<U>> and get 1 points.
You press <<U>> and get 1 points.
You press <<U>> and get 1 points.
You press <<U>> and get 1 points.
You press <<U>> and get 1 points.
You press <<P>> and get 1 points.
You press <<U>> and get 1 points.
You press <<P>> and get 1 points.
You press <<U>> and get 1 points.
You press <<U>> and get 1 points.
You press <<U>> and get 1 points.
You press <<P>> and get 0 points.
You press <<P>> and get 1 points.",False,,"[{'token': 'U', 'prob': 0.90625}, {'token': 'P', 'prob': 0.09521484375}]",1.5425030142068863e-09,7.16227077646181e-12,-0.906249998457497,-0.09521484374283773,,
50,U,,,1,U,-0.0986328125,0.90625,0.09521484375,False,,True,"In this task, you have to repeatedly choose between two slot machines labeled U and P.
You can choose a slot machine by pressing its corresponding key.When you select one of the machines, you will win 1 or 0 points.Your goal is to choose the slot machines that will give you the most points.You will receive feedback about the outcome after making a choice.
The environment may change unpredictably, and past success does not guarantee future results. You’ll need to adapt to these changes to keep finding the better machine.You will play 1 game in total, consisting of 100 trials. Game 1:You press <<U>> and get 1 points.
You press <<U>> and get 1 points.
You press <<U>> and get 1 points.
You press <<U>> and get 0 points.
You press <<U>> and get 1 points.
You press <<U>> and get 1 points.
You press <<U>> and get 1 points.
You press <<P>> and get 0 points.
You press <<U>> and get 1 points.
You press <<U>> and get 0 points.
You press <<U>> and get 1 points.
You press <<P>> and get 1 points.
You press <<U>> and get 1 points.
You press <<P>> and get 0 points.
You press <<U>> and get 1 points.
You press <<U>> and get 1 points.
You press <<U>> and get 1 points.
You press <<U>> and get 1 points.
You press <<U>> and get 1 points.
You press <<U>> and get 1 points.
You press <<U>> and get 1 points.
You press <<U>> and get 1 points.
You press <<P>> and get 0 points.
You press <<U>> and get 1 points.
You press <<U>> and get 1 points.
You press <<U>> and get 1 points.
You press <<U>> and get 1 points.
You press <<U>> and get 1 points.
You press <<U>> and get 1 points.
You press <<U>> and get 1 points.
You press <<U>> and get 1 points.
You press <<U>> and get 1 points.
You press <<U>> and get 1 points.
You press <<U>> and get 1 points.
You press <<U>> and get 1 points.
You press <<U>> and get 1 points.
You press <<U>> and get 1 points.
You press <<U>> and get 1 points.
You press <<U>> and get 1 points.
You press <<U>> and get 1 points.
You press <<U>> and get 1 points.
You press <<U>> and get 1 points.
You press <<P>> and get 1 points.
You press <<U>> and get 1 points.
You press <<P>> and get 1 points.
You press <<U>> and get 1 points.
You press <<U>> and get 1 points.
You press <<U>> and get 1 points.
You press <<P>> and get 0 points.
You press <<U>> and get 0 points.","[{'token': 'U', 'prob': 0.90625}, {'token': 'P', 'prob': 0.09521484375}]",3.92901711165905e-09,1.1880274541908875e-11,-0.9062499960709829,-0.09521484373811973,1,0
51,U,U,P,1,U,-0.0771484375,0.92578125,0.07568359375,True,"In this task, you have to repeatedly choose between two slot machines labeled U and P.
You can choose a slot machine by pressing its corresponding key.When you select one of the machines, you will win 1 or 0 points.Your goal is to choose the slot machines that will give you the most points.You will receive feedback about the outcome after making a choice.
The environment may change unpredictably, and past success does not guarantee future results. You’ll need to adapt to these changes to keep finding the better machine.You will play 1 game in total, consisting of 100 trials. Game 1:You press <<U>> and get 1 points.
You press <<U>> and get 1 points.
You press <<U>> and get 1 points.
You press <<U>> and get 0 points.
You press <<U>> and get 1 points.
You press <<U>> and get 1 points.
You press <<U>> and get 1 points.
You press <<P>> and get 0 points.
You press <<U>> and get 1 points.
You press <<U>> and get 0 points.
You press <<U>> and get 1 points.
You press <<P>> and get 1 points.
You press <<U>> and get 1 points.
You press <<P>> and get 0 points.
You press <<U>> and get 1 points.
You press <<U>> and get 1 points.
You press <<U>> and get 1 points.
You press <<U>> and get 1 points.
You press <<U>> and get 1 points.
You press <<U>> and get 1 points.
You press <<U>> and get 1 points.
You press <<U>> and get 1 points.
You press <<P>> and get 0 points.
You press <<U>> and get 1 points.
You press <<U>> and get 1 points.
You press <<U>> and get 1 points.
You press <<U>> and get 1 points.
You press <<U>> and get 1 points.
You press <<U>> and get 1 points.
You press <<U>> and get 1 points.
You press <<U>> and get 1 points.
You press <<U>> and get 1 points.
You press <<U>> and get 1 points.
You press <<U>> and get 1 points.
You press <<U>> and get 1 points.
You press <<U>> and get 1 points.
You press <<U>> and get 1 points.
You press <<U>> and get 1 points.
You press <<U>> and get 1 points.
You press <<U>> and get 1 points.
You press <<U>> and get 1 points.
You press <<U>> and get 1 points.
You press <<P>> and get 1 points.
You press <<U>> and get 1 points.
You press <<P>> and get 1 points.
You press <<U>> and get 1 points.
You press <<U>> and get 1 points.
You press <<U>> and get 1 points.
You press <<P>> and get 0 points.
You press <<U>> and get 1 points.
You press <<P>> and get 1 points.",False,,"[{'token': 'U', 'prob': 0.92578125}, {'token': 'P', 'prob': 0.07568359375}]",1.6007106751203537e-09,3.979039320256561e-12,-0.9257812483992893,-0.07568359374602096,,
51,U,,,1,U,-0.0771484375,0.92578125,0.07568359375,False,,True,"In this task, you have to repeatedly choose between two slot machines labeled U and P.
You can choose a slot machine by pressing its corresponding key.When you select one of the machines, you will win 1 or 0 points.Your goal is to choose the slot machines that will give you the most points.You will receive feedback about the outcome after making a choice.
The environment may change unpredictably, and past success does not guarantee future results. You’ll need to adapt to these changes to keep finding the better machine.You will play 1 game in total, consisting of 100 trials. Game 1:You press <<U>> and get 1 points.
You press <<U>> and get 1 points.
You press <<U>> and get 1 points.
You press <<U>> and get 0 points.
You press <<U>> and get 1 points.
You press <<U>> and get 1 points.
You press <<U>> and get 1 points.
You press <<P>> and get 0 points.
You press <<U>> and get 1 points.
You press <<U>> and get 0 points.
You press <<U>> and get 1 points.
You press <<P>> and get 1 points.
You press <<U>> and get 1 points.
You press <<P>> and get 0 points.
You press <<U>> and get 1 points.
You press <<U>> and get 1 points.
You press <<U>> and get 1 points.
You press <<U>> and get 1 points.
You press <<U>> and get 1 points.
You press <<U>> and get 1 points.
You press <<U>> and get 1 points.
You press <<U>> and get 1 points.
You press <<P>> and get 0 points.
You press <<U>> and get 1 points.
You press <<U>> and get 1 points.
You press <<U>> and get 1 points.
You press <<U>> and get 1 points.
You press <<U>> and get 1 points.
You press <<U>> and get 1 points.
You press <<U>> and get 1 points.
You press <<U>> and get 1 points.
You press <<U>> and get 1 points.
You press <<U>> and get 1 points.
You press <<U>> and get 1 points.
You press <<U>> and get 1 points.
You press <<U>> and get 1 points.
You press <<U>> and get 1 points.
You press <<U>> and get 1 points.
You press <<U>> and get 1 points.
You press <<U>> and get 1 points.
You press <<U>> and get 1 points.
You press <<U>> and get 1 points.
You press <<P>> and get 1 points.
You press <<U>> and get 1 points.
You press <<P>> and get 1 points.
You press <<U>> and get 1 points.
You press <<U>> and get 1 points.
You press <<U>> and get 1 points.
You press <<P>> and get 0 points.
You press <<U>> and get 1 points.
You press <<U>> and get 0 points.","[{'token': 'U', 'prob': 0.92578125}, {'token': 'P', 'prob': 0.07568359375}]",1.949956640601158e-09,3.595346242946107e-12,-0.9257812480500434,-0.07568359374640465,1,0
52,U,U,P,0,U,-0.0771484375,0.92578125,0.07568359375,True,"In this task, you have to repeatedly choose between two slot machines labeled U and P.
You can choose a slot machine by pressing its corresponding key.When you select one of the machines, you will win 1 or 0 points.Your goal is to choose the slot machines that will give you the most points.You will receive feedback about the outcome after making a choice.
The environment may change unpredictably, and past success does not guarantee future results. You’ll need to adapt to these changes to keep finding the better machine.You will play 1 game in total, consisting of 100 trials. Game 1:You press <<U>> and get 1 points.
You press <<U>> and get 1 points.
You press <<U>> and get 1 points.
You press <<U>> and get 0 points.
You press <<U>> and get 1 points.
You press <<U>> and get 1 points.
You press <<U>> and get 1 points.
You press <<P>> and get 0 points.
You press <<U>> and get 1 points.
You press <<U>> and get 0 points.
You press <<U>> and get 1 points.
You press <<P>> and get 1 points.
You press <<U>> and get 1 points.
You press <<P>> and get 0 points.
You press <<U>> and get 1 points.
You press <<U>> and get 1 points.
You press <<U>> and get 1 points.
You press <<U>> and get 1 points.
You press <<U>> and get 1 points.
You press <<U>> and get 1 points.
You press <<U>> and get 1 points.
You press <<U>> and get 1 points.
You press <<P>> and get 0 points.
You press <<U>> and get 1 points.
You press <<U>> and get 1 points.
You press <<U>> and get 1 points.
You press <<U>> and get 1 points.
You press <<U>> and get 1 points.
You press <<U>> and get 1 points.
You press <<U>> and get 1 points.
You press <<U>> and get 1 points.
You press <<U>> and get 1 points.
You press <<U>> and get 1 points.
You press <<U>> and get 1 points.
You press <<U>> and get 1 points.
You press <<U>> and get 1 points.
You press <<U>> and get 1 points.
You press <<U>> and get 1 points.
You press <<U>> and get 1 points.
You press <<U>> and get 1 points.
You press <<U>> and get 1 points.
You press <<U>> and get 1 points.
You press <<P>> and get 1 points.
You press <<U>> and get 1 points.
You press <<P>> and get 1 points.
You press <<U>> and get 1 points.
You press <<U>> and get 1 points.
You press <<U>> and get 1 points.
You press <<P>> and get 0 points.
You press <<U>> and get 1 points.
You press <<U>> and get 1 points.
You press <<P>> and get 1 points.",False,,"[{'token': 'U', 'prob': 0.92578125}, {'token': 'P', 'prob': 0.07568359375}]",1.5570549294352531e-09,5.4285465012071654e-12,-0.9257812484429451,-0.07568359374457145,,
52,U,,,0,U,-0.0771484375,0.92578125,0.07568359375,False,,True,"In this task, you have to repeatedly choose between two slot machines labeled U and P.
You can choose a slot machine by pressing its corresponding key.When you select one of the machines, you will win 1 or 0 points.Your goal is to choose the slot machines that will give you the most points.You will receive feedback about the outcome after making a choice.
The environment may change unpredictably, and past success does not guarantee future results. You’ll need to adapt to these changes to keep finding the better machine.You will play 1 game in total, consisting of 100 trials. Game 1:You press <<U>> and get 1 points.
You press <<U>> and get 1 points.
You press <<U>> and get 1 points.
You press <<U>> and get 0 points.
You press <<U>> and get 1 points.
You press <<U>> and get 1 points.
You press <<U>> and get 1 points.
You press <<P>> and get 0 points.
You press <<U>> and get 1 points.
You press <<U>> and get 0 points.
You press <<U>> and get 1 points.
You press <<P>> and get 1 points.
You press <<U>> and get 1 points.
You press <<P>> and get 0 points.
You press <<U>> and get 1 points.
You press <<U>> and get 1 points.
You press <<U>> and get 1 points.
You press <<U>> and get 1 points.
You press <<U>> and get 1 points.
You press <<U>> and get 1 points.
You press <<U>> and get 1 points.
You press <<U>> and get 1 points.
You press <<P>> and get 0 points.
You press <<U>> and get 1 points.
You press <<U>> and get 1 points.
You press <<U>> and get 1 points.
You press <<U>> and get 1 points.
You press <<U>> and get 1 points.
You press <<U>> and get 1 points.
You press <<U>> and get 1 points.
You press <<U>> and get 1 points.
You press <<U>> and get 1 points.
You press <<U>> and get 1 points.
You press <<U>> and get 1 points.
You press <<U>> and get 1 points.
You press <<U>> and get 1 points.
You press <<U>> and get 1 points.
You press <<U>> and get 1 points.
You press <<U>> and get 1 points.
You press <<U>> and get 1 points.
You press <<U>> and get 1 points.
You press <<U>> and get 1 points.
You press <<P>> and get 1 points.
You press <<U>> and get 1 points.
You press <<P>> and get 1 points.
You press <<U>> and get 1 points.
You press <<U>> and get 1 points.
You press <<U>> and get 1 points.
You press <<P>> and get 0 points.
You press <<U>> and get 1 points.
You press <<U>> and get 1 points.
You press <<U>> and get 0 points.","[{'token': 'U', 'prob': 0.92578125}, {'token': 'P', 'prob': 0.07568359375}]",2.2992026060819626e-09,4.234834705130197e-12,-0.9257812477007974,-0.07568359374576517,1,0
53,U,U,P,0,U,-0.203125,0.81640625,0.1826171875,True,"In this task, you have to repeatedly choose between two slot machines labeled U and P.
You can choose a slot machine by pressing its corresponding key.When you select one of the machines, you will win 1 or 0 points.Your goal is to choose the slot machines that will give you the most points.You will receive feedback about the outcome after making a choice.
The environment may change unpredictably, and past success does not guarantee future results. You’ll need to adapt to these changes to keep finding the better machine.You will play 1 game in total, consisting of 100 trials. Game 1:You press <<U>> and get 1 points.
You press <<U>> and get 1 points.
You press <<U>> and get 1 points.
You press <<U>> and get 0 points.
You press <<U>> and get 1 points.
You press <<U>> and get 1 points.
You press <<U>> and get 1 points.
You press <<P>> and get 0 points.
You press <<U>> and get 1 points.
You press <<U>> and get 0 points.
You press <<U>> and get 1 points.
You press <<P>> and get 1 points.
You press <<U>> and get 1 points.
You press <<P>> and get 0 points.
You press <<U>> and get 1 points.
You press <<U>> and get 1 points.
You press <<U>> and get 1 points.
You press <<U>> and get 1 points.
You press <<U>> and get 1 points.
You press <<U>> and get 1 points.
You press <<U>> and get 1 points.
You press <<U>> and get 1 points.
You press <<P>> and get 0 points.
You press <<U>> and get 1 points.
You press <<U>> and get 1 points.
You press <<U>> and get 1 points.
You press <<U>> and get 1 points.
You press <<U>> and get 1 points.
You press <<U>> and get 1 points.
You press <<U>> and get 1 points.
You press <<U>> and get 1 points.
You press <<U>> and get 1 points.
You press <<U>> and get 1 points.
You press <<U>> and get 1 points.
You press <<U>> and get 1 points.
You press <<U>> and get 1 points.
You press <<U>> and get 1 points.
You press <<U>> and get 1 points.
You press <<U>> and get 1 points.
You press <<U>> and get 1 points.
You press <<U>> and get 1 points.
You press <<U>> and get 1 points.
You press <<P>> and get 1 points.
You press <<U>> and get 1 points.
You press <<P>> and get 1 points.
You press <<U>> and get 1 points.
You press <<U>> and get 1 points.
You press <<U>> and get 1 points.
You press <<P>> and get 0 points.
You press <<U>> and get 1 points.
You press <<U>> and get 1 points.
You press <<U>> and get 1 points.
You press <<P>> and get 0 points.",False,,"[{'token': 'U', 'prob': 0.81640625}, {'token': 'P', 'prob': 0.1826171875}]",4.743924364447594e-09,1.1084466677857563e-11,-0.8164062452560756,-0.18261718748891553,,
53,U,,,0,U,-0.203125,0.81640625,0.1826171875,False,,True,"In this task, you have to repeatedly choose between two slot machines labeled U and P.
You can choose a slot machine by pressing its corresponding key.When you select one of the machines, you will win 1 or 0 points.Your goal is to choose the slot machines that will give you the most points.You will receive feedback about the outcome after making a choice.
The environment may change unpredictably, and past success does not guarantee future results. You’ll need to adapt to these changes to keep finding the better machine.You will play 1 game in total, consisting of 100 trials. Game 1:You press <<U>> and get 1 points.
You press <<U>> and get 1 points.
You press <<U>> and get 1 points.
You press <<U>> and get 0 points.
You press <<U>> and get 1 points.
You press <<U>> and get 1 points.
You press <<U>> and get 1 points.
You press <<P>> and get 0 points.
You press <<U>> and get 1 points.
You press <<U>> and get 0 points.
You press <<U>> and get 1 points.
You press <<P>> and get 1 points.
You press <<U>> and get 1 points.
You press <<P>> and get 0 points.
You press <<U>> and get 1 points.
You press <<U>> and get 1 points.
You press <<U>> and get 1 points.
You press <<U>> and get 1 points.
You press <<U>> and get 1 points.
You press <<U>> and get 1 points.
You press <<U>> and get 1 points.
You press <<U>> and get 1 points.
You press <<P>> and get 0 points.
You press <<U>> and get 1 points.
You press <<U>> and get 1 points.
You press <<U>> and get 1 points.
You press <<U>> and get 1 points.
You press <<U>> and get 1 points.
You press <<U>> and get 1 points.
You press <<U>> and get 1 points.
You press <<U>> and get 1 points.
You press <<U>> and get 1 points.
You press <<U>> and get 1 points.
You press <<U>> and get 1 points.
You press <<U>> and get 1 points.
You press <<U>> and get 1 points.
You press <<U>> and get 1 points.
You press <<U>> and get 1 points.
You press <<U>> and get 1 points.
You press <<U>> and get 1 points.
You press <<U>> and get 1 points.
You press <<U>> and get 1 points.
You press <<P>> and get 1 points.
You press <<U>> and get 1 points.
You press <<P>> and get 1 points.
You press <<U>> and get 1 points.
You press <<U>> and get 1 points.
You press <<U>> and get 1 points.
You press <<P>> and get 0 points.
You press <<U>> and get 1 points.
You press <<U>> and get 1 points.
You press <<U>> and get 1 points.
You press <<U>> and get 1 points.","[{'token': 'U', 'prob': 0.81640625}, {'token': 'P', 'prob': 0.1826171875}]",3.623426891863346e-09,6.991740519879386e-12,-0.8164062463765731,-0.18261718749300826,0,1
54,P,U,P,1,U,-0.89453125,0.59375,0.408203125,True,"In this task, you have to repeatedly choose between two slot machines labeled U and P.
You can choose a slot machine by pressing its corresponding key.When you select one of the machines, you will win 1 or 0 points.Your goal is to choose the slot machines that will give you the most points.You will receive feedback about the outcome after making a choice.
The environment may change unpredictably, and past success does not guarantee future results. You’ll need to adapt to these changes to keep finding the better machine.You will play 1 game in total, consisting of 100 trials. Game 1:You press <<U>> and get 1 points.
You press <<U>> and get 1 points.
You press <<U>> and get 1 points.
You press <<U>> and get 0 points.
You press <<U>> and get 1 points.
You press <<U>> and get 1 points.
You press <<U>> and get 1 points.
You press <<P>> and get 0 points.
You press <<U>> and get 1 points.
You press <<U>> and get 0 points.
You press <<U>> and get 1 points.
You press <<P>> and get 1 points.
You press <<U>> and get 1 points.
You press <<P>> and get 0 points.
You press <<U>> and get 1 points.
You press <<U>> and get 1 points.
You press <<U>> and get 1 points.
You press <<U>> and get 1 points.
You press <<U>> and get 1 points.
You press <<U>> and get 1 points.
You press <<U>> and get 1 points.
You press <<U>> and get 1 points.
You press <<P>> and get 0 points.
You press <<U>> and get 1 points.
You press <<U>> and get 1 points.
You press <<U>> and get 1 points.
You press <<U>> and get 1 points.
You press <<U>> and get 1 points.
You press <<U>> and get 1 points.
You press <<U>> and get 1 points.
You press <<U>> and get 1 points.
You press <<U>> and get 1 points.
You press <<U>> and get 1 points.
You press <<U>> and get 1 points.
You press <<U>> and get 1 points.
You press <<U>> and get 1 points.
You press <<U>> and get 1 points.
You press <<U>> and get 1 points.
You press <<U>> and get 1 points.
You press <<U>> and get 1 points.
You press <<U>> and get 1 points.
You press <<U>> and get 1 points.
You press <<P>> and get 1 points.
You press <<U>> and get 1 points.
You press <<P>> and get 1 points.
You press <<U>> and get 1 points.
You press <<U>> and get 1 points.
You press <<U>> and get 1 points.
You press <<P>> and get 0 points.
You press <<U>> and get 1 points.
You press <<U>> and get 1 points.
You press <<U>> and get 1 points.
You press <<U>> and get 0 points.
You press <<P>> and get 0 points.",False,,"[{'token': 'U', 'prob': 0.59375}, {'token': 'P', 'prob': 0.408203125}]",1.57160684466362e-08,6.411937647499144e-11,-0.5937499842839316,-0.4082031249358806,,
54,P,,,1,U,-0.89453125,0.59375,0.408203125,False,,True,"In this task, you have to repeatedly choose between two slot machines labeled U and P.
You can choose a slot machine by pressing its corresponding key.When you select one of the machines, you will win 1 or 0 points.Your goal is to choose the slot machines that will give you the most points.You will receive feedback about the outcome after making a choice.
The environment may change unpredictably, and past success does not guarantee future results. You’ll need to adapt to these changes to keep finding the better machine.You will play 1 game in total, consisting of 100 trials. Game 1:You press <<U>> and get 1 points.
You press <<U>> and get 1 points.
You press <<U>> and get 1 points.
You press <<U>> and get 0 points.
You press <<U>> and get 1 points.
You press <<U>> and get 1 points.
You press <<U>> and get 1 points.
You press <<P>> and get 0 points.
You press <<U>> and get 1 points.
You press <<U>> and get 0 points.
You press <<U>> and get 1 points.
You press <<P>> and get 1 points.
You press <<U>> and get 1 points.
You press <<P>> and get 0 points.
You press <<U>> and get 1 points.
You press <<U>> and get 1 points.
You press <<U>> and get 1 points.
You press <<U>> and get 1 points.
You press <<U>> and get 1 points.
You press <<U>> and get 1 points.
You press <<U>> and get 1 points.
You press <<U>> and get 1 points.
You press <<P>> and get 0 points.
You press <<U>> and get 1 points.
You press <<U>> and get 1 points.
You press <<U>> and get 1 points.
You press <<U>> and get 1 points.
You press <<U>> and get 1 points.
You press <<U>> and get 1 points.
You press <<U>> and get 1 points.
You press <<U>> and get 1 points.
You press <<U>> and get 1 points.
You press <<U>> and get 1 points.
You press <<U>> and get 1 points.
You press <<U>> and get 1 points.
You press <<U>> and get 1 points.
You press <<U>> and get 1 points.
You press <<U>> and get 1 points.
You press <<U>> and get 1 points.
You press <<U>> and get 1 points.
You press <<U>> and get 1 points.
You press <<U>> and get 1 points.
You press <<P>> and get 1 points.
You press <<U>> and get 1 points.
You press <<P>> and get 1 points.
You press <<U>> and get 1 points.
You press <<U>> and get 1 points.
You press <<U>> and get 1 points.
You press <<P>> and get 0 points.
You press <<U>> and get 1 points.
You press <<U>> and get 1 points.
You press <<U>> and get 1 points.
You press <<U>> and get 0 points.
You press <<U>> and get 1 points.","[{'token': 'U', 'prob': 0.59375}, {'token': 'P', 'prob': 0.408203125}]",2.08092387765646e-09,4.064304448547773e-12,-0.5937499979190761,-0.4082031249959357,0,1
55,P,P,U,1,P,-0.38671875,0.3203125,0.6796875,True,"In this task, you have to repeatedly choose between two slot machines labeled U and P.
You can choose a slot machine by pressing its corresponding key.When you select one of the machines, you will win 1 or 0 points.Your goal is to choose the slot machines that will give you the most points.You will receive feedback about the outcome after making a choice.
The environment may change unpredictably, and past success does not guarantee future results. You’ll need to adapt to these changes to keep finding the better machine.You will play 1 game in total, consisting of 100 trials. Game 1:You press <<U>> and get 1 points.
You press <<U>> and get 1 points.
You press <<U>> and get 1 points.
You press <<U>> and get 0 points.
You press <<U>> and get 1 points.
You press <<U>> and get 1 points.
You press <<U>> and get 1 points.
You press <<P>> and get 0 points.
You press <<U>> and get 1 points.
You press <<U>> and get 0 points.
You press <<U>> and get 1 points.
You press <<P>> and get 1 points.
You press <<U>> and get 1 points.
You press <<P>> and get 0 points.
You press <<U>> and get 1 points.
You press <<U>> and get 1 points.
You press <<U>> and get 1 points.
You press <<U>> and get 1 points.
You press <<U>> and get 1 points.
You press <<U>> and get 1 points.
You press <<U>> and get 1 points.
You press <<U>> and get 1 points.
You press <<P>> and get 0 points.
You press <<U>> and get 1 points.
You press <<U>> and get 1 points.
You press <<U>> and get 1 points.
You press <<U>> and get 1 points.
You press <<U>> and get 1 points.
You press <<U>> and get 1 points.
You press <<U>> and get 1 points.
You press <<U>> and get 1 points.
You press <<U>> and get 1 points.
You press <<U>> and get 1 points.
You press <<U>> and get 1 points.
You press <<U>> and get 1 points.
You press <<U>> and get 1 points.
You press <<U>> and get 1 points.
You press <<U>> and get 1 points.
You press <<U>> and get 1 points.
You press <<U>> and get 1 points.
You press <<U>> and get 1 points.
You press <<U>> and get 1 points.
You press <<P>> and get 1 points.
You press <<U>> and get 1 points.
You press <<P>> and get 1 points.
You press <<U>> and get 1 points.
You press <<U>> and get 1 points.
You press <<U>> and get 1 points.
You press <<P>> and get 0 points.
You press <<U>> and get 1 points.
You press <<U>> and get 1 points.
You press <<U>> and get 1 points.
You press <<U>> and get 0 points.
You press <<U>> and get 0 points.
You press <<U>> and get 1 points.",False,,"[{'token': 'P', 'prob': 0.6796875}, {'token': 'U', 'prob': 0.3203125}]",1.7971615307033062e-09,4.519051799434237e-12,-0.32031249820283847,-0.679687499995481,,
55,P,,,1,P,-0.38671875,0.3203125,0.6796875,False,,True,"In this task, you have to repeatedly choose between two slot machines labeled U and P.
You can choose a slot machine by pressing its corresponding key.When you select one of the machines, you will win 1 or 0 points.Your goal is to choose the slot machines that will give you the most points.You will receive feedback about the outcome after making a choice.
The environment may change unpredictably, and past success does not guarantee future results. You’ll need to adapt to these changes to keep finding the better machine.You will play 1 game in total, consisting of 100 trials. Game 1:You press <<U>> and get 1 points.
You press <<U>> and get 1 points.
You press <<U>> and get 1 points.
You press <<U>> and get 0 points.
You press <<U>> and get 1 points.
You press <<U>> and get 1 points.
You press <<U>> and get 1 points.
You press <<P>> and get 0 points.
You press <<U>> and get 1 points.
You press <<U>> and get 0 points.
You press <<U>> and get 1 points.
You press <<P>> and get 1 points.
You press <<U>> and get 1 points.
You press <<P>> and get 0 points.
You press <<U>> and get 1 points.
You press <<U>> and get 1 points.
You press <<U>> and get 1 points.
You press <<U>> and get 1 points.
You press <<U>> and get 1 points.
You press <<U>> and get 1 points.
You press <<U>> and get 1 points.
You press <<U>> and get 1 points.
You press <<P>> and get 0 points.
You press <<U>> and get 1 points.
You press <<U>> and get 1 points.
You press <<U>> and get 1 points.
You press <<U>> and get 1 points.
You press <<U>> and get 1 points.
You press <<U>> and get 1 points.
You press <<U>> and get 1 points.
You press <<U>> and get 1 points.
You press <<U>> and get 1 points.
You press <<U>> and get 1 points.
You press <<U>> and get 1 points.
You press <<U>> and get 1 points.
You press <<U>> and get 1 points.
You press <<U>> and get 1 points.
You press <<U>> and get 1 points.
You press <<U>> and get 1 points.
You press <<U>> and get 1 points.
You press <<U>> and get 1 points.
You press <<U>> and get 1 points.
You press <<P>> and get 1 points.
You press <<U>> and get 1 points.
You press <<P>> and get 1 points.
You press <<U>> and get 1 points.
You press <<U>> and get 1 points.
You press <<U>> and get 1 points.
You press <<P>> and get 0 points.
You press <<U>> and get 1 points.
You press <<U>> and get 1 points.
You press <<U>> and get 1 points.
You press <<U>> and get 0 points.
You press <<U>> and get 0 points.
You press <<P>> and get 0 points.","[{'token': 'P', 'prob': 0.6796875}, {'token': 'U', 'prob': 0.3203125}]",5.209585651755333e-09,2.6489033189136535e-11,-0.32031249479041435,-0.679687499973511,1,0
56,P,P,U,1,P,-0.0986328125,0.09521484375,0.90625,True,"In this task, you have to repeatedly choose between two slot machines labeled U and P.
You can choose a slot machine by pressing its corresponding key.When you select one of the machines, you will win 1 or 0 points.Your goal is to choose the slot machines that will give you the most points.You will receive feedback about the outcome after making a choice.
The environment may change unpredictably, and past success does not guarantee future results. You’ll need to adapt to these changes to keep finding the better machine.You will play 1 game in total, consisting of 100 trials. Game 1:You press <<U>> and get 1 points.
You press <<U>> and get 1 points.
You press <<U>> and get 1 points.
You press <<U>> and get 0 points.
You press <<U>> and get 1 points.
You press <<U>> and get 1 points.
You press <<U>> and get 1 points.
You press <<P>> and get 0 points.
You press <<U>> and get 1 points.
You press <<U>> and get 0 points.
You press <<U>> and get 1 points.
You press <<P>> and get 1 points.
You press <<U>> and get 1 points.
You press <<P>> and get 0 points.
You press <<U>> and get 1 points.
You press <<U>> and get 1 points.
You press <<U>> and get 1 points.
You press <<U>> and get 1 points.
You press <<U>> and get 1 points.
You press <<U>> and get 1 points.
You press <<U>> and get 1 points.
You press <<U>> and get 1 points.
You press <<P>> and get 0 points.
You press <<U>> and get 1 points.
You press <<U>> and get 1 points.
You press <<U>> and get 1 points.
You press <<U>> and get 1 points.
You press <<U>> and get 1 points.
You press <<U>> and get 1 points.
You press <<U>> and get 1 points.
You press <<U>> and get 1 points.
You press <<U>> and get 1 points.
You press <<U>> and get 1 points.
You press <<U>> and get 1 points.
You press <<U>> and get 1 points.
You press <<U>> and get 1 points.
You press <<U>> and get 1 points.
You press <<U>> and get 1 points.
You press <<U>> and get 1 points.
You press <<U>> and get 1 points.
You press <<U>> and get 1 points.
You press <<U>> and get 1 points.
You press <<P>> and get 1 points.
You press <<U>> and get 1 points.
You press <<P>> and get 1 points.
You press <<U>> and get 1 points.
You press <<U>> and get 1 points.
You press <<U>> and get 1 points.
You press <<P>> and get 0 points.
You press <<U>> and get 1 points.
You press <<U>> and get 1 points.
You press <<U>> and get 1 points.
You press <<U>> and get 0 points.
You press <<U>> and get 0 points.
You press <<P>> and get 1 points.
You press <<U>> and get 1 points.",False,,"[{'token': 'P', 'prob': 0.90625}, {'token': 'U', 'prob': 0.09521484375}]",2.852175384759903e-09,1.028865881380625e-11,-0.09521484089782462,-0.9062499999897113,,
56,P,,,1,P,-0.0986328125,0.09521484375,0.90625,False,,True,"In this task, you have to repeatedly choose between two slot machines labeled U and P.
You can choose a slot machine by pressing its corresponding key.When you select one of the machines, you will win 1 or 0 points.Your goal is to choose the slot machines that will give you the most points.You will receive feedback about the outcome after making a choice.
The environment may change unpredictably, and past success does not guarantee future results. You’ll need to adapt to these changes to keep finding the better machine.You will play 1 game in total, consisting of 100 trials. Game 1:You press <<U>> and get 1 points.
You press <<U>> and get 1 points.
You press <<U>> and get 1 points.
You press <<U>> and get 0 points.
You press <<U>> and get 1 points.
You press <<U>> and get 1 points.
You press <<U>> and get 1 points.
You press <<P>> and get 0 points.
You press <<U>> and get 1 points.
You press <<U>> and get 0 points.
You press <<U>> and get 1 points.
You press <<P>> and get 1 points.
You press <<U>> and get 1 points.
You press <<P>> and get 0 points.
You press <<U>> and get 1 points.
You press <<U>> and get 1 points.
You press <<U>> and get 1 points.
You press <<U>> and get 1 points.
You press <<U>> and get 1 points.
You press <<U>> and get 1 points.
You press <<U>> and get 1 points.
You press <<U>> and get 1 points.
You press <<P>> and get 0 points.
You press <<U>> and get 1 points.
You press <<U>> and get 1 points.
You press <<U>> and get 1 points.
You press <<U>> and get 1 points.
You press <<U>> and get 1 points.
You press <<U>> and get 1 points.
You press <<U>> and get 1 points.
You press <<U>> and get 1 points.
You press <<U>> and get 1 points.
You press <<U>> and get 1 points.
You press <<U>> and get 1 points.
You press <<U>> and get 1 points.
You press <<U>> and get 1 points.
You press <<U>> and get 1 points.
You press <<U>> and get 1 points.
You press <<U>> and get 1 points.
You press <<U>> and get 1 points.
You press <<U>> and get 1 points.
You press <<U>> and get 1 points.
You press <<P>> and get 1 points.
You press <<U>> and get 1 points.
You press <<P>> and get 1 points.
You press <<U>> and get 1 points.
You press <<U>> and get 1 points.
You press <<U>> and get 1 points.
You press <<P>> and get 0 points.
You press <<U>> and get 1 points.
You press <<U>> and get 1 points.
You press <<U>> and get 1 points.
You press <<U>> and get 0 points.
You press <<U>> and get 0 points.
You press <<P>> and get 1 points.
You press <<P>> and get 0 points.","[{'token': 'P', 'prob': 0.90625}, {'token': 'U', 'prob': 0.09521484375}]",1.6298145055770874e-09,9.549694368615746e-12,-0.0952148421201855,-0.9062499999904503,1,0
57,P,P,U,1,P,-0.060302734375,0.06005859375,0.94140625,True,"In this task, you have to repeatedly choose between two slot machines labeled U and P.
You can choose a slot machine by pressing its corresponding key.When you select one of the machines, you will win 1 or 0 points.Your goal is to choose the slot machines that will give you the most points.You will receive feedback about the outcome after making a choice.
The environment may change unpredictably, and past success does not guarantee future results. You’ll need to adapt to these changes to keep finding the better machine.You will play 1 game in total, consisting of 100 trials. Game 1:You press <<U>> and get 1 points.
You press <<U>> and get 1 points.
You press <<U>> and get 1 points.
You press <<U>> and get 0 points.
You press <<U>> and get 1 points.
You press <<U>> and get 1 points.
You press <<U>> and get 1 points.
You press <<P>> and get 0 points.
You press <<U>> and get 1 points.
You press <<U>> and get 0 points.
You press <<U>> and get 1 points.
You press <<P>> and get 1 points.
You press <<U>> and get 1 points.
You press <<P>> and get 0 points.
You press <<U>> and get 1 points.
You press <<U>> and get 1 points.
You press <<U>> and get 1 points.
You press <<U>> and get 1 points.
You press <<U>> and get 1 points.
You press <<U>> and get 1 points.
You press <<U>> and get 1 points.
You press <<U>> and get 1 points.
You press <<P>> and get 0 points.
You press <<U>> and get 1 points.
You press <<U>> and get 1 points.
You press <<U>> and get 1 points.
You press <<U>> and get 1 points.
You press <<U>> and get 1 points.
You press <<U>> and get 1 points.
You press <<U>> and get 1 points.
You press <<U>> and get 1 points.
You press <<U>> and get 1 points.
You press <<U>> and get 1 points.
You press <<U>> and get 1 points.
You press <<U>> and get 1 points.
You press <<U>> and get 1 points.
You press <<U>> and get 1 points.
You press <<U>> and get 1 points.
You press <<U>> and get 1 points.
You press <<U>> and get 1 points.
You press <<U>> and get 1 points.
You press <<U>> and get 1 points.
You press <<P>> and get 1 points.
You press <<U>> and get 1 points.
You press <<P>> and get 1 points.
You press <<U>> and get 1 points.
You press <<U>> and get 1 points.
You press <<U>> and get 1 points.
You press <<P>> and get 0 points.
You press <<U>> and get 1 points.
You press <<U>> and get 1 points.
You press <<U>> and get 1 points.
You press <<U>> and get 0 points.
You press <<U>> and get 0 points.
You press <<P>> and get 1 points.
You press <<P>> and get 1 points.
You press <<U>> and get 1 points.",False,,"[{'token': 'P', 'prob': 0.94140625}, {'token': 'U', 'prob': 0.06005859375}]",8.09086486697197e-09,3.9335645851679146e-11,-0.06005858565913513,-0.9414062499606644,,
57,P,,,1,P,-0.060302734375,0.06005859375,0.94140625,False,,True,"In this task, you have to repeatedly choose between two slot machines labeled U and P.
You can choose a slot machine by pressing its corresponding key.When you select one of the machines, you will win 1 or 0 points.Your goal is to choose the slot machines that will give you the most points.You will receive feedback about the outcome after making a choice.
The environment may change unpredictably, and past success does not guarantee future results. You’ll need to adapt to these changes to keep finding the better machine.You will play 1 game in total, consisting of 100 trials. Game 1:You press <<U>> and get 1 points.
You press <<U>> and get 1 points.
You press <<U>> and get 1 points.
You press <<U>> and get 0 points.
You press <<U>> and get 1 points.
You press <<U>> and get 1 points.
You press <<U>> and get 1 points.
You press <<P>> and get 0 points.
You press <<U>> and get 1 points.
You press <<U>> and get 0 points.
You press <<U>> and get 1 points.
You press <<P>> and get 1 points.
You press <<U>> and get 1 points.
You press <<P>> and get 0 points.
You press <<U>> and get 1 points.
You press <<U>> and get 1 points.
You press <<U>> and get 1 points.
You press <<U>> and get 1 points.
You press <<U>> and get 1 points.
You press <<U>> and get 1 points.
You press <<U>> and get 1 points.
You press <<U>> and get 1 points.
You press <<P>> and get 0 points.
You press <<U>> and get 1 points.
You press <<U>> and get 1 points.
You press <<U>> and get 1 points.
You press <<U>> and get 1 points.
You press <<U>> and get 1 points.
You press <<U>> and get 1 points.
You press <<U>> and get 1 points.
You press <<U>> and get 1 points.
You press <<U>> and get 1 points.
You press <<U>> and get 1 points.
You press <<U>> and get 1 points.
You press <<U>> and get 1 points.
You press <<U>> and get 1 points.
You press <<U>> and get 1 points.
You press <<U>> and get 1 points.
You press <<U>> and get 1 points.
You press <<U>> and get 1 points.
You press <<U>> and get 1 points.
You press <<U>> and get 1 points.
You press <<P>> and get 1 points.
You press <<U>> and get 1 points.
You press <<P>> and get 1 points.
You press <<U>> and get 1 points.
You press <<U>> and get 1 points.
You press <<U>> and get 1 points.
You press <<P>> and get 0 points.
You press <<U>> and get 1 points.
You press <<U>> and get 1 points.
You press <<U>> and get 1 points.
You press <<U>> and get 0 points.
You press <<U>> and get 0 points.
You press <<P>> and get 1 points.
You press <<P>> and get 1 points.
You press <<P>> and get 0 points.","[{'token': 'P', 'prob': 0.94140625}, {'token': 'U', 'prob': 0.06005859375}]",2.1100277081131935e-09,9.492850949754938e-12,-0.06005859163997229,-0.9414062499905071,1,0
58,U,P,U,0,P,-3.28125,0.037353515625,0.9609375,True,"In this task, you have to repeatedly choose between two slot machines labeled U and P.
You can choose a slot machine by pressing its corresponding key.When you select one of the machines, you will win 1 or 0 points.Your goal is to choose the slot machines that will give you the most points.You will receive feedback about the outcome after making a choice.
The environment may change unpredictably, and past success does not guarantee future results. You’ll need to adapt to these changes to keep finding the better machine.You will play 1 game in total, consisting of 100 trials. Game 1:You press <<U>> and get 1 points.
You press <<U>> and get 1 points.
You press <<U>> and get 1 points.
You press <<U>> and get 0 points.
You press <<U>> and get 1 points.
You press <<U>> and get 1 points.
You press <<U>> and get 1 points.
You press <<P>> and get 0 points.
You press <<U>> and get 1 points.
You press <<U>> and get 0 points.
You press <<U>> and get 1 points.
You press <<P>> and get 1 points.
You press <<U>> and get 1 points.
You press <<P>> and get 0 points.
You press <<U>> and get 1 points.
You press <<U>> and get 1 points.
You press <<U>> and get 1 points.
You press <<U>> and get 1 points.
You press <<U>> and get 1 points.
You press <<U>> and get 1 points.
You press <<U>> and get 1 points.
You press <<U>> and get 1 points.
You press <<P>> and get 0 points.
You press <<U>> and get 1 points.
You press <<U>> and get 1 points.
You press <<U>> and get 1 points.
You press <<U>> and get 1 points.
You press <<U>> and get 1 points.
You press <<U>> and get 1 points.
You press <<U>> and get 1 points.
You press <<U>> and get 1 points.
You press <<U>> and get 1 points.
You press <<U>> and get 1 points.
You press <<U>> and get 1 points.
You press <<U>> and get 1 points.
You press <<U>> and get 1 points.
You press <<U>> and get 1 points.
You press <<U>> and get 1 points.
You press <<U>> and get 1 points.
You press <<U>> and get 1 points.
You press <<U>> and get 1 points.
You press <<U>> and get 1 points.
You press <<P>> and get 1 points.
You press <<U>> and get 1 points.
You press <<P>> and get 1 points.
You press <<U>> and get 1 points.
You press <<U>> and get 1 points.
You press <<U>> and get 1 points.
You press <<P>> and get 0 points.
You press <<U>> and get 1 points.
You press <<U>> and get 1 points.
You press <<U>> and get 1 points.
You press <<U>> and get 0 points.
You press <<U>> and get 0 points.
You press <<P>> and get 1 points.
You press <<P>> and get 1 points.
You press <<P>> and get 1 points.
You press <<U>> and get 1 points.",False,,"[{'token': 'P', 'prob': 0.9609375}, {'token': 'U', 'prob': 0.037353515625}]",1.525040715932846e-08,8.822098607197404e-11,-0.03735350037459284,-0.960937499911779,,
58,U,,,0,P,-3.28125,0.037353515625,0.9609375,False,,True,"In this task, you have to repeatedly choose between two slot machines labeled U and P.
You can choose a slot machine by pressing its corresponding key.When you select one of the machines, you will win 1 or 0 points.Your goal is to choose the slot machines that will give you the most points.You will receive feedback about the outcome after making a choice.
The environment may change unpredictably, and past success does not guarantee future results. You’ll need to adapt to these changes to keep finding the better machine.You will play 1 game in total, consisting of 100 trials. Game 1:You press <<U>> and get 1 points.
You press <<U>> and get 1 points.
You press <<U>> and get 1 points.
You press <<U>> and get 0 points.
You press <<U>> and get 1 points.
You press <<U>> and get 1 points.
You press <<U>> and get 1 points.
You press <<P>> and get 0 points.
You press <<U>> and get 1 points.
You press <<U>> and get 0 points.
You press <<U>> and get 1 points.
You press <<P>> and get 1 points.
You press <<U>> and get 1 points.
You press <<P>> and get 0 points.
You press <<U>> and get 1 points.
You press <<U>> and get 1 points.
You press <<U>> and get 1 points.
You press <<U>> and get 1 points.
You press <<U>> and get 1 points.
You press <<U>> and get 1 points.
You press <<U>> and get 1 points.
You press <<U>> and get 1 points.
You press <<P>> and get 0 points.
You press <<U>> and get 1 points.
You press <<U>> and get 1 points.
You press <<U>> and get 1 points.
You press <<U>> and get 1 points.
You press <<U>> and get 1 points.
You press <<U>> and get 1 points.
You press <<U>> and get 1 points.
You press <<U>> and get 1 points.
You press <<U>> and get 1 points.
You press <<U>> and get 1 points.
You press <<U>> and get 1 points.
You press <<U>> and get 1 points.
You press <<U>> and get 1 points.
You press <<U>> and get 1 points.
You press <<U>> and get 1 points.
You press <<U>> and get 1 points.
You press <<U>> and get 1 points.
You press <<U>> and get 1 points.
You press <<U>> and get 1 points.
You press <<P>> and get 1 points.
You press <<U>> and get 1 points.
You press <<P>> and get 1 points.
You press <<U>> and get 1 points.
You press <<U>> and get 1 points.
You press <<U>> and get 1 points.
You press <<P>> and get 0 points.
You press <<U>> and get 1 points.
You press <<U>> and get 1 points.
You press <<U>> and get 1 points.
You press <<U>> and get 0 points.
You press <<U>> and get 0 points.
You press <<P>> and get 1 points.
You press <<P>> and get 1 points.
You press <<P>> and get 1 points.
You press <<P>> and get 0 points.","[{'token': 'P', 'prob': 0.9609375}, {'token': 'U', 'prob': 0.037353515625}]",1.3460521586239338e-09,7.275957614183426e-12,-0.03735351427894784,-0.960937499992724,1,0
59,P,U,P,1,P,-0.0771484375,0.07568359375,0.92578125,True,"In this task, you have to repeatedly choose between two slot machines labeled U and P.
You can choose a slot machine by pressing its corresponding key.When you select one of the machines, you will win 1 or 0 points.Your goal is to choose the slot machines that will give you the most points.You will receive feedback about the outcome after making a choice.
The environment may change unpredictably, and past success does not guarantee future results. You’ll need to adapt to these changes to keep finding the better machine.You will play 1 game in total, consisting of 100 trials. Game 1:You press <<U>> and get 1 points.
You press <<U>> and get 1 points.
You press <<U>> and get 1 points.
You press <<U>> and get 0 points.
You press <<U>> and get 1 points.
You press <<U>> and get 1 points.
You press <<U>> and get 1 points.
You press <<P>> and get 0 points.
You press <<U>> and get 1 points.
You press <<U>> and get 0 points.
You press <<U>> and get 1 points.
You press <<P>> and get 1 points.
You press <<U>> and get 1 points.
You press <<P>> and get 0 points.
You press <<U>> and get 1 points.
You press <<U>> and get 1 points.
You press <<U>> and get 1 points.
You press <<U>> and get 1 points.
You press <<U>> and get 1 points.
You press <<U>> and get 1 points.
You press <<U>> and get 1 points.
You press <<U>> and get 1 points.
You press <<P>> and get 0 points.
You press <<U>> and get 1 points.
You press <<U>> and get 1 points.
You press <<U>> and get 1 points.
You press <<U>> and get 1 points.
You press <<U>> and get 1 points.
You press <<U>> and get 1 points.
You press <<U>> and get 1 points.
You press <<U>> and get 1 points.
You press <<U>> and get 1 points.
You press <<U>> and get 1 points.
You press <<U>> and get 1 points.
You press <<U>> and get 1 points.
You press <<U>> and get 1 points.
You press <<U>> and get 1 points.
You press <<U>> and get 1 points.
You press <<U>> and get 1 points.
You press <<U>> and get 1 points.
You press <<U>> and get 1 points.
You press <<U>> and get 1 points.
You press <<P>> and get 1 points.
You press <<U>> and get 1 points.
You press <<P>> and get 1 points.
You press <<U>> and get 1 points.
You press <<U>> and get 1 points.
You press <<U>> and get 1 points.
You press <<P>> and get 0 points.
You press <<U>> and get 1 points.
You press <<U>> and get 1 points.
You press <<U>> and get 1 points.
You press <<U>> and get 0 points.
You press <<U>> and get 0 points.
You press <<P>> and get 1 points.
You press <<P>> and get 1 points.
You press <<P>> and get 1 points.
You press <<P>> and get 1 points.
You press <<P>> and get 0 points.",False,,"[{'token': 'P', 'prob': 0.92578125}, {'token': 'U', 'prob': 0.07568359375}]",1.2441887520253658e-09,5.5138116294983774e-12,-0.07568359250581125,-0.9257812499944862,,
59,P,,,1,P,-0.0771484375,0.07568359375,0.92578125,False,,True,"In this task, you have to repeatedly choose between two slot machines labeled U and P.
You can choose a slot machine by pressing its corresponding key.When you select one of the machines, you will win 1 or 0 points.Your goal is to choose the slot machines that will give you the most points.You will receive feedback about the outcome after making a choice.
The environment may change unpredictably, and past success does not guarantee future results. You’ll need to adapt to these changes to keep finding the better machine.You will play 1 game in total, consisting of 100 trials. Game 1:You press <<U>> and get 1 points.
You press <<U>> and get 1 points.
You press <<U>> and get 1 points.
You press <<U>> and get 0 points.
You press <<U>> and get 1 points.
You press <<U>> and get 1 points.
You press <<U>> and get 1 points.
You press <<P>> and get 0 points.
You press <<U>> and get 1 points.
You press <<U>> and get 0 points.
You press <<U>> and get 1 points.
You press <<P>> and get 1 points.
You press <<U>> and get 1 points.
You press <<P>> and get 0 points.
You press <<U>> and get 1 points.
You press <<U>> and get 1 points.
You press <<U>> and get 1 points.
You press <<U>> and get 1 points.
You press <<U>> and get 1 points.
You press <<U>> and get 1 points.
You press <<U>> and get 1 points.
You press <<U>> and get 1 points.
You press <<P>> and get 0 points.
You press <<U>> and get 1 points.
You press <<U>> and get 1 points.
You press <<U>> and get 1 points.
You press <<U>> and get 1 points.
You press <<U>> and get 1 points.
You press <<U>> and get 1 points.
You press <<U>> and get 1 points.
You press <<U>> and get 1 points.
You press <<U>> and get 1 points.
You press <<U>> and get 1 points.
You press <<U>> and get 1 points.
You press <<U>> and get 1 points.
You press <<U>> and get 1 points.
You press <<U>> and get 1 points.
You press <<U>> and get 1 points.
You press <<U>> and get 1 points.
You press <<U>> and get 1 points.
You press <<U>> and get 1 points.
You press <<U>> and get 1 points.
You press <<P>> and get 1 points.
You press <<U>> and get 1 points.
You press <<P>> and get 1 points.
You press <<U>> and get 1 points.
You press <<U>> and get 1 points.
You press <<U>> and get 1 points.
You press <<P>> and get 0 points.
You press <<U>> and get 1 points.
You press <<U>> and get 1 points.
You press <<U>> and get 1 points.
You press <<U>> and get 0 points.
You press <<U>> and get 0 points.
You press <<P>> and get 1 points.
You press <<P>> and get 1 points.
You press <<P>> and get 1 points.
You press <<P>> and get 1 points.
You press <<U>> and get 1 points.","[{'token': 'P', 'prob': 0.92578125}, {'token': 'U', 'prob': 0.07568359375}]",8.905772119760513e-09,4.320099833421409e-11,-0.07568358484422788,-0.925781249956799,0,1
60,P,P,U,1,P,-0.048095703125,0.04736328125,0.953125,True,"In this task, you have to repeatedly choose between two slot machines labeled U and P.
You can choose a slot machine by pressing its corresponding key.When you select one of the machines, you will win 1 or 0 points.Your goal is to choose the slot machines that will give you the most points.You will receive feedback about the outcome after making a choice.
The environment may change unpredictably, and past success does not guarantee future results. You’ll need to adapt to these changes to keep finding the better machine.You will play 1 game in total, consisting of 100 trials. Game 1:You press <<U>> and get 1 points.
You press <<U>> and get 1 points.
You press <<U>> and get 1 points.
You press <<U>> and get 0 points.
You press <<U>> and get 1 points.
You press <<U>> and get 1 points.
You press <<U>> and get 1 points.
You press <<P>> and get 0 points.
You press <<U>> and get 1 points.
You press <<U>> and get 0 points.
You press <<U>> and get 1 points.
You press <<P>> and get 1 points.
You press <<U>> and get 1 points.
You press <<P>> and get 0 points.
You press <<U>> and get 1 points.
You press <<U>> and get 1 points.
You press <<U>> and get 1 points.
You press <<U>> and get 1 points.
You press <<U>> and get 1 points.
You press <<U>> and get 1 points.
You press <<U>> and get 1 points.
You press <<U>> and get 1 points.
You press <<P>> and get 0 points.
You press <<U>> and get 1 points.
You press <<U>> and get 1 points.
You press <<U>> and get 1 points.
You press <<U>> and get 1 points.
You press <<U>> and get 1 points.
You press <<U>> and get 1 points.
You press <<U>> and get 1 points.
You press <<U>> and get 1 points.
You press <<U>> and get 1 points.
You press <<U>> and get 1 points.
You press <<U>> and get 1 points.
You press <<U>> and get 1 points.
You press <<U>> and get 1 points.
You press <<U>> and get 1 points.
You press <<U>> and get 1 points.
You press <<U>> and get 1 points.
You press <<U>> and get 1 points.
You press <<U>> and get 1 points.
You press <<U>> and get 1 points.
You press <<P>> and get 1 points.
You press <<U>> and get 1 points.
You press <<P>> and get 1 points.
You press <<U>> and get 1 points.
You press <<U>> and get 1 points.
You press <<U>> and get 1 points.
You press <<P>> and get 0 points.
You press <<U>> and get 1 points.
You press <<U>> and get 1 points.
You press <<U>> and get 1 points.
You press <<U>> and get 0 points.
You press <<U>> and get 0 points.
You press <<P>> and get 1 points.
You press <<P>> and get 1 points.
You press <<P>> and get 1 points.
You press <<P>> and get 1 points.
You press <<U>> and get 0 points.
You press <<U>> and get 1 points.",False,,"[{'token': 'P', 'prob': 0.953125}, {'token': 'U', 'prob': 0.04736328125}]",2.939486876130104e-09,8.412825991399586e-12,-0.047363278310513124,-0.9531249999915872,,
60,P,,,1,P,-0.048095703125,0.04736328125,0.953125,False,,True,"In this task, you have to repeatedly choose between two slot machines labeled U and P.
You can choose a slot machine by pressing its corresponding key.When you select one of the machines, you will win 1 or 0 points.Your goal is to choose the slot machines that will give you the most points.You will receive feedback about the outcome after making a choice.
The environment may change unpredictably, and past success does not guarantee future results. You’ll need to adapt to these changes to keep finding the better machine.You will play 1 game in total, consisting of 100 trials. Game 1:You press <<U>> and get 1 points.
You press <<U>> and get 1 points.
You press <<U>> and get 1 points.
You press <<U>> and get 0 points.
You press <<U>> and get 1 points.
You press <<U>> and get 1 points.
You press <<U>> and get 1 points.
You press <<P>> and get 0 points.
You press <<U>> and get 1 points.
You press <<U>> and get 0 points.
You press <<U>> and get 1 points.
You press <<P>> and get 1 points.
You press <<U>> and get 1 points.
You press <<P>> and get 0 points.
You press <<U>> and get 1 points.
You press <<U>> and get 1 points.
You press <<U>> and get 1 points.
You press <<U>> and get 1 points.
You press <<U>> and get 1 points.
You press <<U>> and get 1 points.
You press <<U>> and get 1 points.
You press <<U>> and get 1 points.
You press <<P>> and get 0 points.
You press <<U>> and get 1 points.
You press <<U>> and get 1 points.
You press <<U>> and get 1 points.
You press <<U>> and get 1 points.
You press <<U>> and get 1 points.
You press <<U>> and get 1 points.
You press <<U>> and get 1 points.
You press <<U>> and get 1 points.
You press <<U>> and get 1 points.
You press <<U>> and get 1 points.
You press <<U>> and get 1 points.
You press <<U>> and get 1 points.
You press <<U>> and get 1 points.
You press <<U>> and get 1 points.
You press <<U>> and get 1 points.
You press <<U>> and get 1 points.
You press <<U>> and get 1 points.
You press <<U>> and get 1 points.
You press <<U>> and get 1 points.
You press <<P>> and get 1 points.
You press <<U>> and get 1 points.
You press <<P>> and get 1 points.
You press <<U>> and get 1 points.
You press <<U>> and get 1 points.
You press <<U>> and get 1 points.
You press <<P>> and get 0 points.
You press <<U>> and get 1 points.
You press <<U>> and get 1 points.
You press <<U>> and get 1 points.
You press <<U>> and get 0 points.
You press <<U>> and get 0 points.
You press <<P>> and get 1 points.
You press <<P>> and get 1 points.
You press <<P>> and get 1 points.
You press <<P>> and get 1 points.
You press <<U>> and get 0 points.
You press <<P>> and get 0 points.","[{'token': 'P', 'prob': 0.953125}, {'token': 'U', 'prob': 0.04736328125}]",3.41970007866621e-09,2.9103830456733704e-11,-0.04736327783029992,-0.9531249999708962,1,0
61,P,P,U,1,P,-0.03173828125,0.029296875,0.96875,True,"In this task, you have to repeatedly choose between two slot machines labeled U and P.
You can choose a slot machine by pressing its corresponding key.When you select one of the machines, you will win 1 or 0 points.Your goal is to choose the slot machines that will give you the most points.You will receive feedback about the outcome after making a choice.
The environment may change unpredictably, and past success does not guarantee future results. You’ll need to adapt to these changes to keep finding the better machine.You will play 1 game in total, consisting of 100 trials. Game 1:You press <<U>> and get 1 points.
You press <<U>> and get 1 points.
You press <<U>> and get 1 points.
You press <<U>> and get 0 points.
You press <<U>> and get 1 points.
You press <<U>> and get 1 points.
You press <<U>> and get 1 points.
You press <<P>> and get 0 points.
You press <<U>> and get 1 points.
You press <<U>> and get 0 points.
You press <<U>> and get 1 points.
You press <<P>> and get 1 points.
You press <<U>> and get 1 points.
You press <<P>> and get 0 points.
You press <<U>> and get 1 points.
You press <<U>> and get 1 points.
You press <<U>> and get 1 points.
You press <<U>> and get 1 points.
You press <<U>> and get 1 points.
You press <<U>> and get 1 points.
You press <<U>> and get 1 points.
You press <<U>> and get 1 points.
You press <<P>> and get 0 points.
You press <<U>> and get 1 points.
You press <<U>> and get 1 points.
You press <<U>> and get 1 points.
You press <<U>> and get 1 points.
You press <<U>> and get 1 points.
You press <<U>> and get 1 points.
You press <<U>> and get 1 points.
You press <<U>> and get 1 points.
You press <<U>> and get 1 points.
You press <<U>> and get 1 points.
You press <<U>> and get 1 points.
You press <<U>> and get 1 points.
You press <<U>> and get 1 points.
You press <<U>> and get 1 points.
You press <<U>> and get 1 points.
You press <<U>> and get 1 points.
You press <<U>> and get 1 points.
You press <<U>> and get 1 points.
You press <<U>> and get 1 points.
You press <<P>> and get 1 points.
You press <<U>> and get 1 points.
You press <<P>> and get 1 points.
You press <<U>> and get 1 points.
You press <<U>> and get 1 points.
You press <<U>> and get 1 points.
You press <<P>> and get 0 points.
You press <<U>> and get 1 points.
You press <<U>> and get 1 points.
You press <<U>> and get 1 points.
You press <<U>> and get 0 points.
You press <<U>> and get 0 points.
You press <<P>> and get 1 points.
You press <<P>> and get 1 points.
You press <<P>> and get 1 points.
You press <<P>> and get 1 points.
You press <<U>> and get 0 points.
You press <<P>> and get 1 points.
You press <<U>> and get 1 points.",False,,"[{'token': 'P', 'prob': 0.96875}, {'token': 'U', 'prob': 0.029296875}]",6.781192496418953e-09,3.0468072509393096e-11,-0.029296868218807504,-0.9687499999695319,,
61,P,,,1,P,-0.03173828125,0.029296875,0.96875,False,,True,"In this task, you have to repeatedly choose between two slot machines labeled U and P.
You can choose a slot machine by pressing its corresponding key.When you select one of the machines, you will win 1 or 0 points.Your goal is to choose the slot machines that will give you the most points.You will receive feedback about the outcome after making a choice.
The environment may change unpredictably, and past success does not guarantee future results. You’ll need to adapt to these changes to keep finding the better machine.You will play 1 game in total, consisting of 100 trials. Game 1:You press <<U>> and get 1 points.
You press <<U>> and get 1 points.
You press <<U>> and get 1 points.
You press <<U>> and get 0 points.
You press <<U>> and get 1 points.
You press <<U>> and get 1 points.
You press <<U>> and get 1 points.
You press <<P>> and get 0 points.
You press <<U>> and get 1 points.
You press <<U>> and get 0 points.
You press <<U>> and get 1 points.
You press <<P>> and get 1 points.
You press <<U>> and get 1 points.
You press <<P>> and get 0 points.
You press <<U>> and get 1 points.
You press <<U>> and get 1 points.
You press <<U>> and get 1 points.
You press <<U>> and get 1 points.
You press <<U>> and get 1 points.
You press <<U>> and get 1 points.
You press <<U>> and get 1 points.
You press <<U>> and get 1 points.
You press <<P>> and get 0 points.
You press <<U>> and get 1 points.
You press <<U>> and get 1 points.
You press <<U>> and get 1 points.
You press <<U>> and get 1 points.
You press <<U>> and get 1 points.
You press <<U>> and get 1 points.
You press <<U>> and get 1 points.
You press <<U>> and get 1 points.
You press <<U>> and get 1 points.
You press <<U>> and get 1 points.
You press <<U>> and get 1 points.
You press <<U>> and get 1 points.
You press <<U>> and get 1 points.
You press <<U>> and get 1 points.
You press <<U>> and get 1 points.
You press <<U>> and get 1 points.
You press <<U>> and get 1 points.
You press <<U>> and get 1 points.
You press <<U>> and get 1 points.
You press <<P>> and get 1 points.
You press <<U>> and get 1 points.
You press <<P>> and get 1 points.
You press <<U>> and get 1 points.
You press <<U>> and get 1 points.
You press <<U>> and get 1 points.
You press <<P>> and get 0 points.
You press <<U>> and get 1 points.
You press <<U>> and get 1 points.
You press <<U>> and get 1 points.
You press <<U>> and get 0 points.
You press <<U>> and get 0 points.
You press <<P>> and get 1 points.
You press <<P>> and get 1 points.
You press <<P>> and get 1 points.
You press <<P>> and get 1 points.
You press <<U>> and get 0 points.
You press <<P>> and get 1 points.
You press <<P>> and get 0 points.","[{'token': 'P', 'prob': 0.96875}, {'token': 'U', 'prob': 0.029296875}]",7.494236342608929e-10,4.462208380573429e-12,-0.029296874250576366,-0.9687499999955378,1,0
62,U,P,U,1,P,-3.28125,0.037353515625,0.9609375,True,"In this task, you have to repeatedly choose between two slot machines labeled U and P.
You can choose a slot machine by pressing its corresponding key.When you select one of the machines, you will win 1 or 0 points.Your goal is to choose the slot machines that will give you the most points.You will receive feedback about the outcome after making a choice.
The environment may change unpredictably, and past success does not guarantee future results. You’ll need to adapt to these changes to keep finding the better machine.You will play 1 game in total, consisting of 100 trials. Game 1:You press <<U>> and get 1 points.
You press <<U>> and get 1 points.
You press <<U>> and get 1 points.
You press <<U>> and get 0 points.
You press <<U>> and get 1 points.
You press <<U>> and get 1 points.
You press <<U>> and get 1 points.
You press <<P>> and get 0 points.
You press <<U>> and get 1 points.
You press <<U>> and get 0 points.
You press <<U>> and get 1 points.
You press <<P>> and get 1 points.
You press <<U>> and get 1 points.
You press <<P>> and get 0 points.
You press <<U>> and get 1 points.
You press <<U>> and get 1 points.
You press <<U>> and get 1 points.
You press <<U>> and get 1 points.
You press <<U>> and get 1 points.
You press <<U>> and get 1 points.
You press <<U>> and get 1 points.
You press <<U>> and get 1 points.
You press <<P>> and get 0 points.
You press <<U>> and get 1 points.
You press <<U>> and get 1 points.
You press <<U>> and get 1 points.
You press <<U>> and get 1 points.
You press <<U>> and get 1 points.
You press <<U>> and get 1 points.
You press <<U>> and get 1 points.
You press <<U>> and get 1 points.
You press <<U>> and get 1 points.
You press <<U>> and get 1 points.
You press <<U>> and get 1 points.
You press <<U>> and get 1 points.
You press <<U>> and get 1 points.
You press <<U>> and get 1 points.
You press <<U>> and get 1 points.
You press <<U>> and get 1 points.
You press <<U>> and get 1 points.
You press <<U>> and get 1 points.
You press <<U>> and get 1 points.
You press <<P>> and get 1 points.
You press <<U>> and get 1 points.
You press <<P>> and get 1 points.
You press <<U>> and get 1 points.
You press <<U>> and get 1 points.
You press <<U>> and get 1 points.
You press <<P>> and get 0 points.
You press <<U>> and get 1 points.
You press <<U>> and get 1 points.
You press <<U>> and get 1 points.
You press <<U>> and get 0 points.
You press <<U>> and get 0 points.
You press <<P>> and get 1 points.
You press <<P>> and get 1 points.
You press <<P>> and get 1 points.
You press <<P>> and get 1 points.
You press <<U>> and get 0 points.
You press <<P>> and get 1 points.
You press <<P>> and get 1 points.
You press <<U>> and get 1 points.",False,,"[{'token': 'P', 'prob': 0.9609375}, {'token': 'U', 'prob': 0.037353515625}]",9.546056389808655e-09,4.229150363244116e-11,-0.03735350607894361,-0.9609374999577085,,
62,U,,,1,P,-3.28125,0.037353515625,0.9609375,False,,True,"In this task, you have to repeatedly choose between two slot machines labeled U and P.
You can choose a slot machine by pressing its corresponding key.When you select one of the machines, you will win 1 or 0 points.Your goal is to choose the slot machines that will give you the most points.You will receive feedback about the outcome after making a choice.
The environment may change unpredictably, and past success does not guarantee future results. You’ll need to adapt to these changes to keep finding the better machine.You will play 1 game in total, consisting of 100 trials. Game 1:You press <<U>> and get 1 points.
You press <<U>> and get 1 points.
You press <<U>> and get 1 points.
You press <<U>> and get 0 points.
You press <<U>> and get 1 points.
You press <<U>> and get 1 points.
You press <<U>> and get 1 points.
You press <<P>> and get 0 points.
You press <<U>> and get 1 points.
You press <<U>> and get 0 points.
You press <<U>> and get 1 points.
You press <<P>> and get 1 points.
You press <<U>> and get 1 points.
You press <<P>> and get 0 points.
You press <<U>> and get 1 points.
You press <<U>> and get 1 points.
You press <<U>> and get 1 points.
You press <<U>> and get 1 points.
You press <<U>> and get 1 points.
You press <<U>> and get 1 points.
You press <<U>> and get 1 points.
You press <<U>> and get 1 points.
You press <<P>> and get 0 points.
You press <<U>> and get 1 points.
You press <<U>> and get 1 points.
You press <<U>> and get 1 points.
You press <<U>> and get 1 points.
You press <<U>> and get 1 points.
You press <<U>> and get 1 points.
You press <<U>> and get 1 points.
You press <<U>> and get 1 points.
You press <<U>> and get 1 points.
You press <<U>> and get 1 points.
You press <<U>> and get 1 points.
You press <<U>> and get 1 points.
You press <<U>> and get 1 points.
You press <<U>> and get 1 points.
You press <<U>> and get 1 points.
You press <<U>> and get 1 points.
You press <<U>> and get 1 points.
You press <<U>> and get 1 points.
You press <<U>> and get 1 points.
You press <<P>> and get 1 points.
You press <<U>> and get 1 points.
You press <<P>> and get 1 points.
You press <<U>> and get 1 points.
You press <<U>> and get 1 points.
You press <<U>> and get 1 points.
You press <<P>> and get 0 points.
You press <<U>> and get 1 points.
You press <<U>> and get 1 points.
You press <<U>> and get 1 points.
You press <<U>> and get 0 points.
You press <<U>> and get 0 points.
You press <<P>> and get 1 points.
You press <<P>> and get 1 points.
You press <<P>> and get 1 points.
You press <<P>> and get 1 points.
You press <<U>> and get 0 points.
You press <<P>> and get 1 points.
You press <<P>> and get 1 points.
You press <<P>> and get 0 points.","[{'token': 'P', 'prob': 0.9609375}, {'token': 'U', 'prob': 0.037353515625}]",7.748894859105349e-10,3.367972567502875e-12,-0.037353514850110514,-0.960937499996632,1,0
63,P,U,P,1,P,-0.283203125,0.2451171875,0.75390625,True,"In this task, you have to repeatedly choose between two slot machines labeled U and P.
You can choose a slot machine by pressing its corresponding key.When you select one of the machines, you will win 1 or 0 points.Your goal is to choose the slot machines that will give you the most points.You will receive feedback about the outcome after making a choice.
The environment may change unpredictably, and past success does not guarantee future results. You’ll need to adapt to these changes to keep finding the better machine.You will play 1 game in total, consisting of 100 trials. Game 1:You press <<U>> and get 1 points.
You press <<U>> and get 1 points.
You press <<U>> and get 1 points.
You press <<U>> and get 0 points.
You press <<U>> and get 1 points.
You press <<U>> and get 1 points.
You press <<U>> and get 1 points.
You press <<P>> and get 0 points.
You press <<U>> and get 1 points.
You press <<U>> and get 0 points.
You press <<U>> and get 1 points.
You press <<P>> and get 1 points.
You press <<U>> and get 1 points.
You press <<P>> and get 0 points.
You press <<U>> and get 1 points.
You press <<U>> and get 1 points.
You press <<U>> and get 1 points.
You press <<U>> and get 1 points.
You press <<U>> and get 1 points.
You press <<U>> and get 1 points.
You press <<U>> and get 1 points.
You press <<U>> and get 1 points.
You press <<P>> and get 0 points.
You press <<U>> and get 1 points.
You press <<U>> and get 1 points.
You press <<U>> and get 1 points.
You press <<U>> and get 1 points.
You press <<U>> and get 1 points.
You press <<U>> and get 1 points.
You press <<U>> and get 1 points.
You press <<U>> and get 1 points.
You press <<U>> and get 1 points.
You press <<U>> and get 1 points.
You press <<U>> and get 1 points.
You press <<U>> and get 1 points.
You press <<U>> and get 1 points.
You press <<U>> and get 1 points.
You press <<U>> and get 1 points.
You press <<U>> and get 1 points.
You press <<U>> and get 1 points.
You press <<U>> and get 1 points.
You press <<U>> and get 1 points.
You press <<P>> and get 1 points.
You press <<U>> and get 1 points.
You press <<P>> and get 1 points.
You press <<U>> and get 1 points.
You press <<U>> and get 1 points.
You press <<U>> and get 1 points.
You press <<P>> and get 0 points.
You press <<U>> and get 1 points.
You press <<U>> and get 1 points.
You press <<U>> and get 1 points.
You press <<U>> and get 0 points.
You press <<U>> and get 0 points.
You press <<P>> and get 1 points.
You press <<P>> and get 1 points.
You press <<P>> and get 1 points.
You press <<P>> and get 1 points.
You press <<U>> and get 0 points.
You press <<P>> and get 1 points.
You press <<P>> and get 1 points.
You press <<P>> and get 1 points.
You press <<P>> and get 1 points.",False,,"[{'token': 'P', 'prob': 0.75390625}, {'token': 'U', 'prob': 0.2451171875}]",6.002665031701326e-10,7.105427357601002e-12,-0.2451171868997335,-0.7539062499928946,,
63,P,,,1,P,-0.283203125,0.2451171875,0.75390625,False,,True,"In this task, you have to repeatedly choose between two slot machines labeled U and P.
You can choose a slot machine by pressing its corresponding key.When you select one of the machines, you will win 1 or 0 points.Your goal is to choose the slot machines that will give you the most points.You will receive feedback about the outcome after making a choice.
The environment may change unpredictably, and past success does not guarantee future results. You’ll need to adapt to these changes to keep finding the better machine.You will play 1 game in total, consisting of 100 trials. Game 1:You press <<U>> and get 1 points.
You press <<U>> and get 1 points.
You press <<U>> and get 1 points.
You press <<U>> and get 0 points.
You press <<U>> and get 1 points.
You press <<U>> and get 1 points.
You press <<U>> and get 1 points.
You press <<P>> and get 0 points.
You press <<U>> and get 1 points.
You press <<U>> and get 0 points.
You press <<U>> and get 1 points.
You press <<P>> and get 1 points.
You press <<U>> and get 1 points.
You press <<P>> and get 0 points.
You press <<U>> and get 1 points.
You press <<U>> and get 1 points.
You press <<U>> and get 1 points.
You press <<U>> and get 1 points.
You press <<U>> and get 1 points.
You press <<U>> and get 1 points.
You press <<U>> and get 1 points.
You press <<U>> and get 1 points.
You press <<P>> and get 0 points.
You press <<U>> and get 1 points.
You press <<U>> and get 1 points.
You press <<U>> and get 1 points.
You press <<U>> and get 1 points.
You press <<U>> and get 1 points.
You press <<U>> and get 1 points.
You press <<U>> and get 1 points.
You press <<U>> and get 1 points.
You press <<U>> and get 1 points.
You press <<U>> and get 1 points.
You press <<U>> and get 1 points.
You press <<U>> and get 1 points.
You press <<U>> and get 1 points.
You press <<U>> and get 1 points.
You press <<U>> and get 1 points.
You press <<U>> and get 1 points.
You press <<U>> and get 1 points.
You press <<U>> and get 1 points.
You press <<U>> and get 1 points.
You press <<P>> and get 1 points.
You press <<U>> and get 1 points.
You press <<P>> and get 1 points.
You press <<U>> and get 1 points.
You press <<U>> and get 1 points.
You press <<U>> and get 1 points.
You press <<P>> and get 0 points.
You press <<U>> and get 1 points.
You press <<U>> and get 1 points.
You press <<U>> and get 1 points.
You press <<U>> and get 0 points.
You press <<U>> and get 0 points.
You press <<P>> and get 1 points.
You press <<P>> and get 1 points.
You press <<P>> and get 1 points.
You press <<P>> and get 1 points.
You press <<U>> and get 0 points.
You press <<P>> and get 1 points.
You press <<P>> and get 1 points.
You press <<P>> and get 1 points.
You press <<U>> and get 0 points.","[{'token': 'P', 'prob': 0.75390625}, {'token': 'U', 'prob': 0.2451171875}]",4.132743924856186e-09,2.7284841053187847e-11,-0.24511718336725608,-0.7539062499727152,1,0
64,U,P,U,0,P,-1.21875,0.294921875,0.70703125,True,"In this task, you have to repeatedly choose between two slot machines labeled U and P.
You can choose a slot machine by pressing its corresponding key.When you select one of the machines, you will win 1 or 0 points.Your goal is to choose the slot machines that will give you the most points.You will receive feedback about the outcome after making a choice.
The environment may change unpredictably, and past success does not guarantee future results. You’ll need to adapt to these changes to keep finding the better machine.You will play 1 game in total, consisting of 100 trials. Game 1:You press <<U>> and get 1 points.
You press <<U>> and get 1 points.
You press <<U>> and get 1 points.
You press <<U>> and get 0 points.
You press <<U>> and get 1 points.
You press <<U>> and get 1 points.
You press <<U>> and get 1 points.
You press <<P>> and get 0 points.
You press <<U>> and get 1 points.
You press <<U>> and get 0 points.
You press <<U>> and get 1 points.
You press <<P>> and get 1 points.
You press <<U>> and get 1 points.
You press <<P>> and get 0 points.
You press <<U>> and get 1 points.
You press <<U>> and get 1 points.
You press <<U>> and get 1 points.
You press <<U>> and get 1 points.
You press <<U>> and get 1 points.
You press <<U>> and get 1 points.
You press <<U>> and get 1 points.
You press <<U>> and get 1 points.
You press <<P>> and get 0 points.
You press <<U>> and get 1 points.
You press <<U>> and get 1 points.
You press <<U>> and get 1 points.
You press <<U>> and get 1 points.
You press <<U>> and get 1 points.
You press <<U>> and get 1 points.
You press <<U>> and get 1 points.
You press <<U>> and get 1 points.
You press <<U>> and get 1 points.
You press <<U>> and get 1 points.
You press <<U>> and get 1 points.
You press <<U>> and get 1 points.
You press <<U>> and get 1 points.
You press <<U>> and get 1 points.
You press <<U>> and get 1 points.
You press <<U>> and get 1 points.
You press <<U>> and get 1 points.
You press <<U>> and get 1 points.
You press <<U>> and get 1 points.
You press <<P>> and get 1 points.
You press <<U>> and get 1 points.
You press <<P>> and get 1 points.
You press <<U>> and get 1 points.
You press <<U>> and get 1 points.
You press <<U>> and get 1 points.
You press <<P>> and get 0 points.
You press <<U>> and get 1 points.
You press <<U>> and get 1 points.
You press <<U>> and get 1 points.
You press <<U>> and get 0 points.
You press <<U>> and get 0 points.
You press <<P>> and get 1 points.
You press <<P>> and get 1 points.
You press <<P>> and get 1 points.
You press <<P>> and get 1 points.
You press <<U>> and get 0 points.
You press <<P>> and get 1 points.
You press <<P>> and get 1 points.
You press <<P>> and get 1 points.
You press <<U>> and get 1 points.
You press <<U>> and get 1 points.",False,,"[{'token': 'P', 'prob': 0.70703125}, {'token': 'U', 'prob': 0.294921875}]",1.367880031466484e-09,3.495870259939693e-12,-0.29492187363211997,-0.7070312499965041,,
64,U,,,0,P,-1.21875,0.294921875,0.70703125,False,,True,"In this task, you have to repeatedly choose between two slot machines labeled U and P.
You can choose a slot machine by pressing its corresponding key.When you select one of the machines, you will win 1 or 0 points.Your goal is to choose the slot machines that will give you the most points.You will receive feedback about the outcome after making a choice.
The environment may change unpredictably, and past success does not guarantee future results. You’ll need to adapt to these changes to keep finding the better machine.You will play 1 game in total, consisting of 100 trials. Game 1:You press <<U>> and get 1 points.
You press <<U>> and get 1 points.
You press <<U>> and get 1 points.
You press <<U>> and get 0 points.
You press <<U>> and get 1 points.
You press <<U>> and get 1 points.
You press <<U>> and get 1 points.
You press <<P>> and get 0 points.
You press <<U>> and get 1 points.
You press <<U>> and get 0 points.
You press <<U>> and get 1 points.
You press <<P>> and get 1 points.
You press <<U>> and get 1 points.
You press <<P>> and get 0 points.
You press <<U>> and get 1 points.
You press <<U>> and get 1 points.
You press <<U>> and get 1 points.
You press <<U>> and get 1 points.
You press <<U>> and get 1 points.
You press <<U>> and get 1 points.
You press <<U>> and get 1 points.
You press <<U>> and get 1 points.
You press <<P>> and get 0 points.
You press <<U>> and get 1 points.
You press <<U>> and get 1 points.
You press <<U>> and get 1 points.
You press <<U>> and get 1 points.
You press <<U>> and get 1 points.
You press <<U>> and get 1 points.
You press <<U>> and get 1 points.
You press <<U>> and get 1 points.
You press <<U>> and get 1 points.
You press <<U>> and get 1 points.
You press <<U>> and get 1 points.
You press <<U>> and get 1 points.
You press <<U>> and get 1 points.
You press <<U>> and get 1 points.
You press <<U>> and get 1 points.
You press <<U>> and get 1 points.
You press <<U>> and get 1 points.
You press <<U>> and get 1 points.
You press <<U>> and get 1 points.
You press <<P>> and get 1 points.
You press <<U>> and get 1 points.
You press <<P>> and get 1 points.
You press <<U>> and get 1 points.
You press <<U>> and get 1 points.
You press <<U>> and get 1 points.
You press <<P>> and get 0 points.
You press <<U>> and get 1 points.
You press <<U>> and get 1 points.
You press <<U>> and get 1 points.
You press <<U>> and get 0 points.
You press <<U>> and get 0 points.
You press <<P>> and get 1 points.
You press <<P>> and get 1 points.
You press <<P>> and get 1 points.
You press <<P>> and get 1 points.
You press <<U>> and get 0 points.
You press <<P>> and get 1 points.
You press <<P>> and get 1 points.
You press <<P>> and get 1 points.
You press <<U>> and get 1 points.
You press <<P>> and get 0 points.","[{'token': 'P', 'prob': 0.70703125}, {'token': 'U', 'prob': 0.294921875}]",4.045432433485985e-09,1.0800249583553523e-11,-0.29492187095456757,-0.7070312499891998,1,0
65,P,U,P,1,P,-0.12890625,0.119140625,0.87890625,True,"In this task, you have to repeatedly choose between two slot machines labeled U and P.
You can choose a slot machine by pressing its corresponding key.When you select one of the machines, you will win 1 or 0 points.Your goal is to choose the slot machines that will give you the most points.You will receive feedback about the outcome after making a choice.
The environment may change unpredictably, and past success does not guarantee future results. You’ll need to adapt to these changes to keep finding the better machine.You will play 1 game in total, consisting of 100 trials. Game 1:You press <<U>> and get 1 points.
You press <<U>> and get 1 points.
You press <<U>> and get 1 points.
You press <<U>> and get 0 points.
You press <<U>> and get 1 points.
You press <<U>> and get 1 points.
You press <<U>> and get 1 points.
You press <<P>> and get 0 points.
You press <<U>> and get 1 points.
You press <<U>> and get 0 points.
You press <<U>> and get 1 points.
You press <<P>> and get 1 points.
You press <<U>> and get 1 points.
You press <<P>> and get 0 points.
You press <<U>> and get 1 points.
You press <<U>> and get 1 points.
You press <<U>> and get 1 points.
You press <<U>> and get 1 points.
You press <<U>> and get 1 points.
You press <<U>> and get 1 points.
You press <<U>> and get 1 points.
You press <<U>> and get 1 points.
You press <<P>> and get 0 points.
You press <<U>> and get 1 points.
You press <<U>> and get 1 points.
You press <<U>> and get 1 points.
You press <<U>> and get 1 points.
You press <<U>> and get 1 points.
You press <<U>> and get 1 points.
You press <<U>> and get 1 points.
You press <<U>> and get 1 points.
You press <<U>> and get 1 points.
You press <<U>> and get 1 points.
You press <<U>> and get 1 points.
You press <<U>> and get 1 points.
You press <<U>> and get 1 points.
You press <<U>> and get 1 points.
You press <<U>> and get 1 points.
You press <<U>> and get 1 points.
You press <<U>> and get 1 points.
You press <<U>> and get 1 points.
You press <<U>> and get 1 points.
You press <<P>> and get 1 points.
You press <<U>> and get 1 points.
You press <<P>> and get 1 points.
You press <<U>> and get 1 points.
You press <<U>> and get 1 points.
You press <<U>> and get 1 points.
You press <<P>> and get 0 points.
You press <<U>> and get 1 points.
You press <<U>> and get 1 points.
You press <<U>> and get 1 points.
You press <<U>> and get 0 points.
You press <<U>> and get 0 points.
You press <<P>> and get 1 points.
You press <<P>> and get 1 points.
You press <<P>> and get 1 points.
You press <<P>> and get 1 points.
You press <<U>> and get 0 points.
You press <<P>> and get 1 points.
You press <<P>> and get 1 points.
You press <<P>> and get 1 points.
You press <<U>> and get 1 points.
You press <<P>> and get 1 points.
You press <<P>> and get 0 points.",False,,"[{'token': 'P', 'prob': 0.87890625}, {'token': 'U', 'prob': 0.119140625}]",1.2150849215686321e-09,3.979039320256561e-12,-0.11914062378491508,-0.878906249996021,,
65,P,,,1,P,-0.12890625,0.119140625,0.87890625,False,,True,"In this task, you have to repeatedly choose between two slot machines labeled U and P.
You can choose a slot machine by pressing its corresponding key.When you select one of the machines, you will win 1 or 0 points.Your goal is to choose the slot machines that will give you the most points.You will receive feedback about the outcome after making a choice.
The environment may change unpredictably, and past success does not guarantee future results. You’ll need to adapt to these changes to keep finding the better machine.You will play 1 game in total, consisting of 100 trials. Game 1:You press <<U>> and get 1 points.
You press <<U>> and get 1 points.
You press <<U>> and get 1 points.
You press <<U>> and get 0 points.
You press <<U>> and get 1 points.
You press <<U>> and get 1 points.
You press <<U>> and get 1 points.
You press <<P>> and get 0 points.
You press <<U>> and get 1 points.
You press <<U>> and get 0 points.
You press <<U>> and get 1 points.
You press <<P>> and get 1 points.
You press <<U>> and get 1 points.
You press <<P>> and get 0 points.
You press <<U>> and get 1 points.
You press <<U>> and get 1 points.
You press <<U>> and get 1 points.
You press <<U>> and get 1 points.
You press <<U>> and get 1 points.
You press <<U>> and get 1 points.
You press <<U>> and get 1 points.
You press <<U>> and get 1 points.
You press <<P>> and get 0 points.
You press <<U>> and get 1 points.
You press <<U>> and get 1 points.
You press <<U>> and get 1 points.
You press <<U>> and get 1 points.
You press <<U>> and get 1 points.
You press <<U>> and get 1 points.
You press <<U>> and get 1 points.
You press <<U>> and get 1 points.
You press <<U>> and get 1 points.
You press <<U>> and get 1 points.
You press <<U>> and get 1 points.
You press <<U>> and get 1 points.
You press <<U>> and get 1 points.
You press <<U>> and get 1 points.
You press <<U>> and get 1 points.
You press <<U>> and get 1 points.
You press <<U>> and get 1 points.
You press <<U>> and get 1 points.
You press <<U>> and get 1 points.
You press <<P>> and get 1 points.
You press <<U>> and get 1 points.
You press <<P>> and get 1 points.
You press <<U>> and get 1 points.
You press <<U>> and get 1 points.
You press <<U>> and get 1 points.
You press <<P>> and get 0 points.
You press <<U>> and get 1 points.
You press <<U>> and get 1 points.
You press <<U>> and get 1 points.
You press <<U>> and get 0 points.
You press <<U>> and get 0 points.
You press <<P>> and get 1 points.
You press <<P>> and get 1 points.
You press <<P>> and get 1 points.
You press <<P>> and get 1 points.
You press <<U>> and get 0 points.
You press <<P>> and get 1 points.
You press <<P>> and get 1 points.
You press <<P>> and get 1 points.
You press <<U>> and get 1 points.
You press <<P>> and get 1 points.
You press <<U>> and get 1 points.","[{'token': 'P', 'prob': 0.87890625}, {'token': 'U', 'prob': 0.119140625}]",2.561137080192566e-09,1.432454155292362e-11,-0.11914062243886292,-0.8789062499856755,0,1
66,P,P,U,1,P,-0.1611328125,0.1484375,0.8515625,True,"In this task, you have to repeatedly choose between two slot machines labeled U and P.
You can choose a slot machine by pressing its corresponding key.When you select one of the machines, you will win 1 or 0 points.Your goal is to choose the slot machines that will give you the most points.You will receive feedback about the outcome after making a choice.
The environment may change unpredictably, and past success does not guarantee future results. You’ll need to adapt to these changes to keep finding the better machine.You will play 1 game in total, consisting of 100 trials. Game 1:You press <<U>> and get 1 points.
You press <<U>> and get 1 points.
You press <<U>> and get 1 points.
You press <<U>> and get 0 points.
You press <<U>> and get 1 points.
You press <<U>> and get 1 points.
You press <<U>> and get 1 points.
You press <<P>> and get 0 points.
You press <<U>> and get 1 points.
You press <<U>> and get 0 points.
You press <<U>> and get 1 points.
You press <<P>> and get 1 points.
You press <<U>> and get 1 points.
You press <<P>> and get 0 points.
You press <<U>> and get 1 points.
You press <<U>> and get 1 points.
You press <<U>> and get 1 points.
You press <<U>> and get 1 points.
You press <<U>> and get 1 points.
You press <<U>> and get 1 points.
You press <<U>> and get 1 points.
You press <<U>> and get 1 points.
You press <<P>> and get 0 points.
You press <<U>> and get 1 points.
You press <<U>> and get 1 points.
You press <<U>> and get 1 points.
You press <<U>> and get 1 points.
You press <<U>> and get 1 points.
You press <<U>> and get 1 points.
You press <<U>> and get 1 points.
You press <<U>> and get 1 points.
You press <<U>> and get 1 points.
You press <<U>> and get 1 points.
You press <<U>> and get 1 points.
You press <<U>> and get 1 points.
You press <<U>> and get 1 points.
You press <<U>> and get 1 points.
You press <<U>> and get 1 points.
You press <<U>> and get 1 points.
You press <<U>> and get 1 points.
You press <<U>> and get 1 points.
You press <<U>> and get 1 points.
You press <<P>> and get 1 points.
You press <<U>> and get 1 points.
You press <<P>> and get 1 points.
You press <<U>> and get 1 points.
You press <<U>> and get 1 points.
You press <<U>> and get 1 points.
You press <<P>> and get 0 points.
You press <<U>> and get 1 points.
You press <<U>> and get 1 points.
You press <<U>> and get 1 points.
You press <<U>> and get 0 points.
You press <<U>> and get 0 points.
You press <<P>> and get 1 points.
You press <<P>> and get 1 points.
You press <<P>> and get 1 points.
You press <<P>> and get 1 points.
You press <<U>> and get 0 points.
You press <<P>> and get 1 points.
You press <<P>> and get 1 points.
You press <<P>> and get 1 points.
You press <<U>> and get 1 points.
You press <<P>> and get 1 points.
You press <<U>> and get 0 points.
You press <<U>> and get 1 points.",False,,"[{'token': 'P', 'prob': 0.8515625}, {'token': 'U', 'prob': 0.1484375}]",1.709850039333105e-09,4.575895218295045e-12,-0.14843749829014996,-0.8515624999954241,,
66,P,,,1,P,-0.1611328125,0.1484375,0.8515625,False,,True,"In this task, you have to repeatedly choose between two slot machines labeled U and P.
You can choose a slot machine by pressing its corresponding key.When you select one of the machines, you will win 1 or 0 points.Your goal is to choose the slot machines that will give you the most points.You will receive feedback about the outcome after making a choice.
The environment may change unpredictably, and past success does not guarantee future results. You’ll need to adapt to these changes to keep finding the better machine.You will play 1 game in total, consisting of 100 trials. Game 1:You press <<U>> and get 1 points.
You press <<U>> and get 1 points.
You press <<U>> and get 1 points.
You press <<U>> and get 0 points.
You press <<U>> and get 1 points.
You press <<U>> and get 1 points.
You press <<U>> and get 1 points.
You press <<P>> and get 0 points.
You press <<U>> and get 1 points.
You press <<U>> and get 0 points.
You press <<U>> and get 1 points.
You press <<P>> and get 1 points.
You press <<U>> and get 1 points.
You press <<P>> and get 0 points.
You press <<U>> and get 1 points.
You press <<U>> and get 1 points.
You press <<U>> and get 1 points.
You press <<U>> and get 1 points.
You press <<U>> and get 1 points.
You press <<U>> and get 1 points.
You press <<U>> and get 1 points.
You press <<U>> and get 1 points.
You press <<P>> and get 0 points.
You press <<U>> and get 1 points.
You press <<U>> and get 1 points.
You press <<U>> and get 1 points.
You press <<U>> and get 1 points.
You press <<U>> and get 1 points.
You press <<U>> and get 1 points.
You press <<U>> and get 1 points.
You press <<U>> and get 1 points.
You press <<U>> and get 1 points.
You press <<U>> and get 1 points.
You press <<U>> and get 1 points.
You press <<U>> and get 1 points.
You press <<U>> and get 1 points.
You press <<U>> and get 1 points.
You press <<U>> and get 1 points.
You press <<U>> and get 1 points.
You press <<U>> and get 1 points.
You press <<U>> and get 1 points.
You press <<U>> and get 1 points.
You press <<P>> and get 1 points.
You press <<U>> and get 1 points.
You press <<P>> and get 1 points.
You press <<U>> and get 1 points.
You press <<U>> and get 1 points.
You press <<U>> and get 1 points.
You press <<P>> and get 0 points.
You press <<U>> and get 1 points.
You press <<U>> and get 1 points.
You press <<U>> and get 1 points.
You press <<U>> and get 0 points.
You press <<U>> and get 0 points.
You press <<P>> and get 1 points.
You press <<P>> and get 1 points.
You press <<P>> and get 1 points.
You press <<P>> and get 1 points.
You press <<U>> and get 0 points.
You press <<P>> and get 1 points.
You press <<P>> and get 1 points.
You press <<P>> and get 1 points.
You press <<U>> and get 1 points.
You press <<P>> and get 1 points.
You press <<U>> and get 0 points.
You press <<P>> and get 0 points.","[{'token': 'P', 'prob': 0.8515625}, {'token': 'U', 'prob': 0.1484375}]",6.9267116487026215e-09,3.637978807091713e-11,-0.14843749307328835,-0.8515624999636202,1,0
67,P,P,U,1,P,-0.1611328125,0.1484375,0.8515625,True,"In this task, you have to repeatedly choose between two slot machines labeled U and P.
You can choose a slot machine by pressing its corresponding key.When you select one of the machines, you will win 1 or 0 points.Your goal is to choose the slot machines that will give you the most points.You will receive feedback about the outcome after making a choice.
The environment may change unpredictably, and past success does not guarantee future results. You’ll need to adapt to these changes to keep finding the better machine.You will play 1 game in total, consisting of 100 trials. Game 1:You press <<U>> and get 1 points.
You press <<U>> and get 1 points.
You press <<U>> and get 1 points.
You press <<U>> and get 0 points.
You press <<U>> and get 1 points.
You press <<U>> and get 1 points.
You press <<U>> and get 1 points.
You press <<P>> and get 0 points.
You press <<U>> and get 1 points.
You press <<U>> and get 0 points.
You press <<U>> and get 1 points.
You press <<P>> and get 1 points.
You press <<U>> and get 1 points.
You press <<P>> and get 0 points.
You press <<U>> and get 1 points.
You press <<U>> and get 1 points.
You press <<U>> and get 1 points.
You press <<U>> and get 1 points.
You press <<U>> and get 1 points.
You press <<U>> and get 1 points.
You press <<U>> and get 1 points.
You press <<U>> and get 1 points.
You press <<P>> and get 0 points.
You press <<U>> and get 1 points.
You press <<U>> and get 1 points.
You press <<U>> and get 1 points.
You press <<U>> and get 1 points.
You press <<U>> and get 1 points.
You press <<U>> and get 1 points.
You press <<U>> and get 1 points.
You press <<U>> and get 1 points.
You press <<U>> and get 1 points.
You press <<U>> and get 1 points.
You press <<U>> and get 1 points.
You press <<U>> and get 1 points.
You press <<U>> and get 1 points.
You press <<U>> and get 1 points.
You press <<U>> and get 1 points.
You press <<U>> and get 1 points.
You press <<U>> and get 1 points.
You press <<U>> and get 1 points.
You press <<U>> and get 1 points.
You press <<P>> and get 1 points.
You press <<U>> and get 1 points.
You press <<P>> and get 1 points.
You press <<U>> and get 1 points.
You press <<U>> and get 1 points.
You press <<U>> and get 1 points.
You press <<P>> and get 0 points.
You press <<U>> and get 1 points.
You press <<U>> and get 1 points.
You press <<U>> and get 1 points.
You press <<U>> and get 0 points.
You press <<U>> and get 0 points.
You press <<P>> and get 1 points.
You press <<P>> and get 1 points.
You press <<P>> and get 1 points.
You press <<P>> and get 1 points.
You press <<U>> and get 0 points.
You press <<P>> and get 1 points.
You press <<P>> and get 1 points.
You press <<P>> and get 1 points.
You press <<U>> and get 1 points.
You press <<P>> and get 1 points.
You press <<U>> and get 0 points.
You press <<P>> and get 1 points.
You press <<U>> and get 1 points.",False,,"[{'token': 'P', 'prob': 0.8515625}, {'token': 'U', 'prob': 0.1484375}]",2.3865140974521637e-09,9.208633855450898e-12,-0.1484374976134859,-0.8515624999907914,,
67,P,,,1,P,-0.1611328125,0.1484375,0.8515625,False,,True,"In this task, you have to repeatedly choose between two slot machines labeled U and P.
You can choose a slot machine by pressing its corresponding key.When you select one of the machines, you will win 1 or 0 points.Your goal is to choose the slot machines that will give you the most points.You will receive feedback about the outcome after making a choice.
The environment may change unpredictably, and past success does not guarantee future results. You’ll need to adapt to these changes to keep finding the better machine.You will play 1 game in total, consisting of 100 trials. Game 1:You press <<U>> and get 1 points.
You press <<U>> and get 1 points.
You press <<U>> and get 1 points.
You press <<U>> and get 0 points.
You press <<U>> and get 1 points.
You press <<U>> and get 1 points.
You press <<U>> and get 1 points.
You press <<P>> and get 0 points.
You press <<U>> and get 1 points.
You press <<U>> and get 0 points.
You press <<U>> and get 1 points.
You press <<P>> and get 1 points.
You press <<U>> and get 1 points.
You press <<P>> and get 0 points.
You press <<U>> and get 1 points.
You press <<U>> and get 1 points.
You press <<U>> and get 1 points.
You press <<U>> and get 1 points.
You press <<U>> and get 1 points.
You press <<U>> and get 1 points.
You press <<U>> and get 1 points.
You press <<U>> and get 1 points.
You press <<P>> and get 0 points.
You press <<U>> and get 1 points.
You press <<U>> and get 1 points.
You press <<U>> and get 1 points.
You press <<U>> and get 1 points.
You press <<U>> and get 1 points.
You press <<U>> and get 1 points.
You press <<U>> and get 1 points.
You press <<U>> and get 1 points.
You press <<U>> and get 1 points.
You press <<U>> and get 1 points.
You press <<U>> and get 1 points.
You press <<U>> and get 1 points.
You press <<U>> and get 1 points.
You press <<U>> and get 1 points.
You press <<U>> and get 1 points.
You press <<U>> and get 1 points.
You press <<U>> and get 1 points.
You press <<U>> and get 1 points.
You press <<U>> and get 1 points.
You press <<P>> and get 1 points.
You press <<U>> and get 1 points.
You press <<P>> and get 1 points.
You press <<U>> and get 1 points.
You press <<U>> and get 1 points.
You press <<U>> and get 1 points.
You press <<P>> and get 0 points.
You press <<U>> and get 1 points.
You press <<U>> and get 1 points.
You press <<U>> and get 1 points.
You press <<U>> and get 0 points.
You press <<U>> and get 0 points.
You press <<P>> and get 1 points.
You press <<P>> and get 1 points.
You press <<P>> and get 1 points.
You press <<P>> and get 1 points.
You press <<U>> and get 0 points.
You press <<P>> and get 1 points.
You press <<P>> and get 1 points.
You press <<P>> and get 1 points.
You press <<U>> and get 1 points.
You press <<P>> and get 1 points.
You press <<U>> and get 0 points.
You press <<P>> and get 1 points.
You press <<P>> and get 0 points.","[{'token': 'P', 'prob': 0.8515625}, {'token': 'U', 'prob': 0.1484375}]",1.1059455573558807e-09,4.064304448547773e-12,-0.14843749889405444,-0.8515624999959357,1,0
68,P,P,U,1,P,-0.12890625,0.119140625,0.87890625,True,"In this task, you have to repeatedly choose between two slot machines labeled U and P.
You can choose a slot machine by pressing its corresponding key.When you select one of the machines, you will win 1 or 0 points.Your goal is to choose the slot machines that will give you the most points.You will receive feedback about the outcome after making a choice.
The environment may change unpredictably, and past success does not guarantee future results. You’ll need to adapt to these changes to keep finding the better machine.You will play 1 game in total, consisting of 100 trials. Game 1:You press <<U>> and get 1 points.
You press <<U>> and get 1 points.
You press <<U>> and get 1 points.
You press <<U>> and get 0 points.
You press <<U>> and get 1 points.
You press <<U>> and get 1 points.
You press <<U>> and get 1 points.
You press <<P>> and get 0 points.
You press <<U>> and get 1 points.
You press <<U>> and get 0 points.
You press <<U>> and get 1 points.
You press <<P>> and get 1 points.
You press <<U>> and get 1 points.
You press <<P>> and get 0 points.
You press <<U>> and get 1 points.
You press <<U>> and get 1 points.
You press <<U>> and get 1 points.
You press <<U>> and get 1 points.
You press <<U>> and get 1 points.
You press <<U>> and get 1 points.
You press <<U>> and get 1 points.
You press <<U>> and get 1 points.
You press <<P>> and get 0 points.
You press <<U>> and get 1 points.
You press <<U>> and get 1 points.
You press <<U>> and get 1 points.
You press <<U>> and get 1 points.
You press <<U>> and get 1 points.
You press <<U>> and get 1 points.
You press <<U>> and get 1 points.
You press <<U>> and get 1 points.
You press <<U>> and get 1 points.
You press <<U>> and get 1 points.
You press <<U>> and get 1 points.
You press <<U>> and get 1 points.
You press <<U>> and get 1 points.
You press <<U>> and get 1 points.
You press <<U>> and get 1 points.
You press <<U>> and get 1 points.
You press <<U>> and get 1 points.
You press <<U>> and get 1 points.
You press <<U>> and get 1 points.
You press <<P>> and get 1 points.
You press <<U>> and get 1 points.
You press <<P>> and get 1 points.
You press <<U>> and get 1 points.
You press <<U>> and get 1 points.
You press <<U>> and get 1 points.
You press <<P>> and get 0 points.
You press <<U>> and get 1 points.
You press <<U>> and get 1 points.
You press <<U>> and get 1 points.
You press <<U>> and get 0 points.
You press <<U>> and get 0 points.
You press <<P>> and get 1 points.
You press <<P>> and get 1 points.
You press <<P>> and get 1 points.
You press <<P>> and get 1 points.
You press <<U>> and get 0 points.
You press <<P>> and get 1 points.
You press <<P>> and get 1 points.
You press <<P>> and get 1 points.
You press <<U>> and get 1 points.
You press <<P>> and get 1 points.
You press <<U>> and get 0 points.
You press <<P>> and get 1 points.
You press <<P>> and get 1 points.
You press <<U>> and get 1 points.",False,,"[{'token': 'P', 'prob': 0.87890625}, {'token': 'U', 'prob': 0.119140625}]",3.346940502524376e-09,1.5234036254696548e-11,-0.1191406216530595,-0.878906249984766,,
68,P,,,1,P,-0.12890625,0.119140625,0.87890625,False,,True,"In this task, you have to repeatedly choose between two slot machines labeled U and P.
You can choose a slot machine by pressing its corresponding key.When you select one of the machines, you will win 1 or 0 points.Your goal is to choose the slot machines that will give you the most points.You will receive feedback about the outcome after making a choice.
The environment may change unpredictably, and past success does not guarantee future results. You’ll need to adapt to these changes to keep finding the better machine.You will play 1 game in total, consisting of 100 trials. Game 1:You press <<U>> and get 1 points.
You press <<U>> and get 1 points.
You press <<U>> and get 1 points.
You press <<U>> and get 0 points.
You press <<U>> and get 1 points.
You press <<U>> and get 1 points.
You press <<U>> and get 1 points.
You press <<P>> and get 0 points.
You press <<U>> and get 1 points.
You press <<U>> and get 0 points.
You press <<U>> and get 1 points.
You press <<P>> and get 1 points.
You press <<U>> and get 1 points.
You press <<P>> and get 0 points.
You press <<U>> and get 1 points.
You press <<U>> and get 1 points.
You press <<U>> and get 1 points.
You press <<U>> and get 1 points.
You press <<U>> and get 1 points.
You press <<U>> and get 1 points.
You press <<U>> and get 1 points.
You press <<U>> and get 1 points.
You press <<P>> and get 0 points.
You press <<U>> and get 1 points.
You press <<U>> and get 1 points.
You press <<U>> and get 1 points.
You press <<U>> and get 1 points.
You press <<U>> and get 1 points.
You press <<U>> and get 1 points.
You press <<U>> and get 1 points.
You press <<U>> and get 1 points.
You press <<U>> and get 1 points.
You press <<U>> and get 1 points.
You press <<U>> and get 1 points.
You press <<U>> and get 1 points.
You press <<U>> and get 1 points.
You press <<U>> and get 1 points.
You press <<U>> and get 1 points.
You press <<U>> and get 1 points.
You press <<U>> and get 1 points.
You press <<U>> and get 1 points.
You press <<U>> and get 1 points.
You press <<P>> and get 1 points.
You press <<U>> and get 1 points.
You press <<P>> and get 1 points.
You press <<U>> and get 1 points.
You press <<U>> and get 1 points.
You press <<U>> and get 1 points.
You press <<P>> and get 0 points.
You press <<U>> and get 1 points.
You press <<U>> and get 1 points.
You press <<U>> and get 1 points.
You press <<U>> and get 0 points.
You press <<U>> and get 0 points.
You press <<P>> and get 1 points.
You press <<P>> and get 1 points.
You press <<P>> and get 1 points.
You press <<P>> and get 1 points.
You press <<U>> and get 0 points.
You press <<P>> and get 1 points.
You press <<P>> and get 1 points.
You press <<P>> and get 1 points.
You press <<U>> and get 1 points.
You press <<P>> and get 1 points.
You press <<U>> and get 0 points.
You press <<P>> and get 1 points.
You press <<P>> and get 1 points.
You press <<P>> and get 0 points.","[{'token': 'P', 'prob': 0.87890625}, {'token': 'U', 'prob': 0.119140625}]",1.2514647096395493e-09,5.5990767577895895e-12,-0.11914062374853529,-0.8789062499944009,1,0
69,P,P,U,1,P,-0.12890625,0.119140625,0.87890625,True,"In this task, you have to repeatedly choose between two slot machines labeled U and P.
You can choose a slot machine by pressing its corresponding key.When you select one of the machines, you will win 1 or 0 points.Your goal is to choose the slot machines that will give you the most points.You will receive feedback about the outcome after making a choice.
The environment may change unpredictably, and past success does not guarantee future results. You’ll need to adapt to these changes to keep finding the better machine.You will play 1 game in total, consisting of 100 trials. Game 1:You press <<U>> and get 1 points.
You press <<U>> and get 1 points.
You press <<U>> and get 1 points.
You press <<U>> and get 0 points.
You press <<U>> and get 1 points.
You press <<U>> and get 1 points.
You press <<U>> and get 1 points.
You press <<P>> and get 0 points.
You press <<U>> and get 1 points.
You press <<U>> and get 0 points.
You press <<U>> and get 1 points.
You press <<P>> and get 1 points.
You press <<U>> and get 1 points.
You press <<P>> and get 0 points.
You press <<U>> and get 1 points.
You press <<U>> and get 1 points.
You press <<U>> and get 1 points.
You press <<U>> and get 1 points.
You press <<U>> and get 1 points.
You press <<U>> and get 1 points.
You press <<U>> and get 1 points.
You press <<U>> and get 1 points.
You press <<P>> and get 0 points.
You press <<U>> and get 1 points.
You press <<U>> and get 1 points.
You press <<U>> and get 1 points.
You press <<U>> and get 1 points.
You press <<U>> and get 1 points.
You press <<U>> and get 1 points.
You press <<U>> and get 1 points.
You press <<U>> and get 1 points.
You press <<U>> and get 1 points.
You press <<U>> and get 1 points.
You press <<U>> and get 1 points.
You press <<U>> and get 1 points.
You press <<U>> and get 1 points.
You press <<U>> and get 1 points.
You press <<U>> and get 1 points.
You press <<U>> and get 1 points.
You press <<U>> and get 1 points.
You press <<U>> and get 1 points.
You press <<U>> and get 1 points.
You press <<P>> and get 1 points.
You press <<U>> and get 1 points.
You press <<P>> and get 1 points.
You press <<U>> and get 1 points.
You press <<U>> and get 1 points.
You press <<U>> and get 1 points.
You press <<P>> and get 0 points.
You press <<U>> and get 1 points.
You press <<U>> and get 1 points.
You press <<U>> and get 1 points.
You press <<U>> and get 0 points.
You press <<U>> and get 0 points.
You press <<P>> and get 1 points.
You press <<P>> and get 1 points.
You press <<P>> and get 1 points.
You press <<P>> and get 1 points.
You press <<U>> and get 0 points.
You press <<P>> and get 1 points.
You press <<P>> and get 1 points.
You press <<P>> and get 1 points.
You press <<U>> and get 1 points.
You press <<P>> and get 1 points.
You press <<U>> and get 0 points.
You press <<P>> and get 1 points.
You press <<P>> and get 1 points.
You press <<P>> and get 1 points.
You press <<U>> and get 1 points.",False,,"[{'token': 'P', 'prob': 0.87890625}, {'token': 'U', 'prob': 0.119140625}]",4.336470738053322e-09,2.2282620193436742e-11,-0.11914062066352926,-0.8789062499777174,,
69,P,,,1,P,-0.12890625,0.119140625,0.87890625,False,,True,"In this task, you have to repeatedly choose between two slot machines labeled U and P.
You can choose a slot machine by pressing its corresponding key.When you select one of the machines, you will win 1 or 0 points.Your goal is to choose the slot machines that will give you the most points.You will receive feedback about the outcome after making a choice.
The environment may change unpredictably, and past success does not guarantee future results. You’ll need to adapt to these changes to keep finding the better machine.You will play 1 game in total, consisting of 100 trials. Game 1:You press <<U>> and get 1 points.
You press <<U>> and get 1 points.
You press <<U>> and get 1 points.
You press <<U>> and get 0 points.
You press <<U>> and get 1 points.
You press <<U>> and get 1 points.
You press <<U>> and get 1 points.
You press <<P>> and get 0 points.
You press <<U>> and get 1 points.
You press <<U>> and get 0 points.
You press <<U>> and get 1 points.
You press <<P>> and get 1 points.
You press <<U>> and get 1 points.
You press <<P>> and get 0 points.
You press <<U>> and get 1 points.
You press <<U>> and get 1 points.
You press <<U>> and get 1 points.
You press <<U>> and get 1 points.
You press <<U>> and get 1 points.
You press <<U>> and get 1 points.
You press <<U>> and get 1 points.
You press <<U>> and get 1 points.
You press <<P>> and get 0 points.
You press <<U>> and get 1 points.
You press <<U>> and get 1 points.
You press <<U>> and get 1 points.
You press <<U>> and get 1 points.
You press <<U>> and get 1 points.
You press <<U>> and get 1 points.
You press <<U>> and get 1 points.
You press <<U>> and get 1 points.
You press <<U>> and get 1 points.
You press <<U>> and get 1 points.
You press <<U>> and get 1 points.
You press <<U>> and get 1 points.
You press <<U>> and get 1 points.
You press <<U>> and get 1 points.
You press <<U>> and get 1 points.
You press <<U>> and get 1 points.
You press <<U>> and get 1 points.
You press <<U>> and get 1 points.
You press <<U>> and get 1 points.
You press <<P>> and get 1 points.
You press <<U>> and get 1 points.
You press <<P>> and get 1 points.
You press <<U>> and get 1 points.
You press <<U>> and get 1 points.
You press <<U>> and get 1 points.
You press <<P>> and get 0 points.
You press <<U>> and get 1 points.
You press <<U>> and get 1 points.
You press <<U>> and get 1 points.
You press <<U>> and get 0 points.
You press <<U>> and get 0 points.
You press <<P>> and get 1 points.
You press <<P>> and get 1 points.
You press <<P>> and get 1 points.
You press <<P>> and get 1 points.
You press <<U>> and get 0 points.
You press <<P>> and get 1 points.
You press <<P>> and get 1 points.
You press <<P>> and get 1 points.
You press <<U>> and get 1 points.
You press <<P>> and get 1 points.
You press <<U>> and get 0 points.
You press <<P>> and get 1 points.
You press <<P>> and get 1 points.
You press <<P>> and get 1 points.
You press <<P>> and get 0 points.","[{'token': 'P', 'prob': 0.87890625}, {'token': 'U', 'prob': 0.119140625}]",1.1714291758835316e-09,4.092726157978177e-12,-0.11914062382857082,-0.8789062499959073,1,0
70,P,P,U,1,P,-0.0986328125,0.09521484375,0.90625,True,"In this task, you have to repeatedly choose between two slot machines labeled U and P.
You can choose a slot machine by pressing its corresponding key.When you select one of the machines, you will win 1 or 0 points.Your goal is to choose the slot machines that will give you the most points.You will receive feedback about the outcome after making a choice.
The environment may change unpredictably, and past success does not guarantee future results. You’ll need to adapt to these changes to keep finding the better machine.You will play 1 game in total, consisting of 100 trials. Game 1:You press <<U>> and get 1 points.
You press <<U>> and get 1 points.
You press <<U>> and get 1 points.
You press <<U>> and get 0 points.
You press <<U>> and get 1 points.
You press <<U>> and get 1 points.
You press <<U>> and get 1 points.
You press <<P>> and get 0 points.
You press <<U>> and get 1 points.
You press <<U>> and get 0 points.
You press <<U>> and get 1 points.
You press <<P>> and get 1 points.
You press <<U>> and get 1 points.
You press <<P>> and get 0 points.
You press <<U>> and get 1 points.
You press <<U>> and get 1 points.
You press <<U>> and get 1 points.
You press <<U>> and get 1 points.
You press <<U>> and get 1 points.
You press <<U>> and get 1 points.
You press <<U>> and get 1 points.
You press <<U>> and get 1 points.
You press <<P>> and get 0 points.
You press <<U>> and get 1 points.
You press <<U>> and get 1 points.
You press <<U>> and get 1 points.
You press <<U>> and get 1 points.
You press <<U>> and get 1 points.
You press <<U>> and get 1 points.
You press <<U>> and get 1 points.
You press <<U>> and get 1 points.
You press <<U>> and get 1 points.
You press <<U>> and get 1 points.
You press <<U>> and get 1 points.
You press <<U>> and get 1 points.
You press <<U>> and get 1 points.
You press <<U>> and get 1 points.
You press <<U>> and get 1 points.
You press <<U>> and get 1 points.
You press <<U>> and get 1 points.
You press <<U>> and get 1 points.
You press <<U>> and get 1 points.
You press <<P>> and get 1 points.
You press <<U>> and get 1 points.
You press <<P>> and get 1 points.
You press <<U>> and get 1 points.
You press <<U>> and get 1 points.
You press <<U>> and get 1 points.
You press <<P>> and get 0 points.
You press <<U>> and get 1 points.
You press <<U>> and get 1 points.
You press <<U>> and get 1 points.
You press <<U>> and get 0 points.
You press <<U>> and get 0 points.
You press <<P>> and get 1 points.
You press <<P>> and get 1 points.
You press <<P>> and get 1 points.
You press <<P>> and get 1 points.
You press <<U>> and get 0 points.
You press <<P>> and get 1 points.
You press <<P>> and get 1 points.
You press <<P>> and get 1 points.
You press <<U>> and get 1 points.
You press <<P>> and get 1 points.
You press <<U>> and get 0 points.
You press <<P>> and get 1 points.
You press <<P>> and get 1 points.
You press <<P>> and get 1 points.
You press <<P>> and get 1 points.
You press <<U>> and get 1 points.",False,,"[{'token': 'P', 'prob': 0.90625}, {'token': 'U', 'prob': 0.09521484375}]",6.4319465309381485e-09,3.228706191293895e-11,-0.09521483731805347,-0.9062499999677129,,
70,P,,,1,P,-0.0986328125,0.09521484375,0.90625,False,,True,"In this task, you have to repeatedly choose between two slot machines labeled U and P.
You can choose a slot machine by pressing its corresponding key.When you select one of the machines, you will win 1 or 0 points.Your goal is to choose the slot machines that will give you the most points.You will receive feedback about the outcome after making a choice.
The environment may change unpredictably, and past success does not guarantee future results. You’ll need to adapt to these changes to keep finding the better machine.You will play 1 game in total, consisting of 100 trials. Game 1:You press <<U>> and get 1 points.
You press <<U>> and get 1 points.
You press <<U>> and get 1 points.
You press <<U>> and get 0 points.
You press <<U>> and get 1 points.
You press <<U>> and get 1 points.
You press <<U>> and get 1 points.
You press <<P>> and get 0 points.
You press <<U>> and get 1 points.
You press <<U>> and get 0 points.
You press <<U>> and get 1 points.
You press <<P>> and get 1 points.
You press <<U>> and get 1 points.
You press <<P>> and get 0 points.
You press <<U>> and get 1 points.
You press <<U>> and get 1 points.
You press <<U>> and get 1 points.
You press <<U>> and get 1 points.
You press <<U>> and get 1 points.
You press <<U>> and get 1 points.
You press <<U>> and get 1 points.
You press <<U>> and get 1 points.
You press <<P>> and get 0 points.
You press <<U>> and get 1 points.
You press <<U>> and get 1 points.
You press <<U>> and get 1 points.
You press <<U>> and get 1 points.
You press <<U>> and get 1 points.
You press <<U>> and get 1 points.
You press <<U>> and get 1 points.
You press <<U>> and get 1 points.
You press <<U>> and get 1 points.
You press <<U>> and get 1 points.
You press <<U>> and get 1 points.
You press <<U>> and get 1 points.
You press <<U>> and get 1 points.
You press <<U>> and get 1 points.
You press <<U>> and get 1 points.
You press <<U>> and get 1 points.
You press <<U>> and get 1 points.
You press <<U>> and get 1 points.
You press <<U>> and get 1 points.
You press <<P>> and get 1 points.
You press <<U>> and get 1 points.
You press <<P>> and get 1 points.
You press <<U>> and get 1 points.
You press <<U>> and get 1 points.
You press <<U>> and get 1 points.
You press <<P>> and get 0 points.
You press <<U>> and get 1 points.
You press <<U>> and get 1 points.
You press <<U>> and get 1 points.
You press <<U>> and get 0 points.
You press <<U>> and get 0 points.
You press <<P>> and get 1 points.
You press <<P>> and get 1 points.
You press <<P>> and get 1 points.
You press <<P>> and get 1 points.
You press <<U>> and get 0 points.
You press <<P>> and get 1 points.
You press <<P>> and get 1 points.
You press <<P>> and get 1 points.
You press <<U>> and get 1 points.
You press <<P>> and get 1 points.
You press <<U>> and get 0 points.
You press <<P>> and get 1 points.
You press <<P>> and get 1 points.
You press <<P>> and get 1 points.
You press <<P>> and get 1 points.
You press <<P>> and get 0 points.","[{'token': 'P', 'prob': 0.90625}, {'token': 'U', 'prob': 0.09521484375}]",1.3533281162381172e-09,4.888534022029489e-12,-0.09521484239667188,-0.9062499999951115,1,0
71,P,P,U,1,P,-0.0771484375,0.07568359375,0.92578125,True,"In this task, you have to repeatedly choose between two slot machines labeled U and P.
You can choose a slot machine by pressing its corresponding key.When you select one of the machines, you will win 1 or 0 points.Your goal is to choose the slot machines that will give you the most points.You will receive feedback about the outcome after making a choice.
The environment may change unpredictably, and past success does not guarantee future results. You’ll need to adapt to these changes to keep finding the better machine.You will play 1 game in total, consisting of 100 trials. Game 1:You press <<U>> and get 1 points.
You press <<U>> and get 1 points.
You press <<U>> and get 1 points.
You press <<U>> and get 0 points.
You press <<U>> and get 1 points.
You press <<U>> and get 1 points.
You press <<U>> and get 1 points.
You press <<P>> and get 0 points.
You press <<U>> and get 1 points.
You press <<U>> and get 0 points.
You press <<U>> and get 1 points.
You press <<P>> and get 1 points.
You press <<U>> and get 1 points.
You press <<P>> and get 0 points.
You press <<U>> and get 1 points.
You press <<U>> and get 1 points.
You press <<U>> and get 1 points.
You press <<U>> and get 1 points.
You press <<U>> and get 1 points.
You press <<U>> and get 1 points.
You press <<U>> and get 1 points.
You press <<U>> and get 1 points.
You press <<P>> and get 0 points.
You press <<U>> and get 1 points.
You press <<U>> and get 1 points.
You press <<U>> and get 1 points.
You press <<U>> and get 1 points.
You press <<U>> and get 1 points.
You press <<U>> and get 1 points.
You press <<U>> and get 1 points.
You press <<U>> and get 1 points.
You press <<U>> and get 1 points.
You press <<U>> and get 1 points.
You press <<U>> and get 1 points.
You press <<U>> and get 1 points.
You press <<U>> and get 1 points.
You press <<U>> and get 1 points.
You press <<U>> and get 1 points.
You press <<U>> and get 1 points.
You press <<U>> and get 1 points.
You press <<U>> and get 1 points.
You press <<U>> and get 1 points.
You press <<P>> and get 1 points.
You press <<U>> and get 1 points.
You press <<P>> and get 1 points.
You press <<U>> and get 1 points.
You press <<U>> and get 1 points.
You press <<U>> and get 1 points.
You press <<P>> and get 0 points.
You press <<U>> and get 1 points.
You press <<U>> and get 1 points.
You press <<U>> and get 1 points.
You press <<U>> and get 0 points.
You press <<U>> and get 0 points.
You press <<P>> and get 1 points.
You press <<P>> and get 1 points.
You press <<P>> and get 1 points.
You press <<P>> and get 1 points.
You press <<U>> and get 0 points.
You press <<P>> and get 1 points.
You press <<P>> and get 1 points.
You press <<P>> and get 1 points.
You press <<U>> and get 1 points.
You press <<P>> and get 1 points.
You press <<U>> and get 0 points.
You press <<P>> and get 1 points.
You press <<P>> and get 1 points.
You press <<P>> and get 1 points.
You press <<P>> and get 1 points.
You press <<P>> and get 1 points.
You press <<U>> and get 1 points.",False,,"[{'token': 'P', 'prob': 0.92578125}, {'token': 'U', 'prob': 0.07568359375}]",6.170012056827545e-09,2.6830093702301383e-11,-0.07568358757998794,-0.9257812499731699,,
71,P,,,1,P,-0.0771484375,0.07568359375,0.92578125,False,,True,"In this task, you have to repeatedly choose between two slot machines labeled U and P.
You can choose a slot machine by pressing its corresponding key.When you select one of the machines, you will win 1 or 0 points.Your goal is to choose the slot machines that will give you the most points.You will receive feedback about the outcome after making a choice.
The environment may change unpredictably, and past success does not guarantee future results. You’ll need to adapt to these changes to keep finding the better machine.You will play 1 game in total, consisting of 100 trials. Game 1:You press <<U>> and get 1 points.
You press <<U>> and get 1 points.
You press <<U>> and get 1 points.
You press <<U>> and get 0 points.
You press <<U>> and get 1 points.
You press <<U>> and get 1 points.
You press <<U>> and get 1 points.
You press <<P>> and get 0 points.
You press <<U>> and get 1 points.
You press <<U>> and get 0 points.
You press <<U>> and get 1 points.
You press <<P>> and get 1 points.
You press <<U>> and get 1 points.
You press <<P>> and get 0 points.
You press <<U>> and get 1 points.
You press <<U>> and get 1 points.
You press <<U>> and get 1 points.
You press <<U>> and get 1 points.
You press <<U>> and get 1 points.
You press <<U>> and get 1 points.
You press <<U>> and get 1 points.
You press <<U>> and get 1 points.
You press <<P>> and get 0 points.
You press <<U>> and get 1 points.
You press <<U>> and get 1 points.
You press <<U>> and get 1 points.
You press <<U>> and get 1 points.
You press <<U>> and get 1 points.
You press <<U>> and get 1 points.
You press <<U>> and get 1 points.
You press <<U>> and get 1 points.
You press <<U>> and get 1 points.
You press <<U>> and get 1 points.
You press <<U>> and get 1 points.
You press <<U>> and get 1 points.
You press <<U>> and get 1 points.
You press <<U>> and get 1 points.
You press <<U>> and get 1 points.
You press <<U>> and get 1 points.
You press <<U>> and get 1 points.
You press <<U>> and get 1 points.
You press <<U>> and get 1 points.
You press <<P>> and get 1 points.
You press <<U>> and get 1 points.
You press <<P>> and get 1 points.
You press <<U>> and get 1 points.
You press <<U>> and get 1 points.
You press <<U>> and get 1 points.
You press <<P>> and get 0 points.
You press <<U>> and get 1 points.
You press <<U>> and get 1 points.
You press <<U>> and get 1 points.
You press <<U>> and get 0 points.
You press <<U>> and get 0 points.
You press <<P>> and get 1 points.
You press <<P>> and get 1 points.
You press <<P>> and get 1 points.
You press <<P>> and get 1 points.
You press <<U>> and get 0 points.
You press <<P>> and get 1 points.
You press <<P>> and get 1 points.
You press <<P>> and get 1 points.
You press <<U>> and get 1 points.
You press <<P>> and get 1 points.
You press <<U>> and get 0 points.
You press <<P>> and get 1 points.
You press <<P>> and get 1 points.
You press <<P>> and get 1 points.
You press <<P>> and get 1 points.
You press <<P>> and get 1 points.
You press <<P>> and get 0 points.","[{'token': 'P', 'prob': 0.92578125}, {'token': 'U', 'prob': 0.07568359375}]",1.6443664208054543e-09,5.229594535194337e-12,-0.07568359210563358,-0.9257812499947704,1,0
72,P,P,U,1,P,-0.0771484375,0.07568359375,0.92578125,True,"In this task, you have to repeatedly choose between two slot machines labeled U and P.
You can choose a slot machine by pressing its corresponding key.When you select one of the machines, you will win 1 or 0 points.Your goal is to choose the slot machines that will give you the most points.You will receive feedback about the outcome after making a choice.
The environment may change unpredictably, and past success does not guarantee future results. You’ll need to adapt to these changes to keep finding the better machine.You will play 1 game in total, consisting of 100 trials. Game 1:You press <<U>> and get 1 points.
You press <<U>> and get 1 points.
You press <<U>> and get 1 points.
You press <<U>> and get 0 points.
You press <<U>> and get 1 points.
You press <<U>> and get 1 points.
You press <<U>> and get 1 points.
You press <<P>> and get 0 points.
You press <<U>> and get 1 points.
You press <<U>> and get 0 points.
You press <<U>> and get 1 points.
You press <<P>> and get 1 points.
You press <<U>> and get 1 points.
You press <<P>> and get 0 points.
You press <<U>> and get 1 points.
You press <<U>> and get 1 points.
You press <<U>> and get 1 points.
You press <<U>> and get 1 points.
You press <<U>> and get 1 points.
You press <<U>> and get 1 points.
You press <<U>> and get 1 points.
You press <<U>> and get 1 points.
You press <<P>> and get 0 points.
You press <<U>> and get 1 points.
You press <<U>> and get 1 points.
You press <<U>> and get 1 points.
You press <<U>> and get 1 points.
You press <<U>> and get 1 points.
You press <<U>> and get 1 points.
You press <<U>> and get 1 points.
You press <<U>> and get 1 points.
You press <<U>> and get 1 points.
You press <<U>> and get 1 points.
You press <<U>> and get 1 points.
You press <<U>> and get 1 points.
You press <<U>> and get 1 points.
You press <<U>> and get 1 points.
You press <<U>> and get 1 points.
You press <<U>> and get 1 points.
You press <<U>> and get 1 points.
You press <<U>> and get 1 points.
You press <<U>> and get 1 points.
You press <<P>> and get 1 points.
You press <<U>> and get 1 points.
You press <<P>> and get 1 points.
You press <<U>> and get 1 points.
You press <<U>> and get 1 points.
You press <<U>> and get 1 points.
You press <<P>> and get 0 points.
You press <<U>> and get 1 points.
You press <<U>> and get 1 points.
You press <<U>> and get 1 points.
You press <<U>> and get 0 points.
You press <<U>> and get 0 points.
You press <<P>> and get 1 points.
You press <<P>> and get 1 points.
You press <<P>> and get 1 points.
You press <<P>> and get 1 points.
You press <<U>> and get 0 points.
You press <<P>> and get 1 points.
You press <<P>> and get 1 points.
You press <<P>> and get 1 points.
You press <<U>> and get 1 points.
You press <<P>> and get 1 points.
You press <<U>> and get 0 points.
You press <<P>> and get 1 points.
You press <<P>> and get 1 points.
You press <<P>> and get 1 points.
You press <<P>> and get 1 points.
You press <<P>> and get 1 points.
You press <<P>> and get 1 points.
You press <<U>> and get 1 points.",False,,"[{'token': 'P', 'prob': 0.92578125}, {'token': 'U', 'prob': 0.07568359375}]",6.1409082263708115e-09,2.546585164964199e-11,-0.07568358760909177,-0.9257812499745341,,
72,P,,,1,P,-0.0771484375,0.07568359375,0.92578125,False,,True,"In this task, you have to repeatedly choose between two slot machines labeled U and P.
You can choose a slot machine by pressing its corresponding key.When you select one of the machines, you will win 1 or 0 points.Your goal is to choose the slot machines that will give you the most points.You will receive feedback about the outcome after making a choice.
The environment may change unpredictably, and past success does not guarantee future results. You’ll need to adapt to these changes to keep finding the better machine.You will play 1 game in total, consisting of 100 trials. Game 1:You press <<U>> and get 1 points.
You press <<U>> and get 1 points.
You press <<U>> and get 1 points.
You press <<U>> and get 0 points.
You press <<U>> and get 1 points.
You press <<U>> and get 1 points.
You press <<U>> and get 1 points.
You press <<P>> and get 0 points.
You press <<U>> and get 1 points.
You press <<U>> and get 0 points.
You press <<U>> and get 1 points.
You press <<P>> and get 1 points.
You press <<U>> and get 1 points.
You press <<P>> and get 0 points.
You press <<U>> and get 1 points.
You press <<U>> and get 1 points.
You press <<U>> and get 1 points.
You press <<U>> and get 1 points.
You press <<U>> and get 1 points.
You press <<U>> and get 1 points.
You press <<U>> and get 1 points.
You press <<U>> and get 1 points.
You press <<P>> and get 0 points.
You press <<U>> and get 1 points.
You press <<U>> and get 1 points.
You press <<U>> and get 1 points.
You press <<U>> and get 1 points.
You press <<U>> and get 1 points.
You press <<U>> and get 1 points.
You press <<U>> and get 1 points.
You press <<U>> and get 1 points.
You press <<U>> and get 1 points.
You press <<U>> and get 1 points.
You press <<U>> and get 1 points.
You press <<U>> and get 1 points.
You press <<U>> and get 1 points.
You press <<U>> and get 1 points.
You press <<U>> and get 1 points.
You press <<U>> and get 1 points.
You press <<U>> and get 1 points.
You press <<U>> and get 1 points.
You press <<U>> and get 1 points.
You press <<P>> and get 1 points.
You press <<U>> and get 1 points.
You press <<P>> and get 1 points.
You press <<U>> and get 1 points.
You press <<U>> and get 1 points.
You press <<U>> and get 1 points.
You press <<P>> and get 0 points.
You press <<U>> and get 1 points.
You press <<U>> and get 1 points.
You press <<U>> and get 1 points.
You press <<U>> and get 0 points.
You press <<U>> and get 0 points.
You press <<P>> and get 1 points.
You press <<P>> and get 1 points.
You press <<P>> and get 1 points.
You press <<P>> and get 1 points.
You press <<U>> and get 0 points.
You press <<P>> and get 1 points.
You press <<P>> and get 1 points.
You press <<P>> and get 1 points.
You press <<U>> and get 1 points.
You press <<P>> and get 1 points.
You press <<U>> and get 0 points.
You press <<P>> and get 1 points.
You press <<P>> and get 1 points.
You press <<P>> and get 1 points.
You press <<P>> and get 1 points.
You press <<P>> and get 1 points.
You press <<P>> and get 1 points.
You press <<P>> and get 0 points.","[{'token': 'P', 'prob': 0.92578125}, {'token': 'U', 'prob': 0.07568359375}]",1.367880031466484e-09,4.206412995699793e-12,-0.07568359238211997,-0.9257812499957936,1,0
73,P,P,U,1,P,-0.060302734375,0.06005859375,0.94140625,True,"In this task, you have to repeatedly choose between two slot machines labeled U and P.
You can choose a slot machine by pressing its corresponding key.When you select one of the machines, you will win 1 or 0 points.Your goal is to choose the slot machines that will give you the most points.You will receive feedback about the outcome after making a choice.
The environment may change unpredictably, and past success does not guarantee future results. You’ll need to adapt to these changes to keep finding the better machine.You will play 1 game in total, consisting of 100 trials. Game 1:You press <<U>> and get 1 points.
You press <<U>> and get 1 points.
You press <<U>> and get 1 points.
You press <<U>> and get 0 points.
You press <<U>> and get 1 points.
You press <<U>> and get 1 points.
You press <<U>> and get 1 points.
You press <<P>> and get 0 points.
You press <<U>> and get 1 points.
You press <<U>> and get 0 points.
You press <<U>> and get 1 points.
You press <<P>> and get 1 points.
You press <<U>> and get 1 points.
You press <<P>> and get 0 points.
You press <<U>> and get 1 points.
You press <<U>> and get 1 points.
You press <<U>> and get 1 points.
You press <<U>> and get 1 points.
You press <<U>> and get 1 points.
You press <<U>> and get 1 points.
You press <<U>> and get 1 points.
You press <<U>> and get 1 points.
You press <<P>> and get 0 points.
You press <<U>> and get 1 points.
You press <<U>> and get 1 points.
You press <<U>> and get 1 points.
You press <<U>> and get 1 points.
You press <<U>> and get 1 points.
You press <<U>> and get 1 points.
You press <<U>> and get 1 points.
You press <<U>> and get 1 points.
You press <<U>> and get 1 points.
You press <<U>> and get 1 points.
You press <<U>> and get 1 points.
You press <<U>> and get 1 points.
You press <<U>> and get 1 points.
You press <<U>> and get 1 points.
You press <<U>> and get 1 points.
You press <<U>> and get 1 points.
You press <<U>> and get 1 points.
You press <<U>> and get 1 points.
You press <<U>> and get 1 points.
You press <<P>> and get 1 points.
You press <<U>> and get 1 points.
You press <<P>> and get 1 points.
You press <<U>> and get 1 points.
You press <<U>> and get 1 points.
You press <<U>> and get 1 points.
You press <<P>> and get 0 points.
You press <<U>> and get 1 points.
You press <<U>> and get 1 points.
You press <<U>> and get 1 points.
You press <<U>> and get 0 points.
You press <<U>> and get 0 points.
You press <<P>> and get 1 points.
You press <<P>> and get 1 points.
You press <<P>> and get 1 points.
You press <<P>> and get 1 points.
You press <<U>> and get 0 points.
You press <<P>> and get 1 points.
You press <<P>> and get 1 points.
You press <<P>> and get 1 points.
You press <<U>> and get 1 points.
You press <<P>> and get 1 points.
You press <<U>> and get 0 points.
You press <<P>> and get 1 points.
You press <<P>> and get 1 points.
You press <<P>> and get 1 points.
You press <<P>> and get 1 points.
You press <<P>> and get 1 points.
You press <<P>> and get 1 points.
You press <<P>> and get 1 points.
You press <<U>> and get 1 points.",False,,"[{'token': 'P', 'prob': 0.94140625}, {'token': 'U', 'prob': 0.06005859375}]",8.32369551062584e-09,3.61524143954739e-11,-0.06005858542630449,-0.9414062499638476,,
73,P,,,1,P,-0.060302734375,0.06005859375,0.94140625,False,,True,"In this task, you have to repeatedly choose between two slot machines labeled U and P.
You can choose a slot machine by pressing its corresponding key.When you select one of the machines, you will win 1 or 0 points.Your goal is to choose the slot machines that will give you the most points.You will receive feedback about the outcome after making a choice.
The environment may change unpredictably, and past success does not guarantee future results. You’ll need to adapt to these changes to keep finding the better machine.You will play 1 game in total, consisting of 100 trials. Game 1:You press <<U>> and get 1 points.
You press <<U>> and get 1 points.
You press <<U>> and get 1 points.
You press <<U>> and get 0 points.
You press <<U>> and get 1 points.
You press <<U>> and get 1 points.
You press <<U>> and get 1 points.
You press <<P>> and get 0 points.
You press <<U>> and get 1 points.
You press <<U>> and get 0 points.
You press <<U>> and get 1 points.
You press <<P>> and get 1 points.
You press <<U>> and get 1 points.
You press <<P>> and get 0 points.
You press <<U>> and get 1 points.
You press <<U>> and get 1 points.
You press <<U>> and get 1 points.
You press <<U>> and get 1 points.
You press <<U>> and get 1 points.
You press <<U>> and get 1 points.
You press <<U>> and get 1 points.
You press <<U>> and get 1 points.
You press <<P>> and get 0 points.
You press <<U>> and get 1 points.
You press <<U>> and get 1 points.
You press <<U>> and get 1 points.
You press <<U>> and get 1 points.
You press <<U>> and get 1 points.
You press <<U>> and get 1 points.
You press <<U>> and get 1 points.
You press <<U>> and get 1 points.
You press <<U>> and get 1 points.
You press <<U>> and get 1 points.
You press <<U>> and get 1 points.
You press <<U>> and get 1 points.
You press <<U>> and get 1 points.
You press <<U>> and get 1 points.
You press <<U>> and get 1 points.
You press <<U>> and get 1 points.
You press <<U>> and get 1 points.
You press <<U>> and get 1 points.
You press <<U>> and get 1 points.
You press <<P>> and get 1 points.
You press <<U>> and get 1 points.
You press <<P>> and get 1 points.
You press <<U>> and get 1 points.
You press <<U>> and get 1 points.
You press <<U>> and get 1 points.
You press <<P>> and get 0 points.
You press <<U>> and get 1 points.
You press <<U>> and get 1 points.
You press <<U>> and get 1 points.
You press <<U>> and get 0 points.
You press <<U>> and get 0 points.
You press <<P>> and get 1 points.
You press <<P>> and get 1 points.
You press <<P>> and get 1 points.
You press <<P>> and get 1 points.
You press <<U>> and get 0 points.
You press <<P>> and get 1 points.
You press <<P>> and get 1 points.
You press <<P>> and get 1 points.
You press <<U>> and get 1 points.
You press <<P>> and get 1 points.
You press <<U>> and get 0 points.
You press <<P>> and get 1 points.
You press <<P>> and get 1 points.
You press <<P>> and get 1 points.
You press <<P>> and get 1 points.
You press <<P>> and get 1 points.
You press <<P>> and get 1 points.
You press <<P>> and get 1 points.
You press <<P>> and get 0 points.","[{'token': 'P', 'prob': 0.94140625}, {'token': 'U', 'prob': 0.06005859375}]",1.1350493878126144e-09,2.9558577807620168e-12,-0.06005859261495061,-0.9414062499970441,1,0
74,P,P,U,1,P,-0.060302734375,0.06005859375,0.94140625,True,"In this task, you have to repeatedly choose between two slot machines labeled U and P.
You can choose a slot machine by pressing its corresponding key.When you select one of the machines, you will win 1 or 0 points.Your goal is to choose the slot machines that will give you the most points.You will receive feedback about the outcome after making a choice.
The environment may change unpredictably, and past success does not guarantee future results. You’ll need to adapt to these changes to keep finding the better machine.You will play 1 game in total, consisting of 100 trials. Game 1:You press <<U>> and get 1 points.
You press <<U>> and get 1 points.
You press <<U>> and get 1 points.
You press <<U>> and get 0 points.
You press <<U>> and get 1 points.
You press <<U>> and get 1 points.
You press <<U>> and get 1 points.
You press <<P>> and get 0 points.
You press <<U>> and get 1 points.
You press <<U>> and get 0 points.
You press <<U>> and get 1 points.
You press <<P>> and get 1 points.
You press <<U>> and get 1 points.
You press <<P>> and get 0 points.
You press <<U>> and get 1 points.
You press <<U>> and get 1 points.
You press <<U>> and get 1 points.
You press <<U>> and get 1 points.
You press <<U>> and get 1 points.
You press <<U>> and get 1 points.
You press <<U>> and get 1 points.
You press <<U>> and get 1 points.
You press <<P>> and get 0 points.
You press <<U>> and get 1 points.
You press <<U>> and get 1 points.
You press <<U>> and get 1 points.
You press <<U>> and get 1 points.
You press <<U>> and get 1 points.
You press <<U>> and get 1 points.
You press <<U>> and get 1 points.
You press <<U>> and get 1 points.
You press <<U>> and get 1 points.
You press <<U>> and get 1 points.
You press <<U>> and get 1 points.
You press <<U>> and get 1 points.
You press <<U>> and get 1 points.
You press <<U>> and get 1 points.
You press <<U>> and get 1 points.
You press <<U>> and get 1 points.
You press <<U>> and get 1 points.
You press <<U>> and get 1 points.
You press <<U>> and get 1 points.
You press <<P>> and get 1 points.
You press <<U>> and get 1 points.
You press <<P>> and get 1 points.
You press <<U>> and get 1 points.
You press <<U>> and get 1 points.
You press <<U>> and get 1 points.
You press <<P>> and get 0 points.
You press <<U>> and get 1 points.
You press <<U>> and get 1 points.
You press <<U>> and get 1 points.
You press <<U>> and get 0 points.
You press <<U>> and get 0 points.
You press <<P>> and get 1 points.
You press <<P>> and get 1 points.
You press <<P>> and get 1 points.
You press <<P>> and get 1 points.
You press <<U>> and get 0 points.
You press <<P>> and get 1 points.
You press <<P>> and get 1 points.
You press <<P>> and get 1 points.
You press <<U>> and get 1 points.
You press <<P>> and get 1 points.
You press <<U>> and get 0 points.
You press <<P>> and get 1 points.
You press <<P>> and get 1 points.
You press <<P>> and get 1 points.
You press <<P>> and get 1 points.
You press <<P>> and get 1 points.
You press <<P>> and get 1 points.
You press <<P>> and get 1 points.
You press <<P>> and get 1 points.
You press <<U>> and get 1 points.",False,,"[{'token': 'P', 'prob': 0.94140625}, {'token': 'U', 'prob': 0.06005859375}]",4.190951585769653e-09,1.6370904631912708e-11,-0.060058589559048414,-0.9414062499836291,,
74,P,,,1,P,-0.060302734375,0.06005859375,0.94140625,False,,True,"In this task, you have to repeatedly choose between two slot machines labeled U and P.
You can choose a slot machine by pressing its corresponding key.When you select one of the machines, you will win 1 or 0 points.Your goal is to choose the slot machines that will give you the most points.You will receive feedback about the outcome after making a choice.
The environment may change unpredictably, and past success does not guarantee future results. You’ll need to adapt to these changes to keep finding the better machine.You will play 1 game in total, consisting of 100 trials. Game 1:You press <<U>> and get 1 points.
You press <<U>> and get 1 points.
You press <<U>> and get 1 points.
You press <<U>> and get 0 points.
You press <<U>> and get 1 points.
You press <<U>> and get 1 points.
You press <<U>> and get 1 points.
You press <<P>> and get 0 points.
You press <<U>> and get 1 points.
You press <<U>> and get 0 points.
You press <<U>> and get 1 points.
You press <<P>> and get 1 points.
You press <<U>> and get 1 points.
You press <<P>> and get 0 points.
You press <<U>> and get 1 points.
You press <<U>> and get 1 points.
You press <<U>> and get 1 points.
You press <<U>> and get 1 points.
You press <<U>> and get 1 points.
You press <<U>> and get 1 points.
You press <<U>> and get 1 points.
You press <<U>> and get 1 points.
You press <<P>> and get 0 points.
You press <<U>> and get 1 points.
You press <<U>> and get 1 points.
You press <<U>> and get 1 points.
You press <<U>> and get 1 points.
You press <<U>> and get 1 points.
You press <<U>> and get 1 points.
You press <<U>> and get 1 points.
You press <<U>> and get 1 points.
You press <<U>> and get 1 points.
You press <<U>> and get 1 points.
You press <<U>> and get 1 points.
You press <<U>> and get 1 points.
You press <<U>> and get 1 points.
You press <<U>> and get 1 points.
You press <<U>> and get 1 points.
You press <<U>> and get 1 points.
You press <<U>> and get 1 points.
You press <<U>> and get 1 points.
You press <<U>> and get 1 points.
You press <<P>> and get 1 points.
You press <<U>> and get 1 points.
You press <<P>> and get 1 points.
You press <<U>> and get 1 points.
You press <<U>> and get 1 points.
You press <<U>> and get 1 points.
You press <<P>> and get 0 points.
You press <<U>> and get 1 points.
You press <<U>> and get 1 points.
You press <<U>> and get 1 points.
You press <<U>> and get 0 points.
You press <<U>> and get 0 points.
You press <<P>> and get 1 points.
You press <<P>> and get 1 points.
You press <<P>> and get 1 points.
You press <<P>> and get 1 points.
You press <<U>> and get 0 points.
You press <<P>> and get 1 points.
You press <<P>> and get 1 points.
You press <<P>> and get 1 points.
You press <<U>> and get 1 points.
You press <<P>> and get 1 points.
You press <<U>> and get 0 points.
You press <<P>> and get 1 points.
You press <<P>> and get 1 points.
You press <<P>> and get 1 points.
You press <<P>> and get 1 points.
You press <<P>> and get 1 points.
You press <<P>> and get 1 points.
You press <<P>> and get 1 points.
You press <<P>> and get 1 points.
You press <<P>> and get 0 points.","[{'token': 'P', 'prob': 0.94140625}, {'token': 'U', 'prob': 0.06005859375}]",8.512870408594608e-10,2.5863755581667647e-12,-0.06005859289871296,-0.9414062499974136,1,0
75,P,P,U,1,P,-0.060302734375,0.06005859375,0.94140625,True,"In this task, you have to repeatedly choose between two slot machines labeled U and P.
You can choose a slot machine by pressing its corresponding key.When you select one of the machines, you will win 1 or 0 points.Your goal is to choose the slot machines that will give you the most points.You will receive feedback about the outcome after making a choice.
The environment may change unpredictably, and past success does not guarantee future results. You’ll need to adapt to these changes to keep finding the better machine.You will play 1 game in total, consisting of 100 trials. Game 1:You press <<U>> and get 1 points.
You press <<U>> and get 1 points.
You press <<U>> and get 1 points.
You press <<U>> and get 0 points.
You press <<U>> and get 1 points.
You press <<U>> and get 1 points.
You press <<U>> and get 1 points.
You press <<P>> and get 0 points.
You press <<U>> and get 1 points.
You press <<U>> and get 0 points.
You press <<U>> and get 1 points.
You press <<P>> and get 1 points.
You press <<U>> and get 1 points.
You press <<P>> and get 0 points.
You press <<U>> and get 1 points.
You press <<U>> and get 1 points.
You press <<U>> and get 1 points.
You press <<U>> and get 1 points.
You press <<U>> and get 1 points.
You press <<U>> and get 1 points.
You press <<U>> and get 1 points.
You press <<U>> and get 1 points.
You press <<P>> and get 0 points.
You press <<U>> and get 1 points.
You press <<U>> and get 1 points.
You press <<U>> and get 1 points.
You press <<U>> and get 1 points.
You press <<U>> and get 1 points.
You press <<U>> and get 1 points.
You press <<U>> and get 1 points.
You press <<U>> and get 1 points.
You press <<U>> and get 1 points.
You press <<U>> and get 1 points.
You press <<U>> and get 1 points.
You press <<U>> and get 1 points.
You press <<U>> and get 1 points.
You press <<U>> and get 1 points.
You press <<U>> and get 1 points.
You press <<U>> and get 1 points.
You press <<U>> and get 1 points.
You press <<U>> and get 1 points.
You press <<U>> and get 1 points.
You press <<P>> and get 1 points.
You press <<U>> and get 1 points.
You press <<P>> and get 1 points.
You press <<U>> and get 1 points.
You press <<U>> and get 1 points.
You press <<U>> and get 1 points.
You press <<P>> and get 0 points.
You press <<U>> and get 1 points.
You press <<U>> and get 1 points.
You press <<U>> and get 1 points.
You press <<U>> and get 0 points.
You press <<U>> and get 0 points.
You press <<P>> and get 1 points.
You press <<P>> and get 1 points.
You press <<P>> and get 1 points.
You press <<P>> and get 1 points.
You press <<U>> and get 0 points.
You press <<P>> and get 1 points.
You press <<P>> and get 1 points.
You press <<P>> and get 1 points.
You press <<U>> and get 1 points.
You press <<P>> and get 1 points.
You press <<U>> and get 0 points.
You press <<P>> and get 1 points.
You press <<P>> and get 1 points.
You press <<P>> and get 1 points.
You press <<P>> and get 1 points.
You press <<P>> and get 1 points.
You press <<P>> and get 1 points.
You press <<P>> and get 1 points.
You press <<P>> and get 1 points.
You press <<P>> and get 1 points.
You press <<U>> and get 1 points.",False,,"[{'token': 'P', 'prob': 0.94140625}, {'token': 'U', 'prob': 0.06005859375}]",6.490154191851616e-09,2.205524651799351e-11,-0.06005858725984581,-0.9414062499779448,,
75,P,,,1,P,-0.060302734375,0.06005859375,0.94140625,False,,True,"In this task, you have to repeatedly choose between two slot machines labeled U and P.
You can choose a slot machine by pressing its corresponding key.When you select one of the machines, you will win 1 or 0 points.Your goal is to choose the slot machines that will give you the most points.You will receive feedback about the outcome after making a choice.
The environment may change unpredictably, and past success does not guarantee future results. You’ll need to adapt to these changes to keep finding the better machine.You will play 1 game in total, consisting of 100 trials. Game 1:You press <<U>> and get 1 points.
You press <<U>> and get 1 points.
You press <<U>> and get 1 points.
You press <<U>> and get 0 points.
You press <<U>> and get 1 points.
You press <<U>> and get 1 points.
You press <<U>> and get 1 points.
You press <<P>> and get 0 points.
You press <<U>> and get 1 points.
You press <<U>> and get 0 points.
You press <<U>> and get 1 points.
You press <<P>> and get 1 points.
You press <<U>> and get 1 points.
You press <<P>> and get 0 points.
You press <<U>> and get 1 points.
You press <<U>> and get 1 points.
You press <<U>> and get 1 points.
You press <<U>> and get 1 points.
You press <<U>> and get 1 points.
You press <<U>> and get 1 points.
You press <<U>> and get 1 points.
You press <<U>> and get 1 points.
You press <<P>> and get 0 points.
You press <<U>> and get 1 points.
You press <<U>> and get 1 points.
You press <<U>> and get 1 points.
You press <<U>> and get 1 points.
You press <<U>> and get 1 points.
You press <<U>> and get 1 points.
You press <<U>> and get 1 points.
You press <<U>> and get 1 points.
You press <<U>> and get 1 points.
You press <<U>> and get 1 points.
You press <<U>> and get 1 points.
You press <<U>> and get 1 points.
You press <<U>> and get 1 points.
You press <<U>> and get 1 points.
You press <<U>> and get 1 points.
You press <<U>> and get 1 points.
You press <<U>> and get 1 points.
You press <<U>> and get 1 points.
You press <<U>> and get 1 points.
You press <<P>> and get 1 points.
You press <<U>> and get 1 points.
You press <<P>> and get 1 points.
You press <<U>> and get 1 points.
You press <<U>> and get 1 points.
You press <<U>> and get 1 points.
You press <<P>> and get 0 points.
You press <<U>> and get 1 points.
You press <<U>> and get 1 points.
You press <<U>> and get 1 points.
You press <<U>> and get 0 points.
You press <<U>> and get 0 points.
You press <<P>> and get 1 points.
You press <<P>> and get 1 points.
You press <<P>> and get 1 points.
You press <<P>> and get 1 points.
You press <<U>> and get 0 points.
You press <<P>> and get 1 points.
You press <<P>> and get 1 points.
You press <<P>> and get 1 points.
You press <<U>> and get 1 points.
You press <<P>> and get 1 points.
You press <<U>> and get 0 points.
You press <<P>> and get 1 points.
You press <<P>> and get 1 points.
You press <<P>> and get 1 points.
You press <<P>> and get 1 points.
You press <<P>> and get 1 points.
You press <<P>> and get 1 points.
You press <<P>> and get 1 points.
You press <<P>> and get 1 points.
You press <<P>> and get 1 points.
You press <<P>> and get 0 points.","[{'token': 'P', 'prob': 0.94140625}, {'token': 'U', 'prob': 0.06005859375}]",1.025910023599863e-09,2.3874235921539366e-12,-0.060058592724089976,-0.9414062499976126,1,0
76,P,P,U,1,P,-0.060302734375,0.06005859375,0.94140625,True,"In this task, you have to repeatedly choose between two slot machines labeled U and P.
You can choose a slot machine by pressing its corresponding key.When you select one of the machines, you will win 1 or 0 points.Your goal is to choose the slot machines that will give you the most points.You will receive feedback about the outcome after making a choice.
The environment may change unpredictably, and past success does not guarantee future results. You’ll need to adapt to these changes to keep finding the better machine.You will play 1 game in total, consisting of 100 trials. Game 1:You press <<U>> and get 1 points.
You press <<U>> and get 1 points.
You press <<U>> and get 1 points.
You press <<U>> and get 0 points.
You press <<U>> and get 1 points.
You press <<U>> and get 1 points.
You press <<U>> and get 1 points.
You press <<P>> and get 0 points.
You press <<U>> and get 1 points.
You press <<U>> and get 0 points.
You press <<U>> and get 1 points.
You press <<P>> and get 1 points.
You press <<U>> and get 1 points.
You press <<P>> and get 0 points.
You press <<U>> and get 1 points.
You press <<U>> and get 1 points.
You press <<U>> and get 1 points.
You press <<U>> and get 1 points.
You press <<U>> and get 1 points.
You press <<U>> and get 1 points.
You press <<U>> and get 1 points.
You press <<U>> and get 1 points.
You press <<P>> and get 0 points.
You press <<U>> and get 1 points.
You press <<U>> and get 1 points.
You press <<U>> and get 1 points.
You press <<U>> and get 1 points.
You press <<U>> and get 1 points.
You press <<U>> and get 1 points.
You press <<U>> and get 1 points.
You press <<U>> and get 1 points.
You press <<U>> and get 1 points.
You press <<U>> and get 1 points.
You press <<U>> and get 1 points.
You press <<U>> and get 1 points.
You press <<U>> and get 1 points.
You press <<U>> and get 1 points.
You press <<U>> and get 1 points.
You press <<U>> and get 1 points.
You press <<U>> and get 1 points.
You press <<U>> and get 1 points.
You press <<U>> and get 1 points.
You press <<P>> and get 1 points.
You press <<U>> and get 1 points.
You press <<P>> and get 1 points.
You press <<U>> and get 1 points.
You press <<U>> and get 1 points.
You press <<U>> and get 1 points.
You press <<P>> and get 0 points.
You press <<U>> and get 1 points.
You press <<U>> and get 1 points.
You press <<U>> and get 1 points.
You press <<U>> and get 0 points.
You press <<U>> and get 0 points.
You press <<P>> and get 1 points.
You press <<P>> and get 1 points.
You press <<P>> and get 1 points.
You press <<P>> and get 1 points.
You press <<U>> and get 0 points.
You press <<P>> and get 1 points.
You press <<P>> and get 1 points.
You press <<P>> and get 1 points.
You press <<U>> and get 1 points.
You press <<P>> and get 1 points.
You press <<U>> and get 0 points.
You press <<P>> and get 1 points.
You press <<P>> and get 1 points.
You press <<P>> and get 1 points.
You press <<P>> and get 1 points.
You press <<P>> and get 1 points.
You press <<P>> and get 1 points.
You press <<P>> and get 1 points.
You press <<P>> and get 1 points.
You press <<P>> and get 1 points.
You press <<P>> and get 1 points.
You press <<U>> and get 1 points.",False,,"[{'token': 'P', 'prob': 0.94140625}, {'token': 'U', 'prob': 0.06005859375}]",6.51925802230835e-09,2.205524651799351e-11,-0.06005858723074198,-0.9414062499779448,,
76,P,,,1,P,-0.060302734375,0.06005859375,0.94140625,False,,True,"In this task, you have to repeatedly choose between two slot machines labeled U and P.
You can choose a slot machine by pressing its corresponding key.When you select one of the machines, you will win 1 or 0 points.Your goal is to choose the slot machines that will give you the most points.You will receive feedback about the outcome after making a choice.
The environment may change unpredictably, and past success does not guarantee future results. You’ll need to adapt to these changes to keep finding the better machine.You will play 1 game in total, consisting of 100 trials. Game 1:You press <<U>> and get 1 points.
You press <<U>> and get 1 points.
You press <<U>> and get 1 points.
You press <<U>> and get 0 points.
You press <<U>> and get 1 points.
You press <<U>> and get 1 points.
You press <<U>> and get 1 points.
You press <<P>> and get 0 points.
You press <<U>> and get 1 points.
You press <<U>> and get 0 points.
You press <<U>> and get 1 points.
You press <<P>> and get 1 points.
You press <<U>> and get 1 points.
You press <<P>> and get 0 points.
You press <<U>> and get 1 points.
You press <<U>> and get 1 points.
You press <<U>> and get 1 points.
You press <<U>> and get 1 points.
You press <<U>> and get 1 points.
You press <<U>> and get 1 points.
You press <<U>> and get 1 points.
You press <<U>> and get 1 points.
You press <<P>> and get 0 points.
You press <<U>> and get 1 points.
You press <<U>> and get 1 points.
You press <<U>> and get 1 points.
You press <<U>> and get 1 points.
You press <<U>> and get 1 points.
You press <<U>> and get 1 points.
You press <<U>> and get 1 points.
You press <<U>> and get 1 points.
You press <<U>> and get 1 points.
You press <<U>> and get 1 points.
You press <<U>> and get 1 points.
You press <<U>> and get 1 points.
You press <<U>> and get 1 points.
You press <<U>> and get 1 points.
You press <<U>> and get 1 points.
You press <<U>> and get 1 points.
You press <<U>> and get 1 points.
You press <<U>> and get 1 points.
You press <<U>> and get 1 points.
You press <<P>> and get 1 points.
You press <<U>> and get 1 points.
You press <<P>> and get 1 points.
You press <<U>> and get 1 points.
You press <<U>> and get 1 points.
You press <<U>> and get 1 points.
You press <<P>> and get 0 points.
You press <<U>> and get 1 points.
You press <<U>> and get 1 points.
You press <<U>> and get 1 points.
You press <<U>> and get 0 points.
You press <<U>> and get 0 points.
You press <<P>> and get 1 points.
You press <<P>> and get 1 points.
You press <<P>> and get 1 points.
You press <<P>> and get 1 points.
You press <<U>> and get 0 points.
You press <<P>> and get 1 points.
You press <<P>> and get 1 points.
You press <<P>> and get 1 points.
You press <<U>> and get 1 points.
You press <<P>> and get 1 points.
You press <<U>> and get 0 points.
You press <<P>> and get 1 points.
You press <<P>> and get 1 points.
You press <<P>> and get 1 points.
You press <<P>> and get 1 points.
You press <<P>> and get 1 points.
You press <<P>> and get 1 points.
You press <<P>> and get 1 points.
You press <<P>> and get 1 points.
You press <<P>> and get 1 points.
You press <<P>> and get 1 points.
You press <<P>> and get 0 points.","[{'token': 'P', 'prob': 0.94140625}, {'token': 'U', 'prob': 0.06005859375}]",7.385096978396177e-10,2.2026824808563106e-12,-0.0600585930114903,-0.9414062499977973,1,0
77,P,P,U,1,P,-0.048095703125,0.04736328125,0.953125,True,"In this task, you have to repeatedly choose between two slot machines labeled U and P.
You can choose a slot machine by pressing its corresponding key.When you select one of the machines, you will win 1 or 0 points.Your goal is to choose the slot machines that will give you the most points.You will receive feedback about the outcome after making a choice.
The environment may change unpredictably, and past success does not guarantee future results. You’ll need to adapt to these changes to keep finding the better machine.You will play 1 game in total, consisting of 100 trials. Game 1:You press <<U>> and get 1 points.
You press <<U>> and get 1 points.
You press <<U>> and get 1 points.
You press <<U>> and get 0 points.
You press <<U>> and get 1 points.
You press <<U>> and get 1 points.
You press <<U>> and get 1 points.
You press <<P>> and get 0 points.
You press <<U>> and get 1 points.
You press <<U>> and get 0 points.
You press <<U>> and get 1 points.
You press <<P>> and get 1 points.
You press <<U>> and get 1 points.
You press <<P>> and get 0 points.
You press <<U>> and get 1 points.
You press <<U>> and get 1 points.
You press <<U>> and get 1 points.
You press <<U>> and get 1 points.
You press <<U>> and get 1 points.
You press <<U>> and get 1 points.
You press <<U>> and get 1 points.
You press <<U>> and get 1 points.
You press <<P>> and get 0 points.
You press <<U>> and get 1 points.
You press <<U>> and get 1 points.
You press <<U>> and get 1 points.
You press <<U>> and get 1 points.
You press <<U>> and get 1 points.
You press <<U>> and get 1 points.
You press <<U>> and get 1 points.
You press <<U>> and get 1 points.
You press <<U>> and get 1 points.
You press <<U>> and get 1 points.
You press <<U>> and get 1 points.
You press <<U>> and get 1 points.
You press <<U>> and get 1 points.
You press <<U>> and get 1 points.
You press <<U>> and get 1 points.
You press <<U>> and get 1 points.
You press <<U>> and get 1 points.
You press <<U>> and get 1 points.
You press <<U>> and get 1 points.
You press <<P>> and get 1 points.
You press <<U>> and get 1 points.
You press <<P>> and get 1 points.
You press <<U>> and get 1 points.
You press <<U>> and get 1 points.
You press <<U>> and get 1 points.
You press <<P>> and get 0 points.
You press <<U>> and get 1 points.
You press <<U>> and get 1 points.
You press <<U>> and get 1 points.
You press <<U>> and get 0 points.
You press <<U>> and get 0 points.
You press <<P>> and get 1 points.
You press <<P>> and get 1 points.
You press <<P>> and get 1 points.
You press <<P>> and get 1 points.
You press <<U>> and get 0 points.
You press <<P>> and get 1 points.
You press <<P>> and get 1 points.
You press <<P>> and get 1 points.
You press <<U>> and get 1 points.
You press <<P>> and get 1 points.
You press <<U>> and get 0 points.
You press <<P>> and get 1 points.
You press <<P>> and get 1 points.
You press <<P>> and get 1 points.
You press <<P>> and get 1 points.
You press <<P>> and get 1 points.
You press <<P>> and get 1 points.
You press <<P>> and get 1 points.
You press <<P>> and get 1 points.
You press <<P>> and get 1 points.
You press <<P>> and get 1 points.
You press <<P>> and get 1 points.
You press <<U>> and get 1 points.",False,,"[{'token': 'P', 'prob': 0.953125}, {'token': 'U', 'prob': 0.04736328125}]",9.42964106798172e-09,4.1382008930668235e-11,-0.04736327182035893,-0.953124999958618,,
77,P,,,1,P,-0.048095703125,0.04736328125,0.953125,False,,True,"In this task, you have to repeatedly choose between two slot machines labeled U and P.
You can choose a slot machine by pressing its corresponding key.When you select one of the machines, you will win 1 or 0 points.Your goal is to choose the slot machines that will give you the most points.You will receive feedback about the outcome after making a choice.
The environment may change unpredictably, and past success does not guarantee future results. You’ll need to adapt to these changes to keep finding the better machine.You will play 1 game in total, consisting of 100 trials. Game 1:You press <<U>> and get 1 points.
You press <<U>> and get 1 points.
You press <<U>> and get 1 points.
You press <<U>> and get 0 points.
You press <<U>> and get 1 points.
You press <<U>> and get 1 points.
You press <<U>> and get 1 points.
You press <<P>> and get 0 points.
You press <<U>> and get 1 points.
You press <<U>> and get 0 points.
You press <<U>> and get 1 points.
You press <<P>> and get 1 points.
You press <<U>> and get 1 points.
You press <<P>> and get 0 points.
You press <<U>> and get 1 points.
You press <<U>> and get 1 points.
You press <<U>> and get 1 points.
You press <<U>> and get 1 points.
You press <<U>> and get 1 points.
You press <<U>> and get 1 points.
You press <<U>> and get 1 points.
You press <<U>> and get 1 points.
You press <<P>> and get 0 points.
You press <<U>> and get 1 points.
You press <<U>> and get 1 points.
You press <<U>> and get 1 points.
You press <<U>> and get 1 points.
You press <<U>> and get 1 points.
You press <<U>> and get 1 points.
You press <<U>> and get 1 points.
You press <<U>> and get 1 points.
You press <<U>> and get 1 points.
You press <<U>> and get 1 points.
You press <<U>> and get 1 points.
You press <<U>> and get 1 points.
You press <<U>> and get 1 points.
You press <<U>> and get 1 points.
You press <<U>> and get 1 points.
You press <<U>> and get 1 points.
You press <<U>> and get 1 points.
You press <<U>> and get 1 points.
You press <<U>> and get 1 points.
You press <<P>> and get 1 points.
You press <<U>> and get 1 points.
You press <<P>> and get 1 points.
You press <<U>> and get 1 points.
You press <<U>> and get 1 points.
You press <<U>> and get 1 points.
You press <<P>> and get 0 points.
You press <<U>> and get 1 points.
You press <<U>> and get 1 points.
You press <<U>> and get 1 points.
You press <<U>> and get 0 points.
You press <<U>> and get 0 points.
You press <<P>> and get 1 points.
You press <<P>> and get 1 points.
You press <<P>> and get 1 points.
You press <<P>> and get 1 points.
You press <<U>> and get 0 points.
You press <<P>> and get 1 points.
You press <<P>> and get 1 points.
You press <<P>> and get 1 points.
You press <<U>> and get 1 points.
You press <<P>> and get 1 points.
You press <<U>> and get 0 points.
You press <<P>> and get 1 points.
You press <<P>> and get 1 points.
You press <<P>> and get 1 points.
You press <<P>> and get 1 points.
You press <<P>> and get 1 points.
You press <<P>> and get 1 points.
You press <<P>> and get 1 points.
You press <<P>> and get 1 points.
You press <<P>> and get 1 points.
You press <<P>> and get 1 points.
You press <<P>> and get 1 points.
You press <<P>> and get 0 points.","[{'token': 'P', 'prob': 0.953125}, {'token': 'U', 'prob': 0.04736328125}]",9.240466170012951e-10,2.7142732506035827e-12,-0.04736328032595338,-0.9531249999972857,1,0
78,P,P,U,1,P,-0.060302734375,0.06005859375,0.94140625,True,"In this task, you have to repeatedly choose between two slot machines labeled U and P.
You can choose a slot machine by pressing its corresponding key.When you select one of the machines, you will win 1 or 0 points.Your goal is to choose the slot machines that will give you the most points.You will receive feedback about the outcome after making a choice.
The environment may change unpredictably, and past success does not guarantee future results. You’ll need to adapt to these changes to keep finding the better machine.You will play 1 game in total, consisting of 100 trials. Game 1:You press <<U>> and get 1 points.
You press <<U>> and get 1 points.
You press <<U>> and get 1 points.
You press <<U>> and get 0 points.
You press <<U>> and get 1 points.
You press <<U>> and get 1 points.
You press <<U>> and get 1 points.
You press <<P>> and get 0 points.
You press <<U>> and get 1 points.
You press <<U>> and get 0 points.
You press <<U>> and get 1 points.
You press <<P>> and get 1 points.
You press <<U>> and get 1 points.
You press <<P>> and get 0 points.
You press <<U>> and get 1 points.
You press <<U>> and get 1 points.
You press <<U>> and get 1 points.
You press <<U>> and get 1 points.
You press <<U>> and get 1 points.
You press <<U>> and get 1 points.
You press <<U>> and get 1 points.
You press <<U>> and get 1 points.
You press <<P>> and get 0 points.
You press <<U>> and get 1 points.
You press <<U>> and get 1 points.
You press <<U>> and get 1 points.
You press <<U>> and get 1 points.
You press <<U>> and get 1 points.
You press <<U>> and get 1 points.
You press <<U>> and get 1 points.
You press <<U>> and get 1 points.
You press <<U>> and get 1 points.
You press <<U>> and get 1 points.
You press <<U>> and get 1 points.
You press <<U>> and get 1 points.
You press <<U>> and get 1 points.
You press <<U>> and get 1 points.
You press <<U>> and get 1 points.
You press <<U>> and get 1 points.
You press <<U>> and get 1 points.
You press <<U>> and get 1 points.
You press <<U>> and get 1 points.
You press <<P>> and get 1 points.
You press <<U>> and get 1 points.
You press <<P>> and get 1 points.
You press <<U>> and get 1 points.
You press <<U>> and get 1 points.
You press <<U>> and get 1 points.
You press <<P>> and get 0 points.
You press <<U>> and get 1 points.
You press <<U>> and get 1 points.
You press <<U>> and get 1 points.
You press <<U>> and get 0 points.
You press <<U>> and get 0 points.
You press <<P>> and get 1 points.
You press <<P>> and get 1 points.
You press <<P>> and get 1 points.
You press <<P>> and get 1 points.
You press <<U>> and get 0 points.
You press <<P>> and get 1 points.
You press <<P>> and get 1 points.
You press <<P>> and get 1 points.
You press <<U>> and get 1 points.
You press <<P>> and get 1 points.
You press <<U>> and get 0 points.
You press <<P>> and get 1 points.
You press <<P>> and get 1 points.
You press <<P>> and get 1 points.
You press <<P>> and get 1 points.
You press <<P>> and get 1 points.
You press <<P>> and get 1 points.
You press <<P>> and get 1 points.
You press <<P>> and get 1 points.
You press <<P>> and get 1 points.
You press <<P>> and get 1 points.
You press <<P>> and get 1 points.
You press <<P>> and get 1 points.
You press <<U>> and get 1 points.",False,,"[{'token': 'P', 'prob': 0.94140625}, {'token': 'U', 'prob': 0.06005859375}]",7.275957614183426e-09,3.2741809263825417e-11,-0.060058586474042386,-0.9414062499672582,,
78,P,,,1,P,-0.060302734375,0.06005859375,0.94140625,False,,True,"In this task, you have to repeatedly choose between two slot machines labeled U and P.
You can choose a slot machine by pressing its corresponding key.When you select one of the machines, you will win 1 or 0 points.Your goal is to choose the slot machines that will give you the most points.You will receive feedback about the outcome after making a choice.
The environment may change unpredictably, and past success does not guarantee future results. You’ll need to adapt to these changes to keep finding the better machine.You will play 1 game in total, consisting of 100 trials. Game 1:You press <<U>> and get 1 points.
You press <<U>> and get 1 points.
You press <<U>> and get 1 points.
You press <<U>> and get 0 points.
You press <<U>> and get 1 points.
You press <<U>> and get 1 points.
You press <<U>> and get 1 points.
You press <<P>> and get 0 points.
You press <<U>> and get 1 points.
You press <<U>> and get 0 points.
You press <<U>> and get 1 points.
You press <<P>> and get 1 points.
You press <<U>> and get 1 points.
You press <<P>> and get 0 points.
You press <<U>> and get 1 points.
You press <<U>> and get 1 points.
You press <<U>> and get 1 points.
You press <<U>> and get 1 points.
You press <<U>> and get 1 points.
You press <<U>> and get 1 points.
You press <<U>> and get 1 points.
You press <<U>> and get 1 points.
You press <<P>> and get 0 points.
You press <<U>> and get 1 points.
You press <<U>> and get 1 points.
You press <<U>> and get 1 points.
You press <<U>> and get 1 points.
You press <<U>> and get 1 points.
You press <<U>> and get 1 points.
You press <<U>> and get 1 points.
You press <<U>> and get 1 points.
You press <<U>> and get 1 points.
You press <<U>> and get 1 points.
You press <<U>> and get 1 points.
You press <<U>> and get 1 points.
You press <<U>> and get 1 points.
You press <<U>> and get 1 points.
You press <<U>> and get 1 points.
You press <<U>> and get 1 points.
You press <<U>> and get 1 points.
You press <<U>> and get 1 points.
You press <<U>> and get 1 points.
You press <<P>> and get 1 points.
You press <<U>> and get 1 points.
You press <<P>> and get 1 points.
You press <<U>> and get 1 points.
You press <<U>> and get 1 points.
You press <<U>> and get 1 points.
You press <<P>> and get 0 points.
You press <<U>> and get 1 points.
You press <<U>> and get 1 points.
You press <<U>> and get 1 points.
You press <<U>> and get 0 points.
You press <<U>> and get 0 points.
You press <<P>> and get 1 points.
You press <<P>> and get 1 points.
You press <<P>> and get 1 points.
You press <<P>> and get 1 points.
You press <<U>> and get 0 points.
You press <<P>> and get 1 points.
You press <<P>> and get 1 points.
You press <<P>> and get 1 points.
You press <<U>> and get 1 points.
You press <<P>> and get 1 points.
You press <<U>> and get 0 points.
You press <<P>> and get 1 points.
You press <<P>> and get 1 points.
You press <<P>> and get 1 points.
You press <<P>> and get 1 points.
You press <<P>> and get 1 points.
You press <<P>> and get 1 points.
You press <<P>> and get 1 points.
You press <<P>> and get 1 points.
You press <<P>> and get 1 points.
You press <<P>> and get 1 points.
You press <<P>> and get 1 points.
You press <<P>> and get 1 points.
You press <<P>> and get 0 points.","[{'token': 'P', 'prob': 0.94140625}, {'token': 'U', 'prob': 0.06005859375}]",9.094947017729282e-10,2.7142732506035827e-12,-0.0600585928405053,-0.9414062499972857,1,0
79,P,P,U,1,P,-0.048095703125,0.04736328125,0.953125,True,"In this task, you have to repeatedly choose between two slot machines labeled U and P.
You can choose a slot machine by pressing its corresponding key.When you select one of the machines, you will win 1 or 0 points.Your goal is to choose the slot machines that will give you the most points.You will receive feedback about the outcome after making a choice.
The environment may change unpredictably, and past success does not guarantee future results. You’ll need to adapt to these changes to keep finding the better machine.You will play 1 game in total, consisting of 100 trials. Game 1:You press <<U>> and get 1 points.
You press <<U>> and get 1 points.
You press <<U>> and get 1 points.
You press <<U>> and get 0 points.
You press <<U>> and get 1 points.
You press <<U>> and get 1 points.
You press <<U>> and get 1 points.
You press <<P>> and get 0 points.
You press <<U>> and get 1 points.
You press <<U>> and get 0 points.
You press <<U>> and get 1 points.
You press <<P>> and get 1 points.
You press <<U>> and get 1 points.
You press <<P>> and get 0 points.
You press <<U>> and get 1 points.
You press <<U>> and get 1 points.
You press <<U>> and get 1 points.
You press <<U>> and get 1 points.
You press <<U>> and get 1 points.
You press <<U>> and get 1 points.
You press <<U>> and get 1 points.
You press <<U>> and get 1 points.
You press <<P>> and get 0 points.
You press <<U>> and get 1 points.
You press <<U>> and get 1 points.
You press <<U>> and get 1 points.
You press <<U>> and get 1 points.
You press <<U>> and get 1 points.
You press <<U>> and get 1 points.
You press <<U>> and get 1 points.
You press <<U>> and get 1 points.
You press <<U>> and get 1 points.
You press <<U>> and get 1 points.
You press <<U>> and get 1 points.
You press <<U>> and get 1 points.
You press <<U>> and get 1 points.
You press <<U>> and get 1 points.
You press <<U>> and get 1 points.
You press <<U>> and get 1 points.
You press <<U>> and get 1 points.
You press <<U>> and get 1 points.
You press <<U>> and get 1 points.
You press <<P>> and get 1 points.
You press <<U>> and get 1 points.
You press <<P>> and get 1 points.
You press <<U>> and get 1 points.
You press <<U>> and get 1 points.
You press <<U>> and get 1 points.
You press <<P>> and get 0 points.
You press <<U>> and get 1 points.
You press <<U>> and get 1 points.
You press <<U>> and get 1 points.
You press <<U>> and get 0 points.
You press <<U>> and get 0 points.
You press <<P>> and get 1 points.
You press <<P>> and get 1 points.
You press <<P>> and get 1 points.
You press <<P>> and get 1 points.
You press <<U>> and get 0 points.
You press <<P>> and get 1 points.
You press <<P>> and get 1 points.
You press <<P>> and get 1 points.
You press <<U>> and get 1 points.
You press <<P>> and get 1 points.
You press <<U>> and get 0 points.
You press <<P>> and get 1 points.
You press <<P>> and get 1 points.
You press <<P>> and get 1 points.
You press <<P>> and get 1 points.
You press <<P>> and get 1 points.
You press <<P>> and get 1 points.
You press <<P>> and get 1 points.
You press <<P>> and get 1 points.
You press <<P>> and get 1 points.
You press <<P>> and get 1 points.
You press <<P>> and get 1 points.
You press <<P>> and get 1 points.
You press <<P>> and get 1 points.
You press <<U>> and get 1 points.",False,,"[{'token': 'P', 'prob': 0.953125}, {'token': 'U', 'prob': 0.04736328125}]",1.0826624929904938e-08,4.979483492206782e-11,-0.04736327042337507,-0.9531249999502052,,
79,P,,,1,P,-0.048095703125,0.04736328125,0.953125,False,,True,"In this task, you have to repeatedly choose between two slot machines labeled U and P.
You can choose a slot machine by pressing its corresponding key.When you select one of the machines, you will win 1 or 0 points.Your goal is to choose the slot machines that will give you the most points.You will receive feedback about the outcome after making a choice.
The environment may change unpredictably, and past success does not guarantee future results. You’ll need to adapt to these changes to keep finding the better machine.You will play 1 game in total, consisting of 100 trials. Game 1:You press <<U>> and get 1 points.
You press <<U>> and get 1 points.
You press <<U>> and get 1 points.
You press <<U>> and get 0 points.
You press <<U>> and get 1 points.
You press <<U>> and get 1 points.
You press <<U>> and get 1 points.
You press <<P>> and get 0 points.
You press <<U>> and get 1 points.
You press <<U>> and get 0 points.
You press <<U>> and get 1 points.
You press <<P>> and get 1 points.
You press <<U>> and get 1 points.
You press <<P>> and get 0 points.
You press <<U>> and get 1 points.
You press <<U>> and get 1 points.
You press <<U>> and get 1 points.
You press <<U>> and get 1 points.
You press <<U>> and get 1 points.
You press <<U>> and get 1 points.
You press <<U>> and get 1 points.
You press <<U>> and get 1 points.
You press <<P>> and get 0 points.
You press <<U>> and get 1 points.
You press <<U>> and get 1 points.
You press <<U>> and get 1 points.
You press <<U>> and get 1 points.
You press <<U>> and get 1 points.
You press <<U>> and get 1 points.
You press <<U>> and get 1 points.
You press <<U>> and get 1 points.
You press <<U>> and get 1 points.
You press <<U>> and get 1 points.
You press <<U>> and get 1 points.
You press <<U>> and get 1 points.
You press <<U>> and get 1 points.
You press <<U>> and get 1 points.
You press <<U>> and get 1 points.
You press <<U>> and get 1 points.
You press <<U>> and get 1 points.
You press <<U>> and get 1 points.
You press <<U>> and get 1 points.
You press <<P>> and get 1 points.
You press <<U>> and get 1 points.
You press <<P>> and get 1 points.
You press <<U>> and get 1 points.
You press <<U>> and get 1 points.
You press <<U>> and get 1 points.
You press <<P>> and get 0 points.
You press <<U>> and get 1 points.
You press <<U>> and get 1 points.
You press <<U>> and get 1 points.
You press <<U>> and get 0 points.
You press <<U>> and get 0 points.
You press <<P>> and get 1 points.
You press <<P>> and get 1 points.
You press <<P>> and get 1 points.
You press <<P>> and get 1 points.
You press <<U>> and get 0 points.
You press <<P>> and get 1 points.
You press <<P>> and get 1 points.
You press <<P>> and get 1 points.
You press <<U>> and get 1 points.
You press <<P>> and get 1 points.
You press <<U>> and get 0 points.
You press <<P>> and get 1 points.
You press <<P>> and get 1 points.
You press <<P>> and get 1 points.
You press <<P>> and get 1 points.
You press <<P>> and get 1 points.
You press <<P>> and get 1 points.
You press <<P>> and get 1 points.
You press <<P>> and get 1 points.
You press <<P>> and get 1 points.
You press <<P>> and get 1 points.
You press <<P>> and get 1 points.
You press <<P>> and get 1 points.
You press <<P>> and get 1 points.
You press <<P>> and get 0 points.","[{'token': 'P', 'prob': 0.953125}, {'token': 'U', 'prob': 0.04736328125}]",1.0331859812140465e-09,2.7284841053187847e-12,-0.04736328021681402,-0.9531249999972715,1,0
80,P,P,U,1,P,-0.048095703125,0.04736328125,0.953125,True,"In this task, you have to repeatedly choose between two slot machines labeled U and P.
You can choose a slot machine by pressing its corresponding key.When you select one of the machines, you will win 1 or 0 points.Your goal is to choose the slot machines that will give you the most points.You will receive feedback about the outcome after making a choice.
The environment may change unpredictably, and past success does not guarantee future results. You’ll need to adapt to these changes to keep finding the better machine.You will play 1 game in total, consisting of 100 trials. Game 1:You press <<U>> and get 1 points.
You press <<U>> and get 1 points.
You press <<U>> and get 1 points.
You press <<U>> and get 0 points.
You press <<U>> and get 1 points.
You press <<U>> and get 1 points.
You press <<U>> and get 1 points.
You press <<P>> and get 0 points.
You press <<U>> and get 1 points.
You press <<U>> and get 0 points.
You press <<U>> and get 1 points.
You press <<P>> and get 1 points.
You press <<U>> and get 1 points.
You press <<P>> and get 0 points.
You press <<U>> and get 1 points.
You press <<U>> and get 1 points.
You press <<U>> and get 1 points.
You press <<U>> and get 1 points.
You press <<U>> and get 1 points.
You press <<U>> and get 1 points.
You press <<U>> and get 1 points.
You press <<U>> and get 1 points.
You press <<P>> and get 0 points.
You press <<U>> and get 1 points.
You press <<U>> and get 1 points.
You press <<U>> and get 1 points.
You press <<U>> and get 1 points.
You press <<U>> and get 1 points.
You press <<U>> and get 1 points.
You press <<U>> and get 1 points.
You press <<U>> and get 1 points.
You press <<U>> and get 1 points.
You press <<U>> and get 1 points.
You press <<U>> and get 1 points.
You press <<U>> and get 1 points.
You press <<U>> and get 1 points.
You press <<U>> and get 1 points.
You press <<U>> and get 1 points.
You press <<U>> and get 1 points.
You press <<U>> and get 1 points.
You press <<U>> and get 1 points.
You press <<U>> and get 1 points.
You press <<P>> and get 1 points.
You press <<U>> and get 1 points.
You press <<P>> and get 1 points.
You press <<U>> and get 1 points.
You press <<U>> and get 1 points.
You press <<U>> and get 1 points.
You press <<P>> and get 0 points.
You press <<U>> and get 1 points.
You press <<U>> and get 1 points.
You press <<U>> and get 1 points.
You press <<U>> and get 0 points.
You press <<U>> and get 0 points.
You press <<P>> and get 1 points.
You press <<P>> and get 1 points.
You press <<P>> and get 1 points.
You press <<P>> and get 1 points.
You press <<U>> and get 0 points.
You press <<P>> and get 1 points.
You press <<P>> and get 1 points.
You press <<P>> and get 1 points.
You press <<U>> and get 1 points.
You press <<P>> and get 1 points.
You press <<U>> and get 0 points.
You press <<P>> and get 1 points.
You press <<P>> and get 1 points.
You press <<P>> and get 1 points.
You press <<P>> and get 1 points.
You press <<P>> and get 1 points.
You press <<P>> and get 1 points.
You press <<P>> and get 1 points.
You press <<P>> and get 1 points.
You press <<P>> and get 1 points.
You press <<P>> and get 1 points.
You press <<P>> and get 1 points.
You press <<P>> and get 1 points.
You press <<P>> and get 1 points.
You press <<P>> and get 1 points.
You press <<U>> and get 1 points.",False,,"[{'token': 'P', 'prob': 0.953125}, {'token': 'U', 'prob': 0.04736328125}]",1.1641532182693481e-08,5.0249582272954285e-11,-0.04736326960846782,-0.9531249999497504,,
80,P,,,1,P,-0.048095703125,0.04736328125,0.953125,False,,True,"In this task, you have to repeatedly choose between two slot machines labeled U and P.
You can choose a slot machine by pressing its corresponding key.When you select one of the machines, you will win 1 or 0 points.Your goal is to choose the slot machines that will give you the most points.You will receive feedback about the outcome after making a choice.
The environment may change unpredictably, and past success does not guarantee future results. You’ll need to adapt to these changes to keep finding the better machine.You will play 1 game in total, consisting of 100 trials. Game 1:You press <<U>> and get 1 points.
You press <<U>> and get 1 points.
You press <<U>> and get 1 points.
You press <<U>> and get 0 points.
You press <<U>> and get 1 points.
You press <<U>> and get 1 points.
You press <<U>> and get 1 points.
You press <<P>> and get 0 points.
You press <<U>> and get 1 points.
You press <<U>> and get 0 points.
You press <<U>> and get 1 points.
You press <<P>> and get 1 points.
You press <<U>> and get 1 points.
You press <<P>> and get 0 points.
You press <<U>> and get 1 points.
You press <<U>> and get 1 points.
You press <<U>> and get 1 points.
You press <<U>> and get 1 points.
You press <<U>> and get 1 points.
You press <<U>> and get 1 points.
You press <<U>> and get 1 points.
You press <<U>> and get 1 points.
You press <<P>> and get 0 points.
You press <<U>> and get 1 points.
You press <<U>> and get 1 points.
You press <<U>> and get 1 points.
You press <<U>> and get 1 points.
You press <<U>> and get 1 points.
You press <<U>> and get 1 points.
You press <<U>> and get 1 points.
You press <<U>> and get 1 points.
You press <<U>> and get 1 points.
You press <<U>> and get 1 points.
You press <<U>> and get 1 points.
You press <<U>> and get 1 points.
You press <<U>> and get 1 points.
You press <<U>> and get 1 points.
You press <<U>> and get 1 points.
You press <<U>> and get 1 points.
You press <<U>> and get 1 points.
You press <<U>> and get 1 points.
You press <<U>> and get 1 points.
You press <<P>> and get 1 points.
You press <<U>> and get 1 points.
You press <<P>> and get 1 points.
You press <<U>> and get 1 points.
You press <<U>> and get 1 points.
You press <<U>> and get 1 points.
You press <<P>> and get 0 points.
You press <<U>> and get 1 points.
You press <<U>> and get 1 points.
You press <<U>> and get 1 points.
You press <<U>> and get 0 points.
You press <<U>> and get 0 points.
You press <<P>> and get 1 points.
You press <<P>> and get 1 points.
You press <<P>> and get 1 points.
You press <<P>> and get 1 points.
You press <<U>> and get 0 points.
You press <<P>> and get 1 points.
You press <<P>> and get 1 points.
You press <<P>> and get 1 points.
You press <<U>> and get 1 points.
You press <<P>> and get 1 points.
You press <<U>> and get 0 points.
You press <<P>> and get 1 points.
You press <<P>> and get 1 points.
You press <<P>> and get 1 points.
You press <<P>> and get 1 points.
You press <<P>> and get 1 points.
You press <<P>> and get 1 points.
You press <<P>> and get 1 points.
You press <<P>> and get 1 points.
You press <<P>> and get 1 points.
You press <<P>> and get 1 points.
You press <<P>> and get 1 points.
You press <<P>> and get 1 points.
You press <<P>> and get 1 points.
You press <<P>> and get 1 points.
You press <<P>> and get 0 points.","[{'token': 'P', 'prob': 0.953125}, {'token': 'U', 'prob': 0.04736328125}]",9.604264050722122e-10,2.6432189770275727e-12,-0.047363280289573595,-0.9531249999973568,1,0
81,U,P,U,0,P,-3.046875,0.04736328125,0.953125,True,"In this task, you have to repeatedly choose between two slot machines labeled U and P.
You can choose a slot machine by pressing its corresponding key.When you select one of the machines, you will win 1 or 0 points.Your goal is to choose the slot machines that will give you the most points.You will receive feedback about the outcome after making a choice.
The environment may change unpredictably, and past success does not guarantee future results. You’ll need to adapt to these changes to keep finding the better machine.You will play 1 game in total, consisting of 100 trials. Game 1:You press <<U>> and get 1 points.
You press <<U>> and get 1 points.
You press <<U>> and get 1 points.
You press <<U>> and get 0 points.
You press <<U>> and get 1 points.
You press <<U>> and get 1 points.
You press <<U>> and get 1 points.
You press <<P>> and get 0 points.
You press <<U>> and get 1 points.
You press <<U>> and get 0 points.
You press <<U>> and get 1 points.
You press <<P>> and get 1 points.
You press <<U>> and get 1 points.
You press <<P>> and get 0 points.
You press <<U>> and get 1 points.
You press <<U>> and get 1 points.
You press <<U>> and get 1 points.
You press <<U>> and get 1 points.
You press <<U>> and get 1 points.
You press <<U>> and get 1 points.
You press <<U>> and get 1 points.
You press <<U>> and get 1 points.
You press <<P>> and get 0 points.
You press <<U>> and get 1 points.
You press <<U>> and get 1 points.
You press <<U>> and get 1 points.
You press <<U>> and get 1 points.
You press <<U>> and get 1 points.
You press <<U>> and get 1 points.
You press <<U>> and get 1 points.
You press <<U>> and get 1 points.
You press <<U>> and get 1 points.
You press <<U>> and get 1 points.
You press <<U>> and get 1 points.
You press <<U>> and get 1 points.
You press <<U>> and get 1 points.
You press <<U>> and get 1 points.
You press <<U>> and get 1 points.
You press <<U>> and get 1 points.
You press <<U>> and get 1 points.
You press <<U>> and get 1 points.
You press <<U>> and get 1 points.
You press <<P>> and get 1 points.
You press <<U>> and get 1 points.
You press <<P>> and get 1 points.
You press <<U>> and get 1 points.
You press <<U>> and get 1 points.
You press <<U>> and get 1 points.
You press <<P>> and get 0 points.
You press <<U>> and get 1 points.
You press <<U>> and get 1 points.
You press <<U>> and get 1 points.
You press <<U>> and get 0 points.
You press <<U>> and get 0 points.
You press <<P>> and get 1 points.
You press <<P>> and get 1 points.
You press <<P>> and get 1 points.
You press <<P>> and get 1 points.
You press <<U>> and get 0 points.
You press <<P>> and get 1 points.
You press <<P>> and get 1 points.
You press <<P>> and get 1 points.
You press <<U>> and get 1 points.
You press <<P>> and get 1 points.
You press <<U>> and get 0 points.
You press <<P>> and get 1 points.
You press <<P>> and get 1 points.
You press <<P>> and get 1 points.
You press <<P>> and get 1 points.
You press <<P>> and get 1 points.
You press <<P>> and get 1 points.
You press <<P>> and get 1 points.
You press <<P>> and get 1 points.
You press <<P>> and get 1 points.
You press <<P>> and get 1 points.
You press <<P>> and get 1 points.
You press <<P>> and get 1 points.
You press <<P>> and get 1 points.
You press <<P>> and get 1 points.
You press <<P>> and get 1 points.
You press <<U>> and get 1 points.",False,,"[{'token': 'P', 'prob': 0.953125}, {'token': 'U', 'prob': 0.04736328125}]",1.4202669262886047e-08,5.411493475548923e-11,-0.04736326704733074,-0.9531249999458851,,
81,U,,,0,P,-3.046875,0.04736328125,0.953125,False,,True,"In this task, you have to repeatedly choose between two slot machines labeled U and P.
You can choose a slot machine by pressing its corresponding key.When you select one of the machines, you will win 1 or 0 points.Your goal is to choose the slot machines that will give you the most points.You will receive feedback about the outcome after making a choice.
The environment may change unpredictably, and past success does not guarantee future results. You’ll need to adapt to these changes to keep finding the better machine.You will play 1 game in total, consisting of 100 trials. Game 1:You press <<U>> and get 1 points.
You press <<U>> and get 1 points.
You press <<U>> and get 1 points.
You press <<U>> and get 0 points.
You press <<U>> and get 1 points.
You press <<U>> and get 1 points.
You press <<U>> and get 1 points.
You press <<P>> and get 0 points.
You press <<U>> and get 1 points.
You press <<U>> and get 0 points.
You press <<U>> and get 1 points.
You press <<P>> and get 1 points.
You press <<U>> and get 1 points.
You press <<P>> and get 0 points.
You press <<U>> and get 1 points.
You press <<U>> and get 1 points.
You press <<U>> and get 1 points.
You press <<U>> and get 1 points.
You press <<U>> and get 1 points.
You press <<U>> and get 1 points.
You press <<U>> and get 1 points.
You press <<U>> and get 1 points.
You press <<P>> and get 0 points.
You press <<U>> and get 1 points.
You press <<U>> and get 1 points.
You press <<U>> and get 1 points.
You press <<U>> and get 1 points.
You press <<U>> and get 1 points.
You press <<U>> and get 1 points.
You press <<U>> and get 1 points.
You press <<U>> and get 1 points.
You press <<U>> and get 1 points.
You press <<U>> and get 1 points.
You press <<U>> and get 1 points.
You press <<U>> and get 1 points.
You press <<U>> and get 1 points.
You press <<U>> and get 1 points.
You press <<U>> and get 1 points.
You press <<U>> and get 1 points.
You press <<U>> and get 1 points.
You press <<U>> and get 1 points.
You press <<U>> and get 1 points.
You press <<P>> and get 1 points.
You press <<U>> and get 1 points.
You press <<P>> and get 1 points.
You press <<U>> and get 1 points.
You press <<U>> and get 1 points.
You press <<U>> and get 1 points.
You press <<P>> and get 0 points.
You press <<U>> and get 1 points.
You press <<U>> and get 1 points.
You press <<U>> and get 1 points.
You press <<U>> and get 0 points.
You press <<U>> and get 0 points.
You press <<P>> and get 1 points.
You press <<P>> and get 1 points.
You press <<P>> and get 1 points.
You press <<P>> and get 1 points.
You press <<U>> and get 0 points.
You press <<P>> and get 1 points.
You press <<P>> and get 1 points.
You press <<P>> and get 1 points.
You press <<U>> and get 1 points.
You press <<P>> and get 1 points.
You press <<U>> and get 0 points.
You press <<P>> and get 1 points.
You press <<P>> and get 1 points.
You press <<P>> and get 1 points.
You press <<P>> and get 1 points.
You press <<P>> and get 1 points.
You press <<P>> and get 1 points.
You press <<P>> and get 1 points.
You press <<P>> and get 1 points.
You press <<P>> and get 1 points.
You press <<P>> and get 1 points.
You press <<P>> and get 1 points.
You press <<P>> and get 1 points.
You press <<P>> and get 1 points.
You press <<P>> and get 1 points.
You press <<P>> and get 1 points.
You press <<P>> and get 0 points.","[{'token': 'P', 'prob': 0.953125}, {'token': 'U', 'prob': 0.04736328125}]",8.185452315956354e-10,2.2311041902867146e-12,-0.04736328043145477,-0.9531249999977689,1,0
82,P,U,P,1,P,-0.060302734375,0.06005859375,0.94140625,True,"In this task, you have to repeatedly choose between two slot machines labeled U and P.
You can choose a slot machine by pressing its corresponding key.When you select one of the machines, you will win 1 or 0 points.Your goal is to choose the slot machines that will give you the most points.You will receive feedback about the outcome after making a choice.
The environment may change unpredictably, and past success does not guarantee future results. You’ll need to adapt to these changes to keep finding the better machine.You will play 1 game in total, consisting of 100 trials. Game 1:You press <<U>> and get 1 points.
You press <<U>> and get 1 points.
You press <<U>> and get 1 points.
You press <<U>> and get 0 points.
You press <<U>> and get 1 points.
You press <<U>> and get 1 points.
You press <<U>> and get 1 points.
You press <<P>> and get 0 points.
You press <<U>> and get 1 points.
You press <<U>> and get 0 points.
You press <<U>> and get 1 points.
You press <<P>> and get 1 points.
You press <<U>> and get 1 points.
You press <<P>> and get 0 points.
You press <<U>> and get 1 points.
You press <<U>> and get 1 points.
You press <<U>> and get 1 points.
You press <<U>> and get 1 points.
You press <<U>> and get 1 points.
You press <<U>> and get 1 points.
You press <<U>> and get 1 points.
You press <<U>> and get 1 points.
You press <<P>> and get 0 points.
You press <<U>> and get 1 points.
You press <<U>> and get 1 points.
You press <<U>> and get 1 points.
You press <<U>> and get 1 points.
You press <<U>> and get 1 points.
You press <<U>> and get 1 points.
You press <<U>> and get 1 points.
You press <<U>> and get 1 points.
You press <<U>> and get 1 points.
You press <<U>> and get 1 points.
You press <<U>> and get 1 points.
You press <<U>> and get 1 points.
You press <<U>> and get 1 points.
You press <<U>> and get 1 points.
You press <<U>> and get 1 points.
You press <<U>> and get 1 points.
You press <<U>> and get 1 points.
You press <<U>> and get 1 points.
You press <<U>> and get 1 points.
You press <<P>> and get 1 points.
You press <<U>> and get 1 points.
You press <<P>> and get 1 points.
You press <<U>> and get 1 points.
You press <<U>> and get 1 points.
You press <<U>> and get 1 points.
You press <<P>> and get 0 points.
You press <<U>> and get 1 points.
You press <<U>> and get 1 points.
You press <<U>> and get 1 points.
You press <<U>> and get 0 points.
You press <<U>> and get 0 points.
You press <<P>> and get 1 points.
You press <<P>> and get 1 points.
You press <<P>> and get 1 points.
You press <<P>> and get 1 points.
You press <<U>> and get 0 points.
You press <<P>> and get 1 points.
You press <<P>> and get 1 points.
You press <<P>> and get 1 points.
You press <<U>> and get 1 points.
You press <<P>> and get 1 points.
You press <<U>> and get 0 points.
You press <<P>> and get 1 points.
You press <<P>> and get 1 points.
You press <<P>> and get 1 points.
You press <<P>> and get 1 points.
You press <<P>> and get 1 points.
You press <<P>> and get 1 points.
You press <<P>> and get 1 points.
You press <<P>> and get 1 points.
You press <<P>> and get 1 points.
You press <<P>> and get 1 points.
You press <<P>> and get 1 points.
You press <<P>> and get 1 points.
You press <<P>> and get 1 points.
You press <<P>> and get 1 points.
You press <<P>> and get 1 points.
You press <<P>> and get 1 points.
You press <<P>> and get 0 points.",False,,"[{'token': 'P', 'prob': 0.94140625}, {'token': 'U', 'prob': 0.06005859375}]",1.0550138540565968e-09,2.9132252166164108e-12,-0.060058592694986146,-0.9414062499970868,,
82,P,,,1,P,-0.060302734375,0.06005859375,0.94140625,False,,True,"In this task, you have to repeatedly choose between two slot machines labeled U and P.
You can choose a slot machine by pressing its corresponding key.When you select one of the machines, you will win 1 or 0 points.Your goal is to choose the slot machines that will give you the most points.You will receive feedback about the outcome after making a choice.
The environment may change unpredictably, and past success does not guarantee future results. You’ll need to adapt to these changes to keep finding the better machine.You will play 1 game in total, consisting of 100 trials. Game 1:You press <<U>> and get 1 points.
You press <<U>> and get 1 points.
You press <<U>> and get 1 points.
You press <<U>> and get 0 points.
You press <<U>> and get 1 points.
You press <<U>> and get 1 points.
You press <<U>> and get 1 points.
You press <<P>> and get 0 points.
You press <<U>> and get 1 points.
You press <<U>> and get 0 points.
You press <<U>> and get 1 points.
You press <<P>> and get 1 points.
You press <<U>> and get 1 points.
You press <<P>> and get 0 points.
You press <<U>> and get 1 points.
You press <<U>> and get 1 points.
You press <<U>> and get 1 points.
You press <<U>> and get 1 points.
You press <<U>> and get 1 points.
You press <<U>> and get 1 points.
You press <<U>> and get 1 points.
You press <<U>> and get 1 points.
You press <<P>> and get 0 points.
You press <<U>> and get 1 points.
You press <<U>> and get 1 points.
You press <<U>> and get 1 points.
You press <<U>> and get 1 points.
You press <<U>> and get 1 points.
You press <<U>> and get 1 points.
You press <<U>> and get 1 points.
You press <<U>> and get 1 points.
You press <<U>> and get 1 points.
You press <<U>> and get 1 points.
You press <<U>> and get 1 points.
You press <<U>> and get 1 points.
You press <<U>> and get 1 points.
You press <<U>> and get 1 points.
You press <<U>> and get 1 points.
You press <<U>> and get 1 points.
You press <<U>> and get 1 points.
You press <<U>> and get 1 points.
You press <<U>> and get 1 points.
You press <<P>> and get 1 points.
You press <<U>> and get 1 points.
You press <<P>> and get 1 points.
You press <<U>> and get 1 points.
You press <<U>> and get 1 points.
You press <<U>> and get 1 points.
You press <<P>> and get 0 points.
You press <<U>> and get 1 points.
You press <<U>> and get 1 points.
You press <<U>> and get 1 points.
You press <<U>> and get 0 points.
You press <<U>> and get 0 points.
You press <<P>> and get 1 points.
You press <<P>> and get 1 points.
You press <<P>> and get 1 points.
You press <<P>> and get 1 points.
You press <<U>> and get 0 points.
You press <<P>> and get 1 points.
You press <<P>> and get 1 points.
You press <<P>> and get 1 points.
You press <<U>> and get 1 points.
You press <<P>> and get 1 points.
You press <<U>> and get 0 points.
You press <<P>> and get 1 points.
You press <<P>> and get 1 points.
You press <<P>> and get 1 points.
You press <<P>> and get 1 points.
You press <<P>> and get 1 points.
You press <<P>> and get 1 points.
You press <<P>> and get 1 points.
You press <<P>> and get 1 points.
You press <<P>> and get 1 points.
You press <<P>> and get 1 points.
You press <<P>> and get 1 points.
You press <<P>> and get 1 points.
You press <<P>> and get 1 points.
You press <<P>> and get 1 points.
You press <<P>> and get 1 points.
You press <<P>> and get 1 points.
You press <<U>> and get 1 points.","[{'token': 'P', 'prob': 0.94140625}, {'token': 'U', 'prob': 0.06005859375}]",1.7229467630386353e-08,6.59383658785373e-11,-0.06005857652053237,-0.9414062499340616,0,1
83,U,P,U,0,P,-3.046875,0.04736328125,0.953125,True,"In this task, you have to repeatedly choose between two slot machines labeled U and P.
You can choose a slot machine by pressing its corresponding key.When you select one of the machines, you will win 1 or 0 points.Your goal is to choose the slot machines that will give you the most points.You will receive feedback about the outcome after making a choice.
The environment may change unpredictably, and past success does not guarantee future results. You’ll need to adapt to these changes to keep finding the better machine.You will play 1 game in total, consisting of 100 trials. Game 1:You press <<U>> and get 1 points.
You press <<U>> and get 1 points.
You press <<U>> and get 1 points.
You press <<U>> and get 0 points.
You press <<U>> and get 1 points.
You press <<U>> and get 1 points.
You press <<U>> and get 1 points.
You press <<P>> and get 0 points.
You press <<U>> and get 1 points.
You press <<U>> and get 0 points.
You press <<U>> and get 1 points.
You press <<P>> and get 1 points.
You press <<U>> and get 1 points.
You press <<P>> and get 0 points.
You press <<U>> and get 1 points.
You press <<U>> and get 1 points.
You press <<U>> and get 1 points.
You press <<U>> and get 1 points.
You press <<U>> and get 1 points.
You press <<U>> and get 1 points.
You press <<U>> and get 1 points.
You press <<U>> and get 1 points.
You press <<P>> and get 0 points.
You press <<U>> and get 1 points.
You press <<U>> and get 1 points.
You press <<U>> and get 1 points.
You press <<U>> and get 1 points.
You press <<U>> and get 1 points.
You press <<U>> and get 1 points.
You press <<U>> and get 1 points.
You press <<U>> and get 1 points.
You press <<U>> and get 1 points.
You press <<U>> and get 1 points.
You press <<U>> and get 1 points.
You press <<U>> and get 1 points.
You press <<U>> and get 1 points.
You press <<U>> and get 1 points.
You press <<U>> and get 1 points.
You press <<U>> and get 1 points.
You press <<U>> and get 1 points.
You press <<U>> and get 1 points.
You press <<U>> and get 1 points.
You press <<P>> and get 1 points.
You press <<U>> and get 1 points.
You press <<P>> and get 1 points.
You press <<U>> and get 1 points.
You press <<U>> and get 1 points.
You press <<U>> and get 1 points.
You press <<P>> and get 0 points.
You press <<U>> and get 1 points.
You press <<U>> and get 1 points.
You press <<U>> and get 1 points.
You press <<U>> and get 0 points.
You press <<U>> and get 0 points.
You press <<P>> and get 1 points.
You press <<P>> and get 1 points.
You press <<P>> and get 1 points.
You press <<P>> and get 1 points.
You press <<U>> and get 0 points.
You press <<P>> and get 1 points.
You press <<P>> and get 1 points.
You press <<P>> and get 1 points.
You press <<U>> and get 1 points.
You press <<P>> and get 1 points.
You press <<U>> and get 0 points.
You press <<P>> and get 1 points.
You press <<P>> and get 1 points.
You press <<P>> and get 1 points.
You press <<P>> and get 1 points.
You press <<P>> and get 1 points.
You press <<P>> and get 1 points.
You press <<P>> and get 1 points.
You press <<P>> and get 1 points.
You press <<P>> and get 1 points.
You press <<P>> and get 1 points.
You press <<P>> and get 1 points.
You press <<P>> and get 1 points.
You press <<P>> and get 1 points.
You press <<P>> and get 1 points.
You press <<P>> and get 1 points.
You press <<P>> and get 1 points.
You press <<U>> and get 0 points.
You press <<U>> and get 1 points.",False,,"[{'token': 'P', 'prob': 0.953125}, {'token': 'U', 'prob': 0.04736328125}]",2.342858351767063e-09,3.637978807091713e-12,-0.04736327890714165,-0.953124999996362,,
83,U,,,0,P,-3.046875,0.04736328125,0.953125,False,,True,"In this task, you have to repeatedly choose between two slot machines labeled U and P.
You can choose a slot machine by pressing its corresponding key.When you select one of the machines, you will win 1 or 0 points.Your goal is to choose the slot machines that will give you the most points.You will receive feedback about the outcome after making a choice.
The environment may change unpredictably, and past success does not guarantee future results. You’ll need to adapt to these changes to keep finding the better machine.You will play 1 game in total, consisting of 100 trials. Game 1:You press <<U>> and get 1 points.
You press <<U>> and get 1 points.
You press <<U>> and get 1 points.
You press <<U>> and get 0 points.
You press <<U>> and get 1 points.
You press <<U>> and get 1 points.
You press <<U>> and get 1 points.
You press <<P>> and get 0 points.
You press <<U>> and get 1 points.
You press <<U>> and get 0 points.
You press <<U>> and get 1 points.
You press <<P>> and get 1 points.
You press <<U>> and get 1 points.
You press <<P>> and get 0 points.
You press <<U>> and get 1 points.
You press <<U>> and get 1 points.
You press <<U>> and get 1 points.
You press <<U>> and get 1 points.
You press <<U>> and get 1 points.
You press <<U>> and get 1 points.
You press <<U>> and get 1 points.
You press <<U>> and get 1 points.
You press <<P>> and get 0 points.
You press <<U>> and get 1 points.
You press <<U>> and get 1 points.
You press <<U>> and get 1 points.
You press <<U>> and get 1 points.
You press <<U>> and get 1 points.
You press <<U>> and get 1 points.
You press <<U>> and get 1 points.
You press <<U>> and get 1 points.
You press <<U>> and get 1 points.
You press <<U>> and get 1 points.
You press <<U>> and get 1 points.
You press <<U>> and get 1 points.
You press <<U>> and get 1 points.
You press <<U>> and get 1 points.
You press <<U>> and get 1 points.
You press <<U>> and get 1 points.
You press <<U>> and get 1 points.
You press <<U>> and get 1 points.
You press <<U>> and get 1 points.
You press <<P>> and get 1 points.
You press <<U>> and get 1 points.
You press <<P>> and get 1 points.
You press <<U>> and get 1 points.
You press <<U>> and get 1 points.
You press <<U>> and get 1 points.
You press <<P>> and get 0 points.
You press <<U>> and get 1 points.
You press <<U>> and get 1 points.
You press <<U>> and get 1 points.
You press <<U>> and get 0 points.
You press <<U>> and get 0 points.
You press <<P>> and get 1 points.
You press <<P>> and get 1 points.
You press <<P>> and get 1 points.
You press <<P>> and get 1 points.
You press <<U>> and get 0 points.
You press <<P>> and get 1 points.
You press <<P>> and get 1 points.
You press <<P>> and get 1 points.
You press <<U>> and get 1 points.
You press <<P>> and get 1 points.
You press <<U>> and get 0 points.
You press <<P>> and get 1 points.
You press <<P>> and get 1 points.
You press <<P>> and get 1 points.
You press <<P>> and get 1 points.
You press <<P>> and get 1 points.
You press <<P>> and get 1 points.
You press <<P>> and get 1 points.
You press <<P>> and get 1 points.
You press <<P>> and get 1 points.
You press <<P>> and get 1 points.
You press <<P>> and get 1 points.
You press <<P>> and get 1 points.
You press <<P>> and get 1 points.
You press <<P>> and get 1 points.
You press <<P>> and get 1 points.
You press <<P>> and get 1 points.
You press <<U>> and get 0 points.
You press <<P>> and get 0 points.","[{'token': 'P', 'prob': 0.953125}, {'token': 'U', 'prob': 0.04736328125}]",2.5902409106492996e-09,1.1652900866465643e-11,-0.04736327865975909,-0.9531249999883471,1,0
84,P,U,P,1,P,-0.0986328125,0.09521484375,0.90625,True,"In this task, you have to repeatedly choose between two slot machines labeled U and P.
You can choose a slot machine by pressing its corresponding key.When you select one of the machines, you will win 1 or 0 points.Your goal is to choose the slot machines that will give you the most points.You will receive feedback about the outcome after making a choice.
The environment may change unpredictably, and past success does not guarantee future results. You’ll need to adapt to these changes to keep finding the better machine.You will play 1 game in total, consisting of 100 trials. Game 1:You press <<U>> and get 1 points.
You press <<U>> and get 1 points.
You press <<U>> and get 1 points.
You press <<U>> and get 0 points.
You press <<U>> and get 1 points.
You press <<U>> and get 1 points.
You press <<U>> and get 1 points.
You press <<P>> and get 0 points.
You press <<U>> and get 1 points.
You press <<U>> and get 0 points.
You press <<U>> and get 1 points.
You press <<P>> and get 1 points.
You press <<U>> and get 1 points.
You press <<P>> and get 0 points.
You press <<U>> and get 1 points.
You press <<U>> and get 1 points.
You press <<U>> and get 1 points.
You press <<U>> and get 1 points.
You press <<U>> and get 1 points.
You press <<U>> and get 1 points.
You press <<U>> and get 1 points.
You press <<U>> and get 1 points.
You press <<P>> and get 0 points.
You press <<U>> and get 1 points.
You press <<U>> and get 1 points.
You press <<U>> and get 1 points.
You press <<U>> and get 1 points.
You press <<U>> and get 1 points.
You press <<U>> and get 1 points.
You press <<U>> and get 1 points.
You press <<U>> and get 1 points.
You press <<U>> and get 1 points.
You press <<U>> and get 1 points.
You press <<U>> and get 1 points.
You press <<U>> and get 1 points.
You press <<U>> and get 1 points.
You press <<U>> and get 1 points.
You press <<U>> and get 1 points.
You press <<U>> and get 1 points.
You press <<U>> and get 1 points.
You press <<U>> and get 1 points.
You press <<U>> and get 1 points.
You press <<P>> and get 1 points.
You press <<U>> and get 1 points.
You press <<P>> and get 1 points.
You press <<U>> and get 1 points.
You press <<U>> and get 1 points.
You press <<U>> and get 1 points.
You press <<P>> and get 0 points.
You press <<U>> and get 1 points.
You press <<U>> and get 1 points.
You press <<U>> and get 1 points.
You press <<U>> and get 0 points.
You press <<U>> and get 0 points.
You press <<P>> and get 1 points.
You press <<P>> and get 1 points.
You press <<P>> and get 1 points.
You press <<P>> and get 1 points.
You press <<U>> and get 0 points.
You press <<P>> and get 1 points.
You press <<P>> and get 1 points.
You press <<P>> and get 1 points.
You press <<U>> and get 1 points.
You press <<P>> and get 1 points.
You press <<U>> and get 0 points.
You press <<P>> and get 1 points.
You press <<P>> and get 1 points.
You press <<P>> and get 1 points.
You press <<P>> and get 1 points.
You press <<P>> and get 1 points.
You press <<P>> and get 1 points.
You press <<P>> and get 1 points.
You press <<P>> and get 1 points.
You press <<P>> and get 1 points.
You press <<P>> and get 1 points.
You press <<P>> and get 1 points.
You press <<P>> and get 1 points.
You press <<P>> and get 1 points.
You press <<P>> and get 1 points.
You press <<P>> and get 1 points.
You press <<P>> and get 1 points.
You press <<U>> and get 0 points.
You press <<P>> and get 1 points.
You press <<P>> and get 0 points.",False,,"[{'token': 'P', 'prob': 0.90625}, {'token': 'U', 'prob': 0.09521484375}]",6.548361852765083e-10,3.0411229090532288e-12,-0.09521484309516381,-0.9062499999969589,,
84,P,,,1,P,-0.0986328125,0.09521484375,0.90625,False,,True,"In this task, you have to repeatedly choose between two slot machines labeled U and P.
You can choose a slot machine by pressing its corresponding key.When you select one of the machines, you will win 1 or 0 points.Your goal is to choose the slot machines that will give you the most points.You will receive feedback about the outcome after making a choice.
The environment may change unpredictably, and past success does not guarantee future results. You’ll need to adapt to these changes to keep finding the better machine.You will play 1 game in total, consisting of 100 trials. Game 1:You press <<U>> and get 1 points.
You press <<U>> and get 1 points.
You press <<U>> and get 1 points.
You press <<U>> and get 0 points.
You press <<U>> and get 1 points.
You press <<U>> and get 1 points.
You press <<U>> and get 1 points.
You press <<P>> and get 0 points.
You press <<U>> and get 1 points.
You press <<U>> and get 0 points.
You press <<U>> and get 1 points.
You press <<P>> and get 1 points.
You press <<U>> and get 1 points.
You press <<P>> and get 0 points.
You press <<U>> and get 1 points.
You press <<U>> and get 1 points.
You press <<U>> and get 1 points.
You press <<U>> and get 1 points.
You press <<U>> and get 1 points.
You press <<U>> and get 1 points.
You press <<U>> and get 1 points.
You press <<U>> and get 1 points.
You press <<P>> and get 0 points.
You press <<U>> and get 1 points.
You press <<U>> and get 1 points.
You press <<U>> and get 1 points.
You press <<U>> and get 1 points.
You press <<U>> and get 1 points.
You press <<U>> and get 1 points.
You press <<U>> and get 1 points.
You press <<U>> and get 1 points.
You press <<U>> and get 1 points.
You press <<U>> and get 1 points.
You press <<U>> and get 1 points.
You press <<U>> and get 1 points.
You press <<U>> and get 1 points.
You press <<U>> and get 1 points.
You press <<U>> and get 1 points.
You press <<U>> and get 1 points.
You press <<U>> and get 1 points.
You press <<U>> and get 1 points.
You press <<U>> and get 1 points.
You press <<P>> and get 1 points.
You press <<U>> and get 1 points.
You press <<P>> and get 1 points.
You press <<U>> and get 1 points.
You press <<U>> and get 1 points.
You press <<U>> and get 1 points.
You press <<P>> and get 0 points.
You press <<U>> and get 1 points.
You press <<U>> and get 1 points.
You press <<U>> and get 1 points.
You press <<U>> and get 0 points.
You press <<U>> and get 0 points.
You press <<P>> and get 1 points.
You press <<P>> and get 1 points.
You press <<P>> and get 1 points.
You press <<P>> and get 1 points.
You press <<U>> and get 0 points.
You press <<P>> and get 1 points.
You press <<P>> and get 1 points.
You press <<P>> and get 1 points.
You press <<U>> and get 1 points.
You press <<P>> and get 1 points.
You press <<U>> and get 0 points.
You press <<P>> and get 1 points.
You press <<P>> and get 1 points.
You press <<P>> and get 1 points.
You press <<P>> and get 1 points.
You press <<P>> and get 1 points.
You press <<P>> and get 1 points.
You press <<P>> and get 1 points.
You press <<P>> and get 1 points.
You press <<P>> and get 1 points.
You press <<P>> and get 1 points.
You press <<P>> and get 1 points.
You press <<P>> and get 1 points.
You press <<P>> and get 1 points.
You press <<P>> and get 1 points.
You press <<P>> and get 1 points.
You press <<P>> and get 1 points.
You press <<U>> and get 0 points.
You press <<P>> and get 1 points.
You press <<U>> and get 1 points.","[{'token': 'P', 'prob': 0.90625}, {'token': 'U', 'prob': 0.09521484375}]",2.459273673593998e-09,7.73070496506989e-12,-0.09521484129072633,-0.9062499999922693,0,1
85,P,P,U,1,P,-0.12890625,0.119140625,0.87890625,True,"In this task, you have to repeatedly choose between two slot machines labeled U and P.
You can choose a slot machine by pressing its corresponding key.When you select one of the machines, you will win 1 or 0 points.Your goal is to choose the slot machines that will give you the most points.You will receive feedback about the outcome after making a choice.
The environment may change unpredictably, and past success does not guarantee future results. You’ll need to adapt to these changes to keep finding the better machine.You will play 1 game in total, consisting of 100 trials. Game 1:You press <<U>> and get 1 points.
You press <<U>> and get 1 points.
You press <<U>> and get 1 points.
You press <<U>> and get 0 points.
You press <<U>> and get 1 points.
You press <<U>> and get 1 points.
You press <<U>> and get 1 points.
You press <<P>> and get 0 points.
You press <<U>> and get 1 points.
You press <<U>> and get 0 points.
You press <<U>> and get 1 points.
You press <<P>> and get 1 points.
You press <<U>> and get 1 points.
You press <<P>> and get 0 points.
You press <<U>> and get 1 points.
You press <<U>> and get 1 points.
You press <<U>> and get 1 points.
You press <<U>> and get 1 points.
You press <<U>> and get 1 points.
You press <<U>> and get 1 points.
You press <<U>> and get 1 points.
You press <<U>> and get 1 points.
You press <<P>> and get 0 points.
You press <<U>> and get 1 points.
You press <<U>> and get 1 points.
You press <<U>> and get 1 points.
You press <<U>> and get 1 points.
You press <<U>> and get 1 points.
You press <<U>> and get 1 points.
You press <<U>> and get 1 points.
You press <<U>> and get 1 points.
You press <<U>> and get 1 points.
You press <<U>> and get 1 points.
You press <<U>> and get 1 points.
You press <<U>> and get 1 points.
You press <<U>> and get 1 points.
You press <<U>> and get 1 points.
You press <<U>> and get 1 points.
You press <<U>> and get 1 points.
You press <<U>> and get 1 points.
You press <<U>> and get 1 points.
You press <<U>> and get 1 points.
You press <<P>> and get 1 points.
You press <<U>> and get 1 points.
You press <<P>> and get 1 points.
You press <<U>> and get 1 points.
You press <<U>> and get 1 points.
You press <<U>> and get 1 points.
You press <<P>> and get 0 points.
You press <<U>> and get 1 points.
You press <<U>> and get 1 points.
You press <<U>> and get 1 points.
You press <<U>> and get 0 points.
You press <<U>> and get 0 points.
You press <<P>> and get 1 points.
You press <<P>> and get 1 points.
You press <<P>> and get 1 points.
You press <<P>> and get 1 points.
You press <<U>> and get 0 points.
You press <<P>> and get 1 points.
You press <<P>> and get 1 points.
You press <<P>> and get 1 points.
You press <<U>> and get 1 points.
You press <<P>> and get 1 points.
You press <<U>> and get 0 points.
You press <<P>> and get 1 points.
You press <<P>> and get 1 points.
You press <<P>> and get 1 points.
You press <<P>> and get 1 points.
You press <<P>> and get 1 points.
You press <<P>> and get 1 points.
You press <<P>> and get 1 points.
You press <<P>> and get 1 points.
You press <<P>> and get 1 points.
You press <<P>> and get 1 points.
You press <<P>> and get 1 points.
You press <<P>> and get 1 points.
You press <<P>> and get 1 points.
You press <<P>> and get 1 points.
You press <<P>> and get 1 points.
You press <<P>> and get 1 points.
You press <<U>> and get 0 points.
You press <<P>> and get 1 points.
You press <<U>> and get 0 points.
You press <<U>> and get 1 points.",False,,"[{'token': 'P', 'prob': 0.87890625}, {'token': 'U', 'prob': 0.119140625}]",2.6775524020195007e-09,7.275957614183426e-12,-0.1191406223224476,-0.878906249992724,,
85,P,,,1,P,-0.12890625,0.119140625,0.87890625,False,,True,"In this task, you have to repeatedly choose between two slot machines labeled U and P.
You can choose a slot machine by pressing its corresponding key.When you select one of the machines, you will win 1 or 0 points.Your goal is to choose the slot machines that will give you the most points.You will receive feedback about the outcome after making a choice.
The environment may change unpredictably, and past success does not guarantee future results. You’ll need to adapt to these changes to keep finding the better machine.You will play 1 game in total, consisting of 100 trials. Game 1:You press <<U>> and get 1 points.
You press <<U>> and get 1 points.
You press <<U>> and get 1 points.
You press <<U>> and get 0 points.
You press <<U>> and get 1 points.
You press <<U>> and get 1 points.
You press <<U>> and get 1 points.
You press <<P>> and get 0 points.
You press <<U>> and get 1 points.
You press <<U>> and get 0 points.
You press <<U>> and get 1 points.
You press <<P>> and get 1 points.
You press <<U>> and get 1 points.
You press <<P>> and get 0 points.
You press <<U>> and get 1 points.
You press <<U>> and get 1 points.
You press <<U>> and get 1 points.
You press <<U>> and get 1 points.
You press <<U>> and get 1 points.
You press <<U>> and get 1 points.
You press <<U>> and get 1 points.
You press <<U>> and get 1 points.
You press <<P>> and get 0 points.
You press <<U>> and get 1 points.
You press <<U>> and get 1 points.
You press <<U>> and get 1 points.
You press <<U>> and get 1 points.
You press <<U>> and get 1 points.
You press <<U>> and get 1 points.
You press <<U>> and get 1 points.
You press <<U>> and get 1 points.
You press <<U>> and get 1 points.
You press <<U>> and get 1 points.
You press <<U>> and get 1 points.
You press <<U>> and get 1 points.
You press <<U>> and get 1 points.
You press <<U>> and get 1 points.
You press <<U>> and get 1 points.
You press <<U>> and get 1 points.
You press <<U>> and get 1 points.
You press <<U>> and get 1 points.
You press <<U>> and get 1 points.
You press <<P>> and get 1 points.
You press <<U>> and get 1 points.
You press <<P>> and get 1 points.
You press <<U>> and get 1 points.
You press <<U>> and get 1 points.
You press <<U>> and get 1 points.
You press <<P>> and get 0 points.
You press <<U>> and get 1 points.
You press <<U>> and get 1 points.
You press <<U>> and get 1 points.
You press <<U>> and get 0 points.
You press <<U>> and get 0 points.
You press <<P>> and get 1 points.
You press <<P>> and get 1 points.
You press <<P>> and get 1 points.
You press <<P>> and get 1 points.
You press <<U>> and get 0 points.
You press <<P>> and get 1 points.
You press <<P>> and get 1 points.
You press <<P>> and get 1 points.
You press <<U>> and get 1 points.
You press <<P>> and get 1 points.
You press <<U>> and get 0 points.
You press <<P>> and get 1 points.
You press <<P>> and get 1 points.
You press <<P>> and get 1 points.
You press <<P>> and get 1 points.
You press <<P>> and get 1 points.
You press <<P>> and get 1 points.
You press <<P>> and get 1 points.
You press <<P>> and get 1 points.
You press <<P>> and get 1 points.
You press <<P>> and get 1 points.
You press <<P>> and get 1 points.
You press <<P>> and get 1 points.
You press <<P>> and get 1 points.
You press <<P>> and get 1 points.
You press <<P>> and get 1 points.
You press <<P>> and get 1 points.
You press <<U>> and get 0 points.
You press <<P>> and get 1 points.
You press <<U>> and get 0 points.
You press <<P>> and get 0 points.","[{'token': 'P', 'prob': 0.87890625}, {'token': 'U', 'prob': 0.119140625}]",1.8553691916167736e-09,9.265477274311706e-12,-0.11914062314463081,-0.8789062499907345,1,0
86,P,P,U,1,P,-0.060302734375,0.06005859375,0.94140625,True,"In this task, you have to repeatedly choose between two slot machines labeled U and P.
You can choose a slot machine by pressing its corresponding key.When you select one of the machines, you will win 1 or 0 points.Your goal is to choose the slot machines that will give you the most points.You will receive feedback about the outcome after making a choice.
The environment may change unpredictably, and past success does not guarantee future results. You’ll need to adapt to these changes to keep finding the better machine.You will play 1 game in total, consisting of 100 trials. Game 1:You press <<U>> and get 1 points.
You press <<U>> and get 1 points.
You press <<U>> and get 1 points.
You press <<U>> and get 0 points.
You press <<U>> and get 1 points.
You press <<U>> and get 1 points.
You press <<U>> and get 1 points.
You press <<P>> and get 0 points.
You press <<U>> and get 1 points.
You press <<U>> and get 0 points.
You press <<U>> and get 1 points.
You press <<P>> and get 1 points.
You press <<U>> and get 1 points.
You press <<P>> and get 0 points.
You press <<U>> and get 1 points.
You press <<U>> and get 1 points.
You press <<U>> and get 1 points.
You press <<U>> and get 1 points.
You press <<U>> and get 1 points.
You press <<U>> and get 1 points.
You press <<U>> and get 1 points.
You press <<U>> and get 1 points.
You press <<P>> and get 0 points.
You press <<U>> and get 1 points.
You press <<U>> and get 1 points.
You press <<U>> and get 1 points.
You press <<U>> and get 1 points.
You press <<U>> and get 1 points.
You press <<U>> and get 1 points.
You press <<U>> and get 1 points.
You press <<U>> and get 1 points.
You press <<U>> and get 1 points.
You press <<U>> and get 1 points.
You press <<U>> and get 1 points.
You press <<U>> and get 1 points.
You press <<U>> and get 1 points.
You press <<U>> and get 1 points.
You press <<U>> and get 1 points.
You press <<U>> and get 1 points.
You press <<U>> and get 1 points.
You press <<U>> and get 1 points.
You press <<U>> and get 1 points.
You press <<P>> and get 1 points.
You press <<U>> and get 1 points.
You press <<P>> and get 1 points.
You press <<U>> and get 1 points.
You press <<U>> and get 1 points.
You press <<U>> and get 1 points.
You press <<P>> and get 0 points.
You press <<U>> and get 1 points.
You press <<U>> and get 1 points.
You press <<U>> and get 1 points.
You press <<U>> and get 0 points.
You press <<U>> and get 0 points.
You press <<P>> and get 1 points.
You press <<P>> and get 1 points.
You press <<P>> and get 1 points.
You press <<P>> and get 1 points.
You press <<U>> and get 0 points.
You press <<P>> and get 1 points.
You press <<P>> and get 1 points.
You press <<P>> and get 1 points.
You press <<U>> and get 1 points.
You press <<P>> and get 1 points.
You press <<U>> and get 0 points.
You press <<P>> and get 1 points.
You press <<P>> and get 1 points.
You press <<P>> and get 1 points.
You press <<P>> and get 1 points.
You press <<P>> and get 1 points.
You press <<P>> and get 1 points.
You press <<P>> and get 1 points.
You press <<P>> and get 1 points.
You press <<P>> and get 1 points.
You press <<P>> and get 1 points.
You press <<P>> and get 1 points.
You press <<P>> and get 1 points.
You press <<P>> and get 1 points.
You press <<P>> and get 1 points.
You press <<P>> and get 1 points.
You press <<P>> and get 1 points.
You press <<U>> and get 0 points.
You press <<P>> and get 1 points.
You press <<U>> and get 0 points.
You press <<P>> and get 1 points.
You press <<U>> and get 1 points.",False,,"[{'token': 'P', 'prob': 0.94140625}, {'token': 'U', 'prob': 0.06005859375}]",2.066371962428093e-09,6.252776074688882e-12,-0.06005859168362804,-0.9414062499937472,,
86,P,,,1,P,-0.060302734375,0.06005859375,0.94140625,False,,True,"In this task, you have to repeatedly choose between two slot machines labeled U and P.
You can choose a slot machine by pressing its corresponding key.When you select one of the machines, you will win 1 or 0 points.Your goal is to choose the slot machines that will give you the most points.You will receive feedback about the outcome after making a choice.
The environment may change unpredictably, and past success does not guarantee future results. You’ll need to adapt to these changes to keep finding the better machine.You will play 1 game in total, consisting of 100 trials. Game 1:You press <<U>> and get 1 points.
You press <<U>> and get 1 points.
You press <<U>> and get 1 points.
You press <<U>> and get 0 points.
You press <<U>> and get 1 points.
You press <<U>> and get 1 points.
You press <<U>> and get 1 points.
You press <<P>> and get 0 points.
You press <<U>> and get 1 points.
You press <<U>> and get 0 points.
You press <<U>> and get 1 points.
You press <<P>> and get 1 points.
You press <<U>> and get 1 points.
You press <<P>> and get 0 points.
You press <<U>> and get 1 points.
You press <<U>> and get 1 points.
You press <<U>> and get 1 points.
You press <<U>> and get 1 points.
You press <<U>> and get 1 points.
You press <<U>> and get 1 points.
You press <<U>> and get 1 points.
You press <<U>> and get 1 points.
You press <<P>> and get 0 points.
You press <<U>> and get 1 points.
You press <<U>> and get 1 points.
You press <<U>> and get 1 points.
You press <<U>> and get 1 points.
You press <<U>> and get 1 points.
You press <<U>> and get 1 points.
You press <<U>> and get 1 points.
You press <<U>> and get 1 points.
You press <<U>> and get 1 points.
You press <<U>> and get 1 points.
You press <<U>> and get 1 points.
You press <<U>> and get 1 points.
You press <<U>> and get 1 points.
You press <<U>> and get 1 points.
You press <<U>> and get 1 points.
You press <<U>> and get 1 points.
You press <<U>> and get 1 points.
You press <<U>> and get 1 points.
You press <<U>> and get 1 points.
You press <<P>> and get 1 points.
You press <<U>> and get 1 points.
You press <<P>> and get 1 points.
You press <<U>> and get 1 points.
You press <<U>> and get 1 points.
You press <<U>> and get 1 points.
You press <<P>> and get 0 points.
You press <<U>> and get 1 points.
You press <<U>> and get 1 points.
You press <<U>> and get 1 points.
You press <<U>> and get 0 points.
You press <<U>> and get 0 points.
You press <<P>> and get 1 points.
You press <<P>> and get 1 points.
You press <<P>> and get 1 points.
You press <<P>> and get 1 points.
You press <<U>> and get 0 points.
You press <<P>> and get 1 points.
You press <<P>> and get 1 points.
You press <<P>> and get 1 points.
You press <<U>> and get 1 points.
You press <<P>> and get 1 points.
You press <<U>> and get 0 points.
You press <<P>> and get 1 points.
You press <<P>> and get 1 points.
You press <<P>> and get 1 points.
You press <<P>> and get 1 points.
You press <<P>> and get 1 points.
You press <<P>> and get 1 points.
You press <<P>> and get 1 points.
You press <<P>> and get 1 points.
You press <<P>> and get 1 points.
You press <<P>> and get 1 points.
You press <<P>> and get 1 points.
You press <<P>> and get 1 points.
You press <<P>> and get 1 points.
You press <<P>> and get 1 points.
You press <<P>> and get 1 points.
You press <<P>> and get 1 points.
You press <<U>> and get 0 points.
You press <<P>> and get 1 points.
You press <<U>> and get 0 points.
You press <<P>> and get 1 points.
You press <<P>> and get 0 points.","[{'token': 'P', 'prob': 0.94140625}, {'token': 'U', 'prob': 0.06005859375}]",7.60337570682168e-10,3.112177182629239e-12,-0.06005859298966243,-0.9414062499968878,1,0
87,P,P,U,1,P,-0.048095703125,0.04736328125,0.953125,True,"In this task, you have to repeatedly choose between two slot machines labeled U and P.
You can choose a slot machine by pressing its corresponding key.When you select one of the machines, you will win 1 or 0 points.Your goal is to choose the slot machines that will give you the most points.You will receive feedback about the outcome after making a choice.
The environment may change unpredictably, and past success does not guarantee future results. You’ll need to adapt to these changes to keep finding the better machine.You will play 1 game in total, consisting of 100 trials. Game 1:You press <<U>> and get 1 points.
You press <<U>> and get 1 points.
You press <<U>> and get 1 points.
You press <<U>> and get 0 points.
You press <<U>> and get 1 points.
You press <<U>> and get 1 points.
You press <<U>> and get 1 points.
You press <<P>> and get 0 points.
You press <<U>> and get 1 points.
You press <<U>> and get 0 points.
You press <<U>> and get 1 points.
You press <<P>> and get 1 points.
You press <<U>> and get 1 points.
You press <<P>> and get 0 points.
You press <<U>> and get 1 points.
You press <<U>> and get 1 points.
You press <<U>> and get 1 points.
You press <<U>> and get 1 points.
You press <<U>> and get 1 points.
You press <<U>> and get 1 points.
You press <<U>> and get 1 points.
You press <<U>> and get 1 points.
You press <<P>> and get 0 points.
You press <<U>> and get 1 points.
You press <<U>> and get 1 points.
You press <<U>> and get 1 points.
You press <<U>> and get 1 points.
You press <<U>> and get 1 points.
You press <<U>> and get 1 points.
You press <<U>> and get 1 points.
You press <<U>> and get 1 points.
You press <<U>> and get 1 points.
You press <<U>> and get 1 points.
You press <<U>> and get 1 points.
You press <<U>> and get 1 points.
You press <<U>> and get 1 points.
You press <<U>> and get 1 points.
You press <<U>> and get 1 points.
You press <<U>> and get 1 points.
You press <<U>> and get 1 points.
You press <<U>> and get 1 points.
You press <<U>> and get 1 points.
You press <<P>> and get 1 points.
You press <<U>> and get 1 points.
You press <<P>> and get 1 points.
You press <<U>> and get 1 points.
You press <<U>> and get 1 points.
You press <<U>> and get 1 points.
You press <<P>> and get 0 points.
You press <<U>> and get 1 points.
You press <<U>> and get 1 points.
You press <<U>> and get 1 points.
You press <<U>> and get 0 points.
You press <<U>> and get 0 points.
You press <<P>> and get 1 points.
You press <<P>> and get 1 points.
You press <<P>> and get 1 points.
You press <<P>> and get 1 points.
You press <<U>> and get 0 points.
You press <<P>> and get 1 points.
You press <<P>> and get 1 points.
You press <<P>> and get 1 points.
You press <<U>> and get 1 points.
You press <<P>> and get 1 points.
You press <<U>> and get 0 points.
You press <<P>> and get 1 points.
You press <<P>> and get 1 points.
You press <<P>> and get 1 points.
You press <<P>> and get 1 points.
You press <<P>> and get 1 points.
You press <<P>> and get 1 points.
You press <<P>> and get 1 points.
You press <<P>> and get 1 points.
You press <<P>> and get 1 points.
You press <<P>> and get 1 points.
You press <<P>> and get 1 points.
You press <<P>> and get 1 points.
You press <<P>> and get 1 points.
You press <<P>> and get 1 points.
You press <<P>> and get 1 points.
You press <<P>> and get 1 points.
You press <<U>> and get 0 points.
You press <<P>> and get 1 points.
You press <<U>> and get 0 points.
You press <<P>> and get 1 points.
You press <<P>> and get 1 points.
You press <<U>> and get 1 points.",False,,"[{'token': 'P', 'prob': 0.953125}, {'token': 'U', 'prob': 0.04736328125}]",1.0244548320770264e-08,4.865796654485166e-11,-0.04736327100545168,-0.953124999951342,,
87,P,,,1,P,-0.048095703125,0.04736328125,0.953125,False,,True,"In this task, you have to repeatedly choose between two slot machines labeled U and P.
You can choose a slot machine by pressing its corresponding key.When you select one of the machines, you will win 1 or 0 points.Your goal is to choose the slot machines that will give you the most points.You will receive feedback about the outcome after making a choice.
The environment may change unpredictably, and past success does not guarantee future results. You’ll need to adapt to these changes to keep finding the better machine.You will play 1 game in total, consisting of 100 trials. Game 1:You press <<U>> and get 1 points.
You press <<U>> and get 1 points.
You press <<U>> and get 1 points.
You press <<U>> and get 0 points.
You press <<U>> and get 1 points.
You press <<U>> and get 1 points.
You press <<U>> and get 1 points.
You press <<P>> and get 0 points.
You press <<U>> and get 1 points.
You press <<U>> and get 0 points.
You press <<U>> and get 1 points.
You press <<P>> and get 1 points.
You press <<U>> and get 1 points.
You press <<P>> and get 0 points.
You press <<U>> and get 1 points.
You press <<U>> and get 1 points.
You press <<U>> and get 1 points.
You press <<U>> and get 1 points.
You press <<U>> and get 1 points.
You press <<U>> and get 1 points.
You press <<U>> and get 1 points.
You press <<U>> and get 1 points.
You press <<P>> and get 0 points.
You press <<U>> and get 1 points.
You press <<U>> and get 1 points.
You press <<U>> and get 1 points.
You press <<U>> and get 1 points.
You press <<U>> and get 1 points.
You press <<U>> and get 1 points.
You press <<U>> and get 1 points.
You press <<U>> and get 1 points.
You press <<U>> and get 1 points.
You press <<U>> and get 1 points.
You press <<U>> and get 1 points.
You press <<U>> and get 1 points.
You press <<U>> and get 1 points.
You press <<U>> and get 1 points.
You press <<U>> and get 1 points.
You press <<U>> and get 1 points.
You press <<U>> and get 1 points.
You press <<U>> and get 1 points.
You press <<U>> and get 1 points.
You press <<P>> and get 1 points.
You press <<U>> and get 1 points.
You press <<P>> and get 1 points.
You press <<U>> and get 1 points.
You press <<U>> and get 1 points.
You press <<U>> and get 1 points.
You press <<P>> and get 0 points.
You press <<U>> and get 1 points.
You press <<U>> and get 1 points.
You press <<U>> and get 1 points.
You press <<U>> and get 0 points.
You press <<U>> and get 0 points.
You press <<P>> and get 1 points.
You press <<P>> and get 1 points.
You press <<P>> and get 1 points.
You press <<P>> and get 1 points.
You press <<U>> and get 0 points.
You press <<P>> and get 1 points.
You press <<P>> and get 1 points.
You press <<P>> and get 1 points.
You press <<U>> and get 1 points.
You press <<P>> and get 1 points.
You press <<U>> and get 0 points.
You press <<P>> and get 1 points.
You press <<P>> and get 1 points.
You press <<P>> and get 1 points.
You press <<P>> and get 1 points.
You press <<P>> and get 1 points.
You press <<P>> and get 1 points.
You press <<P>> and get 1 points.
You press <<P>> and get 1 points.
You press <<P>> and get 1 points.
You press <<P>> and get 1 points.
You press <<P>> and get 1 points.
You press <<P>> and get 1 points.
You press <<P>> and get 1 points.
You press <<P>> and get 1 points.
You press <<P>> and get 1 points.
You press <<P>> and get 1 points.
You press <<U>> and get 0 points.
You press <<P>> and get 1 points.
You press <<U>> and get 0 points.
You press <<P>> and get 1 points.
You press <<P>> and get 1 points.
You press <<P>> and get 0 points.","[{'token': 'P', 'prob': 0.953125}, {'token': 'U', 'prob': 0.04736328125}]",6.875779945403337e-10,2.9132252166164108e-12,-0.047363280562422005,-0.9531249999970868,1,0
88,P,P,U,0,P,-0.048095703125,0.04736328125,0.953125,True,"In this task, you have to repeatedly choose between two slot machines labeled U and P.
You can choose a slot machine by pressing its corresponding key.When you select one of the machines, you will win 1 or 0 points.Your goal is to choose the slot machines that will give you the most points.You will receive feedback about the outcome after making a choice.
The environment may change unpredictably, and past success does not guarantee future results. You’ll need to adapt to these changes to keep finding the better machine.You will play 1 game in total, consisting of 100 trials. Game 1:You press <<U>> and get 1 points.
You press <<U>> and get 1 points.
You press <<U>> and get 1 points.
You press <<U>> and get 0 points.
You press <<U>> and get 1 points.
You press <<U>> and get 1 points.
You press <<U>> and get 1 points.
You press <<P>> and get 0 points.
You press <<U>> and get 1 points.
You press <<U>> and get 0 points.
You press <<U>> and get 1 points.
You press <<P>> and get 1 points.
You press <<U>> and get 1 points.
You press <<P>> and get 0 points.
You press <<U>> and get 1 points.
You press <<U>> and get 1 points.
You press <<U>> and get 1 points.
You press <<U>> and get 1 points.
You press <<U>> and get 1 points.
You press <<U>> and get 1 points.
You press <<U>> and get 1 points.
You press <<U>> and get 1 points.
You press <<P>> and get 0 points.
You press <<U>> and get 1 points.
You press <<U>> and get 1 points.
You press <<U>> and get 1 points.
You press <<U>> and get 1 points.
You press <<U>> and get 1 points.
You press <<U>> and get 1 points.
You press <<U>> and get 1 points.
You press <<U>> and get 1 points.
You press <<U>> and get 1 points.
You press <<U>> and get 1 points.
You press <<U>> and get 1 points.
You press <<U>> and get 1 points.
You press <<U>> and get 1 points.
You press <<U>> and get 1 points.
You press <<U>> and get 1 points.
You press <<U>> and get 1 points.
You press <<U>> and get 1 points.
You press <<U>> and get 1 points.
You press <<U>> and get 1 points.
You press <<P>> and get 1 points.
You press <<U>> and get 1 points.
You press <<P>> and get 1 points.
You press <<U>> and get 1 points.
You press <<U>> and get 1 points.
You press <<U>> and get 1 points.
You press <<P>> and get 0 points.
You press <<U>> and get 1 points.
You press <<U>> and get 1 points.
You press <<U>> and get 1 points.
You press <<U>> and get 0 points.
You press <<U>> and get 0 points.
You press <<P>> and get 1 points.
You press <<P>> and get 1 points.
You press <<P>> and get 1 points.
You press <<P>> and get 1 points.
You press <<U>> and get 0 points.
You press <<P>> and get 1 points.
You press <<P>> and get 1 points.
You press <<P>> and get 1 points.
You press <<U>> and get 1 points.
You press <<P>> and get 1 points.
You press <<U>> and get 0 points.
You press <<P>> and get 1 points.
You press <<P>> and get 1 points.
You press <<P>> and get 1 points.
You press <<P>> and get 1 points.
You press <<P>> and get 1 points.
You press <<P>> and get 1 points.
You press <<P>> and get 1 points.
You press <<P>> and get 1 points.
You press <<P>> and get 1 points.
You press <<P>> and get 1 points.
You press <<P>> and get 1 points.
You press <<P>> and get 1 points.
You press <<P>> and get 1 points.
You press <<P>> and get 1 points.
You press <<P>> and get 1 points.
You press <<P>> and get 1 points.
You press <<U>> and get 0 points.
You press <<P>> and get 1 points.
You press <<U>> and get 0 points.
You press <<P>> and get 1 points.
You press <<P>> and get 1 points.
You press <<P>> and get 1 points.
You press <<U>> and get 1 points.",False,,"[{'token': 'P', 'prob': 0.953125}, {'token': 'U', 'prob': 0.04736328125}]",9.371433407068253e-09,4.4792614062316716e-11,-0.04736327187856659,-0.9531249999552074,,
88,P,,,0,P,-0.048095703125,0.04736328125,0.953125,False,,True,"In this task, you have to repeatedly choose between two slot machines labeled U and P.
You can choose a slot machine by pressing its corresponding key.When you select one of the machines, you will win 1 or 0 points.Your goal is to choose the slot machines that will give you the most points.You will receive feedback about the outcome after making a choice.
The environment may change unpredictably, and past success does not guarantee future results. You’ll need to adapt to these changes to keep finding the better machine.You will play 1 game in total, consisting of 100 trials. Game 1:You press <<U>> and get 1 points.
You press <<U>> and get 1 points.
You press <<U>> and get 1 points.
You press <<U>> and get 0 points.
You press <<U>> and get 1 points.
You press <<U>> and get 1 points.
You press <<U>> and get 1 points.
You press <<P>> and get 0 points.
You press <<U>> and get 1 points.
You press <<U>> and get 0 points.
You press <<U>> and get 1 points.
You press <<P>> and get 1 points.
You press <<U>> and get 1 points.
You press <<P>> and get 0 points.
You press <<U>> and get 1 points.
You press <<U>> and get 1 points.
You press <<U>> and get 1 points.
You press <<U>> and get 1 points.
You press <<U>> and get 1 points.
You press <<U>> and get 1 points.
You press <<U>> and get 1 points.
You press <<U>> and get 1 points.
You press <<P>> and get 0 points.
You press <<U>> and get 1 points.
You press <<U>> and get 1 points.
You press <<U>> and get 1 points.
You press <<U>> and get 1 points.
You press <<U>> and get 1 points.
You press <<U>> and get 1 points.
You press <<U>> and get 1 points.
You press <<U>> and get 1 points.
You press <<U>> and get 1 points.
You press <<U>> and get 1 points.
You press <<U>> and get 1 points.
You press <<U>> and get 1 points.
You press <<U>> and get 1 points.
You press <<U>> and get 1 points.
You press <<U>> and get 1 points.
You press <<U>> and get 1 points.
You press <<U>> and get 1 points.
You press <<U>> and get 1 points.
You press <<U>> and get 1 points.
You press <<P>> and get 1 points.
You press <<U>> and get 1 points.
You press <<P>> and get 1 points.
You press <<U>> and get 1 points.
You press <<U>> and get 1 points.
You press <<U>> and get 1 points.
You press <<P>> and get 0 points.
You press <<U>> and get 1 points.
You press <<U>> and get 1 points.
You press <<U>> and get 1 points.
You press <<U>> and get 0 points.
You press <<U>> and get 0 points.
You press <<P>> and get 1 points.
You press <<P>> and get 1 points.
You press <<P>> and get 1 points.
You press <<P>> and get 1 points.
You press <<U>> and get 0 points.
You press <<P>> and get 1 points.
You press <<P>> and get 1 points.
You press <<P>> and get 1 points.
You press <<U>> and get 1 points.
You press <<P>> and get 1 points.
You press <<U>> and get 0 points.
You press <<P>> and get 1 points.
You press <<P>> and get 1 points.
You press <<P>> and get 1 points.
You press <<P>> and get 1 points.
You press <<P>> and get 1 points.
You press <<P>> and get 1 points.
You press <<P>> and get 1 points.
You press <<P>> and get 1 points.
You press <<P>> and get 1 points.
You press <<P>> and get 1 points.
You press <<P>> and get 1 points.
You press <<P>> and get 1 points.
You press <<P>> and get 1 points.
You press <<P>> and get 1 points.
You press <<P>> and get 1 points.
You press <<P>> and get 1 points.
You press <<U>> and get 0 points.
You press <<P>> and get 1 points.
You press <<U>> and get 0 points.
You press <<P>> and get 1 points.
You press <<P>> and get 1 points.
You press <<P>> and get 1 points.
You press <<P>> and get 0 points.","[{'token': 'P', 'prob': 0.953125}, {'token': 'U', 'prob': 0.04736328125}]",7.239577826112509e-10,3.453237695794087e-12,-0.04736328052604222,-0.9531249999965468,1,0
89,P,P,U,1,P,-0.1611328125,0.1484375,0.8515625,True,"In this task, you have to repeatedly choose between two slot machines labeled U and P.
You can choose a slot machine by pressing its corresponding key.When you select one of the machines, you will win 1 or 0 points.Your goal is to choose the slot machines that will give you the most points.You will receive feedback about the outcome after making a choice.
The environment may change unpredictably, and past success does not guarantee future results. You’ll need to adapt to these changes to keep finding the better machine.You will play 1 game in total, consisting of 100 trials. Game 1:You press <<U>> and get 1 points.
You press <<U>> and get 1 points.
You press <<U>> and get 1 points.
You press <<U>> and get 0 points.
You press <<U>> and get 1 points.
You press <<U>> and get 1 points.
You press <<U>> and get 1 points.
You press <<P>> and get 0 points.
You press <<U>> and get 1 points.
You press <<U>> and get 0 points.
You press <<U>> and get 1 points.
You press <<P>> and get 1 points.
You press <<U>> and get 1 points.
You press <<P>> and get 0 points.
You press <<U>> and get 1 points.
You press <<U>> and get 1 points.
You press <<U>> and get 1 points.
You press <<U>> and get 1 points.
You press <<U>> and get 1 points.
You press <<U>> and get 1 points.
You press <<U>> and get 1 points.
You press <<U>> and get 1 points.
You press <<P>> and get 0 points.
You press <<U>> and get 1 points.
You press <<U>> and get 1 points.
You press <<U>> and get 1 points.
You press <<U>> and get 1 points.
You press <<U>> and get 1 points.
You press <<U>> and get 1 points.
You press <<U>> and get 1 points.
You press <<U>> and get 1 points.
You press <<U>> and get 1 points.
You press <<U>> and get 1 points.
You press <<U>> and get 1 points.
You press <<U>> and get 1 points.
You press <<U>> and get 1 points.
You press <<U>> and get 1 points.
You press <<U>> and get 1 points.
You press <<U>> and get 1 points.
You press <<U>> and get 1 points.
You press <<U>> and get 1 points.
You press <<U>> and get 1 points.
You press <<P>> and get 1 points.
You press <<U>> and get 1 points.
You press <<P>> and get 1 points.
You press <<U>> and get 1 points.
You press <<U>> and get 1 points.
You press <<U>> and get 1 points.
You press <<P>> and get 0 points.
You press <<U>> and get 1 points.
You press <<U>> and get 1 points.
You press <<U>> and get 1 points.
You press <<U>> and get 0 points.
You press <<U>> and get 0 points.
You press <<P>> and get 1 points.
You press <<P>> and get 1 points.
You press <<P>> and get 1 points.
You press <<P>> and get 1 points.
You press <<U>> and get 0 points.
You press <<P>> and get 1 points.
You press <<P>> and get 1 points.
You press <<P>> and get 1 points.
You press <<U>> and get 1 points.
You press <<P>> and get 1 points.
You press <<U>> and get 0 points.
You press <<P>> and get 1 points.
You press <<P>> and get 1 points.
You press <<P>> and get 1 points.
You press <<P>> and get 1 points.
You press <<P>> and get 1 points.
You press <<P>> and get 1 points.
You press <<P>> and get 1 points.
You press <<P>> and get 1 points.
You press <<P>> and get 1 points.
You press <<P>> and get 1 points.
You press <<P>> and get 1 points.
You press <<P>> and get 1 points.
You press <<P>> and get 1 points.
You press <<P>> and get 1 points.
You press <<P>> and get 1 points.
You press <<P>> and get 1 points.
You press <<U>> and get 0 points.
You press <<P>> and get 1 points.
You press <<U>> and get 0 points.
You press <<P>> and get 1 points.
You press <<P>> and get 1 points.
You press <<P>> and get 1 points.
You press <<P>> and get 1 points.
You press <<U>> and get 0 points.",False,,"[{'token': 'P', 'prob': 0.8515625}, {'token': 'U', 'prob': 0.1484375}]",2.6193447411060333e-09,1.5120349416974932e-11,-0.14843749738065526,-0.8515624999848797,,
89,P,,,1,P,-0.1611328125,0.1484375,0.8515625,False,,True,"In this task, you have to repeatedly choose between two slot machines labeled U and P.
You can choose a slot machine by pressing its corresponding key.When you select one of the machines, you will win 1 or 0 points.Your goal is to choose the slot machines that will give you the most points.You will receive feedback about the outcome after making a choice.
The environment may change unpredictably, and past success does not guarantee future results. You’ll need to adapt to these changes to keep finding the better machine.You will play 1 game in total, consisting of 100 trials. Game 1:You press <<U>> and get 1 points.
You press <<U>> and get 1 points.
You press <<U>> and get 1 points.
You press <<U>> and get 0 points.
You press <<U>> and get 1 points.
You press <<U>> and get 1 points.
You press <<U>> and get 1 points.
You press <<P>> and get 0 points.
You press <<U>> and get 1 points.
You press <<U>> and get 0 points.
You press <<U>> and get 1 points.
You press <<P>> and get 1 points.
You press <<U>> and get 1 points.
You press <<P>> and get 0 points.
You press <<U>> and get 1 points.
You press <<U>> and get 1 points.
You press <<U>> and get 1 points.
You press <<U>> and get 1 points.
You press <<U>> and get 1 points.
You press <<U>> and get 1 points.
You press <<U>> and get 1 points.
You press <<U>> and get 1 points.
You press <<P>> and get 0 points.
You press <<U>> and get 1 points.
You press <<U>> and get 1 points.
You press <<U>> and get 1 points.
You press <<U>> and get 1 points.
You press <<U>> and get 1 points.
You press <<U>> and get 1 points.
You press <<U>> and get 1 points.
You press <<U>> and get 1 points.
You press <<U>> and get 1 points.
You press <<U>> and get 1 points.
You press <<U>> and get 1 points.
You press <<U>> and get 1 points.
You press <<U>> and get 1 points.
You press <<U>> and get 1 points.
You press <<U>> and get 1 points.
You press <<U>> and get 1 points.
You press <<U>> and get 1 points.
You press <<U>> and get 1 points.
You press <<U>> and get 1 points.
You press <<P>> and get 1 points.
You press <<U>> and get 1 points.
You press <<P>> and get 1 points.
You press <<U>> and get 1 points.
You press <<U>> and get 1 points.
You press <<U>> and get 1 points.
You press <<P>> and get 0 points.
You press <<U>> and get 1 points.
You press <<U>> and get 1 points.
You press <<U>> and get 1 points.
You press <<U>> and get 0 points.
You press <<U>> and get 0 points.
You press <<P>> and get 1 points.
You press <<P>> and get 1 points.
You press <<P>> and get 1 points.
You press <<P>> and get 1 points.
You press <<U>> and get 0 points.
You press <<P>> and get 1 points.
You press <<P>> and get 1 points.
You press <<P>> and get 1 points.
You press <<U>> and get 1 points.
You press <<P>> and get 1 points.
You press <<U>> and get 0 points.
You press <<P>> and get 1 points.
You press <<P>> and get 1 points.
You press <<P>> and get 1 points.
You press <<P>> and get 1 points.
You press <<P>> and get 1 points.
You press <<P>> and get 1 points.
You press <<P>> and get 1 points.
You press <<P>> and get 1 points.
You press <<P>> and get 1 points.
You press <<P>> and get 1 points.
You press <<P>> and get 1 points.
You press <<P>> and get 1 points.
You press <<P>> and get 1 points.
You press <<P>> and get 1 points.
You press <<P>> and get 1 points.
You press <<P>> and get 1 points.
You press <<U>> and get 0 points.
You press <<P>> and get 1 points.
You press <<U>> and get 0 points.
You press <<P>> and get 1 points.
You press <<P>> and get 1 points.
You press <<P>> and get 1 points.
You press <<P>> and get 1 points.
You press <<P>> and get 1 points.","[{'token': 'P', 'prob': 0.8515625}, {'token': 'U', 'prob': 0.1484375}]",1.0331859812140465e-09,1.5916157281026244e-11,-0.14843749896681402,-0.8515624999840838,0,1
90,U,P,U,0,P,-2.578125,0.07568359375,0.92578125,True,"In this task, you have to repeatedly choose between two slot machines labeled U and P.
You can choose a slot machine by pressing its corresponding key.When you select one of the machines, you will win 1 or 0 points.Your goal is to choose the slot machines that will give you the most points.You will receive feedback about the outcome after making a choice.
The environment may change unpredictably, and past success does not guarantee future results. You’ll need to adapt to these changes to keep finding the better machine.You will play 1 game in total, consisting of 100 trials. Game 1:You press <<U>> and get 1 points.
You press <<U>> and get 1 points.
You press <<U>> and get 1 points.
You press <<U>> and get 0 points.
You press <<U>> and get 1 points.
You press <<U>> and get 1 points.
You press <<U>> and get 1 points.
You press <<P>> and get 0 points.
You press <<U>> and get 1 points.
You press <<U>> and get 0 points.
You press <<U>> and get 1 points.
You press <<P>> and get 1 points.
You press <<U>> and get 1 points.
You press <<P>> and get 0 points.
You press <<U>> and get 1 points.
You press <<U>> and get 1 points.
You press <<U>> and get 1 points.
You press <<U>> and get 1 points.
You press <<U>> and get 1 points.
You press <<U>> and get 1 points.
You press <<U>> and get 1 points.
You press <<U>> and get 1 points.
You press <<P>> and get 0 points.
You press <<U>> and get 1 points.
You press <<U>> and get 1 points.
You press <<U>> and get 1 points.
You press <<U>> and get 1 points.
You press <<U>> and get 1 points.
You press <<U>> and get 1 points.
You press <<U>> and get 1 points.
You press <<U>> and get 1 points.
You press <<U>> and get 1 points.
You press <<U>> and get 1 points.
You press <<U>> and get 1 points.
You press <<U>> and get 1 points.
You press <<U>> and get 1 points.
You press <<U>> and get 1 points.
You press <<U>> and get 1 points.
You press <<U>> and get 1 points.
You press <<U>> and get 1 points.
You press <<U>> and get 1 points.
You press <<U>> and get 1 points.
You press <<P>> and get 1 points.
You press <<U>> and get 1 points.
You press <<P>> and get 1 points.
You press <<U>> and get 1 points.
You press <<U>> and get 1 points.
You press <<U>> and get 1 points.
You press <<P>> and get 0 points.
You press <<U>> and get 1 points.
You press <<U>> and get 1 points.
You press <<U>> and get 1 points.
You press <<U>> and get 0 points.
You press <<U>> and get 0 points.
You press <<P>> and get 1 points.
You press <<P>> and get 1 points.
You press <<P>> and get 1 points.
You press <<P>> and get 1 points.
You press <<U>> and get 0 points.
You press <<P>> and get 1 points.
You press <<P>> and get 1 points.
You press <<P>> and get 1 points.
You press <<U>> and get 1 points.
You press <<P>> and get 1 points.
You press <<U>> and get 0 points.
You press <<P>> and get 1 points.
You press <<P>> and get 1 points.
You press <<P>> and get 1 points.
You press <<P>> and get 1 points.
You press <<P>> and get 1 points.
You press <<P>> and get 1 points.
You press <<P>> and get 1 points.
You press <<P>> and get 1 points.
You press <<P>> and get 1 points.
You press <<P>> and get 1 points.
You press <<P>> and get 1 points.
You press <<P>> and get 1 points.
You press <<P>> and get 1 points.
You press <<P>> and get 1 points.
You press <<P>> and get 1 points.
You press <<P>> and get 1 points.
You press <<U>> and get 0 points.
You press <<P>> and get 1 points.
You press <<U>> and get 0 points.
You press <<P>> and get 1 points.
You press <<P>> and get 1 points.
You press <<P>> and get 1 points.
You press <<P>> and get 1 points.
You press <<P>> and get 0 points.
You press <<U>> and get 1 points.",False,,"[{'token': 'P', 'prob': 0.92578125}, {'token': 'U', 'prob': 0.07568359375}]",2.0605511963367462e-08,5.2295945351943374e-11,-0.07568357314448804,-0.925781249947704,,
90,U,,,0,P,-2.578125,0.07568359375,0.92578125,False,,True,"In this task, you have to repeatedly choose between two slot machines labeled U and P.
You can choose a slot machine by pressing its corresponding key.When you select one of the machines, you will win 1 or 0 points.Your goal is to choose the slot machines that will give you the most points.You will receive feedback about the outcome after making a choice.
The environment may change unpredictably, and past success does not guarantee future results. You’ll need to adapt to these changes to keep finding the better machine.You will play 1 game in total, consisting of 100 trials. Game 1:You press <<U>> and get 1 points.
You press <<U>> and get 1 points.
You press <<U>> and get 1 points.
You press <<U>> and get 0 points.
You press <<U>> and get 1 points.
You press <<U>> and get 1 points.
You press <<U>> and get 1 points.
You press <<P>> and get 0 points.
You press <<U>> and get 1 points.
You press <<U>> and get 0 points.
You press <<U>> and get 1 points.
You press <<P>> and get 1 points.
You press <<U>> and get 1 points.
You press <<P>> and get 0 points.
You press <<U>> and get 1 points.
You press <<U>> and get 1 points.
You press <<U>> and get 1 points.
You press <<U>> and get 1 points.
You press <<U>> and get 1 points.
You press <<U>> and get 1 points.
You press <<U>> and get 1 points.
You press <<U>> and get 1 points.
You press <<P>> and get 0 points.
You press <<U>> and get 1 points.
You press <<U>> and get 1 points.
You press <<U>> and get 1 points.
You press <<U>> and get 1 points.
You press <<U>> and get 1 points.
You press <<U>> and get 1 points.
You press <<U>> and get 1 points.
You press <<U>> and get 1 points.
You press <<U>> and get 1 points.
You press <<U>> and get 1 points.
You press <<U>> and get 1 points.
You press <<U>> and get 1 points.
You press <<U>> and get 1 points.
You press <<U>> and get 1 points.
You press <<U>> and get 1 points.
You press <<U>> and get 1 points.
You press <<U>> and get 1 points.
You press <<U>> and get 1 points.
You press <<U>> and get 1 points.
You press <<P>> and get 1 points.
You press <<U>> and get 1 points.
You press <<P>> and get 1 points.
You press <<U>> and get 1 points.
You press <<U>> and get 1 points.
You press <<U>> and get 1 points.
You press <<P>> and get 0 points.
You press <<U>> and get 1 points.
You press <<U>> and get 1 points.
You press <<U>> and get 1 points.
You press <<U>> and get 0 points.
You press <<U>> and get 0 points.
You press <<P>> and get 1 points.
You press <<P>> and get 1 points.
You press <<P>> and get 1 points.
You press <<P>> and get 1 points.
You press <<U>> and get 0 points.
You press <<P>> and get 1 points.
You press <<P>> and get 1 points.
You press <<P>> and get 1 points.
You press <<U>> and get 1 points.
You press <<P>> and get 1 points.
You press <<U>> and get 0 points.
You press <<P>> and get 1 points.
You press <<P>> and get 1 points.
You press <<P>> and get 1 points.
You press <<P>> and get 1 points.
You press <<P>> and get 1 points.
You press <<P>> and get 1 points.
You press <<P>> and get 1 points.
You press <<P>> and get 1 points.
You press <<P>> and get 1 points.
You press <<P>> and get 1 points.
You press <<P>> and get 1 points.
You press <<P>> and get 1 points.
You press <<P>> and get 1 points.
You press <<P>> and get 1 points.
You press <<P>> and get 1 points.
You press <<P>> and get 1 points.
You press <<U>> and get 0 points.
You press <<P>> and get 1 points.
You press <<U>> and get 0 points.
You press <<P>> and get 1 points.
You press <<P>> and get 1 points.
You press <<P>> and get 1 points.
You press <<P>> and get 1 points.
You press <<P>> and get 0 points.
You press <<P>> and get 0 points.","[{'token': 'P', 'prob': 0.92578125}, {'token': 'U', 'prob': 0.07568359375}]",7.821654435247183e-10,1.8189894035458565e-12,-0.07568359296783456,-0.925781249998181,1,0
91,U,U,P,0,P,-2.125,0.119140625,0.87890625,True,"In this task, you have to repeatedly choose between two slot machines labeled U and P.
You can choose a slot machine by pressing its corresponding key.When you select one of the machines, you will win 1 or 0 points.Your goal is to choose the slot machines that will give you the most points.You will receive feedback about the outcome after making a choice.
The environment may change unpredictably, and past success does not guarantee future results. You’ll need to adapt to these changes to keep finding the better machine.You will play 1 game in total, consisting of 100 trials. Game 1:You press <<U>> and get 1 points.
You press <<U>> and get 1 points.
You press <<U>> and get 1 points.
You press <<U>> and get 0 points.
You press <<U>> and get 1 points.
You press <<U>> and get 1 points.
You press <<U>> and get 1 points.
You press <<P>> and get 0 points.
You press <<U>> and get 1 points.
You press <<U>> and get 0 points.
You press <<U>> and get 1 points.
You press <<P>> and get 1 points.
You press <<U>> and get 1 points.
You press <<P>> and get 0 points.
You press <<U>> and get 1 points.
You press <<U>> and get 1 points.
You press <<U>> and get 1 points.
You press <<U>> and get 1 points.
You press <<U>> and get 1 points.
You press <<U>> and get 1 points.
You press <<U>> and get 1 points.
You press <<U>> and get 1 points.
You press <<P>> and get 0 points.
You press <<U>> and get 1 points.
You press <<U>> and get 1 points.
You press <<U>> and get 1 points.
You press <<U>> and get 1 points.
You press <<U>> and get 1 points.
You press <<U>> and get 1 points.
You press <<U>> and get 1 points.
You press <<U>> and get 1 points.
You press <<U>> and get 1 points.
You press <<U>> and get 1 points.
You press <<U>> and get 1 points.
You press <<U>> and get 1 points.
You press <<U>> and get 1 points.
You press <<U>> and get 1 points.
You press <<U>> and get 1 points.
You press <<U>> and get 1 points.
You press <<U>> and get 1 points.
You press <<U>> and get 1 points.
You press <<U>> and get 1 points.
You press <<P>> and get 1 points.
You press <<U>> and get 1 points.
You press <<P>> and get 1 points.
You press <<U>> and get 1 points.
You press <<U>> and get 1 points.
You press <<U>> and get 1 points.
You press <<P>> and get 0 points.
You press <<U>> and get 1 points.
You press <<U>> and get 1 points.
You press <<U>> and get 1 points.
You press <<U>> and get 0 points.
You press <<U>> and get 0 points.
You press <<P>> and get 1 points.
You press <<P>> and get 1 points.
You press <<P>> and get 1 points.
You press <<P>> and get 1 points.
You press <<U>> and get 0 points.
You press <<P>> and get 1 points.
You press <<P>> and get 1 points.
You press <<P>> and get 1 points.
You press <<U>> and get 1 points.
You press <<P>> and get 1 points.
You press <<U>> and get 0 points.
You press <<P>> and get 1 points.
You press <<P>> and get 1 points.
You press <<P>> and get 1 points.
You press <<P>> and get 1 points.
You press <<P>> and get 1 points.
You press <<P>> and get 1 points.
You press <<P>> and get 1 points.
You press <<P>> and get 1 points.
You press <<P>> and get 1 points.
You press <<P>> and get 1 points.
You press <<P>> and get 1 points.
You press <<P>> and get 1 points.
You press <<P>> and get 1 points.
You press <<P>> and get 1 points.
You press <<P>> and get 1 points.
You press <<P>> and get 1 points.
You press <<U>> and get 0 points.
You press <<P>> and get 1 points.
You press <<U>> and get 0 points.
You press <<P>> and get 1 points.
You press <<P>> and get 1 points.
You press <<P>> and get 1 points.
You press <<P>> and get 1 points.
You press <<P>> and get 0 points.
You press <<P>> and get 1 points.
You press <<P>> and get 0 points.",False,,"[{'token': 'P', 'prob': 0.87890625}, {'token': 'U', 'prob': 0.119140625}]",6.766640581190586e-10,2.3590018827235326e-12,-0.11914062432333594,-0.878906249997641,,
91,U,,,0,P,-2.125,0.119140625,0.87890625,False,,True,"In this task, you have to repeatedly choose between two slot machines labeled U and P.
You can choose a slot machine by pressing its corresponding key.When you select one of the machines, you will win 1 or 0 points.Your goal is to choose the slot machines that will give you the most points.You will receive feedback about the outcome after making a choice.
The environment may change unpredictably, and past success does not guarantee future results. You’ll need to adapt to these changes to keep finding the better machine.You will play 1 game in total, consisting of 100 trials. Game 1:You press <<U>> and get 1 points.
You press <<U>> and get 1 points.
You press <<U>> and get 1 points.
You press <<U>> and get 0 points.
You press <<U>> and get 1 points.
You press <<U>> and get 1 points.
You press <<U>> and get 1 points.
You press <<P>> and get 0 points.
You press <<U>> and get 1 points.
You press <<U>> and get 0 points.
You press <<U>> and get 1 points.
You press <<P>> and get 1 points.
You press <<U>> and get 1 points.
You press <<P>> and get 0 points.
You press <<U>> and get 1 points.
You press <<U>> and get 1 points.
You press <<U>> and get 1 points.
You press <<U>> and get 1 points.
You press <<U>> and get 1 points.
You press <<U>> and get 1 points.
You press <<U>> and get 1 points.
You press <<U>> and get 1 points.
You press <<P>> and get 0 points.
You press <<U>> and get 1 points.
You press <<U>> and get 1 points.
You press <<U>> and get 1 points.
You press <<U>> and get 1 points.
You press <<U>> and get 1 points.
You press <<U>> and get 1 points.
You press <<U>> and get 1 points.
You press <<U>> and get 1 points.
You press <<U>> and get 1 points.
You press <<U>> and get 1 points.
You press <<U>> and get 1 points.
You press <<U>> and get 1 points.
You press <<U>> and get 1 points.
You press <<U>> and get 1 points.
You press <<U>> and get 1 points.
You press <<U>> and get 1 points.
You press <<U>> and get 1 points.
You press <<U>> and get 1 points.
You press <<U>> and get 1 points.
You press <<P>> and get 1 points.
You press <<U>> and get 1 points.
You press <<P>> and get 1 points.
You press <<U>> and get 1 points.
You press <<U>> and get 1 points.
You press <<U>> and get 1 points.
You press <<P>> and get 0 points.
You press <<U>> and get 1 points.
You press <<U>> and get 1 points.
You press <<U>> and get 1 points.
You press <<U>> and get 0 points.
You press <<U>> and get 0 points.
You press <<P>> and get 1 points.
You press <<P>> and get 1 points.
You press <<P>> and get 1 points.
You press <<P>> and get 1 points.
You press <<U>> and get 0 points.
You press <<P>> and get 1 points.
You press <<P>> and get 1 points.
You press <<P>> and get 1 points.
You press <<U>> and get 1 points.
You press <<P>> and get 1 points.
You press <<U>> and get 0 points.
You press <<P>> and get 1 points.
You press <<P>> and get 1 points.
You press <<P>> and get 1 points.
You press <<P>> and get 1 points.
You press <<P>> and get 1 points.
You press <<P>> and get 1 points.
You press <<P>> and get 1 points.
You press <<P>> and get 1 points.
You press <<P>> and get 1 points.
You press <<P>> and get 1 points.
You press <<P>> and get 1 points.
You press <<P>> and get 1 points.
You press <<P>> and get 1 points.
You press <<P>> and get 1 points.
You press <<P>> and get 1 points.
You press <<P>> and get 1 points.
You press <<U>> and get 0 points.
You press <<P>> and get 1 points.
You press <<U>> and get 0 points.
You press <<P>> and get 1 points.
You press <<P>> and get 1 points.
You press <<P>> and get 1 points.
You press <<P>> and get 1 points.
You press <<P>> and get 0 points.
You press <<P>> and get 1 points.
You press <<U>> and get 1 points.","[{'token': 'P', 'prob': 0.87890625}, {'token': 'U', 'prob': 0.119140625}]",1.885928213596344e-08,6.866684998385608e-11,-0.11914060614071786,-0.8789062499313332,0,1
92,U,U,P,0,P,-1.3125,0.26953125,0.73046875,True,"In this task, you have to repeatedly choose between two slot machines labeled U and P.
You can choose a slot machine by pressing its corresponding key.When you select one of the machines, you will win 1 or 0 points.Your goal is to choose the slot machines that will give you the most points.You will receive feedback about the outcome after making a choice.
The environment may change unpredictably, and past success does not guarantee future results. You’ll need to adapt to these changes to keep finding the better machine.You will play 1 game in total, consisting of 100 trials. Game 1:You press <<U>> and get 1 points.
You press <<U>> and get 1 points.
You press <<U>> and get 1 points.
You press <<U>> and get 0 points.
You press <<U>> and get 1 points.
You press <<U>> and get 1 points.
You press <<U>> and get 1 points.
You press <<P>> and get 0 points.
You press <<U>> and get 1 points.
You press <<U>> and get 0 points.
You press <<U>> and get 1 points.
You press <<P>> and get 1 points.
You press <<U>> and get 1 points.
You press <<P>> and get 0 points.
You press <<U>> and get 1 points.
You press <<U>> and get 1 points.
You press <<U>> and get 1 points.
You press <<U>> and get 1 points.
You press <<U>> and get 1 points.
You press <<U>> and get 1 points.
You press <<U>> and get 1 points.
You press <<U>> and get 1 points.
You press <<P>> and get 0 points.
You press <<U>> and get 1 points.
You press <<U>> and get 1 points.
You press <<U>> and get 1 points.
You press <<U>> and get 1 points.
You press <<U>> and get 1 points.
You press <<U>> and get 1 points.
You press <<U>> and get 1 points.
You press <<U>> and get 1 points.
You press <<U>> and get 1 points.
You press <<U>> and get 1 points.
You press <<U>> and get 1 points.
You press <<U>> and get 1 points.
You press <<U>> and get 1 points.
You press <<U>> and get 1 points.
You press <<U>> and get 1 points.
You press <<U>> and get 1 points.
You press <<U>> and get 1 points.
You press <<U>> and get 1 points.
You press <<U>> and get 1 points.
You press <<P>> and get 1 points.
You press <<U>> and get 1 points.
You press <<P>> and get 1 points.
You press <<U>> and get 1 points.
You press <<U>> and get 1 points.
You press <<U>> and get 1 points.
You press <<P>> and get 0 points.
You press <<U>> and get 1 points.
You press <<U>> and get 1 points.
You press <<U>> and get 1 points.
You press <<U>> and get 0 points.
You press <<U>> and get 0 points.
You press <<P>> and get 1 points.
You press <<P>> and get 1 points.
You press <<P>> and get 1 points.
You press <<P>> and get 1 points.
You press <<U>> and get 0 points.
You press <<P>> and get 1 points.
You press <<P>> and get 1 points.
You press <<P>> and get 1 points.
You press <<U>> and get 1 points.
You press <<P>> and get 1 points.
You press <<U>> and get 0 points.
You press <<P>> and get 1 points.
You press <<P>> and get 1 points.
You press <<P>> and get 1 points.
You press <<P>> and get 1 points.
You press <<P>> and get 1 points.
You press <<P>> and get 1 points.
You press <<P>> and get 1 points.
You press <<P>> and get 1 points.
You press <<P>> and get 1 points.
You press <<P>> and get 1 points.
You press <<P>> and get 1 points.
You press <<P>> and get 1 points.
You press <<P>> and get 1 points.
You press <<P>> and get 1 points.
You press <<P>> and get 1 points.
You press <<P>> and get 1 points.
You press <<U>> and get 0 points.
You press <<P>> and get 1 points.
You press <<U>> and get 0 points.
You press <<P>> and get 1 points.
You press <<P>> and get 1 points.
You press <<P>> and get 1 points.
You press <<P>> and get 1 points.
You press <<P>> and get 0 points.
You press <<P>> and get 1 points.
You press <<U>> and get 0 points.
You press <<P>> and get 0 points.",False,,"[{'token': 'P', 'prob': 0.73046875}, {'token': 'U', 'prob': 0.26953125}]",2.3283064365386963e-09,6.849631972727366e-12,-0.26953124767169356,-0.7304687499931504,,
92,U,,,0,P,-1.3125,0.26953125,0.73046875,False,,True,"In this task, you have to repeatedly choose between two slot machines labeled U and P.
You can choose a slot machine by pressing its corresponding key.When you select one of the machines, you will win 1 or 0 points.Your goal is to choose the slot machines that will give you the most points.You will receive feedback about the outcome after making a choice.
The environment may change unpredictably, and past success does not guarantee future results. You’ll need to adapt to these changes to keep finding the better machine.You will play 1 game in total, consisting of 100 trials. Game 1:You press <<U>> and get 1 points.
You press <<U>> and get 1 points.
You press <<U>> and get 1 points.
You press <<U>> and get 0 points.
You press <<U>> and get 1 points.
You press <<U>> and get 1 points.
You press <<U>> and get 1 points.
You press <<P>> and get 0 points.
You press <<U>> and get 1 points.
You press <<U>> and get 0 points.
You press <<U>> and get 1 points.
You press <<P>> and get 1 points.
You press <<U>> and get 1 points.
You press <<P>> and get 0 points.
You press <<U>> and get 1 points.
You press <<U>> and get 1 points.
You press <<U>> and get 1 points.
You press <<U>> and get 1 points.
You press <<U>> and get 1 points.
You press <<U>> and get 1 points.
You press <<U>> and get 1 points.
You press <<U>> and get 1 points.
You press <<P>> and get 0 points.
You press <<U>> and get 1 points.
You press <<U>> and get 1 points.
You press <<U>> and get 1 points.
You press <<U>> and get 1 points.
You press <<U>> and get 1 points.
You press <<U>> and get 1 points.
You press <<U>> and get 1 points.
You press <<U>> and get 1 points.
You press <<U>> and get 1 points.
You press <<U>> and get 1 points.
You press <<U>> and get 1 points.
You press <<U>> and get 1 points.
You press <<U>> and get 1 points.
You press <<U>> and get 1 points.
You press <<U>> and get 1 points.
You press <<U>> and get 1 points.
You press <<U>> and get 1 points.
You press <<U>> and get 1 points.
You press <<U>> and get 1 points.
You press <<P>> and get 1 points.
You press <<U>> and get 1 points.
You press <<P>> and get 1 points.
You press <<U>> and get 1 points.
You press <<U>> and get 1 points.
You press <<U>> and get 1 points.
You press <<P>> and get 0 points.
You press <<U>> and get 1 points.
You press <<U>> and get 1 points.
You press <<U>> and get 1 points.
You press <<U>> and get 0 points.
You press <<U>> and get 0 points.
You press <<P>> and get 1 points.
You press <<P>> and get 1 points.
You press <<P>> and get 1 points.
You press <<P>> and get 1 points.
You press <<U>> and get 0 points.
You press <<P>> and get 1 points.
You press <<P>> and get 1 points.
You press <<P>> and get 1 points.
You press <<U>> and get 1 points.
You press <<P>> and get 1 points.
You press <<U>> and get 0 points.
You press <<P>> and get 1 points.
You press <<P>> and get 1 points.
You press <<P>> and get 1 points.
You press <<P>> and get 1 points.
You press <<P>> and get 1 points.
You press <<P>> and get 1 points.
You press <<P>> and get 1 points.
You press <<P>> and get 1 points.
You press <<P>> and get 1 points.
You press <<P>> and get 1 points.
You press <<P>> and get 1 points.
You press <<P>> and get 1 points.
You press <<P>> and get 1 points.
You press <<P>> and get 1 points.
You press <<P>> and get 1 points.
You press <<P>> and get 1 points.
You press <<U>> and get 0 points.
You press <<P>> and get 1 points.
You press <<U>> and get 0 points.
You press <<P>> and get 1 points.
You press <<P>> and get 1 points.
You press <<P>> and get 1 points.
You press <<P>> and get 1 points.
You press <<P>> and get 0 points.
You press <<P>> and get 1 points.
You press <<U>> and get 0 points.
You press <<U>> and get 1 points.","[{'token': 'P', 'prob': 0.73046875}, {'token': 'U', 'prob': 0.26953125}]",4.132743924856186e-09,6.622258297284134e-12,-0.2695312458672561,-0.7304687499933777,0,1
93,P,U,P,1,P,-0.4765625,0.376953125,0.62109375,True,"In this task, you have to repeatedly choose between two slot machines labeled U and P.
You can choose a slot machine by pressing its corresponding key.When you select one of the machines, you will win 1 or 0 points.Your goal is to choose the slot machines that will give you the most points.You will receive feedback about the outcome after making a choice.
The environment may change unpredictably, and past success does not guarantee future results. You’ll need to adapt to these changes to keep finding the better machine.You will play 1 game in total, consisting of 100 trials. Game 1:You press <<U>> and get 1 points.
You press <<U>> and get 1 points.
You press <<U>> and get 1 points.
You press <<U>> and get 0 points.
You press <<U>> and get 1 points.
You press <<U>> and get 1 points.
You press <<U>> and get 1 points.
You press <<P>> and get 0 points.
You press <<U>> and get 1 points.
You press <<U>> and get 0 points.
You press <<U>> and get 1 points.
You press <<P>> and get 1 points.
You press <<U>> and get 1 points.
You press <<P>> and get 0 points.
You press <<U>> and get 1 points.
You press <<U>> and get 1 points.
You press <<U>> and get 1 points.
You press <<U>> and get 1 points.
You press <<U>> and get 1 points.
You press <<U>> and get 1 points.
You press <<U>> and get 1 points.
You press <<U>> and get 1 points.
You press <<P>> and get 0 points.
You press <<U>> and get 1 points.
You press <<U>> and get 1 points.
You press <<U>> and get 1 points.
You press <<U>> and get 1 points.
You press <<U>> and get 1 points.
You press <<U>> and get 1 points.
You press <<U>> and get 1 points.
You press <<U>> and get 1 points.
You press <<U>> and get 1 points.
You press <<U>> and get 1 points.
You press <<U>> and get 1 points.
You press <<U>> and get 1 points.
You press <<U>> and get 1 points.
You press <<U>> and get 1 points.
You press <<U>> and get 1 points.
You press <<U>> and get 1 points.
You press <<U>> and get 1 points.
You press <<U>> and get 1 points.
You press <<U>> and get 1 points.
You press <<P>> and get 1 points.
You press <<U>> and get 1 points.
You press <<P>> and get 1 points.
You press <<U>> and get 1 points.
You press <<U>> and get 1 points.
You press <<U>> and get 1 points.
You press <<P>> and get 0 points.
You press <<U>> and get 1 points.
You press <<U>> and get 1 points.
You press <<U>> and get 1 points.
You press <<U>> and get 0 points.
You press <<U>> and get 0 points.
You press <<P>> and get 1 points.
You press <<P>> and get 1 points.
You press <<P>> and get 1 points.
You press <<P>> and get 1 points.
You press <<U>> and get 0 points.
You press <<P>> and get 1 points.
You press <<P>> and get 1 points.
You press <<P>> and get 1 points.
You press <<U>> and get 1 points.
You press <<P>> and get 1 points.
You press <<U>> and get 0 points.
You press <<P>> and get 1 points.
You press <<P>> and get 1 points.
You press <<P>> and get 1 points.
You press <<P>> and get 1 points.
You press <<P>> and get 1 points.
You press <<P>> and get 1 points.
You press <<P>> and get 1 points.
You press <<P>> and get 1 points.
You press <<P>> and get 1 points.
You press <<P>> and get 1 points.
You press <<P>> and get 1 points.
You press <<P>> and get 1 points.
You press <<P>> and get 1 points.
You press <<P>> and get 1 points.
You press <<P>> and get 1 points.
You press <<P>> and get 1 points.
You press <<U>> and get 0 points.
You press <<P>> and get 1 points.
You press <<U>> and get 0 points.
You press <<P>> and get 1 points.
You press <<P>> and get 1 points.
You press <<P>> and get 1 points.
You press <<P>> and get 1 points.
You press <<P>> and get 0 points.
You press <<P>> and get 1 points.
You press <<U>> and get 0 points.
You press <<U>> and get 0 points.
You press <<P>> and get 0 points.",False,,"[{'token': 'P', 'prob': 0.62109375}, {'token': 'U', 'prob': 0.376953125}]",9.778887033462524e-09,5.002220859751105e-11,-0.37695311522111297,-0.6210937499499778,,
93,P,,,1,P,-0.4765625,0.376953125,0.62109375,False,,True,"In this task, you have to repeatedly choose between two slot machines labeled U and P.
You can choose a slot machine by pressing its corresponding key.When you select one of the machines, you will win 1 or 0 points.Your goal is to choose the slot machines that will give you the most points.You will receive feedback about the outcome after making a choice.
The environment may change unpredictably, and past success does not guarantee future results. You’ll need to adapt to these changes to keep finding the better machine.You will play 1 game in total, consisting of 100 trials. Game 1:You press <<U>> and get 1 points.
You press <<U>> and get 1 points.
You press <<U>> and get 1 points.
You press <<U>> and get 0 points.
You press <<U>> and get 1 points.
You press <<U>> and get 1 points.
You press <<U>> and get 1 points.
You press <<P>> and get 0 points.
You press <<U>> and get 1 points.
You press <<U>> and get 0 points.
You press <<U>> and get 1 points.
You press <<P>> and get 1 points.
You press <<U>> and get 1 points.
You press <<P>> and get 0 points.
You press <<U>> and get 1 points.
You press <<U>> and get 1 points.
You press <<U>> and get 1 points.
You press <<U>> and get 1 points.
You press <<U>> and get 1 points.
You press <<U>> and get 1 points.
You press <<U>> and get 1 points.
You press <<U>> and get 1 points.
You press <<P>> and get 0 points.
You press <<U>> and get 1 points.
You press <<U>> and get 1 points.
You press <<U>> and get 1 points.
You press <<U>> and get 1 points.
You press <<U>> and get 1 points.
You press <<U>> and get 1 points.
You press <<U>> and get 1 points.
You press <<U>> and get 1 points.
You press <<U>> and get 1 points.
You press <<U>> and get 1 points.
You press <<U>> and get 1 points.
You press <<U>> and get 1 points.
You press <<U>> and get 1 points.
You press <<U>> and get 1 points.
You press <<U>> and get 1 points.
You press <<U>> and get 1 points.
You press <<U>> and get 1 points.
You press <<U>> and get 1 points.
You press <<U>> and get 1 points.
You press <<P>> and get 1 points.
You press <<U>> and get 1 points.
You press <<P>> and get 1 points.
You press <<U>> and get 1 points.
You press <<U>> and get 1 points.
You press <<U>> and get 1 points.
You press <<P>> and get 0 points.
You press <<U>> and get 1 points.
You press <<U>> and get 1 points.
You press <<U>> and get 1 points.
You press <<U>> and get 0 points.
You press <<U>> and get 0 points.
You press <<P>> and get 1 points.
You press <<P>> and get 1 points.
You press <<P>> and get 1 points.
You press <<P>> and get 1 points.
You press <<U>> and get 0 points.
You press <<P>> and get 1 points.
You press <<P>> and get 1 points.
You press <<P>> and get 1 points.
You press <<U>> and get 1 points.
You press <<P>> and get 1 points.
You press <<U>> and get 0 points.
You press <<P>> and get 1 points.
You press <<P>> and get 1 points.
You press <<P>> and get 1 points.
You press <<P>> and get 1 points.
You press <<P>> and get 1 points.
You press <<P>> and get 1 points.
You press <<P>> and get 1 points.
You press <<P>> and get 1 points.
You press <<P>> and get 1 points.
You press <<P>> and get 1 points.
You press <<P>> and get 1 points.
You press <<P>> and get 1 points.
You press <<P>> and get 1 points.
You press <<P>> and get 1 points.
You press <<P>> and get 1 points.
You press <<P>> and get 1 points.
You press <<U>> and get 0 points.
You press <<P>> and get 1 points.
You press <<U>> and get 0 points.
You press <<P>> and get 1 points.
You press <<P>> and get 1 points.
You press <<P>> and get 1 points.
You press <<P>> and get 1 points.
You press <<P>> and get 0 points.
You press <<P>> and get 1 points.
You press <<U>> and get 0 points.
You press <<U>> and get 0 points.
You press <<U>> and get 1 points.","[{'token': 'P', 'prob': 0.62109375}, {'token': 'U', 'prob': 0.376953125}]",2.5029294192790985e-09,4.689582056016661e-12,-0.3769531224970706,-0.6210937499953104,0,1
94,P,P,U,1,P,-0.1611328125,0.1484375,0.8515625,True,"In this task, you have to repeatedly choose between two slot machines labeled U and P.
You can choose a slot machine by pressing its corresponding key.When you select one of the machines, you will win 1 or 0 points.Your goal is to choose the slot machines that will give you the most points.You will receive feedback about the outcome after making a choice.
The environment may change unpredictably, and past success does not guarantee future results. You’ll need to adapt to these changes to keep finding the better machine.You will play 1 game in total, consisting of 100 trials. Game 1:You press <<U>> and get 1 points.
You press <<U>> and get 1 points.
You press <<U>> and get 1 points.
You press <<U>> and get 0 points.
You press <<U>> and get 1 points.
You press <<U>> and get 1 points.
You press <<U>> and get 1 points.
You press <<P>> and get 0 points.
You press <<U>> and get 1 points.
You press <<U>> and get 0 points.
You press <<U>> and get 1 points.
You press <<P>> and get 1 points.
You press <<U>> and get 1 points.
You press <<P>> and get 0 points.
You press <<U>> and get 1 points.
You press <<U>> and get 1 points.
You press <<U>> and get 1 points.
You press <<U>> and get 1 points.
You press <<U>> and get 1 points.
You press <<U>> and get 1 points.
You press <<U>> and get 1 points.
You press <<U>> and get 1 points.
You press <<P>> and get 0 points.
You press <<U>> and get 1 points.
You press <<U>> and get 1 points.
You press <<U>> and get 1 points.
You press <<U>> and get 1 points.
You press <<U>> and get 1 points.
You press <<U>> and get 1 points.
You press <<U>> and get 1 points.
You press <<U>> and get 1 points.
You press <<U>> and get 1 points.
You press <<U>> and get 1 points.
You press <<U>> and get 1 points.
You press <<U>> and get 1 points.
You press <<U>> and get 1 points.
You press <<U>> and get 1 points.
You press <<U>> and get 1 points.
You press <<U>> and get 1 points.
You press <<U>> and get 1 points.
You press <<U>> and get 1 points.
You press <<U>> and get 1 points.
You press <<P>> and get 1 points.
You press <<U>> and get 1 points.
You press <<P>> and get 1 points.
You press <<U>> and get 1 points.
You press <<U>> and get 1 points.
You press <<U>> and get 1 points.
You press <<P>> and get 0 points.
You press <<U>> and get 1 points.
You press <<U>> and get 1 points.
You press <<U>> and get 1 points.
You press <<U>> and get 0 points.
You press <<U>> and get 0 points.
You press <<P>> and get 1 points.
You press <<P>> and get 1 points.
You press <<P>> and get 1 points.
You press <<P>> and get 1 points.
You press <<U>> and get 0 points.
You press <<P>> and get 1 points.
You press <<P>> and get 1 points.
You press <<P>> and get 1 points.
You press <<U>> and get 1 points.
You press <<P>> and get 1 points.
You press <<U>> and get 0 points.
You press <<P>> and get 1 points.
You press <<P>> and get 1 points.
You press <<P>> and get 1 points.
You press <<P>> and get 1 points.
You press <<P>> and get 1 points.
You press <<P>> and get 1 points.
You press <<P>> and get 1 points.
You press <<P>> and get 1 points.
You press <<P>> and get 1 points.
You press <<P>> and get 1 points.
You press <<P>> and get 1 points.
You press <<P>> and get 1 points.
You press <<P>> and get 1 points.
You press <<P>> and get 1 points.
You press <<P>> and get 1 points.
You press <<P>> and get 1 points.
You press <<U>> and get 0 points.
You press <<P>> and get 1 points.
You press <<U>> and get 0 points.
You press <<P>> and get 1 points.
You press <<P>> and get 1 points.
You press <<P>> and get 1 points.
You press <<P>> and get 1 points.
You press <<P>> and get 0 points.
You press <<P>> and get 1 points.
You press <<U>> and get 0 points.
You press <<U>> and get 0 points.
You press <<U>> and get 0 points.
You press <<U>> and get 1 points.",False,,"[{'token': 'P', 'prob': 0.8515625}, {'token': 'U', 'prob': 0.1484375}]",2.6047928258776665e-09,6.679101716144942e-12,-0.14843749739520717,-0.8515624999933209,,
94,P,,,1,P,-0.1611328125,0.1484375,0.8515625,False,,True,"In this task, you have to repeatedly choose between two slot machines labeled U and P.
You can choose a slot machine by pressing its corresponding key.When you select one of the machines, you will win 1 or 0 points.Your goal is to choose the slot machines that will give you the most points.You will receive feedback about the outcome after making a choice.
The environment may change unpredictably, and past success does not guarantee future results. You’ll need to adapt to these changes to keep finding the better machine.You will play 1 game in total, consisting of 100 trials. Game 1:You press <<U>> and get 1 points.
You press <<U>> and get 1 points.
You press <<U>> and get 1 points.
You press <<U>> and get 0 points.
You press <<U>> and get 1 points.
You press <<U>> and get 1 points.
You press <<U>> and get 1 points.
You press <<P>> and get 0 points.
You press <<U>> and get 1 points.
You press <<U>> and get 0 points.
You press <<U>> and get 1 points.
You press <<P>> and get 1 points.
You press <<U>> and get 1 points.
You press <<P>> and get 0 points.
You press <<U>> and get 1 points.
You press <<U>> and get 1 points.
You press <<U>> and get 1 points.
You press <<U>> and get 1 points.
You press <<U>> and get 1 points.
You press <<U>> and get 1 points.
You press <<U>> and get 1 points.
You press <<U>> and get 1 points.
You press <<P>> and get 0 points.
You press <<U>> and get 1 points.
You press <<U>> and get 1 points.
You press <<U>> and get 1 points.
You press <<U>> and get 1 points.
You press <<U>> and get 1 points.
You press <<U>> and get 1 points.
You press <<U>> and get 1 points.
You press <<U>> and get 1 points.
You press <<U>> and get 1 points.
You press <<U>> and get 1 points.
You press <<U>> and get 1 points.
You press <<U>> and get 1 points.
You press <<U>> and get 1 points.
You press <<U>> and get 1 points.
You press <<U>> and get 1 points.
You press <<U>> and get 1 points.
You press <<U>> and get 1 points.
You press <<U>> and get 1 points.
You press <<U>> and get 1 points.
You press <<P>> and get 1 points.
You press <<U>> and get 1 points.
You press <<P>> and get 1 points.
You press <<U>> and get 1 points.
You press <<U>> and get 1 points.
You press <<U>> and get 1 points.
You press <<P>> and get 0 points.
You press <<U>> and get 1 points.
You press <<U>> and get 1 points.
You press <<U>> and get 1 points.
You press <<U>> and get 0 points.
You press <<U>> and get 0 points.
You press <<P>> and get 1 points.
You press <<P>> and get 1 points.
You press <<P>> and get 1 points.
You press <<P>> and get 1 points.
You press <<U>> and get 0 points.
You press <<P>> and get 1 points.
You press <<P>> and get 1 points.
You press <<P>> and get 1 points.
You press <<U>> and get 1 points.
You press <<P>> and get 1 points.
You press <<U>> and get 0 points.
You press <<P>> and get 1 points.
You press <<P>> and get 1 points.
You press <<P>> and get 1 points.
You press <<P>> and get 1 points.
You press <<P>> and get 1 points.
You press <<P>> and get 1 points.
You press <<P>> and get 1 points.
You press <<P>> and get 1 points.
You press <<P>> and get 1 points.
You press <<P>> and get 1 points.
You press <<P>> and get 1 points.
You press <<P>> and get 1 points.
You press <<P>> and get 1 points.
You press <<P>> and get 1 points.
You press <<P>> and get 1 points.
You press <<P>> and get 1 points.
You press <<U>> and get 0 points.
You press <<P>> and get 1 points.
You press <<U>> and get 0 points.
You press <<P>> and get 1 points.
You press <<P>> and get 1 points.
You press <<P>> and get 1 points.
You press <<P>> and get 1 points.
You press <<P>> and get 0 points.
You press <<P>> and get 1 points.
You press <<U>> and get 0 points.
You press <<U>> and get 0 points.
You press <<U>> and get 0 points.
You press <<P>> and get 0 points.","[{'token': 'P', 'prob': 0.8515625}, {'token': 'U', 'prob': 0.1484375}]",4.045432433485985e-09,2.5124791136477143e-11,-0.14843749595456757,-0.8515624999748752,1,0
95,P,P,U,1,P,-0.0986328125,0.09521484375,0.90625,True,"In this task, you have to repeatedly choose between two slot machines labeled U and P.
You can choose a slot machine by pressing its corresponding key.When you select one of the machines, you will win 1 or 0 points.Your goal is to choose the slot machines that will give you the most points.You will receive feedback about the outcome after making a choice.
The environment may change unpredictably, and past success does not guarantee future results. You’ll need to adapt to these changes to keep finding the better machine.You will play 1 game in total, consisting of 100 trials. Game 1:You press <<U>> and get 1 points.
You press <<U>> and get 1 points.
You press <<U>> and get 1 points.
You press <<U>> and get 0 points.
You press <<U>> and get 1 points.
You press <<U>> and get 1 points.
You press <<U>> and get 1 points.
You press <<P>> and get 0 points.
You press <<U>> and get 1 points.
You press <<U>> and get 0 points.
You press <<U>> and get 1 points.
You press <<P>> and get 1 points.
You press <<U>> and get 1 points.
You press <<P>> and get 0 points.
You press <<U>> and get 1 points.
You press <<U>> and get 1 points.
You press <<U>> and get 1 points.
You press <<U>> and get 1 points.
You press <<U>> and get 1 points.
You press <<U>> and get 1 points.
You press <<U>> and get 1 points.
You press <<U>> and get 1 points.
You press <<P>> and get 0 points.
You press <<U>> and get 1 points.
You press <<U>> and get 1 points.
You press <<U>> and get 1 points.
You press <<U>> and get 1 points.
You press <<U>> and get 1 points.
You press <<U>> and get 1 points.
You press <<U>> and get 1 points.
You press <<U>> and get 1 points.
You press <<U>> and get 1 points.
You press <<U>> and get 1 points.
You press <<U>> and get 1 points.
You press <<U>> and get 1 points.
You press <<U>> and get 1 points.
You press <<U>> and get 1 points.
You press <<U>> and get 1 points.
You press <<U>> and get 1 points.
You press <<U>> and get 1 points.
You press <<U>> and get 1 points.
You press <<U>> and get 1 points.
You press <<P>> and get 1 points.
You press <<U>> and get 1 points.
You press <<P>> and get 1 points.
You press <<U>> and get 1 points.
You press <<U>> and get 1 points.
You press <<U>> and get 1 points.
You press <<P>> and get 0 points.
You press <<U>> and get 1 points.
You press <<U>> and get 1 points.
You press <<U>> and get 1 points.
You press <<U>> and get 0 points.
You press <<U>> and get 0 points.
You press <<P>> and get 1 points.
You press <<P>> and get 1 points.
You press <<P>> and get 1 points.
You press <<P>> and get 1 points.
You press <<U>> and get 0 points.
You press <<P>> and get 1 points.
You press <<P>> and get 1 points.
You press <<P>> and get 1 points.
You press <<U>> and get 1 points.
You press <<P>> and get 1 points.
You press <<U>> and get 0 points.
You press <<P>> and get 1 points.
You press <<P>> and get 1 points.
You press <<P>> and get 1 points.
You press <<P>> and get 1 points.
You press <<P>> and get 1 points.
You press <<P>> and get 1 points.
You press <<P>> and get 1 points.
You press <<P>> and get 1 points.
You press <<P>> and get 1 points.
You press <<P>> and get 1 points.
You press <<P>> and get 1 points.
You press <<P>> and get 1 points.
You press <<P>> and get 1 points.
You press <<P>> and get 1 points.
You press <<P>> and get 1 points.
You press <<P>> and get 1 points.
You press <<U>> and get 0 points.
You press <<P>> and get 1 points.
You press <<U>> and get 0 points.
You press <<P>> and get 1 points.
You press <<P>> and get 1 points.
You press <<P>> and get 1 points.
You press <<P>> and get 1 points.
You press <<P>> and get 0 points.
You press <<P>> and get 1 points.
You press <<U>> and get 0 points.
You press <<U>> and get 0 points.
You press <<U>> and get 0 points.
You press <<P>> and get 1 points.
You press <<U>> and get 1 points.",False,,"[{'token': 'P', 'prob': 0.90625}, {'token': 'U', 'prob': 0.09521484375}]",2.459273673593998e-09,6.565414878423326e-12,-0.09521484129072633,-0.9062499999934346,,
95,P,,,1,P,-0.0986328125,0.09521484375,0.90625,False,,True,"In this task, you have to repeatedly choose between two slot machines labeled U and P.
You can choose a slot machine by pressing its corresponding key.When you select one of the machines, you will win 1 or 0 points.Your goal is to choose the slot machines that will give you the most points.You will receive feedback about the outcome after making a choice.
The environment may change unpredictably, and past success does not guarantee future results. You’ll need to adapt to these changes to keep finding the better machine.You will play 1 game in total, consisting of 100 trials. Game 1:You press <<U>> and get 1 points.
You press <<U>> and get 1 points.
You press <<U>> and get 1 points.
You press <<U>> and get 0 points.
You press <<U>> and get 1 points.
You press <<U>> and get 1 points.
You press <<U>> and get 1 points.
You press <<P>> and get 0 points.
You press <<U>> and get 1 points.
You press <<U>> and get 0 points.
You press <<U>> and get 1 points.
You press <<P>> and get 1 points.
You press <<U>> and get 1 points.
You press <<P>> and get 0 points.
You press <<U>> and get 1 points.
You press <<U>> and get 1 points.
You press <<U>> and get 1 points.
You press <<U>> and get 1 points.
You press <<U>> and get 1 points.
You press <<U>> and get 1 points.
You press <<U>> and get 1 points.
You press <<U>> and get 1 points.
You press <<P>> and get 0 points.
You press <<U>> and get 1 points.
You press <<U>> and get 1 points.
You press <<U>> and get 1 points.
You press <<U>> and get 1 points.
You press <<U>> and get 1 points.
You press <<U>> and get 1 points.
You press <<U>> and get 1 points.
You press <<U>> and get 1 points.
You press <<U>> and get 1 points.
You press <<U>> and get 1 points.
You press <<U>> and get 1 points.
You press <<U>> and get 1 points.
You press <<U>> and get 1 points.
You press <<U>> and get 1 points.
You press <<U>> and get 1 points.
You press <<U>> and get 1 points.
You press <<U>> and get 1 points.
You press <<U>> and get 1 points.
You press <<U>> and get 1 points.
You press <<P>> and get 1 points.
You press <<U>> and get 1 points.
You press <<P>> and get 1 points.
You press <<U>> and get 1 points.
You press <<U>> and get 1 points.
You press <<U>> and get 1 points.
You press <<P>> and get 0 points.
You press <<U>> and get 1 points.
You press <<U>> and get 1 points.
You press <<U>> and get 1 points.
You press <<U>> and get 0 points.
You press <<U>> and get 0 points.
You press <<P>> and get 1 points.
You press <<P>> and get 1 points.
You press <<P>> and get 1 points.
You press <<P>> and get 1 points.
You press <<U>> and get 0 points.
You press <<P>> and get 1 points.
You press <<P>> and get 1 points.
You press <<P>> and get 1 points.
You press <<U>> and get 1 points.
You press <<P>> and get 1 points.
You press <<U>> and get 0 points.
You press <<P>> and get 1 points.
You press <<P>> and get 1 points.
You press <<P>> and get 1 points.
You press <<P>> and get 1 points.
You press <<P>> and get 1 points.
You press <<P>> and get 1 points.
You press <<P>> and get 1 points.
You press <<P>> and get 1 points.
You press <<P>> and get 1 points.
You press <<P>> and get 1 points.
You press <<P>> and get 1 points.
You press <<P>> and get 1 points.
You press <<P>> and get 1 points.
You press <<P>> and get 1 points.
You press <<P>> and get 1 points.
You press <<P>> and get 1 points.
You press <<U>> and get 0 points.
You press <<P>> and get 1 points.
You press <<U>> and get 0 points.
You press <<P>> and get 1 points.
You press <<P>> and get 1 points.
You press <<P>> and get 1 points.
You press <<P>> and get 1 points.
You press <<P>> and get 0 points.
You press <<P>> and get 1 points.
You press <<U>> and get 0 points.
You press <<U>> and get 0 points.
You press <<U>> and get 0 points.
You press <<P>> and get 1 points.
You press <<P>> and get 0 points.","[{'token': 'P', 'prob': 0.90625}, {'token': 'U', 'prob': 0.09521484375}]",5.20230969414115e-10,2.3447910280083306e-12,-0.09521484322976903,-0.9062499999976552,1,0
96,P,P,U,1,P,-0.0986328125,0.09521484375,0.90625,True,"In this task, you have to repeatedly choose between two slot machines labeled U and P.
You can choose a slot machine by pressing its corresponding key.When you select one of the machines, you will win 1 or 0 points.Your goal is to choose the slot machines that will give you the most points.You will receive feedback about the outcome after making a choice.
The environment may change unpredictably, and past success does not guarantee future results. You’ll need to adapt to these changes to keep finding the better machine.You will play 1 game in total, consisting of 100 trials. Game 1:You press <<U>> and get 1 points.
You press <<U>> and get 1 points.
You press <<U>> and get 1 points.
You press <<U>> and get 0 points.
You press <<U>> and get 1 points.
You press <<U>> and get 1 points.
You press <<U>> and get 1 points.
You press <<P>> and get 0 points.
You press <<U>> and get 1 points.
You press <<U>> and get 0 points.
You press <<U>> and get 1 points.
You press <<P>> and get 1 points.
You press <<U>> and get 1 points.
You press <<P>> and get 0 points.
You press <<U>> and get 1 points.
You press <<U>> and get 1 points.
You press <<U>> and get 1 points.
You press <<U>> and get 1 points.
You press <<U>> and get 1 points.
You press <<U>> and get 1 points.
You press <<U>> and get 1 points.
You press <<U>> and get 1 points.
You press <<P>> and get 0 points.
You press <<U>> and get 1 points.
You press <<U>> and get 1 points.
You press <<U>> and get 1 points.
You press <<U>> and get 1 points.
You press <<U>> and get 1 points.
You press <<U>> and get 1 points.
You press <<U>> and get 1 points.
You press <<U>> and get 1 points.
You press <<U>> and get 1 points.
You press <<U>> and get 1 points.
You press <<U>> and get 1 points.
You press <<U>> and get 1 points.
You press <<U>> and get 1 points.
You press <<U>> and get 1 points.
You press <<U>> and get 1 points.
You press <<U>> and get 1 points.
You press <<U>> and get 1 points.
You press <<U>> and get 1 points.
You press <<U>> and get 1 points.
You press <<P>> and get 1 points.
You press <<U>> and get 1 points.
You press <<P>> and get 1 points.
You press <<U>> and get 1 points.
You press <<U>> and get 1 points.
You press <<U>> and get 1 points.
You press <<P>> and get 0 points.
You press <<U>> and get 1 points.
You press <<U>> and get 1 points.
You press <<U>> and get 1 points.
You press <<U>> and get 0 points.
You press <<U>> and get 0 points.
You press <<P>> and get 1 points.
You press <<P>> and get 1 points.
You press <<P>> and get 1 points.
You press <<P>> and get 1 points.
You press <<U>> and get 0 points.
You press <<P>> and get 1 points.
You press <<P>> and get 1 points.
You press <<P>> and get 1 points.
You press <<U>> and get 1 points.
You press <<P>> and get 1 points.
You press <<U>> and get 0 points.
You press <<P>> and get 1 points.
You press <<P>> and get 1 points.
You press <<P>> and get 1 points.
You press <<P>> and get 1 points.
You press <<P>> and get 1 points.
You press <<P>> and get 1 points.
You press <<P>> and get 1 points.
You press <<P>> and get 1 points.
You press <<P>> and get 1 points.
You press <<P>> and get 1 points.
You press <<P>> and get 1 points.
You press <<P>> and get 1 points.
You press <<P>> and get 1 points.
You press <<P>> and get 1 points.
You press <<P>> and get 1 points.
You press <<P>> and get 1 points.
You press <<U>> and get 0 points.
You press <<P>> and get 1 points.
You press <<U>> and get 0 points.
You press <<P>> and get 1 points.
You press <<P>> and get 1 points.
You press <<P>> and get 1 points.
You press <<P>> and get 1 points.
You press <<P>> and get 0 points.
You press <<P>> and get 1 points.
You press <<U>> and get 0 points.
You press <<U>> and get 0 points.
You press <<U>> and get 0 points.
You press <<P>> and get 1 points.
You press <<P>> and get 1 points.
You press <<U>> and get 1 points.",False,,"[{'token': 'P', 'prob': 0.90625}, {'token': 'U', 'prob': 0.09521484375}]",6.577465683221817e-09,1.9099388737231493e-11,-0.09521483717253432,-0.9062499999809006,,
96,P,,,1,P,-0.0986328125,0.09521484375,0.90625,False,,True,"In this task, you have to repeatedly choose between two slot machines labeled U and P.
You can choose a slot machine by pressing its corresponding key.When you select one of the machines, you will win 1 or 0 points.Your goal is to choose the slot machines that will give you the most points.You will receive feedback about the outcome after making a choice.
The environment may change unpredictably, and past success does not guarantee future results. You’ll need to adapt to these changes to keep finding the better machine.You will play 1 game in total, consisting of 100 trials. Game 1:You press <<U>> and get 1 points.
You press <<U>> and get 1 points.
You press <<U>> and get 1 points.
You press <<U>> and get 0 points.
You press <<U>> and get 1 points.
You press <<U>> and get 1 points.
You press <<U>> and get 1 points.
You press <<P>> and get 0 points.
You press <<U>> and get 1 points.
You press <<U>> and get 0 points.
You press <<U>> and get 1 points.
You press <<P>> and get 1 points.
You press <<U>> and get 1 points.
You press <<P>> and get 0 points.
You press <<U>> and get 1 points.
You press <<U>> and get 1 points.
You press <<U>> and get 1 points.
You press <<U>> and get 1 points.
You press <<U>> and get 1 points.
You press <<U>> and get 1 points.
You press <<U>> and get 1 points.
You press <<U>> and get 1 points.
You press <<P>> and get 0 points.
You press <<U>> and get 1 points.
You press <<U>> and get 1 points.
You press <<U>> and get 1 points.
You press <<U>> and get 1 points.
You press <<U>> and get 1 points.
You press <<U>> and get 1 points.
You press <<U>> and get 1 points.
You press <<U>> and get 1 points.
You press <<U>> and get 1 points.
You press <<U>> and get 1 points.
You press <<U>> and get 1 points.
You press <<U>> and get 1 points.
You press <<U>> and get 1 points.
You press <<U>> and get 1 points.
You press <<U>> and get 1 points.
You press <<U>> and get 1 points.
You press <<U>> and get 1 points.
You press <<U>> and get 1 points.
You press <<U>> and get 1 points.
You press <<P>> and get 1 points.
You press <<U>> and get 1 points.
You press <<P>> and get 1 points.
You press <<U>> and get 1 points.
You press <<U>> and get 1 points.
You press <<U>> and get 1 points.
You press <<P>> and get 0 points.
You press <<U>> and get 1 points.
You press <<U>> and get 1 points.
You press <<U>> and get 1 points.
You press <<U>> and get 0 points.
You press <<U>> and get 0 points.
You press <<P>> and get 1 points.
You press <<P>> and get 1 points.
You press <<P>> and get 1 points.
You press <<P>> and get 1 points.
You press <<U>> and get 0 points.
You press <<P>> and get 1 points.
You press <<P>> and get 1 points.
You press <<P>> and get 1 points.
You press <<U>> and get 1 points.
You press <<P>> and get 1 points.
You press <<U>> and get 0 points.
You press <<P>> and get 1 points.
You press <<P>> and get 1 points.
You press <<P>> and get 1 points.
You press <<P>> and get 1 points.
You press <<P>> and get 1 points.
You press <<P>> and get 1 points.
You press <<P>> and get 1 points.
You press <<P>> and get 1 points.
You press <<P>> and get 1 points.
You press <<P>> and get 1 points.
You press <<P>> and get 1 points.
You press <<P>> and get 1 points.
You press <<P>> and get 1 points.
You press <<P>> and get 1 points.
You press <<P>> and get 1 points.
You press <<P>> and get 1 points.
You press <<U>> and get 0 points.
You press <<P>> and get 1 points.
You press <<U>> and get 0 points.
You press <<P>> and get 1 points.
You press <<P>> and get 1 points.
You press <<P>> and get 1 points.
You press <<P>> and get 1 points.
You press <<P>> and get 0 points.
You press <<P>> and get 1 points.
You press <<U>> and get 0 points.
You press <<U>> and get 0 points.
You press <<U>> and get 0 points.
You press <<P>> and get 1 points.
You press <<P>> and get 1 points.
You press <<P>> and get 0 points.","[{'token': 'P', 'prob': 0.90625}, {'token': 'U', 'prob': 0.09521484375}]",4.765752237290144e-10,2.5011104298755527e-12,-0.09521484327342478,-0.9062499999974989,1,0
97,P,P,U,1,P,-0.0771484375,0.07568359375,0.92578125,True,"In this task, you have to repeatedly choose between two slot machines labeled U and P.
You can choose a slot machine by pressing its corresponding key.When you select one of the machines, you will win 1 or 0 points.Your goal is to choose the slot machines that will give you the most points.You will receive feedback about the outcome after making a choice.
The environment may change unpredictably, and past success does not guarantee future results. You’ll need to adapt to these changes to keep finding the better machine.You will play 1 game in total, consisting of 100 trials. Game 1:You press <<U>> and get 1 points.
You press <<U>> and get 1 points.
You press <<U>> and get 1 points.
You press <<U>> and get 0 points.
You press <<U>> and get 1 points.
You press <<U>> and get 1 points.
You press <<U>> and get 1 points.
You press <<P>> and get 0 points.
You press <<U>> and get 1 points.
You press <<U>> and get 0 points.
You press <<U>> and get 1 points.
You press <<P>> and get 1 points.
You press <<U>> and get 1 points.
You press <<P>> and get 0 points.
You press <<U>> and get 1 points.
You press <<U>> and get 1 points.
You press <<U>> and get 1 points.
You press <<U>> and get 1 points.
You press <<U>> and get 1 points.
You press <<U>> and get 1 points.
You press <<U>> and get 1 points.
You press <<U>> and get 1 points.
You press <<P>> and get 0 points.
You press <<U>> and get 1 points.
You press <<U>> and get 1 points.
You press <<U>> and get 1 points.
You press <<U>> and get 1 points.
You press <<U>> and get 1 points.
You press <<U>> and get 1 points.
You press <<U>> and get 1 points.
You press <<U>> and get 1 points.
You press <<U>> and get 1 points.
You press <<U>> and get 1 points.
You press <<U>> and get 1 points.
You press <<U>> and get 1 points.
You press <<U>> and get 1 points.
You press <<U>> and get 1 points.
You press <<U>> and get 1 points.
You press <<U>> and get 1 points.
You press <<U>> and get 1 points.
You press <<U>> and get 1 points.
You press <<U>> and get 1 points.
You press <<P>> and get 1 points.
You press <<U>> and get 1 points.
You press <<P>> and get 1 points.
You press <<U>> and get 1 points.
You press <<U>> and get 1 points.
You press <<U>> and get 1 points.
You press <<P>> and get 0 points.
You press <<U>> and get 1 points.
You press <<U>> and get 1 points.
You press <<U>> and get 1 points.
You press <<U>> and get 0 points.
You press <<U>> and get 0 points.
You press <<P>> and get 1 points.
You press <<P>> and get 1 points.
You press <<P>> and get 1 points.
You press <<P>> and get 1 points.
You press <<U>> and get 0 points.
You press <<P>> and get 1 points.
You press <<P>> and get 1 points.
You press <<P>> and get 1 points.
You press <<U>> and get 1 points.
You press <<P>> and get 1 points.
You press <<U>> and get 0 points.
You press <<P>> and get 1 points.
You press <<P>> and get 1 points.
You press <<P>> and get 1 points.
You press <<P>> and get 1 points.
You press <<P>> and get 1 points.
You press <<P>> and get 1 points.
You press <<P>> and get 1 points.
You press <<P>> and get 1 points.
You press <<P>> and get 1 points.
You press <<P>> and get 1 points.
You press <<P>> and get 1 points.
You press <<P>> and get 1 points.
You press <<P>> and get 1 points.
You press <<P>> and get 1 points.
You press <<P>> and get 1 points.
You press <<P>> and get 1 points.
You press <<U>> and get 0 points.
You press <<P>> and get 1 points.
You press <<U>> and get 0 points.
You press <<P>> and get 1 points.
You press <<P>> and get 1 points.
You press <<P>> and get 1 points.
You press <<P>> and get 1 points.
You press <<P>> and get 0 points.
You press <<P>> and get 1 points.
You press <<U>> and get 0 points.
You press <<U>> and get 0 points.
You press <<U>> and get 0 points.
You press <<P>> and get 1 points.
You press <<P>> and get 1 points.
You press <<P>> and get 1 points.
You press <<U>> and get 1 points.",False,,"[{'token': 'P', 'prob': 0.92578125}, {'token': 'U', 'prob': 0.07568359375}]",6.6356733441352844e-09,1.9554136088117957e-11,-0.07568358711432666,-0.9257812499804459,,
97,P,,,1,P,-0.0771484375,0.07568359375,0.92578125,False,,True,"In this task, you have to repeatedly choose between two slot machines labeled U and P.
You can choose a slot machine by pressing its corresponding key.When you select one of the machines, you will win 1 or 0 points.Your goal is to choose the slot machines that will give you the most points.You will receive feedback about the outcome after making a choice.
The environment may change unpredictably, and past success does not guarantee future results. You’ll need to adapt to these changes to keep finding the better machine.You will play 1 game in total, consisting of 100 trials. Game 1:You press <<U>> and get 1 points.
You press <<U>> and get 1 points.
You press <<U>> and get 1 points.
You press <<U>> and get 0 points.
You press <<U>> and get 1 points.
You press <<U>> and get 1 points.
You press <<U>> and get 1 points.
You press <<P>> and get 0 points.
You press <<U>> and get 1 points.
You press <<U>> and get 0 points.
You press <<U>> and get 1 points.
You press <<P>> and get 1 points.
You press <<U>> and get 1 points.
You press <<P>> and get 0 points.
You press <<U>> and get 1 points.
You press <<U>> and get 1 points.
You press <<U>> and get 1 points.
You press <<U>> and get 1 points.
You press <<U>> and get 1 points.
You press <<U>> and get 1 points.
You press <<U>> and get 1 points.
You press <<U>> and get 1 points.
You press <<P>> and get 0 points.
You press <<U>> and get 1 points.
You press <<U>> and get 1 points.
You press <<U>> and get 1 points.
You press <<U>> and get 1 points.
You press <<U>> and get 1 points.
You press <<U>> and get 1 points.
You press <<U>> and get 1 points.
You press <<U>> and get 1 points.
You press <<U>> and get 1 points.
You press <<U>> and get 1 points.
You press <<U>> and get 1 points.
You press <<U>> and get 1 points.
You press <<U>> and get 1 points.
You press <<U>> and get 1 points.
You press <<U>> and get 1 points.
You press <<U>> and get 1 points.
You press <<U>> and get 1 points.
You press <<U>> and get 1 points.
You press <<U>> and get 1 points.
You press <<P>> and get 1 points.
You press <<U>> and get 1 points.
You press <<P>> and get 1 points.
You press <<U>> and get 1 points.
You press <<U>> and get 1 points.
You press <<U>> and get 1 points.
You press <<P>> and get 0 points.
You press <<U>> and get 1 points.
You press <<U>> and get 1 points.
You press <<U>> and get 1 points.
You press <<U>> and get 0 points.
You press <<U>> and get 0 points.
You press <<P>> and get 1 points.
You press <<P>> and get 1 points.
You press <<P>> and get 1 points.
You press <<P>> and get 1 points.
You press <<U>> and get 0 points.
You press <<P>> and get 1 points.
You press <<P>> and get 1 points.
You press <<P>> and get 1 points.
You press <<U>> and get 1 points.
You press <<P>> and get 1 points.
You press <<U>> and get 0 points.
You press <<P>> and get 1 points.
You press <<P>> and get 1 points.
You press <<P>> and get 1 points.
You press <<P>> and get 1 points.
You press <<P>> and get 1 points.
You press <<P>> and get 1 points.
You press <<P>> and get 1 points.
You press <<P>> and get 1 points.
You press <<P>> and get 1 points.
You press <<P>> and get 1 points.
You press <<P>> and get 1 points.
You press <<P>> and get 1 points.
You press <<P>> and get 1 points.
You press <<P>> and get 1 points.
You press <<P>> and get 1 points.
You press <<P>> and get 1 points.
You press <<U>> and get 0 points.
You press <<P>> and get 1 points.
You press <<U>> and get 0 points.
You press <<P>> and get 1 points.
You press <<P>> and get 1 points.
You press <<P>> and get 1 points.
You press <<P>> and get 1 points.
You press <<P>> and get 0 points.
You press <<P>> and get 1 points.
You press <<U>> and get 0 points.
You press <<U>> and get 0 points.
You press <<U>> and get 0 points.
You press <<P>> and get 1 points.
You press <<P>> and get 1 points.
You press <<P>> and get 1 points.
You press <<P>> and get 0 points.","[{'token': 'P', 'prob': 0.92578125}, {'token': 'U', 'prob': 0.07568359375}]",4.2018655221909285e-10,1.8332002582610585e-12,-0.07568359332981345,-0.9257812499981668,1,0
98,P,P,U,1,P,-0.0771484375,0.07568359375,0.92578125,True,"In this task, you have to repeatedly choose between two slot machines labeled U and P.
You can choose a slot machine by pressing its corresponding key.When you select one of the machines, you will win 1 or 0 points.Your goal is to choose the slot machines that will give you the most points.You will receive feedback about the outcome after making a choice.
The environment may change unpredictably, and past success does not guarantee future results. You’ll need to adapt to these changes to keep finding the better machine.You will play 1 game in total, consisting of 100 trials. Game 1:You press <<U>> and get 1 points.
You press <<U>> and get 1 points.
You press <<U>> and get 1 points.
You press <<U>> and get 0 points.
You press <<U>> and get 1 points.
You press <<U>> and get 1 points.
You press <<U>> and get 1 points.
You press <<P>> and get 0 points.
You press <<U>> and get 1 points.
You press <<U>> and get 0 points.
You press <<U>> and get 1 points.
You press <<P>> and get 1 points.
You press <<U>> and get 1 points.
You press <<P>> and get 0 points.
You press <<U>> and get 1 points.
You press <<U>> and get 1 points.
You press <<U>> and get 1 points.
You press <<U>> and get 1 points.
You press <<U>> and get 1 points.
You press <<U>> and get 1 points.
You press <<U>> and get 1 points.
You press <<U>> and get 1 points.
You press <<P>> and get 0 points.
You press <<U>> and get 1 points.
You press <<U>> and get 1 points.
You press <<U>> and get 1 points.
You press <<U>> and get 1 points.
You press <<U>> and get 1 points.
You press <<U>> and get 1 points.
You press <<U>> and get 1 points.
You press <<U>> and get 1 points.
You press <<U>> and get 1 points.
You press <<U>> and get 1 points.
You press <<U>> and get 1 points.
You press <<U>> and get 1 points.
You press <<U>> and get 1 points.
You press <<U>> and get 1 points.
You press <<U>> and get 1 points.
You press <<U>> and get 1 points.
You press <<U>> and get 1 points.
You press <<U>> and get 1 points.
You press <<U>> and get 1 points.
You press <<P>> and get 1 points.
You press <<U>> and get 1 points.
You press <<P>> and get 1 points.
You press <<U>> and get 1 points.
You press <<U>> and get 1 points.
You press <<U>> and get 1 points.
You press <<P>> and get 0 points.
You press <<U>> and get 1 points.
You press <<U>> and get 1 points.
You press <<U>> and get 1 points.
You press <<U>> and get 0 points.
You press <<U>> and get 0 points.
You press <<P>> and get 1 points.
You press <<P>> and get 1 points.
You press <<P>> and get 1 points.
You press <<P>> and get 1 points.
You press <<U>> and get 0 points.
You press <<P>> and get 1 points.
You press <<P>> and get 1 points.
You press <<P>> and get 1 points.
You press <<U>> and get 1 points.
You press <<P>> and get 1 points.
You press <<U>> and get 0 points.
You press <<P>> and get 1 points.
You press <<P>> and get 1 points.
You press <<P>> and get 1 points.
You press <<P>> and get 1 points.
You press <<P>> and get 1 points.
You press <<P>> and get 1 points.
You press <<P>> and get 1 points.
You press <<P>> and get 1 points.
You press <<P>> and get 1 points.
You press <<P>> and get 1 points.
You press <<P>> and get 1 points.
You press <<P>> and get 1 points.
You press <<P>> and get 1 points.
You press <<P>> and get 1 points.
You press <<P>> and get 1 points.
You press <<P>> and get 1 points.
You press <<U>> and get 0 points.
You press <<P>> and get 1 points.
You press <<U>> and get 0 points.
You press <<P>> and get 1 points.
You press <<P>> and get 1 points.
You press <<P>> and get 1 points.
You press <<P>> and get 1 points.
You press <<P>> and get 0 points.
You press <<P>> and get 1 points.
You press <<U>> and get 0 points.
You press <<U>> and get 0 points.
You press <<U>> and get 0 points.
You press <<P>> and get 1 points.
You press <<P>> and get 1 points.
You press <<P>> and get 1 points.
You press <<P>> and get 1 points.
You press <<U>> and get 1 points.",False,,"[{'token': 'P', 'prob': 0.92578125}, {'token': 'U', 'prob': 0.07568359375}]",8.032657206058502e-09,2.9103830456733704e-11,-0.0756835857173428,-0.9257812499708962,,
98,P,,,1,P,-0.0771484375,0.07568359375,0.92578125,False,,True,"In this task, you have to repeatedly choose between two slot machines labeled U and P.
You can choose a slot machine by pressing its corresponding key.When you select one of the machines, you will win 1 or 0 points.Your goal is to choose the slot machines that will give you the most points.You will receive feedback about the outcome after making a choice.
The environment may change unpredictably, and past success does not guarantee future results. You’ll need to adapt to these changes to keep finding the better machine.You will play 1 game in total, consisting of 100 trials. Game 1:You press <<U>> and get 1 points.
You press <<U>> and get 1 points.
You press <<U>> and get 1 points.
You press <<U>> and get 0 points.
You press <<U>> and get 1 points.
You press <<U>> and get 1 points.
You press <<U>> and get 1 points.
You press <<P>> and get 0 points.
You press <<U>> and get 1 points.
You press <<U>> and get 0 points.
You press <<U>> and get 1 points.
You press <<P>> and get 1 points.
You press <<U>> and get 1 points.
You press <<P>> and get 0 points.
You press <<U>> and get 1 points.
You press <<U>> and get 1 points.
You press <<U>> and get 1 points.
You press <<U>> and get 1 points.
You press <<U>> and get 1 points.
You press <<U>> and get 1 points.
You press <<U>> and get 1 points.
You press <<U>> and get 1 points.
You press <<P>> and get 0 points.
You press <<U>> and get 1 points.
You press <<U>> and get 1 points.
You press <<U>> and get 1 points.
You press <<U>> and get 1 points.
You press <<U>> and get 1 points.
You press <<U>> and get 1 points.
You press <<U>> and get 1 points.
You press <<U>> and get 1 points.
You press <<U>> and get 1 points.
You press <<U>> and get 1 points.
You press <<U>> and get 1 points.
You press <<U>> and get 1 points.
You press <<U>> and get 1 points.
You press <<U>> and get 1 points.
You press <<U>> and get 1 points.
You press <<U>> and get 1 points.
You press <<U>> and get 1 points.
You press <<U>> and get 1 points.
You press <<U>> and get 1 points.
You press <<P>> and get 1 points.
You press <<U>> and get 1 points.
You press <<P>> and get 1 points.
You press <<U>> and get 1 points.
You press <<U>> and get 1 points.
You press <<U>> and get 1 points.
You press <<P>> and get 0 points.
You press <<U>> and get 1 points.
You press <<U>> and get 1 points.
You press <<U>> and get 1 points.
You press <<U>> and get 0 points.
You press <<U>> and get 0 points.
You press <<P>> and get 1 points.
You press <<P>> and get 1 points.
You press <<P>> and get 1 points.
You press <<P>> and get 1 points.
You press <<U>> and get 0 points.
You press <<P>> and get 1 points.
You press <<P>> and get 1 points.
You press <<P>> and get 1 points.
You press <<U>> and get 1 points.
You press <<P>> and get 1 points.
You press <<U>> and get 0 points.
You press <<P>> and get 1 points.
You press <<P>> and get 1 points.
You press <<P>> and get 1 points.
You press <<P>> and get 1 points.
You press <<P>> and get 1 points.
You press <<P>> and get 1 points.
You press <<P>> and get 1 points.
You press <<P>> and get 1 points.
You press <<P>> and get 1 points.
You press <<P>> and get 1 points.
You press <<P>> and get 1 points.
You press <<P>> and get 1 points.
You press <<P>> and get 1 points.
You press <<P>> and get 1 points.
You press <<P>> and get 1 points.
You press <<P>> and get 1 points.
You press <<U>> and get 0 points.
You press <<P>> and get 1 points.
You press <<U>> and get 0 points.
You press <<P>> and get 1 points.
You press <<P>> and get 1 points.
You press <<P>> and get 1 points.
You press <<P>> and get 1 points.
You press <<P>> and get 0 points.
You press <<P>> and get 1 points.
You press <<U>> and get 0 points.
You press <<U>> and get 0 points.
You press <<U>> and get 0 points.
You press <<P>> and get 1 points.
You press <<P>> and get 1 points.
You press <<P>> and get 1 points.
You press <<P>> and get 1 points.
You press <<P>> and get 0 points.","[{'token': 'P', 'prob': 0.92578125}, {'token': 'U', 'prob': 0.07568359375}]",4.0381564758718014e-10,1.6484591469634324e-12,-0.07568359334618435,-0.9257812499983515,1,0
99,P,P,U,1,P,-0.0771484375,0.07568359375,0.92578125,True,"In this task, you have to repeatedly choose between two slot machines labeled U and P.
You can choose a slot machine by pressing its corresponding key.When you select one of the machines, you will win 1 or 0 points.Your goal is to choose the slot machines that will give you the most points.You will receive feedback about the outcome after making a choice.
The environment may change unpredictably, and past success does not guarantee future results. You’ll need to adapt to these changes to keep finding the better machine.You will play 1 game in total, consisting of 100 trials. Game 1:You press <<U>> and get 1 points.
You press <<U>> and get 1 points.
You press <<U>> and get 1 points.
You press <<U>> and get 0 points.
You press <<U>> and get 1 points.
You press <<U>> and get 1 points.
You press <<U>> and get 1 points.
You press <<P>> and get 0 points.
You press <<U>> and get 1 points.
You press <<U>> and get 0 points.
You press <<U>> and get 1 points.
You press <<P>> and get 1 points.
You press <<U>> and get 1 points.
You press <<P>> and get 0 points.
You press <<U>> and get 1 points.
You press <<U>> and get 1 points.
You press <<U>> and get 1 points.
You press <<U>> and get 1 points.
You press <<U>> and get 1 points.
You press <<U>> and get 1 points.
You press <<U>> and get 1 points.
You press <<U>> and get 1 points.
You press <<P>> and get 0 points.
You press <<U>> and get 1 points.
You press <<U>> and get 1 points.
You press <<U>> and get 1 points.
You press <<U>> and get 1 points.
You press <<U>> and get 1 points.
You press <<U>> and get 1 points.
You press <<U>> and get 1 points.
You press <<U>> and get 1 points.
You press <<U>> and get 1 points.
You press <<U>> and get 1 points.
You press <<U>> and get 1 points.
You press <<U>> and get 1 points.
You press <<U>> and get 1 points.
You press <<U>> and get 1 points.
You press <<U>> and get 1 points.
You press <<U>> and get 1 points.
You press <<U>> and get 1 points.
You press <<U>> and get 1 points.
You press <<U>> and get 1 points.
You press <<P>> and get 1 points.
You press <<U>> and get 1 points.
You press <<P>> and get 1 points.
You press <<U>> and get 1 points.
You press <<U>> and get 1 points.
You press <<U>> and get 1 points.
You press <<P>> and get 0 points.
You press <<U>> and get 1 points.
You press <<U>> and get 1 points.
You press <<U>> and get 1 points.
You press <<U>> and get 0 points.
You press <<U>> and get 0 points.
You press <<P>> and get 1 points.
You press <<P>> and get 1 points.
You press <<P>> and get 1 points.
You press <<P>> and get 1 points.
You press <<U>> and get 0 points.
You press <<P>> and get 1 points.
You press <<P>> and get 1 points.
You press <<P>> and get 1 points.
You press <<U>> and get 1 points.
You press <<P>> and get 1 points.
You press <<U>> and get 0 points.
You press <<P>> and get 1 points.
You press <<P>> and get 1 points.
You press <<P>> and get 1 points.
You press <<P>> and get 1 points.
You press <<P>> and get 1 points.
You press <<P>> and get 1 points.
You press <<P>> and get 1 points.
You press <<P>> and get 1 points.
You press <<P>> and get 1 points.
You press <<P>> and get 1 points.
You press <<P>> and get 1 points.
You press <<P>> and get 1 points.
You press <<P>> and get 1 points.
You press <<P>> and get 1 points.
You press <<P>> and get 1 points.
You press <<P>> and get 1 points.
You press <<U>> and get 0 points.
You press <<P>> and get 1 points.
You press <<U>> and get 0 points.
You press <<P>> and get 1 points.
You press <<P>> and get 1 points.
You press <<P>> and get 1 points.
You press <<P>> and get 1 points.
You press <<P>> and get 0 points.
You press <<P>> and get 1 points.
You press <<U>> and get 0 points.
You press <<U>> and get 0 points.
You press <<U>> and get 0 points.
You press <<P>> and get 1 points.
You press <<P>> and get 1 points.
You press <<P>> and get 1 points.
You press <<P>> and get 1 points.
You press <<P>> and get 1 points.
You press <<U>> and get 1 points.",False,,"[{'token': 'P', 'prob': 0.92578125}, {'token': 'U', 'prob': 0.07568359375}]",7.130438461899757e-09,2.4101609596982598e-11,-0.07568358661956154,-0.9257812499758984,,
99,P,,,1,P,-0.0771484375,0.07568359375,0.92578125,False,,True,"In this task, you have to repeatedly choose between two slot machines labeled U and P.
You can choose a slot machine by pressing its corresponding key.When you select one of the machines, you will win 1 or 0 points.Your goal is to choose the slot machines that will give you the most points.You will receive feedback about the outcome after making a choice.
The environment may change unpredictably, and past success does not guarantee future results. You’ll need to adapt to these changes to keep finding the better machine.You will play 1 game in total, consisting of 100 trials. Game 1:You press <<U>> and get 1 points.
You press <<U>> and get 1 points.
You press <<U>> and get 1 points.
You press <<U>> and get 0 points.
You press <<U>> and get 1 points.
You press <<U>> and get 1 points.
You press <<U>> and get 1 points.
You press <<P>> and get 0 points.
You press <<U>> and get 1 points.
You press <<U>> and get 0 points.
You press <<U>> and get 1 points.
You press <<P>> and get 1 points.
You press <<U>> and get 1 points.
You press <<P>> and get 0 points.
You press <<U>> and get 1 points.
You press <<U>> and get 1 points.
You press <<U>> and get 1 points.
You press <<U>> and get 1 points.
You press <<U>> and get 1 points.
You press <<U>> and get 1 points.
You press <<U>> and get 1 points.
You press <<U>> and get 1 points.
You press <<P>> and get 0 points.
You press <<U>> and get 1 points.
You press <<U>> and get 1 points.
You press <<U>> and get 1 points.
You press <<U>> and get 1 points.
You press <<U>> and get 1 points.
You press <<U>> and get 1 points.
You press <<U>> and get 1 points.
You press <<U>> and get 1 points.
You press <<U>> and get 1 points.
You press <<U>> and get 1 points.
You press <<U>> and get 1 points.
You press <<U>> and get 1 points.
You press <<U>> and get 1 points.
You press <<U>> and get 1 points.
You press <<U>> and get 1 points.
You press <<U>> and get 1 points.
You press <<U>> and get 1 points.
You press <<U>> and get 1 points.
You press <<U>> and get 1 points.
You press <<P>> and get 1 points.
You press <<U>> and get 1 points.
You press <<P>> and get 1 points.
You press <<U>> and get 1 points.
You press <<U>> and get 1 points.
You press <<U>> and get 1 points.
You press <<P>> and get 0 points.
You press <<U>> and get 1 points.
You press <<U>> and get 1 points.
You press <<U>> and get 1 points.
You press <<U>> and get 0 points.
You press <<U>> and get 0 points.
You press <<P>> and get 1 points.
You press <<P>> and get 1 points.
You press <<P>> and get 1 points.
You press <<P>> and get 1 points.
You press <<U>> and get 0 points.
You press <<P>> and get 1 points.
You press <<P>> and get 1 points.
You press <<P>> and get 1 points.
You press <<U>> and get 1 points.
You press <<P>> and get 1 points.
You press <<U>> and get 0 points.
You press <<P>> and get 1 points.
You press <<P>> and get 1 points.
You press <<P>> and get 1 points.
You press <<P>> and get 1 points.
You press <<P>> and get 1 points.
You press <<P>> and get 1 points.
You press <<P>> and get 1 points.
You press <<P>> and get 1 points.
You press <<P>> and get 1 points.
You press <<P>> and get 1 points.
You press <<P>> and get 1 points.
You press <<P>> and get 1 points.
You press <<P>> and get 1 points.
You press <<P>> and get 1 points.
You press <<P>> and get 1 points.
You press <<P>> and get 1 points.
You press <<U>> and get 0 points.
You press <<P>> and get 1 points.
You press <<U>> and get 0 points.
You press <<P>> and get 1 points.
You press <<P>> and get 1 points.
You press <<P>> and get 1 points.
You press <<P>> and get 1 points.
You press <<P>> and get 0 points.
You press <<P>> and get 1 points.
You press <<U>> and get 0 points.
You press <<U>> and get 0 points.
You press <<U>> and get 0 points.
You press <<P>> and get 1 points.
You press <<P>> and get 1 points.
You press <<P>> and get 1 points.
You press <<P>> and get 1 points.
You press <<P>> and get 1 points.
You press <<P>> and get 0 points.","[{'token': 'P', 'prob': 0.92578125}, {'token': 'U', 'prob': 0.07568359375}]",3.4560798667371273e-10,1.4566126083082054e-12,-0.07568359340439201,-0.9257812499985434,1,0
