trial,human_choice,original_last_choice,flipped_last_choice,reward,model_choice,log_likelihood_baseline,baseline_U,baseline_P,flipped_choice,flipped_choice_prompt,flipped_reward,flipped_reward_prompt,top2_tokens_baseline,prob_U_flipped,prob_P_flipped,delta_U,delta_P,original_last_reward,flipped_last_reward
1,U,P,U,1,P,-1.3125,0.26953125,0.73046875,True,"In this task, you have to repeatedly choose between two slot machines labeled U and P.
You can choose a slot machine by pressing its corresponding key.When you select one of the machines, you will win 1 or 0 points.Your goal is to choose the slot machines that will give you the most points.You will receive feedback about the outcome after making a choice.
The environment may change unpredictably, and past success does not guarantee future results. You’ll need to adapt to these changes to keep finding the better machine.You will play 1 game in total, consisting of 100 trials. Game 1:You press <<U>> and get 1 points.",False,,"[{'token': 'P', 'prob': 0.73046875}, {'token': 'U', 'prob': 0.26953125}]",4.353933036327362e-08,5.434230843093246e-11,-0.26953120646066964,-0.7304687499456577,,
1,U,,,1,P,-1.3125,0.26953125,0.73046875,False,,True,"In this task, you have to repeatedly choose between two slot machines labeled U and P.
You can choose a slot machine by pressing its corresponding key.When you select one of the machines, you will win 1 or 0 points.Your goal is to choose the slot machines that will give you the most points.You will receive feedback about the outcome after making a choice.
The environment may change unpredictably, and past success does not guarantee future results. You’ll need to adapt to these changes to keep finding the better machine.You will play 1 game in total, consisting of 100 trials. Game 1:You press <<P>> and get 0 points.You press <<","[{'token': 'P', 'prob': 0.73046875}, {'token': 'U', 'prob': 0.26953125}]",0.81640625,0.1826171875,0.546875,-0.5478515625,1,0
2,P,U,P,0,P,-0.4765625,0.376953125,0.62109375,True,"In this task, you have to repeatedly choose between two slot machines labeled U and P.
You can choose a slot machine by pressing its corresponding key.When you select one of the machines, you will win 1 or 0 points.Your goal is to choose the slot machines that will give you the most points.You will receive feedback about the outcome after making a choice.
The environment may change unpredictably, and past success does not guarantee future results. You’ll need to adapt to these changes to keep finding the better machine.You will play 1 game in total, consisting of 100 trials. Game 1:You press <<P>> and get 1 points.
You press <<P>> and get 1 points.",False,,"[{'token': 'P', 'prob': 0.62109375}, {'token': 'U', 'prob': 0.376953125}]",1.3278622645884752e-10,1.9042545318370685e-12,-0.3769531248672138,-0.6210937499980957,,
2,P,,,0,P,-0.4765625,0.376953125,0.62109375,False,,True,"In this task, you have to repeatedly choose between two slot machines labeled U and P.
You can choose a slot machine by pressing its corresponding key.When you select one of the machines, you will win 1 or 0 points.Your goal is to choose the slot machines that will give you the most points.You will receive feedback about the outcome after making a choice.
The environment may change unpredictably, and past success does not guarantee future results. You’ll need to adapt to these changes to keep finding the better machine.You will play 1 game in total, consisting of 100 trials. Game 1:You press <<P>> and get 1 points.
You press <<U>> and get 0 points.You press <<","[{'token': 'P', 'prob': 0.62109375}, {'token': 'U', 'prob': 0.376953125}]",0.1484375,0.8515625,-0.228515625,0.23046875,1,0
3,U,P,U,0,U,-0.203125,0.81640625,0.1826171875,True,"In this task, you have to repeatedly choose between two slot machines labeled U and P.
You can choose a slot machine by pressing its corresponding key.When you select one of the machines, you will win 1 or 0 points.Your goal is to choose the slot machines that will give you the most points.You will receive feedback about the outcome after making a choice.
The environment may change unpredictably, and past success does not guarantee future results. You’ll need to adapt to these changes to keep finding the better machine.You will play 1 game in total, consisting of 100 trials. Game 1:You press <<P>> and get 1 points.
You press <<U>> and get 1 points.
You press <<U>> and get 0 points.",False,,"[{'token': 'U', 'prob': 0.81640625}, {'token': 'P', 'prob': 0.1826171875}]",8.330971468240023e-10,4.092726157978177e-12,-0.8164062491669029,-0.18261718749590727,,
3,U,,,0,U,-0.203125,0.81640625,0.1826171875,False,,True,"In this task, you have to repeatedly choose between two slot machines labeled U and P.
You can choose a slot machine by pressing its corresponding key.When you select one of the machines, you will win 1 or 0 points.Your goal is to choose the slot machines that will give you the most points.You will receive feedback about the outcome after making a choice.
The environment may change unpredictably, and past success does not guarantee future results. You’ll need to adapt to these changes to keep finding the better machine.You will play 1 game in total, consisting of 100 trials. Game 1:You press <<P>> and get 1 points.
You press <<U>> and get 1 points.
You press <<P>> and get 1 points.You press <<","[{'token': 'U', 'prob': 0.81640625}, {'token': 'P', 'prob': 0.1826171875}]",0.6796875,0.3203125,-0.13671875,0.1376953125,0,1
4,U,U,P,1,P,-1.140625,0.3203125,0.6796875,True,"In this task, you have to repeatedly choose between two slot machines labeled U and P.
You can choose a slot machine by pressing its corresponding key.When you select one of the machines, you will win 1 or 0 points.Your goal is to choose the slot machines that will give you the most points.You will receive feedback about the outcome after making a choice.
The environment may change unpredictably, and past success does not guarantee future results. You’ll need to adapt to these changes to keep finding the better machine.You will play 1 game in total, consisting of 100 trials. Game 1:You press <<P>> and get 1 points.
You press <<U>> and get 1 points.
You press <<P>> and get 0 points.
You press <<P>> and get 0 points.",False,,"[{'token': 'P', 'prob': 0.6796875}, {'token': 'U', 'prob': 0.3203125}]",1.5061232261359692e-09,2.6005864128819667e-12,-0.3203124984938768,-0.6796874999973994,,
4,U,,,1,P,-1.140625,0.3203125,0.6796875,False,,True,"In this task, you have to repeatedly choose between two slot machines labeled U and P.
You can choose a slot machine by pressing its corresponding key.When you select one of the machines, you will win 1 or 0 points.Your goal is to choose the slot machines that will give you the most points.You will receive feedback about the outcome after making a choice.
The environment may change unpredictably, and past success does not guarantee future results. You’ll need to adapt to these changes to keep finding the better machine.You will play 1 game in total, consisting of 100 trials. Game 1:You press <<P>> and get 1 points.
You press <<U>> and get 1 points.
You press <<P>> and get 0 points.
You press <<U>> and get 1 points.You press <<","[{'token': 'P', 'prob': 0.6796875}, {'token': 'U', 'prob': 0.3203125}]",0.5625,0.4375,0.2421875,-0.2421875,0,1
5,U,U,P,1,P,-1.0546875,0.34765625,0.65234375,True,"In this task, you have to repeatedly choose between two slot machines labeled U and P.
You can choose a slot machine by pressing its corresponding key.When you select one of the machines, you will win 1 or 0 points.Your goal is to choose the slot machines that will give you the most points.You will receive feedback about the outcome after making a choice.
The environment may change unpredictably, and past success does not guarantee future results. You’ll need to adapt to these changes to keep finding the better machine.You will play 1 game in total, consisting of 100 trials. Game 1:You press <<P>> and get 1 points.
You press <<U>> and get 1 points.
You press <<P>> and get 0 points.
You press <<U>> and get 0 points.
You press <<P>> and get 1 points.",False,,"[{'token': 'P', 'prob': 0.65234375}, {'token': 'U', 'prob': 0.34765625}]",1.0550138540565968e-09,7.105427357601002e-12,-0.34765624894498615,-0.6523437499928946,,
5,U,,,1,P,-1.0546875,0.34765625,0.65234375,False,,True,"In this task, you have to repeatedly choose between two slot machines labeled U and P.
You can choose a slot machine by pressing its corresponding key.When you select one of the machines, you will win 1 or 0 points.Your goal is to choose the slot machines that will give you the most points.You will receive feedback about the outcome after making a choice.
The environment may change unpredictably, and past success does not guarantee future results. You’ll need to adapt to these changes to keep finding the better machine.You will play 1 game in total, consisting of 100 trials. Game 1:You press <<P>> and get 1 points.
You press <<U>> and get 1 points.
You press <<P>> and get 0 points.
You press <<U>> and get 0 points.
You press <<U>> and get 0 points.You press <<","[{'token': 'P', 'prob': 0.65234375}, {'token': 'U', 'prob': 0.34765625}]",0.22265625,0.77734375,-0.125,0.125,1,0
6,U,U,P,1,U,-0.4765625,0.62109375,0.376953125,True,"In this task, you have to repeatedly choose between two slot machines labeled U and P.
You can choose a slot machine by pressing its corresponding key.When you select one of the machines, you will win 1 or 0 points.Your goal is to choose the slot machines that will give you the most points.You will receive feedback about the outcome after making a choice.
The environment may change unpredictably, and past success does not guarantee future results. You’ll need to adapt to these changes to keep finding the better machine.You will play 1 game in total, consisting of 100 trials. Game 1:You press <<P>> and get 1 points.
You press <<U>> and get 1 points.
You press <<P>> and get 0 points.
You press <<U>> and get 0 points.
You press <<U>> and get 1 points.
You press <<P>> and get 1 points.",False,,"[{'token': 'U', 'prob': 0.62109375}, {'token': 'P', 'prob': 0.376953125}]",1.979060471057892e-09,9.265477274311706e-12,-0.6210937480209395,-0.3769531249907345,,
6,U,,,1,U,-0.4765625,0.62109375,0.376953125,False,,True,"In this task, you have to repeatedly choose between two slot machines labeled U and P.
You can choose a slot machine by pressing its corresponding key.When you select one of the machines, you will win 1 or 0 points.Your goal is to choose the slot machines that will give you the most points.You will receive feedback about the outcome after making a choice.
The environment may change unpredictably, and past success does not guarantee future results. You’ll need to adapt to these changes to keep finding the better machine.You will play 1 game in total, consisting of 100 trials. Game 1:You press <<P>> and get 1 points.
You press <<U>> and get 1 points.
You press <<P>> and get 0 points.
You press <<U>> and get 0 points.
You press <<U>> and get 1 points.
You press <<U>> and get 0 points.You press <<","[{'token': 'U', 'prob': 0.62109375}, {'token': 'P', 'prob': 0.376953125}]",0.3203125,0.6796875,-0.30078125,0.302734375,1,0
7,U,U,P,1,U,-0.251953125,0.77734375,0.22265625,True,"In this task, you have to repeatedly choose between two slot machines labeled U and P.
You can choose a slot machine by pressing its corresponding key.When you select one of the machines, you will win 1 or 0 points.Your goal is to choose the slot machines that will give you the most points.You will receive feedback about the outcome after making a choice.
The environment may change unpredictably, and past success does not guarantee future results. You’ll need to adapt to these changes to keep finding the better machine.You will play 1 game in total, consisting of 100 trials. Game 1:You press <<P>> and get 1 points.
You press <<U>> and get 1 points.
You press <<P>> and get 0 points.
You press <<U>> and get 0 points.
You press <<U>> and get 1 points.
You press <<U>> and get 1 points.
You press <<P>> and get 1 points.",False,,"[{'token': 'U', 'prob': 0.77734375}, {'token': 'P', 'prob': 0.22265625}]",1.2005330063402653e-09,9.15179043659009e-12,-0.777343748799467,-0.2226562499908482,,
7,U,,,1,U,-0.251953125,0.77734375,0.22265625,False,,True,"In this task, you have to repeatedly choose between two slot machines labeled U and P.
You can choose a slot machine by pressing its corresponding key.When you select one of the machines, you will win 1 or 0 points.Your goal is to choose the slot machines that will give you the most points.You will receive feedback about the outcome after making a choice.
The environment may change unpredictably, and past success does not guarantee future results. You’ll need to adapt to these changes to keep finding the better machine.You will play 1 game in total, consisting of 100 trials. Game 1:You press <<P>> and get 1 points.
You press <<U>> and get 1 points.
You press <<P>> and get 0 points.
You press <<U>> and get 0 points.
You press <<U>> and get 1 points.
You press <<U>> and get 1 points.
You press <<U>> and get 0 points.You press <<","[{'token': 'U', 'prob': 0.77734375}, {'token': 'P', 'prob': 0.22265625}]",0.3203125,0.6796875,-0.45703125,0.45703125,1,0
8,P,U,P,0,U,-1.90625,0.8515625,0.1484375,True,"In this task, you have to repeatedly choose between two slot machines labeled U and P.
You can choose a slot machine by pressing its corresponding key.When you select one of the machines, you will win 1 or 0 points.Your goal is to choose the slot machines that will give you the most points.You will receive feedback about the outcome after making a choice.
The environment may change unpredictably, and past success does not guarantee future results. You’ll need to adapt to these changes to keep finding the better machine.You will play 1 game in total, consisting of 100 trials. Game 1:You press <<P>> and get 1 points.
You press <<U>> and get 1 points.
You press <<P>> and get 0 points.
You press <<U>> and get 0 points.
You press <<U>> and get 1 points.
You press <<U>> and get 1 points.
You press <<U>> and get 1 points.
You press <<P>> and get 1 points.",False,,"[{'token': 'U', 'prob': 0.8515625}, {'token': 'P', 'prob': 0.1484375}]",1.6370904631912708e-09,1.5802470443304628e-11,-0.8515624983629095,-0.14843749998419753,,
8,P,,,0,U,-1.90625,0.8515625,0.1484375,False,,True,"In this task, you have to repeatedly choose between two slot machines labeled U and P.
You can choose a slot machine by pressing its corresponding key.When you select one of the machines, you will win 1 or 0 points.Your goal is to choose the slot machines that will give you the most points.You will receive feedback about the outcome after making a choice.
The environment may change unpredictably, and past success does not guarantee future results. You’ll need to adapt to these changes to keep finding the better machine.You will play 1 game in total, consisting of 100 trials. Game 1:You press <<P>> and get 1 points.
You press <<U>> and get 1 points.
You press <<P>> and get 0 points.
You press <<U>> and get 0 points.
You press <<U>> and get 1 points.
You press <<U>> and get 1 points.
You press <<U>> and get 1 points.
You press <<U>> and get 0 points.You press <<","[{'token': 'U', 'prob': 0.8515625}, {'token': 'P', 'prob': 0.1484375}]",0.376953125,0.62109375,-0.474609375,0.47265625,1,0
9,U,P,U,0,U,-0.203125,0.81640625,0.1826171875,True,"In this task, you have to repeatedly choose between two slot machines labeled U and P.
You can choose a slot machine by pressing its corresponding key.When you select one of the machines, you will win 1 or 0 points.Your goal is to choose the slot machines that will give you the most points.You will receive feedback about the outcome after making a choice.
The environment may change unpredictably, and past success does not guarantee future results. You’ll need to adapt to these changes to keep finding the better machine.You will play 1 game in total, consisting of 100 trials. Game 1:You press <<P>> and get 1 points.
You press <<U>> and get 1 points.
You press <<P>> and get 0 points.
You press <<U>> and get 0 points.
You press <<U>> and get 1 points.
You press <<U>> and get 1 points.
You press <<U>> and get 1 points.
You press <<U>> and get 1 points.
You press <<U>> and get 0 points.",False,,"[{'token': 'U', 'prob': 0.81640625}, {'token': 'P', 'prob': 0.1826171875}]",4.05634636990726e-10,1.8758328224066645e-12,-0.8164062495943654,-0.18261718749812417,,
9,U,,,0,U,-0.203125,0.81640625,0.1826171875,False,,True,"In this task, you have to repeatedly choose between two slot machines labeled U and P.
You can choose a slot machine by pressing its corresponding key.When you select one of the machines, you will win 1 or 0 points.Your goal is to choose the slot machines that will give you the most points.You will receive feedback about the outcome after making a choice.
The environment may change unpredictably, and past success does not guarantee future results. You’ll need to adapt to these changes to keep finding the better machine.You will play 1 game in total, consisting of 100 trials. Game 1:You press <<P>> and get 1 points.
You press <<U>> and get 1 points.
You press <<P>> and get 0 points.
You press <<U>> and get 0 points.
You press <<U>> and get 1 points.
You press <<U>> and get 1 points.
You press <<U>> and get 1 points.
You press <<U>> and get 1 points.
You press <<P>> and get 1 points.You press <<","[{'token': 'U', 'prob': 0.81640625}, {'token': 'P', 'prob': 0.1826171875}]",0.4375,0.5625,-0.37890625,0.3798828125,0,1
10,P,U,P,1,P,-0.69140625,0.5,0.5,True,"In this task, you have to repeatedly choose between two slot machines labeled U and P.
You can choose a slot machine by pressing its corresponding key.When you select one of the machines, you will win 1 or 0 points.Your goal is to choose the slot machines that will give you the most points.You will receive feedback about the outcome after making a choice.
The environment may change unpredictably, and past success does not guarantee future results. You’ll need to adapt to these changes to keep finding the better machine.You will play 1 game in total, consisting of 100 trials. Game 1:You press <<P>> and get 1 points.
You press <<U>> and get 1 points.
You press <<P>> and get 0 points.
You press <<U>> and get 0 points.
You press <<U>> and get 1 points.
You press <<U>> and get 1 points.
You press <<U>> and get 1 points.
You press <<U>> and get 1 points.
You press <<P>> and get 0 points.
You press <<P>> and get 0 points.",False,,"[{'token': 'U', 'prob': 0.5}, {'token': 'P', 'prob': 0.5}]",1.229636836796999e-09,4.575895218295045e-12,-0.49999999877036316,-0.4999999999954241,,
10,P,,,1,P,-0.69140625,0.5,0.5,False,,True,"In this task, you have to repeatedly choose between two slot machines labeled U and P.
You can choose a slot machine by pressing its corresponding key.When you select one of the machines, you will win 1 or 0 points.Your goal is to choose the slot machines that will give you the most points.You will receive feedback about the outcome after making a choice.
The environment may change unpredictably, and past success does not guarantee future results. You’ll need to adapt to these changes to keep finding the better machine.You will play 1 game in total, consisting of 100 trials. Game 1:You press <<P>> and get 1 points.
You press <<U>> and get 1 points.
You press <<P>> and get 0 points.
You press <<U>> and get 0 points.
You press <<U>> and get 1 points.
You press <<U>> and get 1 points.
You press <<U>> and get 1 points.
You press <<U>> and get 1 points.
You press <<P>> and get 0 points.
You press <<U>> and get 1 points.You press <<","[{'token': 'U', 'prob': 0.5}, {'token': 'P', 'prob': 0.5}]",0.81640625,0.1826171875,0.31640625,-0.3173828125,0,1
11,U,P,U,1,P,-0.89453125,0.408203125,0.59375,True,"In this task, you have to repeatedly choose between two slot machines labeled U and P.
You can choose a slot machine by pressing its corresponding key.When you select one of the machines, you will win 1 or 0 points.Your goal is to choose the slot machines that will give you the most points.You will receive feedback about the outcome after making a choice.
The environment may change unpredictably, and past success does not guarantee future results. You’ll need to adapt to these changes to keep finding the better machine.You will play 1 game in total, consisting of 100 trials. Game 1:You press <<P>> and get 1 points.
You press <<U>> and get 1 points.
You press <<P>> and get 0 points.
You press <<U>> and get 0 points.
You press <<U>> and get 1 points.
You press <<U>> and get 1 points.
You press <<U>> and get 1 points.
You press <<U>> and get 1 points.
You press <<P>> and get 0 points.
You press <<U>> and get 0 points.
You press <<U>> and get 1 points.",False,,"[{'token': 'P', 'prob': 0.59375}, {'token': 'U', 'prob': 0.408203125}]",1.025910023599863e-09,2.0747847884194925e-12,-0.40820312397409,-0.5937499999979252,,
11,U,,,1,P,-0.89453125,0.408203125,0.59375,False,,True,"In this task, you have to repeatedly choose between two slot machines labeled U and P.
You can choose a slot machine by pressing its corresponding key.When you select one of the machines, you will win 1 or 0 points.Your goal is to choose the slot machines that will give you the most points.You will receive feedback about the outcome after making a choice.
The environment may change unpredictably, and past success does not guarantee future results. You’ll need to adapt to these changes to keep finding the better machine.You will play 1 game in total, consisting of 100 trials. Game 1:You press <<P>> and get 1 points.
You press <<U>> and get 1 points.
You press <<P>> and get 0 points.
You press <<U>> and get 0 points.
You press <<U>> and get 1 points.
You press <<U>> and get 1 points.
You press <<U>> and get 1 points.
You press <<U>> and get 1 points.
You press <<P>> and get 0 points.
You press <<U>> and get 0 points.
You press <<P>> and get 0 points.You press <<","[{'token': 'P', 'prob': 0.59375}, {'token': 'U', 'prob': 0.408203125}]",0.73046875,0.26953125,0.322265625,-0.32421875,1,0
12,P,U,P,0,P,-0.38671875,0.3203125,0.6796875,True,"In this task, you have to repeatedly choose between two slot machines labeled U and P.
You can choose a slot machine by pressing its corresponding key.When you select one of the machines, you will win 1 or 0 points.Your goal is to choose the slot machines that will give you the most points.You will receive feedback about the outcome after making a choice.
The environment may change unpredictably, and past success does not guarantee future results. You’ll need to adapt to these changes to keep finding the better machine.You will play 1 game in total, consisting of 100 trials. Game 1:You press <<P>> and get 1 points.
You press <<U>> and get 1 points.
You press <<P>> and get 0 points.
You press <<U>> and get 0 points.
You press <<U>> and get 1 points.
You press <<U>> and get 1 points.
You press <<U>> and get 1 points.
You press <<U>> and get 1 points.
You press <<P>> and get 0 points.
You press <<U>> and get 0 points.
You press <<P>> and get 1 points.
You press <<P>> and get 1 points.",False,,"[{'token': 'P', 'prob': 0.6796875}, {'token': 'U', 'prob': 0.3203125}]",3.92901711165905e-10,5.4285465012071654e-12,-0.3203124996070983,-0.6796874999945715,,
12,P,,,0,P,-0.38671875,0.3203125,0.6796875,False,,True,"In this task, you have to repeatedly choose between two slot machines labeled U and P.
You can choose a slot machine by pressing its corresponding key.When you select one of the machines, you will win 1 or 0 points.Your goal is to choose the slot machines that will give you the most points.You will receive feedback about the outcome after making a choice.
The environment may change unpredictably, and past success does not guarantee future results. You’ll need to adapt to these changes to keep finding the better machine.You will play 1 game in total, consisting of 100 trials. Game 1:You press <<P>> and get 1 points.
You press <<U>> and get 1 points.
You press <<P>> and get 0 points.
You press <<U>> and get 0 points.
You press <<U>> and get 1 points.
You press <<U>> and get 1 points.
You press <<U>> and get 1 points.
You press <<U>> and get 1 points.
You press <<P>> and get 0 points.
You press <<U>> and get 0 points.
You press <<P>> and get 1 points.
You press <<U>> and get 0 points.You press <<","[{'token': 'P', 'prob': 0.6796875}, {'token': 'U', 'prob': 0.3203125}]",0.26953125,0.73046875,-0.05078125,0.05078125,1,0
13,U,P,U,1,U,-0.203125,0.81640625,0.1826171875,True,"In this task, you have to repeatedly choose between two slot machines labeled U and P.
You can choose a slot machine by pressing its corresponding key.When you select one of the machines, you will win 1 or 0 points.Your goal is to choose the slot machines that will give you the most points.You will receive feedback about the outcome after making a choice.
The environment may change unpredictably, and past success does not guarantee future results. You’ll need to adapt to these changes to keep finding the better machine.You will play 1 game in total, consisting of 100 trials. Game 1:You press <<P>> and get 1 points.
You press <<U>> and get 1 points.
You press <<P>> and get 0 points.
You press <<U>> and get 0 points.
You press <<U>> and get 1 points.
You press <<U>> and get 1 points.
You press <<U>> and get 1 points.
You press <<U>> and get 1 points.
You press <<P>> and get 0 points.
You press <<U>> and get 0 points.
You press <<P>> and get 1 points.
You press <<U>> and get 1 points.
You press <<U>> and get 0 points.",False,,"[{'token': 'U', 'prob': 0.81640625}, {'token': 'P', 'prob': 0.1826171875}]",8.440110832452774e-10,3.140598892059643e-12,-0.8164062491559889,-0.1826171874968594,,
13,U,,,1,U,-0.203125,0.81640625,0.1826171875,False,,True,"In this task, you have to repeatedly choose between two slot machines labeled U and P.
You can choose a slot machine by pressing its corresponding key.When you select one of the machines, you will win 1 or 0 points.Your goal is to choose the slot machines that will give you the most points.You will receive feedback about the outcome after making a choice.
The environment may change unpredictably, and past success does not guarantee future results. You’ll need to adapt to these changes to keep finding the better machine.You will play 1 game in total, consisting of 100 trials. Game 1:You press <<P>> and get 1 points.
You press <<U>> and get 1 points.
You press <<P>> and get 0 points.
You press <<U>> and get 0 points.
You press <<U>> and get 1 points.
You press <<U>> and get 1 points.
You press <<U>> and get 1 points.
You press <<U>> and get 1 points.
You press <<P>> and get 0 points.
You press <<U>> and get 0 points.
You press <<P>> and get 1 points.
You press <<U>> and get 1 points.
You press <<P>> and get 1 points.You press <<","[{'token': 'U', 'prob': 0.81640625}, {'token': 'P', 'prob': 0.1826171875}]",0.6796875,0.3203125,-0.13671875,0.1376953125,0,1
14,P,U,P,1,P,-0.6328125,0.46875,0.53125,True,"In this task, you have to repeatedly choose between two slot machines labeled U and P.
You can choose a slot machine by pressing its corresponding key.When you select one of the machines, you will win 1 or 0 points.Your goal is to choose the slot machines that will give you the most points.You will receive feedback about the outcome after making a choice.
The environment may change unpredictably, and past success does not guarantee future results. You’ll need to adapt to these changes to keep finding the better machine.You will play 1 game in total, consisting of 100 trials. Game 1:You press <<P>> and get 1 points.
You press <<U>> and get 1 points.
You press <<P>> and get 0 points.
You press <<U>> and get 0 points.
You press <<U>> and get 1 points.
You press <<U>> and get 1 points.
You press <<U>> and get 1 points.
You press <<U>> and get 1 points.
You press <<P>> and get 0 points.
You press <<U>> and get 0 points.
You press <<P>> and get 1 points.
You press <<U>> and get 1 points.
You press <<P>> and get 0 points.
You press <<P>> and get 1 points.",False,,"[{'token': 'P', 'prob': 0.53125}, {'token': 'U', 'prob': 0.46875}]",5.566107574850321e-10,4.661160346586257e-12,-0.46874999944338924,-0.5312499999953388,,
14,P,,,1,P,-0.6328125,0.46875,0.53125,False,,True,"In this task, you have to repeatedly choose between two slot machines labeled U and P.
You can choose a slot machine by pressing its corresponding key.When you select one of the machines, you will win 1 or 0 points.Your goal is to choose the slot machines that will give you the most points.You will receive feedback about the outcome after making a choice.
The environment may change unpredictably, and past success does not guarantee future results. You’ll need to adapt to these changes to keep finding the better machine.You will play 1 game in total, consisting of 100 trials. Game 1:You press <<P>> and get 1 points.
You press <<U>> and get 1 points.
You press <<P>> and get 0 points.
You press <<U>> and get 0 points.
You press <<U>> and get 1 points.
You press <<U>> and get 1 points.
You press <<U>> and get 1 points.
You press <<U>> and get 1 points.
You press <<P>> and get 0 points.
You press <<U>> and get 0 points.
You press <<P>> and get 1 points.
You press <<U>> and get 1 points.
You press <<P>> and get 0 points.
You press <<U>> and get 0 points.You press <<","[{'token': 'P', 'prob': 0.53125}, {'token': 'U', 'prob': 0.46875}]",0.34765625,0.65234375,-0.12109375,0.12109375,1,0
15,U,P,U,1,U,-0.251953125,0.77734375,0.22265625,True,"In this task, you have to repeatedly choose between two slot machines labeled U and P.
You can choose a slot machine by pressing its corresponding key.When you select one of the machines, you will win 1 or 0 points.Your goal is to choose the slot machines that will give you the most points.You will receive feedback about the outcome after making a choice.
The environment may change unpredictably, and past success does not guarantee future results. You’ll need to adapt to these changes to keep finding the better machine.You will play 1 game in total, consisting of 100 trials. Game 1:You press <<P>> and get 1 points.
You press <<U>> and get 1 points.
You press <<P>> and get 0 points.
You press <<U>> and get 0 points.
You press <<U>> and get 1 points.
You press <<U>> and get 1 points.
You press <<U>> and get 1 points.
You press <<U>> and get 1 points.
You press <<P>> and get 0 points.
You press <<U>> and get 0 points.
You press <<P>> and get 1 points.
You press <<U>> and get 1 points.
You press <<P>> and get 0 points.
You press <<U>> and get 1 points.
You press <<U>> and get 1 points.",False,,"[{'token': 'U', 'prob': 0.77734375}, {'token': 'P', 'prob': 0.22265625}]",1.2878444977104664e-09,2.6432189770275727e-12,-0.7773437487121555,-0.22265624999735678,,
15,U,,,1,U,-0.251953125,0.77734375,0.22265625,False,,True,"In this task, you have to repeatedly choose between two slot machines labeled U and P.
You can choose a slot machine by pressing its corresponding key.When you select one of the machines, you will win 1 or 0 points.Your goal is to choose the slot machines that will give you the most points.You will receive feedback about the outcome after making a choice.
The environment may change unpredictably, and past success does not guarantee future results. You’ll need to adapt to these changes to keep finding the better machine.You will play 1 game in total, consisting of 100 trials. Game 1:You press <<P>> and get 1 points.
You press <<U>> and get 1 points.
You press <<P>> and get 0 points.
You press <<U>> and get 0 points.
You press <<U>> and get 1 points.
You press <<U>> and get 1 points.
You press <<U>> and get 1 points.
You press <<U>> and get 1 points.
You press <<P>> and get 0 points.
You press <<U>> and get 0 points.
You press <<P>> and get 1 points.
You press <<U>> and get 1 points.
You press <<P>> and get 0 points.
You press <<U>> and get 1 points.
You press <<P>> and get 0 points.You press <<","[{'token': 'U', 'prob': 0.77734375}, {'token': 'P', 'prob': 0.22265625}]",0.81640625,0.1826171875,0.0390625,-0.0400390625,1,0
16,U,U,P,1,P,-1.703125,0.1826171875,0.81640625,True,"In this task, you have to repeatedly choose between two slot machines labeled U and P.
You can choose a slot machine by pressing its corresponding key.When you select one of the machines, you will win 1 or 0 points.Your goal is to choose the slot machines that will give you the most points.You will receive feedback about the outcome after making a choice.
The environment may change unpredictably, and past success does not guarantee future results. You’ll need to adapt to these changes to keep finding the better machine.You will play 1 game in total, consisting of 100 trials. Game 1:You press <<P>> and get 1 points.
You press <<U>> and get 1 points.
You press <<P>> and get 0 points.
You press <<U>> and get 0 points.
You press <<U>> and get 1 points.
You press <<U>> and get 1 points.
You press <<U>> and get 1 points.
You press <<U>> and get 1 points.
You press <<P>> and get 0 points.
You press <<U>> and get 0 points.
You press <<P>> and get 1 points.
You press <<U>> and get 1 points.
You press <<P>> and get 0 points.
You press <<U>> and get 1 points.
You press <<P>> and get 1 points.
You press <<P>> and get 1 points.",False,,"[{'token': 'P', 'prob': 0.81640625}, {'token': 'U', 'prob': 0.1826171875}]",6.803020369261503e-10,6.252776074688882e-12,-0.18261718681969796,-0.8164062499937472,,
16,U,,,1,P,-1.703125,0.1826171875,0.81640625,False,,True,"In this task, you have to repeatedly choose between two slot machines labeled U and P.
You can choose a slot machine by pressing its corresponding key.When you select one of the machines, you will win 1 or 0 points.Your goal is to choose the slot machines that will give you the most points.You will receive feedback about the outcome after making a choice.
The environment may change unpredictably, and past success does not guarantee future results. You’ll need to adapt to these changes to keep finding the better machine.You will play 1 game in total, consisting of 100 trials. Game 1:You press <<P>> and get 1 points.
You press <<U>> and get 1 points.
You press <<P>> and get 0 points.
You press <<U>> and get 0 points.
You press <<U>> and get 1 points.
You press <<U>> and get 1 points.
You press <<U>> and get 1 points.
You press <<U>> and get 1 points.
You press <<P>> and get 0 points.
You press <<U>> and get 0 points.
You press <<P>> and get 1 points.
You press <<U>> and get 1 points.
You press <<P>> and get 0 points.
You press <<U>> and get 1 points.
You press <<P>> and get 1 points.
You press <<U>> and get 0 points.You press <<","[{'token': 'P', 'prob': 0.81640625}, {'token': 'U', 'prob': 0.1826171875}]",0.22265625,0.77734375,0.0400390625,-0.0390625,1,0
17,U,U,P,1,U,-0.6328125,0.53125,0.46875,True,"In this task, you have to repeatedly choose between two slot machines labeled U and P.
You can choose a slot machine by pressing its corresponding key.When you select one of the machines, you will win 1 or 0 points.Your goal is to choose the slot machines that will give you the most points.You will receive feedback about the outcome after making a choice.
The environment may change unpredictably, and past success does not guarantee future results. You’ll need to adapt to these changes to keep finding the better machine.You will play 1 game in total, consisting of 100 trials. Game 1:You press <<P>> and get 1 points.
You press <<U>> and get 1 points.
You press <<P>> and get 0 points.
You press <<U>> and get 0 points.
You press <<U>> and get 1 points.
You press <<U>> and get 1 points.
You press <<U>> and get 1 points.
You press <<U>> and get 1 points.
You press <<P>> and get 0 points.
You press <<U>> and get 0 points.
You press <<P>> and get 1 points.
You press <<U>> and get 1 points.
You press <<P>> and get 0 points.
You press <<U>> and get 1 points.
You press <<P>> and get 1 points.
You press <<U>> and get 1 points.
You press <<P>> and get 1 points.",False,,"[{'token': 'U', 'prob': 0.53125}, {'token': 'P', 'prob': 0.46875}]",2.3137545213103294e-09,3.595346242946107e-12,-0.5312499976862455,-0.46874999999640465,,
17,U,,,1,U,-0.6328125,0.53125,0.46875,False,,True,"In this task, you have to repeatedly choose between two slot machines labeled U and P.
You can choose a slot machine by pressing its corresponding key.When you select one of the machines, you will win 1 or 0 points.Your goal is to choose the slot machines that will give you the most points.You will receive feedback about the outcome after making a choice.
The environment may change unpredictably, and past success does not guarantee future results. You’ll need to adapt to these changes to keep finding the better machine.You will play 1 game in total, consisting of 100 trials. Game 1:You press <<P>> and get 1 points.
You press <<U>> and get 1 points.
You press <<P>> and get 0 points.
You press <<U>> and get 0 points.
You press <<U>> and get 1 points.
You press <<U>> and get 1 points.
You press <<U>> and get 1 points.
You press <<U>> and get 1 points.
You press <<P>> and get 0 points.
You press <<U>> and get 0 points.
You press <<P>> and get 1 points.
You press <<U>> and get 1 points.
You press <<P>> and get 0 points.
You press <<U>> and get 1 points.
You press <<P>> and get 1 points.
You press <<U>> and get 1 points.
You press <<U>> and get 0 points.You press <<","[{'token': 'U', 'prob': 0.53125}, {'token': 'P', 'prob': 0.46875}]",0.3203125,0.6796875,-0.2109375,0.2109375,1,0
18,U,U,P,1,U,-0.38671875,0.6796875,0.3203125,True,"In this task, you have to repeatedly choose between two slot machines labeled U and P.
You can choose a slot machine by pressing its corresponding key.When you select one of the machines, you will win 1 or 0 points.Your goal is to choose the slot machines that will give you the most points.You will receive feedback about the outcome after making a choice.
The environment may change unpredictably, and past success does not guarantee future results. You’ll need to adapt to these changes to keep finding the better machine.You will play 1 game in total, consisting of 100 trials. Game 1:You press <<P>> and get 1 points.
You press <<U>> and get 1 points.
You press <<P>> and get 0 points.
You press <<U>> and get 0 points.
You press <<U>> and get 1 points.
You press <<U>> and get 1 points.
You press <<U>> and get 1 points.
You press <<U>> and get 1 points.
You press <<P>> and get 0 points.
You press <<U>> and get 0 points.
You press <<P>> and get 1 points.
You press <<U>> and get 1 points.
You press <<P>> and get 0 points.
You press <<U>> and get 1 points.
You press <<P>> and get 1 points.
You press <<U>> and get 1 points.
You press <<U>> and get 1 points.
You press <<P>> and get 1 points.",False,,"[{'token': 'U', 'prob': 0.6796875}, {'token': 'P', 'prob': 0.3203125}]",1.9936123862862587e-09,4.291678123991005e-12,-0.6796874980063876,-0.3203124999957083,,
18,U,,,1,U,-0.38671875,0.6796875,0.3203125,False,,True,"In this task, you have to repeatedly choose between two slot machines labeled U and P.
You can choose a slot machine by pressing its corresponding key.When you select one of the machines, you will win 1 or 0 points.Your goal is to choose the slot machines that will give you the most points.You will receive feedback about the outcome after making a choice.
The environment may change unpredictably, and past success does not guarantee future results. You’ll need to adapt to these changes to keep finding the better machine.You will play 1 game in total, consisting of 100 trials. Game 1:You press <<P>> and get 1 points.
You press <<U>> and get 1 points.
You press <<P>> and get 0 points.
You press <<U>> and get 0 points.
You press <<U>> and get 1 points.
You press <<U>> and get 1 points.
You press <<U>> and get 1 points.
You press <<U>> and get 1 points.
You press <<P>> and get 0 points.
You press <<U>> and get 0 points.
You press <<P>> and get 1 points.
You press <<U>> and get 1 points.
You press <<P>> and get 0 points.
You press <<U>> and get 1 points.
You press <<P>> and get 1 points.
You press <<U>> and get 1 points.
You press <<U>> and get 1 points.
You press <<U>> and get 0 points.You press <<","[{'token': 'U', 'prob': 0.6796875}, {'token': 'P', 'prob': 0.3203125}]",0.376953125,0.62109375,-0.302734375,0.30078125,1,0
19,U,U,P,1,U,-0.314453125,0.73046875,0.26953125,True,"In this task, you have to repeatedly choose between two slot machines labeled U and P.
You can choose a slot machine by pressing its corresponding key.When you select one of the machines, you will win 1 or 0 points.Your goal is to choose the slot machines that will give you the most points.You will receive feedback about the outcome after making a choice.
The environment may change unpredictably, and past success does not guarantee future results. You’ll need to adapt to these changes to keep finding the better machine.You will play 1 game in total, consisting of 100 trials. Game 1:You press <<P>> and get 1 points.
You press <<U>> and get 1 points.
You press <<P>> and get 0 points.
You press <<U>> and get 0 points.
You press <<U>> and get 1 points.
You press <<U>> and get 1 points.
You press <<U>> and get 1 points.
You press <<U>> and get 1 points.
You press <<P>> and get 0 points.
You press <<U>> and get 0 points.
You press <<P>> and get 1 points.
You press <<U>> and get 1 points.
You press <<P>> and get 0 points.
You press <<U>> and get 1 points.
You press <<P>> and get 1 points.
You press <<U>> and get 1 points.
You press <<U>> and get 1 points.
You press <<U>> and get 1 points.
You press <<P>> and get 1 points.",False,,"[{'token': 'U', 'prob': 0.73046875}, {'token': 'P', 'prob': 0.26953125}]",2.051820047199726e-09,8.01492205937393e-12,-0.73046874794818,-0.2695312499919851,,
19,U,,,1,U,-0.314453125,0.73046875,0.26953125,False,,True,"In this task, you have to repeatedly choose between two slot machines labeled U and P.
You can choose a slot machine by pressing its corresponding key.When you select one of the machines, you will win 1 or 0 points.Your goal is to choose the slot machines that will give you the most points.You will receive feedback about the outcome after making a choice.
The environment may change unpredictably, and past success does not guarantee future results. You’ll need to adapt to these changes to keep finding the better machine.You will play 1 game in total, consisting of 100 trials. Game 1:You press <<P>> and get 1 points.
You press <<U>> and get 1 points.
You press <<P>> and get 0 points.
You press <<U>> and get 0 points.
You press <<U>> and get 1 points.
You press <<U>> and get 1 points.
You press <<U>> and get 1 points.
You press <<U>> and get 1 points.
You press <<P>> and get 0 points.
You press <<U>> and get 0 points.
You press <<P>> and get 1 points.
You press <<U>> and get 1 points.
You press <<P>> and get 0 points.
You press <<U>> and get 1 points.
You press <<P>> and get 1 points.
You press <<U>> and get 1 points.
You press <<U>> and get 1 points.
You press <<U>> and get 1 points.
You press <<U>> and get 0 points.You press <<","[{'token': 'U', 'prob': 0.73046875}, {'token': 'P', 'prob': 0.26953125}]",0.34765625,0.65234375,-0.3828125,0.3828125,1,0
20,U,U,P,1,U,-0.203125,0.81640625,0.1826171875,True,"In this task, you have to repeatedly choose between two slot machines labeled U and P.
You can choose a slot machine by pressing its corresponding key.When you select one of the machines, you will win 1 or 0 points.Your goal is to choose the slot machines that will give you the most points.You will receive feedback about the outcome after making a choice.
The environment may change unpredictably, and past success does not guarantee future results. You’ll need to adapt to these changes to keep finding the better machine.You will play 1 game in total, consisting of 100 trials. Game 1:You press <<P>> and get 1 points.
You press <<U>> and get 1 points.
You press <<P>> and get 0 points.
You press <<U>> and get 0 points.
You press <<U>> and get 1 points.
You press <<U>> and get 1 points.
You press <<U>> and get 1 points.
You press <<U>> and get 1 points.
You press <<P>> and get 0 points.
You press <<U>> and get 0 points.
You press <<P>> and get 1 points.
You press <<U>> and get 1 points.
You press <<P>> and get 0 points.
You press <<U>> and get 1 points.
You press <<P>> and get 1 points.
You press <<U>> and get 1 points.
You press <<U>> and get 1 points.
You press <<U>> and get 1 points.
You press <<U>> and get 1 points.
You press <<P>> and get 1 points.",False,,"[{'token': 'U', 'prob': 0.81640625}, {'token': 'P', 'prob': 0.1826171875}]",2.4883775040507317e-09,1.2107648217352107e-11,-0.8164062475116225,-0.18261718748789235,,
20,U,,,1,U,-0.203125,0.81640625,0.1826171875,False,,True,"In this task, you have to repeatedly choose between two slot machines labeled U and P.
You can choose a slot machine by pressing its corresponding key.When you select one of the machines, you will win 1 or 0 points.Your goal is to choose the slot machines that will give you the most points.You will receive feedback about the outcome after making a choice.
The environment may change unpredictably, and past success does not guarantee future results. You’ll need to adapt to these changes to keep finding the better machine.You will play 1 game in total, consisting of 100 trials. Game 1:You press <<P>> and get 1 points.
You press <<U>> and get 1 points.
You press <<P>> and get 0 points.
You press <<U>> and get 0 points.
You press <<U>> and get 1 points.
You press <<U>> and get 1 points.
You press <<U>> and get 1 points.
You press <<U>> and get 1 points.
You press <<P>> and get 0 points.
You press <<U>> and get 0 points.
You press <<P>> and get 1 points.
You press <<U>> and get 1 points.
You press <<P>> and get 0 points.
You press <<U>> and get 1 points.
You press <<P>> and get 1 points.
You press <<U>> and get 1 points.
You press <<U>> and get 1 points.
You press <<U>> and get 1 points.
You press <<U>> and get 1 points.
You press <<U>> and get 0 points.You press <<","[{'token': 'U', 'prob': 0.81640625}, {'token': 'P', 'prob': 0.1826171875}]",0.408203125,0.59375,-0.408203125,0.4111328125,1,0
21,P,U,P,0,U,-1.90625,0.8515625,0.1484375,True,"In this task, you have to repeatedly choose between two slot machines labeled U and P.
You can choose a slot machine by pressing its corresponding key.When you select one of the machines, you will win 1 or 0 points.Your goal is to choose the slot machines that will give you the most points.You will receive feedback about the outcome after making a choice.
The environment may change unpredictably, and past success does not guarantee future results. You’ll need to adapt to these changes to keep finding the better machine.You will play 1 game in total, consisting of 100 trials. Game 1:You press <<P>> and get 1 points.
You press <<U>> and get 1 points.
You press <<P>> and get 0 points.
You press <<U>> and get 0 points.
You press <<U>> and get 1 points.
You press <<U>> and get 1 points.
You press <<U>> and get 1 points.
You press <<U>> and get 1 points.
You press <<P>> and get 0 points.
You press <<U>> and get 0 points.
You press <<P>> and get 1 points.
You press <<U>> and get 1 points.
You press <<P>> and get 0 points.
You press <<U>> and get 1 points.
You press <<P>> and get 1 points.
You press <<U>> and get 1 points.
You press <<U>> and get 1 points.
You press <<U>> and get 1 points.
You press <<U>> and get 1 points.
You press <<U>> and get 1 points.
You press <<P>> and get 1 points.",False,,"[{'token': 'U', 'prob': 0.8515625}, {'token': 'P', 'prob': 0.1484375}]",2.342858351767063e-09,1.4381384971784428e-11,-0.8515624976571416,-0.14843749998561862,,
21,P,,,0,U,-1.90625,0.8515625,0.1484375,False,,True,"In this task, you have to repeatedly choose between two slot machines labeled U and P.
You can choose a slot machine by pressing its corresponding key.When you select one of the machines, you will win 1 or 0 points.Your goal is to choose the slot machines that will give you the most points.You will receive feedback about the outcome after making a choice.
The environment may change unpredictably, and past success does not guarantee future results. You’ll need to adapt to these changes to keep finding the better machine.You will play 1 game in total, consisting of 100 trials. Game 1:You press <<P>> and get 1 points.
You press <<U>> and get 1 points.
You press <<P>> and get 0 points.
You press <<U>> and get 0 points.
You press <<U>> and get 1 points.
You press <<U>> and get 1 points.
You press <<U>> and get 1 points.
You press <<U>> and get 1 points.
You press <<P>> and get 0 points.
You press <<U>> and get 0 points.
You press <<P>> and get 1 points.
You press <<U>> and get 1 points.
You press <<P>> and get 0 points.
You press <<U>> and get 1 points.
You press <<P>> and get 1 points.
You press <<U>> and get 1 points.
You press <<U>> and get 1 points.
You press <<U>> and get 1 points.
You press <<U>> and get 1 points.
You press <<U>> and get 1 points.
You press <<U>> and get 0 points.You press <<","[{'token': 'U', 'prob': 0.8515625}, {'token': 'P', 'prob': 0.1484375}]",0.4375,0.5625,-0.4140625,0.4140625,1,0
22,U,P,U,1,U,-0.203125,0.81640625,0.1826171875,True,"In this task, you have to repeatedly choose between two slot machines labeled U and P.
You can choose a slot machine by pressing its corresponding key.When you select one of the machines, you will win 1 or 0 points.Your goal is to choose the slot machines that will give you the most points.You will receive feedback about the outcome after making a choice.
The environment may change unpredictably, and past success does not guarantee future results. You’ll need to adapt to these changes to keep finding the better machine.You will play 1 game in total, consisting of 100 trials. Game 1:You press <<P>> and get 1 points.
You press <<U>> and get 1 points.
You press <<P>> and get 0 points.
You press <<U>> and get 0 points.
You press <<U>> and get 1 points.
You press <<U>> and get 1 points.
You press <<U>> and get 1 points.
You press <<U>> and get 1 points.
You press <<P>> and get 0 points.
You press <<U>> and get 0 points.
You press <<P>> and get 1 points.
You press <<U>> and get 1 points.
You press <<P>> and get 0 points.
You press <<U>> and get 1 points.
You press <<P>> and get 1 points.
You press <<U>> and get 1 points.
You press <<U>> and get 1 points.
You press <<U>> and get 1 points.
You press <<U>> and get 1 points.
You press <<U>> and get 1 points.
You press <<U>> and get 1 points.
You press <<U>> and get 0 points.",False,,"[{'token': 'U', 'prob': 0.81640625}, {'token': 'P', 'prob': 0.1826171875}]",6.330083124339581e-10,3.0127011996228248e-12,-0.8164062493669917,-0.1826171874969873,,
22,U,,,1,U,-0.203125,0.81640625,0.1826171875,False,,True,"In this task, you have to repeatedly choose between two slot machines labeled U and P.
You can choose a slot machine by pressing its corresponding key.When you select one of the machines, you will win 1 or 0 points.Your goal is to choose the slot machines that will give you the most points.You will receive feedback about the outcome after making a choice.
The environment may change unpredictably, and past success does not guarantee future results. You’ll need to adapt to these changes to keep finding the better machine.You will play 1 game in total, consisting of 100 trials. Game 1:You press <<P>> and get 1 points.
You press <<U>> and get 1 points.
You press <<P>> and get 0 points.
You press <<U>> and get 0 points.
You press <<U>> and get 1 points.
You press <<U>> and get 1 points.
You press <<U>> and get 1 points.
You press <<U>> and get 1 points.
You press <<P>> and get 0 points.
You press <<U>> and get 0 points.
You press <<P>> and get 1 points.
You press <<U>> and get 1 points.
You press <<P>> and get 0 points.
You press <<U>> and get 1 points.
You press <<P>> and get 1 points.
You press <<U>> and get 1 points.
You press <<U>> and get 1 points.
You press <<U>> and get 1 points.
You press <<U>> and get 1 points.
You press <<U>> and get 1 points.
You press <<U>> and get 1 points.
You press <<P>> and get 1 points.You press <<","[{'token': 'U', 'prob': 0.81640625}, {'token': 'P', 'prob': 0.1826171875}]",0.65234375,0.34765625,-0.1640625,0.1650390625,0,1
23,P,U,P,0,U,-1.703125,0.81640625,0.1826171875,True,"In this task, you have to repeatedly choose between two slot machines labeled U and P.
You can choose a slot machine by pressing its corresponding key.When you select one of the machines, you will win 1 or 0 points.Your goal is to choose the slot machines that will give you the most points.You will receive feedback about the outcome after making a choice.
The environment may change unpredictably, and past success does not guarantee future results. You’ll need to adapt to these changes to keep finding the better machine.You will play 1 game in total, consisting of 100 trials. Game 1:You press <<P>> and get 1 points.
You press <<U>> and get 1 points.
You press <<P>> and get 0 points.
You press <<U>> and get 0 points.
You press <<U>> and get 1 points.
You press <<U>> and get 1 points.
You press <<U>> and get 1 points.
You press <<U>> and get 1 points.
You press <<P>> and get 0 points.
You press <<U>> and get 0 points.
You press <<P>> and get 1 points.
You press <<U>> and get 1 points.
You press <<P>> and get 0 points.
You press <<U>> and get 1 points.
You press <<P>> and get 1 points.
You press <<U>> and get 1 points.
You press <<U>> and get 1 points.
You press <<U>> and get 1 points.
You press <<U>> and get 1 points.
You press <<U>> and get 1 points.
You press <<U>> and get 1 points.
You press <<P>> and get 0 points.
You press <<P>> and get 1 points.",False,,"[{'token': 'U', 'prob': 0.81640625}, {'token': 'P', 'prob': 0.1826171875}]",7.748894859105349e-10,5.229594535194337e-12,-0.8164062492251105,-0.1826171874947704,,
23,P,,,0,U,-1.703125,0.81640625,0.1826171875,False,,True,"In this task, you have to repeatedly choose between two slot machines labeled U and P.
You can choose a slot machine by pressing its corresponding key.When you select one of the machines, you will win 1 or 0 points.Your goal is to choose the slot machines that will give you the most points.You will receive feedback about the outcome after making a choice.
The environment may change unpredictably, and past success does not guarantee future results. You’ll need to adapt to these changes to keep finding the better machine.You will play 1 game in total, consisting of 100 trials. Game 1:You press <<P>> and get 1 points.
You press <<U>> and get 1 points.
You press <<P>> and get 0 points.
You press <<U>> and get 0 points.
You press <<U>> and get 1 points.
You press <<U>> and get 1 points.
You press <<U>> and get 1 points.
You press <<U>> and get 1 points.
You press <<P>> and get 0 points.
You press <<U>> and get 0 points.
You press <<P>> and get 1 points.
You press <<U>> and get 1 points.
You press <<P>> and get 0 points.
You press <<U>> and get 1 points.
You press <<P>> and get 1 points.
You press <<U>> and get 1 points.
You press <<U>> and get 1 points.
You press <<U>> and get 1 points.
You press <<U>> and get 1 points.
You press <<U>> and get 1 points.
You press <<U>> and get 1 points.
You press <<P>> and get 0 points.
You press <<U>> and get 0 points.You press <<","[{'token': 'U', 'prob': 0.81640625}, {'token': 'P', 'prob': 0.1826171875}]",0.408203125,0.59375,-0.408203125,0.4111328125,1,0
24,U,P,U,1,U,-0.1611328125,0.8515625,0.1484375,True,"In this task, you have to repeatedly choose between two slot machines labeled U and P.
You can choose a slot machine by pressing its corresponding key.When you select one of the machines, you will win 1 or 0 points.Your goal is to choose the slot machines that will give you the most points.You will receive feedback about the outcome after making a choice.
The environment may change unpredictably, and past success does not guarantee future results. You’ll need to adapt to these changes to keep finding the better machine.You will play 1 game in total, consisting of 100 trials. Game 1:You press <<P>> and get 1 points.
You press <<U>> and get 1 points.
You press <<P>> and get 0 points.
You press <<U>> and get 0 points.
You press <<U>> and get 1 points.
You press <<U>> and get 1 points.
You press <<U>> and get 1 points.
You press <<U>> and get 1 points.
You press <<P>> and get 0 points.
You press <<U>> and get 0 points.
You press <<P>> and get 1 points.
You press <<U>> and get 1 points.
You press <<P>> and get 0 points.
You press <<U>> and get 1 points.
You press <<P>> and get 1 points.
You press <<U>> and get 1 points.
You press <<U>> and get 1 points.
You press <<U>> and get 1 points.
You press <<U>> and get 1 points.
You press <<U>> and get 1 points.
You press <<U>> and get 1 points.
You press <<P>> and get 0 points.
You press <<U>> and get 1 points.
You press <<U>> and get 0 points.",False,,"[{'token': 'U', 'prob': 0.8515625}, {'token': 'P', 'prob': 0.1484375}]",8.549250196665525e-10,3.382183422218077e-12,-0.851562499145075,-0.14843749999661782,,
24,U,,,1,U,-0.1611328125,0.8515625,0.1484375,False,,True,"In this task, you have to repeatedly choose between two slot machines labeled U and P.
You can choose a slot machine by pressing its corresponding key.When you select one of the machines, you will win 1 or 0 points.Your goal is to choose the slot machines that will give you the most points.You will receive feedback about the outcome after making a choice.
The environment may change unpredictably, and past success does not guarantee future results. You’ll need to adapt to these changes to keep finding the better machine.You will play 1 game in total, consisting of 100 trials. Game 1:You press <<P>> and get 1 points.
You press <<U>> and get 1 points.
You press <<P>> and get 0 points.
You press <<U>> and get 0 points.
You press <<U>> and get 1 points.
You press <<U>> and get 1 points.
You press <<U>> and get 1 points.
You press <<U>> and get 1 points.
You press <<P>> and get 0 points.
You press <<U>> and get 0 points.
You press <<P>> and get 1 points.
You press <<U>> and get 1 points.
You press <<P>> and get 0 points.
You press <<U>> and get 1 points.
You press <<P>> and get 1 points.
You press <<U>> and get 1 points.
You press <<U>> and get 1 points.
You press <<U>> and get 1 points.
You press <<U>> and get 1 points.
You press <<U>> and get 1 points.
You press <<U>> and get 1 points.
You press <<P>> and get 0 points.
You press <<U>> and get 1 points.
You press <<P>> and get 1 points.You press <<","[{'token': 'U', 'prob': 0.8515625}, {'token': 'P', 'prob': 0.1484375}]",0.77734375,0.22265625,-0.07421875,0.07421875,0,1
25,U,U,P,1,U,-0.51953125,0.59375,0.408203125,True,"In this task, you have to repeatedly choose between two slot machines labeled U and P.
You can choose a slot machine by pressing its corresponding key.When you select one of the machines, you will win 1 or 0 points.Your goal is to choose the slot machines that will give you the most points.You will receive feedback about the outcome after making a choice.
The environment may change unpredictably, and past success does not guarantee future results. You’ll need to adapt to these changes to keep finding the better machine.You will play 1 game in total, consisting of 100 trials. Game 1:You press <<P>> and get 1 points.
You press <<U>> and get 1 points.
You press <<P>> and get 0 points.
You press <<U>> and get 0 points.
You press <<U>> and get 1 points.
You press <<U>> and get 1 points.
You press <<U>> and get 1 points.
You press <<U>> and get 1 points.
You press <<P>> and get 0 points.
You press <<U>> and get 0 points.
You press <<P>> and get 1 points.
You press <<U>> and get 1 points.
You press <<P>> and get 0 points.
You press <<U>> and get 1 points.
You press <<P>> and get 1 points.
You press <<U>> and get 1 points.
You press <<U>> and get 1 points.
You press <<U>> and get 1 points.
You press <<U>> and get 1 points.
You press <<U>> and get 1 points.
You press <<U>> and get 1 points.
You press <<P>> and get 0 points.
You press <<U>> and get 1 points.
You press <<P>> and get 0 points.
You press <<P>> and get 1 points.",False,,"[{'token': 'U', 'prob': 0.59375}, {'token': 'P', 'prob': 0.408203125}]",8.258211892098188e-10,6.110667527536862e-12,-0.5937499991741788,-0.40820312499388933,,
25,U,,,1,U,-0.51953125,0.59375,0.408203125,False,,True,"In this task, you have to repeatedly choose between two slot machines labeled U and P.
You can choose a slot machine by pressing its corresponding key.When you select one of the machines, you will win 1 or 0 points.Your goal is to choose the slot machines that will give you the most points.You will receive feedback about the outcome after making a choice.
The environment may change unpredictably, and past success does not guarantee future results. You’ll need to adapt to these changes to keep finding the better machine.You will play 1 game in total, consisting of 100 trials. Game 1:You press <<P>> and get 1 points.
You press <<U>> and get 1 points.
You press <<P>> and get 0 points.
You press <<U>> and get 0 points.
You press <<U>> and get 1 points.
You press <<U>> and get 1 points.
You press <<U>> and get 1 points.
You press <<U>> and get 1 points.
You press <<P>> and get 0 points.
You press <<U>> and get 0 points.
You press <<P>> and get 1 points.
You press <<U>> and get 1 points.
You press <<P>> and get 0 points.
You press <<U>> and get 1 points.
You press <<P>> and get 1 points.
You press <<U>> and get 1 points.
You press <<U>> and get 1 points.
You press <<U>> and get 1 points.
You press <<U>> and get 1 points.
You press <<U>> and get 1 points.
You press <<U>> and get 1 points.
You press <<P>> and get 0 points.
You press <<U>> and get 1 points.
You press <<P>> and get 0 points.
You press <<U>> and get 0 points.You press <<","[{'token': 'U', 'prob': 0.59375}, {'token': 'P', 'prob': 0.408203125}]",0.408203125,0.59375,-0.185546875,0.185546875,1,0
26,U,U,P,1,U,-0.203125,0.81640625,0.1826171875,True,"In this task, you have to repeatedly choose between two slot machines labeled U and P.
You can choose a slot machine by pressing its corresponding key.When you select one of the machines, you will win 1 or 0 points.Your goal is to choose the slot machines that will give you the most points.You will receive feedback about the outcome after making a choice.
The environment may change unpredictably, and past success does not guarantee future results. You’ll need to adapt to these changes to keep finding the better machine.You will play 1 game in total, consisting of 100 trials. Game 1:You press <<P>> and get 1 points.
You press <<U>> and get 1 points.
You press <<P>> and get 0 points.
You press <<U>> and get 0 points.
You press <<U>> and get 1 points.
You press <<U>> and get 1 points.
You press <<U>> and get 1 points.
You press <<U>> and get 1 points.
You press <<P>> and get 0 points.
You press <<U>> and get 0 points.
You press <<P>> and get 1 points.
You press <<U>> and get 1 points.
You press <<P>> and get 0 points.
You press <<U>> and get 1 points.
You press <<P>> and get 1 points.
You press <<U>> and get 1 points.
You press <<U>> and get 1 points.
You press <<U>> and get 1 points.
You press <<U>> and get 1 points.
You press <<U>> and get 1 points.
You press <<U>> and get 1 points.
You press <<P>> and get 0 points.
You press <<U>> and get 1 points.
You press <<P>> and get 0 points.
You press <<U>> and get 1 points.
You press <<P>> and get 1 points.",False,,"[{'token': 'U', 'prob': 0.81640625}, {'token': 'P', 'prob': 0.1826171875}]",7.203198038041592e-10,2.3732127374387346e-12,-0.8164062492796802,-0.1826171874976268,,
26,U,,,1,U,-0.203125,0.81640625,0.1826171875,False,,True,"In this task, you have to repeatedly choose between two slot machines labeled U and P.
You can choose a slot machine by pressing its corresponding key.When you select one of the machines, you will win 1 or 0 points.Your goal is to choose the slot machines that will give you the most points.You will receive feedback about the outcome after making a choice.
The environment may change unpredictably, and past success does not guarantee future results. You’ll need to adapt to these changes to keep finding the better machine.You will play 1 game in total, consisting of 100 trials. Game 1:You press <<P>> and get 1 points.
You press <<U>> and get 1 points.
You press <<P>> and get 0 points.
You press <<U>> and get 0 points.
You press <<U>> and get 1 points.
You press <<U>> and get 1 points.
You press <<U>> and get 1 points.
You press <<U>> and get 1 points.
You press <<P>> and get 0 points.
You press <<U>> and get 0 points.
You press <<P>> and get 1 points.
You press <<U>> and get 1 points.
You press <<P>> and get 0 points.
You press <<U>> and get 1 points.
You press <<P>> and get 1 points.
You press <<U>> and get 1 points.
You press <<U>> and get 1 points.
You press <<U>> and get 1 points.
You press <<U>> and get 1 points.
You press <<U>> and get 1 points.
You press <<U>> and get 1 points.
You press <<P>> and get 0 points.
You press <<U>> and get 1 points.
You press <<P>> and get 0 points.
You press <<U>> and get 1 points.
You press <<U>> and get 0 points.You press <<","[{'token': 'U', 'prob': 0.81640625}, {'token': 'P', 'prob': 0.1826171875}]",0.408203125,0.59375,-0.408203125,0.4111328125,1,0
27,U,U,P,1,U,-0.1611328125,0.8515625,0.1484375,True,"In this task, you have to repeatedly choose between two slot machines labeled U and P.
You can choose a slot machine by pressing its corresponding key.When you select one of the machines, you will win 1 or 0 points.Your goal is to choose the slot machines that will give you the most points.You will receive feedback about the outcome after making a choice.
The environment may change unpredictably, and past success does not guarantee future results. You’ll need to adapt to these changes to keep finding the better machine.You will play 1 game in total, consisting of 100 trials. Game 1:You press <<P>> and get 1 points.
You press <<U>> and get 1 points.
You press <<P>> and get 0 points.
You press <<U>> and get 0 points.
You press <<U>> and get 1 points.
You press <<U>> and get 1 points.
You press <<U>> and get 1 points.
You press <<U>> and get 1 points.
You press <<P>> and get 0 points.
You press <<U>> and get 0 points.
You press <<P>> and get 1 points.
You press <<U>> and get 1 points.
You press <<P>> and get 0 points.
You press <<U>> and get 1 points.
You press <<P>> and get 1 points.
You press <<U>> and get 1 points.
You press <<U>> and get 1 points.
You press <<U>> and get 1 points.
You press <<U>> and get 1 points.
You press <<U>> and get 1 points.
You press <<U>> and get 1 points.
You press <<P>> and get 0 points.
You press <<U>> and get 1 points.
You press <<P>> and get 0 points.
You press <<U>> and get 1 points.
You press <<U>> and get 1 points.
You press <<P>> and get 1 points.",False,,"[{'token': 'U', 'prob': 0.8515625}, {'token': 'P', 'prob': 0.1484375}]",2.5029294192790985e-09,9.72022462519817e-12,-0.8515624974970706,-0.14843749999027978,,
27,U,,,1,U,-0.1611328125,0.8515625,0.1484375,False,,True,"In this task, you have to repeatedly choose between two slot machines labeled U and P.
You can choose a slot machine by pressing its corresponding key.When you select one of the machines, you will win 1 or 0 points.Your goal is to choose the slot machines that will give you the most points.You will receive feedback about the outcome after making a choice.
The environment may change unpredictably, and past success does not guarantee future results. You’ll need to adapt to these changes to keep finding the better machine.You will play 1 game in total, consisting of 100 trials. Game 1:You press <<P>> and get 1 points.
You press <<U>> and get 1 points.
You press <<P>> and get 0 points.
You press <<U>> and get 0 points.
You press <<U>> and get 1 points.
You press <<U>> and get 1 points.
You press <<U>> and get 1 points.
You press <<U>> and get 1 points.
You press <<P>> and get 0 points.
You press <<U>> and get 0 points.
You press <<P>> and get 1 points.
You press <<U>> and get 1 points.
You press <<P>> and get 0 points.
You press <<U>> and get 1 points.
You press <<P>> and get 1 points.
You press <<U>> and get 1 points.
You press <<U>> and get 1 points.
You press <<U>> and get 1 points.
You press <<U>> and get 1 points.
You press <<U>> and get 1 points.
You press <<U>> and get 1 points.
You press <<P>> and get 0 points.
You press <<U>> and get 1 points.
You press <<P>> and get 0 points.
You press <<U>> and get 1 points.
You press <<U>> and get 1 points.
You press <<U>> and get 0 points.You press <<","[{'token': 'U', 'prob': 0.8515625}, {'token': 'P', 'prob': 0.1484375}]",0.46875,0.53125,-0.3828125,0.3828125,1,0
28,U,U,P,1,U,-0.1611328125,0.8515625,0.1484375,True,"In this task, you have to repeatedly choose between two slot machines labeled U and P.
You can choose a slot machine by pressing its corresponding key.When you select one of the machines, you will win 1 or 0 points.Your goal is to choose the slot machines that will give you the most points.You will receive feedback about the outcome after making a choice.
The environment may change unpredictably, and past success does not guarantee future results. You’ll need to adapt to these changes to keep finding the better machine.You will play 1 game in total, consisting of 100 trials. Game 1:You press <<P>> and get 1 points.
You press <<U>> and get 1 points.
You press <<P>> and get 0 points.
You press <<U>> and get 0 points.
You press <<U>> and get 1 points.
You press <<U>> and get 1 points.
You press <<U>> and get 1 points.
You press <<U>> and get 1 points.
You press <<P>> and get 0 points.
You press <<U>> and get 0 points.
You press <<P>> and get 1 points.
You press <<U>> and get 1 points.
You press <<P>> and get 0 points.
You press <<U>> and get 1 points.
You press <<P>> and get 1 points.
You press <<U>> and get 1 points.
You press <<U>> and get 1 points.
You press <<U>> and get 1 points.
You press <<U>> and get 1 points.
You press <<U>> and get 1 points.
You press <<U>> and get 1 points.
You press <<P>> and get 0 points.
You press <<U>> and get 1 points.
You press <<P>> and get 0 points.
You press <<U>> and get 1 points.
You press <<U>> and get 1 points.
You press <<U>> and get 1 points.
You press <<P>> and get 1 points.",False,,"[{'token': 'U', 'prob': 0.8515625}, {'token': 'P', 'prob': 0.1484375}]",4.2782630771398544e-09,2.7057467377744615e-11,-0.8515624957217369,-0.14843749997294253,,
28,U,,,1,U,-0.1611328125,0.8515625,0.1484375,False,,True,"In this task, you have to repeatedly choose between two slot machines labeled U and P.
You can choose a slot machine by pressing its corresponding key.When you select one of the machines, you will win 1 or 0 points.Your goal is to choose the slot machines that will give you the most points.You will receive feedback about the outcome after making a choice.
The environment may change unpredictably, and past success does not guarantee future results. You’ll need to adapt to these changes to keep finding the better machine.You will play 1 game in total, consisting of 100 trials. Game 1:You press <<P>> and get 1 points.
You press <<U>> and get 1 points.
You press <<P>> and get 0 points.
You press <<U>> and get 0 points.
You press <<U>> and get 1 points.
You press <<U>> and get 1 points.
You press <<U>> and get 1 points.
You press <<U>> and get 1 points.
You press <<P>> and get 0 points.
You press <<U>> and get 0 points.
You press <<P>> and get 1 points.
You press <<U>> and get 1 points.
You press <<P>> and get 0 points.
You press <<U>> and get 1 points.
You press <<P>> and get 1 points.
You press <<U>> and get 1 points.
You press <<U>> and get 1 points.
You press <<U>> and get 1 points.
You press <<U>> and get 1 points.
You press <<U>> and get 1 points.
You press <<U>> and get 1 points.
You press <<P>> and get 0 points.
You press <<U>> and get 1 points.
You press <<P>> and get 0 points.
You press <<U>> and get 1 points.
You press <<U>> and get 1 points.
You press <<U>> and get 1 points.
You press <<U>> and get 0 points.You press <<","[{'token': 'U', 'prob': 0.8515625}, {'token': 'P', 'prob': 0.1484375}]",0.46875,0.53125,-0.3828125,0.3828125,1,0
29,U,U,P,1,U,-0.1611328125,0.8515625,0.1484375,True,"In this task, you have to repeatedly choose between two slot machines labeled U and P.
You can choose a slot machine by pressing its corresponding key.When you select one of the machines, you will win 1 or 0 points.Your goal is to choose the slot machines that will give you the most points.You will receive feedback about the outcome after making a choice.
The environment may change unpredictably, and past success does not guarantee future results. You’ll need to adapt to these changes to keep finding the better machine.You will play 1 game in total, consisting of 100 trials. Game 1:You press <<P>> and get 1 points.
You press <<U>> and get 1 points.
You press <<P>> and get 0 points.
You press <<U>> and get 0 points.
You press <<U>> and get 1 points.
You press <<U>> and get 1 points.
You press <<U>> and get 1 points.
You press <<U>> and get 1 points.
You press <<P>> and get 0 points.
You press <<U>> and get 0 points.
You press <<P>> and get 1 points.
You press <<U>> and get 1 points.
You press <<P>> and get 0 points.
You press <<U>> and get 1 points.
You press <<P>> and get 1 points.
You press <<U>> and get 1 points.
You press <<U>> and get 1 points.
You press <<U>> and get 1 points.
You press <<U>> and get 1 points.
You press <<U>> and get 1 points.
You press <<U>> and get 1 points.
You press <<P>> and get 0 points.
You press <<U>> and get 1 points.
You press <<P>> and get 0 points.
You press <<U>> and get 1 points.
You press <<U>> and get 1 points.
You press <<U>> and get 1 points.
You press <<U>> and get 1 points.
You press <<P>> and get 1 points.",False,,"[{'token': 'U', 'prob': 0.8515625}, {'token': 'P', 'prob': 0.1484375}]",5.180481821298599e-09,4.160938260611147e-11,-0.8515624948195182,-0.14843749995839062,,
29,U,,,1,U,-0.1611328125,0.8515625,0.1484375,False,,True,"In this task, you have to repeatedly choose between two slot machines labeled U and P.
You can choose a slot machine by pressing its corresponding key.When you select one of the machines, you will win 1 or 0 points.Your goal is to choose the slot machines that will give you the most points.You will receive feedback about the outcome after making a choice.
The environment may change unpredictably, and past success does not guarantee future results. You’ll need to adapt to these changes to keep finding the better machine.You will play 1 game in total, consisting of 100 trials. Game 1:You press <<P>> and get 1 points.
You press <<U>> and get 1 points.
You press <<P>> and get 0 points.
You press <<U>> and get 0 points.
You press <<U>> and get 1 points.
You press <<U>> and get 1 points.
You press <<U>> and get 1 points.
You press <<U>> and get 1 points.
You press <<P>> and get 0 points.
You press <<U>> and get 0 points.
You press <<P>> and get 1 points.
You press <<U>> and get 1 points.
You press <<P>> and get 0 points.
You press <<U>> and get 1 points.
You press <<P>> and get 1 points.
You press <<U>> and get 1 points.
You press <<U>> and get 1 points.
You press <<U>> and get 1 points.
You press <<U>> and get 1 points.
You press <<U>> and get 1 points.
You press <<U>> and get 1 points.
You press <<P>> and get 0 points.
You press <<U>> and get 1 points.
You press <<P>> and get 0 points.
You press <<U>> and get 1 points.
You press <<U>> and get 1 points.
You press <<U>> and get 1 points.
You press <<U>> and get 1 points.
You press <<U>> and get 0 points.You press <<","[{'token': 'U', 'prob': 0.8515625}, {'token': 'P', 'prob': 0.1484375}]",0.46875,0.53125,-0.3828125,0.3828125,1,0
30,U,U,P,1,U,-0.12890625,0.87890625,0.119140625,True,"In this task, you have to repeatedly choose between two slot machines labeled U and P.
You can choose a slot machine by pressing its corresponding key.When you select one of the machines, you will win 1 or 0 points.Your goal is to choose the slot machines that will give you the most points.You will receive feedback about the outcome after making a choice.
The environment may change unpredictably, and past success does not guarantee future results. You’ll need to adapt to these changes to keep finding the better machine.You will play 1 game in total, consisting of 100 trials. Game 1:You press <<P>> and get 1 points.
You press <<U>> and get 1 points.
You press <<P>> and get 0 points.
You press <<U>> and get 0 points.
You press <<U>> and get 1 points.
You press <<U>> and get 1 points.
You press <<U>> and get 1 points.
You press <<U>> and get 1 points.
You press <<P>> and get 0 points.
You press <<U>> and get 0 points.
You press <<P>> and get 1 points.
You press <<U>> and get 1 points.
You press <<P>> and get 0 points.
You press <<U>> and get 1 points.
You press <<P>> and get 1 points.
You press <<U>> and get 1 points.
You press <<U>> and get 1 points.
You press <<U>> and get 1 points.
You press <<U>> and get 1 points.
You press <<U>> and get 1 points.
You press <<U>> and get 1 points.
You press <<P>> and get 0 points.
You press <<U>> and get 1 points.
You press <<P>> and get 0 points.
You press <<U>> and get 1 points.
You press <<U>> and get 1 points.
You press <<U>> and get 1 points.
You press <<U>> and get 1 points.
You press <<U>> and get 1 points.
You press <<P>> and get 1 points.",False,,"[{'token': 'U', 'prob': 0.87890625}, {'token': 'P', 'prob': 0.119140625}]",4.511093720793724e-09,4.0245140553452075e-11,-0.8789062454889063,-0.11914062495975486,,
30,U,,,1,U,-0.12890625,0.87890625,0.119140625,False,,True,"In this task, you have to repeatedly choose between two slot machines labeled U and P.
You can choose a slot machine by pressing its corresponding key.When you select one of the machines, you will win 1 or 0 points.Your goal is to choose the slot machines that will give you the most points.You will receive feedback about the outcome after making a choice.
The environment may change unpredictably, and past success does not guarantee future results. You’ll need to adapt to these changes to keep finding the better machine.You will play 1 game in total, consisting of 100 trials. Game 1:You press <<P>> and get 1 points.
You press <<U>> and get 1 points.
You press <<P>> and get 0 points.
You press <<U>> and get 0 points.
You press <<U>> and get 1 points.
You press <<U>> and get 1 points.
You press <<U>> and get 1 points.
You press <<U>> and get 1 points.
You press <<P>> and get 0 points.
You press <<U>> and get 0 points.
You press <<P>> and get 1 points.
You press <<U>> and get 1 points.
You press <<P>> and get 0 points.
You press <<U>> and get 1 points.
You press <<P>> and get 1 points.
You press <<U>> and get 1 points.
You press <<U>> and get 1 points.
You press <<U>> and get 1 points.
You press <<U>> and get 1 points.
You press <<U>> and get 1 points.
You press <<U>> and get 1 points.
You press <<P>> and get 0 points.
You press <<U>> and get 1 points.
You press <<P>> and get 0 points.
You press <<U>> and get 1 points.
You press <<U>> and get 1 points.
You press <<U>> and get 1 points.
You press <<U>> and get 1 points.
You press <<U>> and get 1 points.
You press <<U>> and get 0 points.You press <<","[{'token': 'U', 'prob': 0.87890625}, {'token': 'P', 'prob': 0.119140625}]",0.46875,0.53125,-0.41015625,0.412109375,1,0
31,U,U,P,1,U,-0.12890625,0.87890625,0.119140625,True,"In this task, you have to repeatedly choose between two slot machines labeled U and P.
You can choose a slot machine by pressing its corresponding key.When you select one of the machines, you will win 1 or 0 points.Your goal is to choose the slot machines that will give you the most points.You will receive feedback about the outcome after making a choice.
The environment may change unpredictably, and past success does not guarantee future results. You’ll need to adapt to these changes to keep finding the better machine.You will play 1 game in total, consisting of 100 trials. Game 1:You press <<P>> and get 1 points.
You press <<U>> and get 1 points.
You press <<P>> and get 0 points.
You press <<U>> and get 0 points.
You press <<U>> and get 1 points.
You press <<U>> and get 1 points.
You press <<U>> and get 1 points.
You press <<U>> and get 1 points.
You press <<P>> and get 0 points.
You press <<U>> and get 0 points.
You press <<P>> and get 1 points.
You press <<U>> and get 1 points.
You press <<P>> and get 0 points.
You press <<U>> and get 1 points.
You press <<P>> and get 1 points.
You press <<U>> and get 1 points.
You press <<U>> and get 1 points.
You press <<U>> and get 1 points.
You press <<U>> and get 1 points.
You press <<U>> and get 1 points.
You press <<U>> and get 1 points.
You press <<P>> and get 0 points.
You press <<U>> and get 1 points.
You press <<P>> and get 0 points.
You press <<U>> and get 1 points.
You press <<U>> and get 1 points.
You press <<U>> and get 1 points.
You press <<U>> and get 1 points.
You press <<U>> and get 1 points.
You press <<U>> and get 1 points.
You press <<P>> and get 1 points.",False,,"[{'token': 'U', 'prob': 0.87890625}, {'token': 'P', 'prob': 0.119140625}]",4.220055416226387e-09,4.411049303598702e-11,-0.8789062457799446,-0.11914062495588951,,
31,U,,,1,U,-0.12890625,0.87890625,0.119140625,False,,True,"In this task, you have to repeatedly choose between two slot machines labeled U and P.
You can choose a slot machine by pressing its corresponding key.When you select one of the machines, you will win 1 or 0 points.Your goal is to choose the slot machines that will give you the most points.You will receive feedback about the outcome after making a choice.
The environment may change unpredictably, and past success does not guarantee future results. You’ll need to adapt to these changes to keep finding the better machine.You will play 1 game in total, consisting of 100 trials. Game 1:You press <<P>> and get 1 points.
You press <<U>> and get 1 points.
You press <<P>> and get 0 points.
You press <<U>> and get 0 points.
You press <<U>> and get 1 points.
You press <<U>> and get 1 points.
You press <<U>> and get 1 points.
You press <<U>> and get 1 points.
You press <<P>> and get 0 points.
You press <<U>> and get 0 points.
You press <<P>> and get 1 points.
You press <<U>> and get 1 points.
You press <<P>> and get 0 points.
You press <<U>> and get 1 points.
You press <<P>> and get 1 points.
You press <<U>> and get 1 points.
You press <<U>> and get 1 points.
You press <<U>> and get 1 points.
You press <<U>> and get 1 points.
You press <<U>> and get 1 points.
You press <<U>> and get 1 points.
You press <<P>> and get 0 points.
You press <<U>> and get 1 points.
You press <<P>> and get 0 points.
You press <<U>> and get 1 points.
You press <<U>> and get 1 points.
You press <<U>> and get 1 points.
You press <<U>> and get 1 points.
You press <<U>> and get 1 points.
You press <<U>> and get 1 points.
You press <<U>> and get 0 points.You press <<","[{'token': 'U', 'prob': 0.87890625}, {'token': 'P', 'prob': 0.119140625}]",0.46875,0.53125,-0.41015625,0.412109375,1,0
32,U,U,P,1,U,-0.12890625,0.87890625,0.119140625,True,"In this task, you have to repeatedly choose between two slot machines labeled U and P.
You can choose a slot machine by pressing its corresponding key.When you select one of the machines, you will win 1 or 0 points.Your goal is to choose the slot machines that will give you the most points.You will receive feedback about the outcome after making a choice.
The environment may change unpredictably, and past success does not guarantee future results. You’ll need to adapt to these changes to keep finding the better machine.You will play 1 game in total, consisting of 100 trials. Game 1:You press <<P>> and get 1 points.
You press <<U>> and get 1 points.
You press <<P>> and get 0 points.
You press <<U>> and get 0 points.
You press <<U>> and get 1 points.
You press <<U>> and get 1 points.
You press <<U>> and get 1 points.
You press <<U>> and get 1 points.
You press <<P>> and get 0 points.
You press <<U>> and get 0 points.
You press <<P>> and get 1 points.
You press <<U>> and get 1 points.
You press <<P>> and get 0 points.
You press <<U>> and get 1 points.
You press <<P>> and get 1 points.
You press <<U>> and get 1 points.
You press <<U>> and get 1 points.
You press <<U>> and get 1 points.
You press <<U>> and get 1 points.
You press <<U>> and get 1 points.
You press <<U>> and get 1 points.
You press <<P>> and get 0 points.
You press <<U>> and get 1 points.
You press <<P>> and get 0 points.
You press <<U>> and get 1 points.
You press <<U>> and get 1 points.
You press <<U>> and get 1 points.
You press <<U>> and get 1 points.
You press <<U>> and get 1 points.
You press <<U>> and get 1 points.
You press <<U>> and get 1 points.
You press <<P>> and get 1 points.",False,,"[{'token': 'U', 'prob': 0.87890625}, {'token': 'P', 'prob': 0.119140625}]",5.093170329928398e-09,4.774847184307873e-11,-0.8789062449068297,-0.11914062495225153,,
32,U,,,1,U,-0.12890625,0.87890625,0.119140625,False,,True,"In this task, you have to repeatedly choose between two slot machines labeled U and P.
You can choose a slot machine by pressing its corresponding key.When you select one of the machines, you will win 1 or 0 points.Your goal is to choose the slot machines that will give you the most points.You will receive feedback about the outcome after making a choice.
The environment may change unpredictably, and past success does not guarantee future results. You’ll need to adapt to these changes to keep finding the better machine.You will play 1 game in total, consisting of 100 trials. Game 1:You press <<P>> and get 1 points.
You press <<U>> and get 1 points.
You press <<P>> and get 0 points.
You press <<U>> and get 0 points.
You press <<U>> and get 1 points.
You press <<U>> and get 1 points.
You press <<U>> and get 1 points.
You press <<U>> and get 1 points.
You press <<P>> and get 0 points.
You press <<U>> and get 0 points.
You press <<P>> and get 1 points.
You press <<U>> and get 1 points.
You press <<P>> and get 0 points.
You press <<U>> and get 1 points.
You press <<P>> and get 1 points.
You press <<U>> and get 1 points.
You press <<U>> and get 1 points.
You press <<U>> and get 1 points.
You press <<U>> and get 1 points.
You press <<U>> and get 1 points.
You press <<U>> and get 1 points.
You press <<P>> and get 0 points.
You press <<U>> and get 1 points.
You press <<P>> and get 0 points.
You press <<U>> and get 1 points.
You press <<U>> and get 1 points.
You press <<U>> and get 1 points.
You press <<U>> and get 1 points.
You press <<U>> and get 1 points.
You press <<U>> and get 1 points.
You press <<U>> and get 1 points.
You press <<U>> and get 0 points.You press <<","[{'token': 'U', 'prob': 0.87890625}, {'token': 'P', 'prob': 0.119140625}]",0.46875,0.53125,-0.41015625,0.412109375,1,0
33,U,U,P,1,U,-0.12890625,0.87890625,0.119140625,True,"In this task, you have to repeatedly choose between two slot machines labeled U and P.
You can choose a slot machine by pressing its corresponding key.When you select one of the machines, you will win 1 or 0 points.Your goal is to choose the slot machines that will give you the most points.You will receive feedback about the outcome after making a choice.
The environment may change unpredictably, and past success does not guarantee future results. You’ll need to adapt to these changes to keep finding the better machine.You will play 1 game in total, consisting of 100 trials. Game 1:You press <<P>> and get 1 points.
You press <<U>> and get 1 points.
You press <<P>> and get 0 points.
You press <<U>> and get 0 points.
You press <<U>> and get 1 points.
You press <<U>> and get 1 points.
You press <<U>> and get 1 points.
You press <<U>> and get 1 points.
You press <<P>> and get 0 points.
You press <<U>> and get 0 points.
You press <<P>> and get 1 points.
You press <<U>> and get 1 points.
You press <<P>> and get 0 points.
You press <<U>> and get 1 points.
You press <<P>> and get 1 points.
You press <<U>> and get 1 points.
You press <<U>> and get 1 points.
You press <<U>> and get 1 points.
You press <<U>> and get 1 points.
You press <<U>> and get 1 points.
You press <<U>> and get 1 points.
You press <<P>> and get 0 points.
You press <<U>> and get 1 points.
You press <<P>> and get 0 points.
You press <<U>> and get 1 points.
You press <<U>> and get 1 points.
You press <<U>> and get 1 points.
You press <<U>> and get 1 points.
You press <<U>> and get 1 points.
You press <<U>> and get 1 points.
You press <<U>> and get 1 points.
You press <<U>> and get 1 points.
You press <<P>> and get 1 points.",False,,"[{'token': 'U', 'prob': 0.87890625}, {'token': 'P', 'prob': 0.119140625}]",5.238689482212067e-09,5.820766091346741e-11,-0.8789062447613105,-0.11914062494179234,,
33,U,,,1,U,-0.12890625,0.87890625,0.119140625,False,,True,"In this task, you have to repeatedly choose between two slot machines labeled U and P.
You can choose a slot machine by pressing its corresponding key.When you select one of the machines, you will win 1 or 0 points.Your goal is to choose the slot machines that will give you the most points.You will receive feedback about the outcome after making a choice.
The environment may change unpredictably, and past success does not guarantee future results. You’ll need to adapt to these changes to keep finding the better machine.You will play 1 game in total, consisting of 100 trials. Game 1:You press <<P>> and get 1 points.
You press <<U>> and get 1 points.
You press <<P>> and get 0 points.
You press <<U>> and get 0 points.
You press <<U>> and get 1 points.
You press <<U>> and get 1 points.
You press <<U>> and get 1 points.
You press <<U>> and get 1 points.
You press <<P>> and get 0 points.
You press <<U>> and get 0 points.
You press <<P>> and get 1 points.
You press <<U>> and get 1 points.
You press <<P>> and get 0 points.
You press <<U>> and get 1 points.
You press <<P>> and get 1 points.
You press <<U>> and get 1 points.
You press <<U>> and get 1 points.
You press <<U>> and get 1 points.
You press <<U>> and get 1 points.
You press <<U>> and get 1 points.
You press <<U>> and get 1 points.
You press <<P>> and get 0 points.
You press <<U>> and get 1 points.
You press <<P>> and get 0 points.
You press <<U>> and get 1 points.
You press <<U>> and get 1 points.
You press <<U>> and get 1 points.
You press <<U>> and get 1 points.
You press <<U>> and get 1 points.
You press <<U>> and get 1 points.
You press <<U>> and get 1 points.
You press <<U>> and get 1 points.
You press <<U>> and get 0 points.You press <<","[{'token': 'U', 'prob': 0.87890625}, {'token': 'P', 'prob': 0.119140625}]",0.46875,0.53125,-0.41015625,0.412109375,1,0
34,U,U,P,1,U,-0.0986328125,0.90625,0.09521484375,True,"In this task, you have to repeatedly choose between two slot machines labeled U and P.
You can choose a slot machine by pressing its corresponding key.When you select one of the machines, you will win 1 or 0 points.Your goal is to choose the slot machines that will give you the most points.You will receive feedback about the outcome after making a choice.
The environment may change unpredictably, and past success does not guarantee future results. You’ll need to adapt to these changes to keep finding the better machine.You will play 1 game in total, consisting of 100 trials. Game 1:You press <<P>> and get 1 points.
You press <<U>> and get 1 points.
You press <<P>> and get 0 points.
You press <<U>> and get 0 points.
You press <<U>> and get 1 points.
You press <<U>> and get 1 points.
You press <<U>> and get 1 points.
You press <<U>> and get 1 points.
You press <<P>> and get 0 points.
You press <<U>> and get 0 points.
You press <<P>> and get 1 points.
You press <<U>> and get 1 points.
You press <<P>> and get 0 points.
You press <<U>> and get 1 points.
You press <<P>> and get 1 points.
You press <<U>> and get 1 points.
You press <<U>> and get 1 points.
You press <<U>> and get 1 points.
You press <<U>> and get 1 points.
You press <<U>> and get 1 points.
You press <<U>> and get 1 points.
You press <<P>> and get 0 points.
You press <<U>> and get 1 points.
You press <<P>> and get 0 points.
You press <<U>> and get 1 points.
You press <<U>> and get 1 points.
You press <<U>> and get 1 points.
You press <<U>> and get 1 points.
You press <<U>> and get 1 points.
You press <<U>> and get 1 points.
You press <<U>> and get 1 points.
You press <<U>> and get 1 points.
You press <<U>> and get 1 points.
You press <<P>> and get 1 points.",False,,"[{'token': 'U', 'prob': 0.90625}, {'token': 'P', 'prob': 0.09521484375}]",5.908077582716942e-09,7.639755494892597e-11,-0.9062499940919224,-0.09521484367360245,,
34,U,,,1,U,-0.0986328125,0.90625,0.09521484375,False,,True,"In this task, you have to repeatedly choose between two slot machines labeled U and P.
You can choose a slot machine by pressing its corresponding key.When you select one of the machines, you will win 1 or 0 points.Your goal is to choose the slot machines that will give you the most points.You will receive feedback about the outcome after making a choice.
The environment may change unpredictably, and past success does not guarantee future results. You’ll need to adapt to these changes to keep finding the better machine.You will play 1 game in total, consisting of 100 trials. Game 1:You press <<P>> and get 1 points.
You press <<U>> and get 1 points.
You press <<P>> and get 0 points.
You press <<U>> and get 0 points.
You press <<U>> and get 1 points.
You press <<U>> and get 1 points.
You press <<U>> and get 1 points.
You press <<U>> and get 1 points.
You press <<P>> and get 0 points.
You press <<U>> and get 0 points.
You press <<P>> and get 1 points.
You press <<U>> and get 1 points.
You press <<P>> and get 0 points.
You press <<U>> and get 1 points.
You press <<P>> and get 1 points.
You press <<U>> and get 1 points.
You press <<U>> and get 1 points.
You press <<U>> and get 1 points.
You press <<U>> and get 1 points.
You press <<U>> and get 1 points.
You press <<U>> and get 1 points.
You press <<P>> and get 0 points.
You press <<U>> and get 1 points.
You press <<P>> and get 0 points.
You press <<U>> and get 1 points.
You press <<U>> and get 1 points.
You press <<U>> and get 1 points.
You press <<U>> and get 1 points.
You press <<U>> and get 1 points.
You press <<U>> and get 1 points.
You press <<U>> and get 1 points.
You press <<U>> and get 1 points.
You press <<U>> and get 1 points.
You press <<U>> and get 0 points.You press <<","[{'token': 'U', 'prob': 0.90625}, {'token': 'P', 'prob': 0.09521484375}]",0.46875,0.53125,-0.4375,0.43603515625,1,0
35,U,U,P,1,U,-0.0986328125,0.90625,0.09521484375,True,"In this task, you have to repeatedly choose between two slot machines labeled U and P.
You can choose a slot machine by pressing its corresponding key.When you select one of the machines, you will win 1 or 0 points.Your goal is to choose the slot machines that will give you the most points.You will receive feedback about the outcome after making a choice.
The environment may change unpredictably, and past success does not guarantee future results. You’ll need to adapt to these changes to keep finding the better machine.You will play 1 game in total, consisting of 100 trials. Game 1:You press <<P>> and get 1 points.
You press <<U>> and get 1 points.
You press <<P>> and get 0 points.
You press <<U>> and get 0 points.
You press <<U>> and get 1 points.
You press <<U>> and get 1 points.
You press <<U>> and get 1 points.
You press <<U>> and get 1 points.
You press <<P>> and get 0 points.
You press <<U>> and get 0 points.
You press <<P>> and get 1 points.
You press <<U>> and get 1 points.
You press <<P>> and get 0 points.
You press <<U>> and get 1 points.
You press <<P>> and get 1 points.
You press <<U>> and get 1 points.
You press <<U>> and get 1 points.
You press <<U>> and get 1 points.
You press <<U>> and get 1 points.
You press <<U>> and get 1 points.
You press <<U>> and get 1 points.
You press <<P>> and get 0 points.
You press <<U>> and get 1 points.
You press <<P>> and get 0 points.
You press <<U>> and get 1 points.
You press <<U>> and get 1 points.
You press <<U>> and get 1 points.
You press <<U>> and get 1 points.
You press <<U>> and get 1 points.
You press <<U>> and get 1 points.
You press <<U>> and get 1 points.
You press <<U>> and get 1 points.
You press <<U>> and get 1 points.
You press <<U>> and get 1 points.
You press <<P>> and get 1 points.",False,,"[{'token': 'U', 'prob': 0.90625}, {'token': 'P', 'prob': 0.09521484375}]",6.170012056827545e-09,8.36735125631094e-11,-0.9062499938299879,-0.09521484366632649,,
35,U,,,1,U,-0.0986328125,0.90625,0.09521484375,False,,True,"In this task, you have to repeatedly choose between two slot machines labeled U and P.
You can choose a slot machine by pressing its corresponding key.When you select one of the machines, you will win 1 or 0 points.Your goal is to choose the slot machines that will give you the most points.You will receive feedback about the outcome after making a choice.
The environment may change unpredictably, and past success does not guarantee future results. You’ll need to adapt to these changes to keep finding the better machine.You will play 1 game in total, consisting of 100 trials. Game 1:You press <<P>> and get 1 points.
You press <<U>> and get 1 points.
You press <<P>> and get 0 points.
You press <<U>> and get 0 points.
You press <<U>> and get 1 points.
You press <<U>> and get 1 points.
You press <<U>> and get 1 points.
You press <<U>> and get 1 points.
You press <<P>> and get 0 points.
You press <<U>> and get 0 points.
You press <<P>> and get 1 points.
You press <<U>> and get 1 points.
You press <<P>> and get 0 points.
You press <<U>> and get 1 points.
You press <<P>> and get 1 points.
You press <<U>> and get 1 points.
You press <<U>> and get 1 points.
You press <<U>> and get 1 points.
You press <<U>> and get 1 points.
You press <<U>> and get 1 points.
You press <<U>> and get 1 points.
You press <<P>> and get 0 points.
You press <<U>> and get 1 points.
You press <<P>> and get 0 points.
You press <<U>> and get 1 points.
You press <<U>> and get 1 points.
You press <<U>> and get 1 points.
You press <<U>> and get 1 points.
You press <<U>> and get 1 points.
You press <<U>> and get 1 points.
You press <<U>> and get 1 points.
You press <<U>> and get 1 points.
You press <<U>> and get 1 points.
You press <<U>> and get 1 points.
You press <<U>> and get 0 points.You press <<","[{'token': 'U', 'prob': 0.90625}, {'token': 'P', 'prob': 0.09521484375}]",0.46875,0.53125,-0.4375,0.43603515625,1,0
36,U,U,P,1,U,-0.0771484375,0.92578125,0.07568359375,True,"In this task, you have to repeatedly choose between two slot machines labeled U and P.
You can choose a slot machine by pressing its corresponding key.When you select one of the machines, you will win 1 or 0 points.Your goal is to choose the slot machines that will give you the most points.You will receive feedback about the outcome after making a choice.
The environment may change unpredictably, and past success does not guarantee future results. You’ll need to adapt to these changes to keep finding the better machine.You will play 1 game in total, consisting of 100 trials. Game 1:You press <<P>> and get 1 points.
You press <<U>> and get 1 points.
You press <<P>> and get 0 points.
You press <<U>> and get 0 points.
You press <<U>> and get 1 points.
You press <<U>> and get 1 points.
You press <<U>> and get 1 points.
You press <<U>> and get 1 points.
You press <<P>> and get 0 points.
You press <<U>> and get 0 points.
You press <<P>> and get 1 points.
You press <<U>> and get 1 points.
You press <<P>> and get 0 points.
You press <<U>> and get 1 points.
You press <<P>> and get 1 points.
You press <<U>> and get 1 points.
You press <<U>> and get 1 points.
You press <<U>> and get 1 points.
You press <<U>> and get 1 points.
You press <<U>> and get 1 points.
You press <<U>> and get 1 points.
You press <<P>> and get 0 points.
You press <<U>> and get 1 points.
You press <<P>> and get 0 points.
You press <<U>> and get 1 points.
You press <<U>> and get 1 points.
You press <<U>> and get 1 points.
You press <<U>> and get 1 points.
You press <<U>> and get 1 points.
You press <<U>> and get 1 points.
You press <<U>> and get 1 points.
You press <<U>> and get 1 points.
You press <<U>> and get 1 points.
You press <<U>> and get 1 points.
You press <<U>> and get 1 points.
You press <<P>> and get 1 points.",False,,"[{'token': 'U', 'prob': 0.92578125}, {'token': 'P', 'prob': 0.07568359375}]",8.09086486697197e-09,1.1505107977427542e-10,-0.9257812419091351,-0.07568359363494892,,
36,U,,,1,U,-0.0771484375,0.92578125,0.07568359375,False,,True,"In this task, you have to repeatedly choose between two slot machines labeled U and P.
You can choose a slot machine by pressing its corresponding key.When you select one of the machines, you will win 1 or 0 points.Your goal is to choose the slot machines that will give you the most points.You will receive feedback about the outcome after making a choice.
The environment may change unpredictably, and past success does not guarantee future results. You’ll need to adapt to these changes to keep finding the better machine.You will play 1 game in total, consisting of 100 trials. Game 1:You press <<P>> and get 1 points.
You press <<U>> and get 1 points.
You press <<P>> and get 0 points.
You press <<U>> and get 0 points.
You press <<U>> and get 1 points.
You press <<U>> and get 1 points.
You press <<U>> and get 1 points.
You press <<U>> and get 1 points.
You press <<P>> and get 0 points.
You press <<U>> and get 0 points.
You press <<P>> and get 1 points.
You press <<U>> and get 1 points.
You press <<P>> and get 0 points.
You press <<U>> and get 1 points.
You press <<P>> and get 1 points.
You press <<U>> and get 1 points.
You press <<U>> and get 1 points.
You press <<U>> and get 1 points.
You press <<U>> and get 1 points.
You press <<U>> and get 1 points.
You press <<U>> and get 1 points.
You press <<P>> and get 0 points.
You press <<U>> and get 1 points.
You press <<P>> and get 0 points.
You press <<U>> and get 1 points.
You press <<U>> and get 1 points.
You press <<U>> and get 1 points.
You press <<U>> and get 1 points.
You press <<U>> and get 1 points.
You press <<U>> and get 1 points.
You press <<U>> and get 1 points.
You press <<U>> and get 1 points.
You press <<U>> and get 1 points.
You press <<U>> and get 1 points.
You press <<U>> and get 1 points.
You press <<U>> and get 0 points.You press <<","[{'token': 'U', 'prob': 0.92578125}, {'token': 'P', 'prob': 0.07568359375}]",0.46875,0.53125,-0.45703125,0.45556640625,1,0
37,U,U,P,1,U,-0.0771484375,0.92578125,0.07568359375,True,"In this task, you have to repeatedly choose between two slot machines labeled U and P.
You can choose a slot machine by pressing its corresponding key.When you select one of the machines, you will win 1 or 0 points.Your goal is to choose the slot machines that will give you the most points.You will receive feedback about the outcome after making a choice.
The environment may change unpredictably, and past success does not guarantee future results. You’ll need to adapt to these changes to keep finding the better machine.You will play 1 game in total, consisting of 100 trials. Game 1:You press <<P>> and get 1 points.
You press <<U>> and get 1 points.
You press <<P>> and get 0 points.
You press <<U>> and get 0 points.
You press <<U>> and get 1 points.
You press <<U>> and get 1 points.
You press <<U>> and get 1 points.
You press <<U>> and get 1 points.
You press <<P>> and get 0 points.
You press <<U>> and get 0 points.
You press <<P>> and get 1 points.
You press <<U>> and get 1 points.
You press <<P>> and get 0 points.
You press <<U>> and get 1 points.
You press <<P>> and get 1 points.
You press <<U>> and get 1 points.
You press <<U>> and get 1 points.
You press <<U>> and get 1 points.
You press <<U>> and get 1 points.
You press <<U>> and get 1 points.
You press <<U>> and get 1 points.
You press <<P>> and get 0 points.
You press <<U>> and get 1 points.
You press <<P>> and get 0 points.
You press <<U>> and get 1 points.
You press <<U>> and get 1 points.
You press <<U>> and get 1 points.
You press <<U>> and get 1 points.
You press <<U>> and get 1 points.
You press <<U>> and get 1 points.
You press <<U>> and get 1 points.
You press <<U>> and get 1 points.
You press <<U>> and get 1 points.
You press <<U>> and get 1 points.
You press <<U>> and get 1 points.
You press <<U>> and get 1 points.
You press <<P>> and get 1 points.",False,,"[{'token': 'U', 'prob': 0.92578125}, {'token': 'P', 'prob': 0.07568359375}]",1.100124791264534e-08,1.8462742445990443e-10,-0.9257812389987521,-0.07568359356537258,,
37,U,,,1,U,-0.0771484375,0.92578125,0.07568359375,False,,True,"In this task, you have to repeatedly choose between two slot machines labeled U and P.
You can choose a slot machine by pressing its corresponding key.When you select one of the machines, you will win 1 or 0 points.Your goal is to choose the slot machines that will give you the most points.You will receive feedback about the outcome after making a choice.
The environment may change unpredictably, and past success does not guarantee future results. You’ll need to adapt to these changes to keep finding the better machine.You will play 1 game in total, consisting of 100 trials. Game 1:You press <<P>> and get 1 points.
You press <<U>> and get 1 points.
You press <<P>> and get 0 points.
You press <<U>> and get 0 points.
You press <<U>> and get 1 points.
You press <<U>> and get 1 points.
You press <<U>> and get 1 points.
You press <<U>> and get 1 points.
You press <<P>> and get 0 points.
You press <<U>> and get 0 points.
You press <<P>> and get 1 points.
You press <<U>> and get 1 points.
You press <<P>> and get 0 points.
You press <<U>> and get 1 points.
You press <<P>> and get 1 points.
You press <<U>> and get 1 points.
You press <<U>> and get 1 points.
You press <<U>> and get 1 points.
You press <<U>> and get 1 points.
You press <<U>> and get 1 points.
You press <<U>> and get 1 points.
You press <<P>> and get 0 points.
You press <<U>> and get 1 points.
You press <<P>> and get 0 points.
You press <<U>> and get 1 points.
You press <<U>> and get 1 points.
You press <<U>> and get 1 points.
You press <<U>> and get 1 points.
You press <<U>> and get 1 points.
You press <<U>> and get 1 points.
You press <<U>> and get 1 points.
You press <<U>> and get 1 points.
You press <<U>> and get 1 points.
You press <<U>> and get 1 points.
You press <<U>> and get 1 points.
You press <<U>> and get 1 points.
You press <<U>> and get 0 points.You press <<","[{'token': 'U', 'prob': 0.92578125}, {'token': 'P', 'prob': 0.07568359375}]",0.46875,0.53125,-0.45703125,0.45556640625,1,0
38,U,U,P,1,U,-0.0986328125,0.90625,0.09521484375,True,"In this task, you have to repeatedly choose between two slot machines labeled U and P.
You can choose a slot machine by pressing its corresponding key.When you select one of the machines, you will win 1 or 0 points.Your goal is to choose the slot machines that will give you the most points.You will receive feedback about the outcome after making a choice.
The environment may change unpredictably, and past success does not guarantee future results. You’ll need to adapt to these changes to keep finding the better machine.You will play 1 game in total, consisting of 100 trials. Game 1:You press <<P>> and get 1 points.
You press <<U>> and get 1 points.
You press <<P>> and get 0 points.
You press <<U>> and get 0 points.
You press <<U>> and get 1 points.
You press <<U>> and get 1 points.
You press <<U>> and get 1 points.
You press <<U>> and get 1 points.
You press <<P>> and get 0 points.
You press <<U>> and get 0 points.
You press <<P>> and get 1 points.
You press <<U>> and get 1 points.
You press <<P>> and get 0 points.
You press <<U>> and get 1 points.
You press <<P>> and get 1 points.
You press <<U>> and get 1 points.
You press <<U>> and get 1 points.
You press <<U>> and get 1 points.
You press <<U>> and get 1 points.
You press <<U>> and get 1 points.
You press <<U>> and get 1 points.
You press <<P>> and get 0 points.
You press <<U>> and get 1 points.
You press <<P>> and get 0 points.
You press <<U>> and get 1 points.
You press <<U>> and get 1 points.
You press <<U>> and get 1 points.
You press <<U>> and get 1 points.
You press <<U>> and get 1 points.
You press <<U>> and get 1 points.
You press <<U>> and get 1 points.
You press <<U>> and get 1 points.
You press <<U>> and get 1 points.
You press <<U>> and get 1 points.
You press <<U>> and get 1 points.
You press <<U>> and get 1 points.
You press <<U>> and get 1 points.
You press <<P>> and get 1 points.",False,,"[{'token': 'U', 'prob': 0.90625}, {'token': 'P', 'prob': 0.09521484375}]",1.1583324521780014e-08,1.9463186617940664e-10,-0.9062499884166755,-0.09521484355536813,,
38,U,,,1,U,-0.0986328125,0.90625,0.09521484375,False,,True,"In this task, you have to repeatedly choose between two slot machines labeled U and P.
You can choose a slot machine by pressing its corresponding key.When you select one of the machines, you will win 1 or 0 points.Your goal is to choose the slot machines that will give you the most points.You will receive feedback about the outcome after making a choice.
The environment may change unpredictably, and past success does not guarantee future results. You’ll need to adapt to these changes to keep finding the better machine.You will play 1 game in total, consisting of 100 trials. Game 1:You press <<P>> and get 1 points.
You press <<U>> and get 1 points.
You press <<P>> and get 0 points.
You press <<U>> and get 0 points.
You press <<U>> and get 1 points.
You press <<U>> and get 1 points.
You press <<U>> and get 1 points.
You press <<U>> and get 1 points.
You press <<P>> and get 0 points.
You press <<U>> and get 0 points.
You press <<P>> and get 1 points.
You press <<U>> and get 1 points.
You press <<P>> and get 0 points.
You press <<U>> and get 1 points.
You press <<P>> and get 1 points.
You press <<U>> and get 1 points.
You press <<U>> and get 1 points.
You press <<U>> and get 1 points.
You press <<U>> and get 1 points.
You press <<U>> and get 1 points.
You press <<U>> and get 1 points.
You press <<P>> and get 0 points.
You press <<U>> and get 1 points.
You press <<P>> and get 0 points.
You press <<U>> and get 1 points.
You press <<U>> and get 1 points.
You press <<U>> and get 1 points.
You press <<U>> and get 1 points.
You press <<U>> and get 1 points.
You press <<U>> and get 1 points.
You press <<U>> and get 1 points.
You press <<U>> and get 1 points.
You press <<U>> and get 1 points.
You press <<U>> and get 1 points.
You press <<U>> and get 1 points.
You press <<U>> and get 1 points.
You press <<U>> and get 1 points.
You press <<U>> and get 0 points.You press <<","[{'token': 'U', 'prob': 0.90625}, {'token': 'P', 'prob': 0.09521484375}]",0.46875,0.53125,-0.4375,0.43603515625,1,0
39,U,U,P,1,U,-0.0771484375,0.92578125,0.07568359375,True,"In this task, you have to repeatedly choose between two slot machines labeled U and P.
You can choose a slot machine by pressing its corresponding key.When you select one of the machines, you will win 1 or 0 points.Your goal is to choose the slot machines that will give you the most points.You will receive feedback about the outcome after making a choice.
The environment may change unpredictably, and past success does not guarantee future results. You’ll need to adapt to these changes to keep finding the better machine.You will play 1 game in total, consisting of 100 trials. Game 1:You press <<P>> and get 1 points.
You press <<U>> and get 1 points.
You press <<P>> and get 0 points.
You press <<U>> and get 0 points.
You press <<U>> and get 1 points.
You press <<U>> and get 1 points.
You press <<U>> and get 1 points.
You press <<U>> and get 1 points.
You press <<P>> and get 0 points.
You press <<U>> and get 0 points.
You press <<P>> and get 1 points.
You press <<U>> and get 1 points.
You press <<P>> and get 0 points.
You press <<U>> and get 1 points.
You press <<P>> and get 1 points.
You press <<U>> and get 1 points.
You press <<U>> and get 1 points.
You press <<U>> and get 1 points.
You press <<U>> and get 1 points.
You press <<U>> and get 1 points.
You press <<U>> and get 1 points.
You press <<P>> and get 0 points.
You press <<U>> and get 1 points.
You press <<P>> and get 0 points.
You press <<U>> and get 1 points.
You press <<U>> and get 1 points.
You press <<U>> and get 1 points.
You press <<U>> and get 1 points.
You press <<U>> and get 1 points.
You press <<U>> and get 1 points.
You press <<U>> and get 1 points.
You press <<U>> and get 1 points.
You press <<U>> and get 1 points.
You press <<U>> and get 1 points.
You press <<U>> and get 1 points.
You press <<U>> and get 1 points.
You press <<U>> and get 1 points.
You press <<U>> and get 1 points.
You press <<P>> and get 1 points.",False,,"[{'token': 'U', 'prob': 0.92578125}, {'token': 'P', 'prob': 0.07568359375}]",1.1990778148174286e-08,1.4642864698544145e-10,-0.9257812380092219,-0.07568359360357135,,
39,U,,,1,U,-0.0771484375,0.92578125,0.07568359375,False,,True,"In this task, you have to repeatedly choose between two slot machines labeled U and P.
You can choose a slot machine by pressing its corresponding key.When you select one of the machines, you will win 1 or 0 points.Your goal is to choose the slot machines that will give you the most points.You will receive feedback about the outcome after making a choice.
The environment may change unpredictably, and past success does not guarantee future results. You’ll need to adapt to these changes to keep finding the better machine.You will play 1 game in total, consisting of 100 trials. Game 1:You press <<P>> and get 1 points.
You press <<U>> and get 1 points.
You press <<P>> and get 0 points.
You press <<U>> and get 0 points.
You press <<U>> and get 1 points.
You press <<U>> and get 1 points.
You press <<U>> and get 1 points.
You press <<U>> and get 1 points.
You press <<P>> and get 0 points.
You press <<U>> and get 0 points.
You press <<P>> and get 1 points.
You press <<U>> and get 1 points.
You press <<P>> and get 0 points.
You press <<U>> and get 1 points.
You press <<P>> and get 1 points.
You press <<U>> and get 1 points.
You press <<U>> and get 1 points.
You press <<U>> and get 1 points.
You press <<U>> and get 1 points.
You press <<U>> and get 1 points.
You press <<U>> and get 1 points.
You press <<P>> and get 0 points.
You press <<U>> and get 1 points.
You press <<P>> and get 0 points.
You press <<U>> and get 1 points.
You press <<U>> and get 1 points.
You press <<U>> and get 1 points.
You press <<U>> and get 1 points.
You press <<U>> and get 1 points.
You press <<U>> and get 1 points.
You press <<U>> and get 1 points.
You press <<U>> and get 1 points.
You press <<U>> and get 1 points.
You press <<U>> and get 1 points.
You press <<U>> and get 1 points.
You press <<U>> and get 1 points.
You press <<U>> and get 1 points.
You press <<U>> and get 1 points.
You press <<U>> and get 0 points.You press <<","[{'token': 'U', 'prob': 0.92578125}, {'token': 'P', 'prob': 0.07568359375}]",0.5,0.5,-0.42578125,0.42431640625,1,0
40,U,U,P,1,U,-0.060302734375,0.94140625,0.06005859375,True,"In this task, you have to repeatedly choose between two slot machines labeled U and P.
You can choose a slot machine by pressing its corresponding key.When you select one of the machines, you will win 1 or 0 points.Your goal is to choose the slot machines that will give you the most points.You will receive feedback about the outcome after making a choice.
The environment may change unpredictably, and past success does not guarantee future results. You’ll need to adapt to these changes to keep finding the better machine.You will play 1 game in total, consisting of 100 trials. Game 1:You press <<P>> and get 1 points.
You press <<U>> and get 1 points.
You press <<P>> and get 0 points.
You press <<U>> and get 0 points.
You press <<U>> and get 1 points.
You press <<U>> and get 1 points.
You press <<U>> and get 1 points.
You press <<U>> and get 1 points.
You press <<P>> and get 0 points.
You press <<U>> and get 0 points.
You press <<P>> and get 1 points.
You press <<U>> and get 1 points.
You press <<P>> and get 0 points.
You press <<U>> and get 1 points.
You press <<P>> and get 1 points.
You press <<U>> and get 1 points.
You press <<U>> and get 1 points.
You press <<U>> and get 1 points.
You press <<U>> and get 1 points.
You press <<U>> and get 1 points.
You press <<U>> and get 1 points.
You press <<P>> and get 0 points.
You press <<U>> and get 1 points.
You press <<P>> and get 0 points.
You press <<U>> and get 1 points.
You press <<U>> and get 1 points.
You press <<U>> and get 1 points.
You press <<U>> and get 1 points.
You press <<U>> and get 1 points.
You press <<U>> and get 1 points.
You press <<U>> and get 1 points.
You press <<U>> and get 1 points.
You press <<U>> and get 1 points.
You press <<U>> and get 1 points.
You press <<U>> and get 1 points.
You press <<U>> and get 1 points.
You press <<U>> and get 1 points.
You press <<U>> and get 1 points.
You press <<U>> and get 1 points.
You press <<P>> and get 1 points.",False,,"[{'token': 'U', 'prob': 0.94140625}, {'token': 'P', 'prob': 0.06005859375}]",1.7113052308559418e-08,2.0099832909181714e-10,-0.9414062328869477,-0.06005859354900167,,
40,U,,,1,U,-0.060302734375,0.94140625,0.06005859375,False,,True,"In this task, you have to repeatedly choose between two slot machines labeled U and P.
You can choose a slot machine by pressing its corresponding key.When you select one of the machines, you will win 1 or 0 points.Your goal is to choose the slot machines that will give you the most points.You will receive feedback about the outcome after making a choice.
The environment may change unpredictably, and past success does not guarantee future results. You’ll need to adapt to these changes to keep finding the better machine.You will play 1 game in total, consisting of 100 trials. Game 1:You press <<P>> and get 1 points.
You press <<U>> and get 1 points.
You press <<P>> and get 0 points.
You press <<U>> and get 0 points.
You press <<U>> and get 1 points.
You press <<U>> and get 1 points.
You press <<U>> and get 1 points.
You press <<U>> and get 1 points.
You press <<P>> and get 0 points.
You press <<U>> and get 0 points.
You press <<P>> and get 1 points.
You press <<U>> and get 1 points.
You press <<P>> and get 0 points.
You press <<U>> and get 1 points.
You press <<P>> and get 1 points.
You press <<U>> and get 1 points.
You press <<U>> and get 1 points.
You press <<U>> and get 1 points.
You press <<U>> and get 1 points.
You press <<U>> and get 1 points.
You press <<U>> and get 1 points.
You press <<P>> and get 0 points.
You press <<U>> and get 1 points.
You press <<P>> and get 0 points.
You press <<U>> and get 1 points.
You press <<U>> and get 1 points.
You press <<U>> and get 1 points.
You press <<U>> and get 1 points.
You press <<U>> and get 1 points.
You press <<U>> and get 1 points.
You press <<U>> and get 1 points.
You press <<U>> and get 1 points.
You press <<U>> and get 1 points.
You press <<U>> and get 1 points.
You press <<U>> and get 1 points.
You press <<U>> and get 1 points.
You press <<U>> and get 1 points.
You press <<U>> and get 1 points.
You press <<U>> and get 1 points.
You press <<U>> and get 0 points.You press <<","[{'token': 'U', 'prob': 0.94140625}, {'token': 'P', 'prob': 0.06005859375}]",0.5,0.5,-0.44140625,0.43994140625,1,0
41,U,U,P,1,U,-0.060302734375,0.94140625,0.06005859375,True,"In this task, you have to repeatedly choose between two slot machines labeled U and P.
You can choose a slot machine by pressing its corresponding key.When you select one of the machines, you will win 1 or 0 points.Your goal is to choose the slot machines that will give you the most points.You will receive feedback about the outcome after making a choice.
The environment may change unpredictably, and past success does not guarantee future results. You’ll need to adapt to these changes to keep finding the better machine.You will play 1 game in total, consisting of 100 trials. Game 1:You press <<P>> and get 1 points.
You press <<U>> and get 1 points.
You press <<P>> and get 0 points.
You press <<U>> and get 0 points.
You press <<U>> and get 1 points.
You press <<U>> and get 1 points.
You press <<U>> and get 1 points.
You press <<U>> and get 1 points.
You press <<P>> and get 0 points.
You press <<U>> and get 0 points.
You press <<P>> and get 1 points.
You press <<U>> and get 1 points.
You press <<P>> and get 0 points.
You press <<U>> and get 1 points.
You press <<P>> and get 1 points.
You press <<U>> and get 1 points.
You press <<U>> and get 1 points.
You press <<U>> and get 1 points.
You press <<U>> and get 1 points.
You press <<U>> and get 1 points.
You press <<U>> and get 1 points.
You press <<P>> and get 0 points.
You press <<U>> and get 1 points.
You press <<P>> and get 0 points.
You press <<U>> and get 1 points.
You press <<U>> and get 1 points.
You press <<U>> and get 1 points.
You press <<U>> and get 1 points.
You press <<U>> and get 1 points.
You press <<U>> and get 1 points.
You press <<U>> and get 1 points.
You press <<U>> and get 1 points.
You press <<U>> and get 1 points.
You press <<U>> and get 1 points.
You press <<U>> and get 1 points.
You press <<U>> and get 1 points.
You press <<U>> and get 1 points.
You press <<U>> and get 1 points.
You press <<U>> and get 1 points.
You press <<U>> and get 1 points.
You press <<P>> and get 1 points.",False,,"[{'token': 'U', 'prob': 0.94140625}, {'token': 'P', 'prob': 0.06005859375}]",1.05355866253376e-08,1.2732925824820995e-10,-0.9414062394644134,-0.06005859362267074,,
41,U,,,1,U,-0.060302734375,0.94140625,0.06005859375,False,,True,"In this task, you have to repeatedly choose between two slot machines labeled U and P.
You can choose a slot machine by pressing its corresponding key.When you select one of the machines, you will win 1 or 0 points.Your goal is to choose the slot machines that will give you the most points.You will receive feedback about the outcome after making a choice.
The environment may change unpredictably, and past success does not guarantee future results. You’ll need to adapt to these changes to keep finding the better machine.You will play 1 game in total, consisting of 100 trials. Game 1:You press <<P>> and get 1 points.
You press <<U>> and get 1 points.
You press <<P>> and get 0 points.
You press <<U>> and get 0 points.
You press <<U>> and get 1 points.
You press <<U>> and get 1 points.
You press <<U>> and get 1 points.
You press <<U>> and get 1 points.
You press <<P>> and get 0 points.
You press <<U>> and get 0 points.
You press <<P>> and get 1 points.
You press <<U>> and get 1 points.
You press <<P>> and get 0 points.
You press <<U>> and get 1 points.
You press <<P>> and get 1 points.
You press <<U>> and get 1 points.
You press <<U>> and get 1 points.
You press <<U>> and get 1 points.
You press <<U>> and get 1 points.
You press <<U>> and get 1 points.
You press <<U>> and get 1 points.
You press <<P>> and get 0 points.
You press <<U>> and get 1 points.
You press <<P>> and get 0 points.
You press <<U>> and get 1 points.
You press <<U>> and get 1 points.
You press <<U>> and get 1 points.
You press <<U>> and get 1 points.
You press <<U>> and get 1 points.
You press <<U>> and get 1 points.
You press <<U>> and get 1 points.
You press <<U>> and get 1 points.
You press <<U>> and get 1 points.
You press <<U>> and get 1 points.
You press <<U>> and get 1 points.
You press <<U>> and get 1 points.
You press <<U>> and get 1 points.
You press <<U>> and get 1 points.
You press <<U>> and get 1 points.
You press <<U>> and get 1 points.
You press <<U>> and get 0 points.You press <<","[{'token': 'U', 'prob': 0.94140625}, {'token': 'P', 'prob': 0.06005859375}]",0.46875,0.53125,-0.47265625,0.47119140625,1,0
42,U,U,P,1,U,-0.060302734375,0.94140625,0.06005859375,True,"In this task, you have to repeatedly choose between two slot machines labeled U and P.
You can choose a slot machine by pressing its corresponding key.When you select one of the machines, you will win 1 or 0 points.Your goal is to choose the slot machines that will give you the most points.You will receive feedback about the outcome after making a choice.
The environment may change unpredictably, and past success does not guarantee future results. You’ll need to adapt to these changes to keep finding the better machine.You will play 1 game in total, consisting of 100 trials. Game 1:You press <<P>> and get 1 points.
You press <<U>> and get 1 points.
You press <<P>> and get 0 points.
You press <<U>> and get 0 points.
You press <<U>> and get 1 points.
You press <<U>> and get 1 points.
You press <<U>> and get 1 points.
You press <<U>> and get 1 points.
You press <<P>> and get 0 points.
You press <<U>> and get 0 points.
You press <<P>> and get 1 points.
You press <<U>> and get 1 points.
You press <<P>> and get 0 points.
You press <<U>> and get 1 points.
You press <<P>> and get 1 points.
You press <<U>> and get 1 points.
You press <<U>> and get 1 points.
You press <<U>> and get 1 points.
You press <<U>> and get 1 points.
You press <<U>> and get 1 points.
You press <<U>> and get 1 points.
You press <<P>> and get 0 points.
You press <<U>> and get 1 points.
You press <<P>> and get 0 points.
You press <<U>> and get 1 points.
You press <<U>> and get 1 points.
You press <<U>> and get 1 points.
You press <<U>> and get 1 points.
You press <<U>> and get 1 points.
You press <<U>> and get 1 points.
You press <<U>> and get 1 points.
You press <<U>> and get 1 points.
You press <<U>> and get 1 points.
You press <<U>> and get 1 points.
You press <<U>> and get 1 points.
You press <<U>> and get 1 points.
You press <<U>> and get 1 points.
You press <<U>> and get 1 points.
You press <<U>> and get 1 points.
You press <<U>> and get 1 points.
You press <<U>> and get 1 points.
You press <<P>> and get 1 points.",False,,"[{'token': 'U', 'prob': 0.94140625}, {'token': 'P', 'prob': 0.06005859375}]",9.546056389808655e-09,1.318767317570746e-10,-0.9414062404539436,-0.06005859361812327,,
42,U,,,1,U,-0.060302734375,0.94140625,0.06005859375,False,,True,"In this task, you have to repeatedly choose between two slot machines labeled U and P.
You can choose a slot machine by pressing its corresponding key.When you select one of the machines, you will win 1 or 0 points.Your goal is to choose the slot machines that will give you the most points.You will receive feedback about the outcome after making a choice.
The environment may change unpredictably, and past success does not guarantee future results. You’ll need to adapt to these changes to keep finding the better machine.You will play 1 game in total, consisting of 100 trials. Game 1:You press <<P>> and get 1 points.
You press <<U>> and get 1 points.
You press <<P>> and get 0 points.
You press <<U>> and get 0 points.
You press <<U>> and get 1 points.
You press <<U>> and get 1 points.
You press <<U>> and get 1 points.
You press <<U>> and get 1 points.
You press <<P>> and get 0 points.
You press <<U>> and get 0 points.
You press <<P>> and get 1 points.
You press <<U>> and get 1 points.
You press <<P>> and get 0 points.
You press <<U>> and get 1 points.
You press <<P>> and get 1 points.
You press <<U>> and get 1 points.
You press <<U>> and get 1 points.
You press <<U>> and get 1 points.
You press <<U>> and get 1 points.
You press <<U>> and get 1 points.
You press <<U>> and get 1 points.
You press <<P>> and get 0 points.
You press <<U>> and get 1 points.
You press <<P>> and get 0 points.
You press <<U>> and get 1 points.
You press <<U>> and get 1 points.
You press <<U>> and get 1 points.
You press <<U>> and get 1 points.
You press <<U>> and get 1 points.
You press <<U>> and get 1 points.
You press <<U>> and get 1 points.
You press <<U>> and get 1 points.
You press <<U>> and get 1 points.
You press <<U>> and get 1 points.
You press <<U>> and get 1 points.
You press <<U>> and get 1 points.
You press <<U>> and get 1 points.
You press <<U>> and get 1 points.
You press <<U>> and get 1 points.
You press <<U>> and get 1 points.
You press <<U>> and get 1 points.
You press <<U>> and get 0 points.You press <<","[{'token': 'U', 'prob': 0.94140625}, {'token': 'P', 'prob': 0.06005859375}]",0.5,0.5,-0.44140625,0.43994140625,1,0
43,U,U,P,1,U,-0.060302734375,0.94140625,0.06005859375,True,"In this task, you have to repeatedly choose between two slot machines labeled U and P.
You can choose a slot machine by pressing its corresponding key.When you select one of the machines, you will win 1 or 0 points.Your goal is to choose the slot machines that will give you the most points.You will receive feedback about the outcome after making a choice.
The environment may change unpredictably, and past success does not guarantee future results. You’ll need to adapt to these changes to keep finding the better machine.You will play 1 game in total, consisting of 100 trials. Game 1:You press <<P>> and get 1 points.
You press <<U>> and get 1 points.
You press <<P>> and get 0 points.
You press <<U>> and get 0 points.
You press <<U>> and get 1 points.
You press <<U>> and get 1 points.
You press <<U>> and get 1 points.
You press <<U>> and get 1 points.
You press <<P>> and get 0 points.
You press <<U>> and get 0 points.
You press <<P>> and get 1 points.
You press <<U>> and get 1 points.
You press <<P>> and get 0 points.
You press <<U>> and get 1 points.
You press <<P>> and get 1 points.
You press <<U>> and get 1 points.
You press <<U>> and get 1 points.
You press <<U>> and get 1 points.
You press <<U>> and get 1 points.
You press <<U>> and get 1 points.
You press <<U>> and get 1 points.
You press <<P>> and get 0 points.
You press <<U>> and get 1 points.
You press <<P>> and get 0 points.
You press <<U>> and get 1 points.
You press <<U>> and get 1 points.
You press <<U>> and get 1 points.
You press <<U>> and get 1 points.
You press <<U>> and get 1 points.
You press <<U>> and get 1 points.
You press <<U>> and get 1 points.
You press <<U>> and get 1 points.
You press <<U>> and get 1 points.
You press <<U>> and get 1 points.
You press <<U>> and get 1 points.
You press <<U>> and get 1 points.
You press <<U>> and get 1 points.
You press <<U>> and get 1 points.
You press <<U>> and get 1 points.
You press <<U>> and get 1 points.
You press <<U>> and get 1 points.
You press <<U>> and get 1 points.
You press <<P>> and get 1 points.",False,,"[{'token': 'U', 'prob': 0.94140625}, {'token': 'P', 'prob': 0.06005859375}]",8.731149137020111e-09,1.2187229003757238e-10,-0.9414062412688509,-0.06005859362812771,,
43,U,,,1,U,-0.060302734375,0.94140625,0.06005859375,False,,True,"In this task, you have to repeatedly choose between two slot machines labeled U and P.
You can choose a slot machine by pressing its corresponding key.When you select one of the machines, you will win 1 or 0 points.Your goal is to choose the slot machines that will give you the most points.You will receive feedback about the outcome after making a choice.
The environment may change unpredictably, and past success does not guarantee future results. You’ll need to adapt to these changes to keep finding the better machine.You will play 1 game in total, consisting of 100 trials. Game 1:You press <<P>> and get 1 points.
You press <<U>> and get 1 points.
You press <<P>> and get 0 points.
You press <<U>> and get 0 points.
You press <<U>> and get 1 points.
You press <<U>> and get 1 points.
You press <<U>> and get 1 points.
You press <<U>> and get 1 points.
You press <<P>> and get 0 points.
You press <<U>> and get 0 points.
You press <<P>> and get 1 points.
You press <<U>> and get 1 points.
You press <<P>> and get 0 points.
You press <<U>> and get 1 points.
You press <<P>> and get 1 points.
You press <<U>> and get 1 points.
You press <<U>> and get 1 points.
You press <<U>> and get 1 points.
You press <<U>> and get 1 points.
You press <<U>> and get 1 points.
You press <<U>> and get 1 points.
You press <<P>> and get 0 points.
You press <<U>> and get 1 points.
You press <<P>> and get 0 points.
You press <<U>> and get 1 points.
You press <<U>> and get 1 points.
You press <<U>> and get 1 points.
You press <<U>> and get 1 points.
You press <<U>> and get 1 points.
You press <<U>> and get 1 points.
You press <<U>> and get 1 points.
You press <<U>> and get 1 points.
You press <<U>> and get 1 points.
You press <<U>> and get 1 points.
You press <<U>> and get 1 points.
You press <<U>> and get 1 points.
You press <<U>> and get 1 points.
You press <<U>> and get 1 points.
You press <<U>> and get 1 points.
You press <<U>> and get 1 points.
You press <<U>> and get 1 points.
You press <<U>> and get 1 points.
You press <<U>> and get 0 points.You press <<","[{'token': 'U', 'prob': 0.94140625}, {'token': 'P', 'prob': 0.06005859375}]",0.5,0.5,-0.44140625,0.43994140625,1,0
44,U,U,P,1,U,-0.060302734375,0.94140625,0.06005859375,True,"In this task, you have to repeatedly choose between two slot machines labeled U and P.
You can choose a slot machine by pressing its corresponding key.When you select one of the machines, you will win 1 or 0 points.Your goal is to choose the slot machines that will give you the most points.You will receive feedback about the outcome after making a choice.
The environment may change unpredictably, and past success does not guarantee future results. You’ll need to adapt to these changes to keep finding the better machine.You will play 1 game in total, consisting of 100 trials. Game 1:You press <<P>> and get 1 points.
You press <<U>> and get 1 points.
You press <<P>> and get 0 points.
You press <<U>> and get 0 points.
You press <<U>> and get 1 points.
You press <<U>> and get 1 points.
You press <<U>> and get 1 points.
You press <<U>> and get 1 points.
You press <<P>> and get 0 points.
You press <<U>> and get 0 points.
You press <<P>> and get 1 points.
You press <<U>> and get 1 points.
You press <<P>> and get 0 points.
You press <<U>> and get 1 points.
You press <<P>> and get 1 points.
You press <<U>> and get 1 points.
You press <<U>> and get 1 points.
You press <<U>> and get 1 points.
You press <<U>> and get 1 points.
You press <<U>> and get 1 points.
You press <<U>> and get 1 points.
You press <<P>> and get 0 points.
You press <<U>> and get 1 points.
You press <<P>> and get 0 points.
You press <<U>> and get 1 points.
You press <<U>> and get 1 points.
You press <<U>> and get 1 points.
You press <<U>> and get 1 points.
You press <<U>> and get 1 points.
You press <<U>> and get 1 points.
You press <<U>> and get 1 points.
You press <<U>> and get 1 points.
You press <<U>> and get 1 points.
You press <<U>> and get 1 points.
You press <<U>> and get 1 points.
You press <<U>> and get 1 points.
You press <<U>> and get 1 points.
You press <<U>> and get 1 points.
You press <<U>> and get 1 points.
You press <<U>> and get 1 points.
You press <<U>> and get 1 points.
You press <<U>> and get 1 points.
You press <<U>> and get 1 points.
You press <<P>> and get 1 points.",False,,"[{'token': 'U', 'prob': 0.94140625}, {'token': 'P', 'prob': 0.06005859375}]",1.501757651567459e-08,1.8280843505635858e-10,-0.9414062349824235,-0.060058593567191565,,
44,U,,,1,U,-0.060302734375,0.94140625,0.06005859375,False,,True,"In this task, you have to repeatedly choose between two slot machines labeled U and P.
You can choose a slot machine by pressing its corresponding key.When you select one of the machines, you will win 1 or 0 points.Your goal is to choose the slot machines that will give you the most points.You will receive feedback about the outcome after making a choice.
The environment may change unpredictably, and past success does not guarantee future results. You’ll need to adapt to these changes to keep finding the better machine.You will play 1 game in total, consisting of 100 trials. Game 1:You press <<P>> and get 1 points.
You press <<U>> and get 1 points.
You press <<P>> and get 0 points.
You press <<U>> and get 0 points.
You press <<U>> and get 1 points.
You press <<U>> and get 1 points.
You press <<U>> and get 1 points.
You press <<U>> and get 1 points.
You press <<P>> and get 0 points.
You press <<U>> and get 0 points.
You press <<P>> and get 1 points.
You press <<U>> and get 1 points.
You press <<P>> and get 0 points.
You press <<U>> and get 1 points.
You press <<P>> and get 1 points.
You press <<U>> and get 1 points.
You press <<U>> and get 1 points.
You press <<U>> and get 1 points.
You press <<U>> and get 1 points.
You press <<U>> and get 1 points.
You press <<U>> and get 1 points.
You press <<P>> and get 0 points.
You press <<U>> and get 1 points.
You press <<P>> and get 0 points.
You press <<U>> and get 1 points.
You press <<U>> and get 1 points.
You press <<U>> and get 1 points.
You press <<U>> and get 1 points.
You press <<U>> and get 1 points.
You press <<U>> and get 1 points.
You press <<U>> and get 1 points.
You press <<U>> and get 1 points.
You press <<U>> and get 1 points.
You press <<U>> and get 1 points.
You press <<U>> and get 1 points.
You press <<U>> and get 1 points.
You press <<U>> and get 1 points.
You press <<U>> and get 1 points.
You press <<U>> and get 1 points.
You press <<U>> and get 1 points.
You press <<U>> and get 1 points.
You press <<U>> and get 1 points.
You press <<U>> and get 1 points.
You press <<U>> and get 0 points.You press <<","[{'token': 'U', 'prob': 0.94140625}, {'token': 'P', 'prob': 0.06005859375}]",0.46875,0.53125,-0.47265625,0.47119140625,1,0
45,U,U,P,1,U,-0.060302734375,0.94140625,0.06005859375,True,"In this task, you have to repeatedly choose between two slot machines labeled U and P.
You can choose a slot machine by pressing its corresponding key.When you select one of the machines, you will win 1 or 0 points.Your goal is to choose the slot machines that will give you the most points.You will receive feedback about the outcome after making a choice.
The environment may change unpredictably, and past success does not guarantee future results. You’ll need to adapt to these changes to keep finding the better machine.You will play 1 game in total, consisting of 100 trials. Game 1:You press <<P>> and get 1 points.
You press <<U>> and get 1 points.
You press <<P>> and get 0 points.
You press <<U>> and get 0 points.
You press <<U>> and get 1 points.
You press <<U>> and get 1 points.
You press <<U>> and get 1 points.
You press <<U>> and get 1 points.
You press <<P>> and get 0 points.
You press <<U>> and get 0 points.
You press <<P>> and get 1 points.
You press <<U>> and get 1 points.
You press <<P>> and get 0 points.
You press <<U>> and get 1 points.
You press <<P>> and get 1 points.
You press <<U>> and get 1 points.
You press <<U>> and get 1 points.
You press <<U>> and get 1 points.
You press <<U>> and get 1 points.
You press <<U>> and get 1 points.
You press <<U>> and get 1 points.
You press <<P>> and get 0 points.
You press <<U>> and get 1 points.
You press <<P>> and get 0 points.
You press <<U>> and get 1 points.
You press <<U>> and get 1 points.
You press <<U>> and get 1 points.
You press <<U>> and get 1 points.
You press <<U>> and get 1 points.
You press <<U>> and get 1 points.
You press <<U>> and get 1 points.
You press <<U>> and get 1 points.
You press <<U>> and get 1 points.
You press <<U>> and get 1 points.
You press <<U>> and get 1 points.
You press <<U>> and get 1 points.
You press <<U>> and get 1 points.
You press <<U>> and get 1 points.
You press <<U>> and get 1 points.
You press <<U>> and get 1 points.
You press <<U>> and get 1 points.
You press <<U>> and get 1 points.
You press <<U>> and get 1 points.
You press <<U>> and get 1 points.
You press <<P>> and get 1 points.",False,,"[{'token': 'U', 'prob': 0.94140625}, {'token': 'P', 'prob': 0.06005859375}]",1.8742866814136505e-08,2.455635694786906e-10,-0.9414062312571332,-0.06005859350443643,,
45,U,,,1,U,-0.060302734375,0.94140625,0.06005859375,False,,True,"In this task, you have to repeatedly choose between two slot machines labeled U and P.
You can choose a slot machine by pressing its corresponding key.When you select one of the machines, you will win 1 or 0 points.Your goal is to choose the slot machines that will give you the most points.You will receive feedback about the outcome after making a choice.
The environment may change unpredictably, and past success does not guarantee future results. You’ll need to adapt to these changes to keep finding the better machine.You will play 1 game in total, consisting of 100 trials. Game 1:You press <<P>> and get 1 points.
You press <<U>> and get 1 points.
You press <<P>> and get 0 points.
You press <<U>> and get 0 points.
You press <<U>> and get 1 points.
You press <<U>> and get 1 points.
You press <<U>> and get 1 points.
You press <<U>> and get 1 points.
You press <<P>> and get 0 points.
You press <<U>> and get 0 points.
You press <<P>> and get 1 points.
You press <<U>> and get 1 points.
You press <<P>> and get 0 points.
You press <<U>> and get 1 points.
You press <<P>> and get 1 points.
You press <<U>> and get 1 points.
You press <<U>> and get 1 points.
You press <<U>> and get 1 points.
You press <<U>> and get 1 points.
You press <<U>> and get 1 points.
You press <<U>> and get 1 points.
You press <<P>> and get 0 points.
You press <<U>> and get 1 points.
You press <<P>> and get 0 points.
You press <<U>> and get 1 points.
You press <<U>> and get 1 points.
You press <<U>> and get 1 points.
You press <<U>> and get 1 points.
You press <<U>> and get 1 points.
You press <<U>> and get 1 points.
You press <<U>> and get 1 points.
You press <<U>> and get 1 points.
You press <<U>> and get 1 points.
You press <<U>> and get 1 points.
You press <<U>> and get 1 points.
You press <<U>> and get 1 points.
You press <<U>> and get 1 points.
You press <<U>> and get 1 points.
You press <<U>> and get 1 points.
You press <<U>> and get 1 points.
You press <<U>> and get 1 points.
You press <<U>> and get 1 points.
You press <<U>> and get 1 points.
You press <<U>> and get 1 points.
You press <<U>> and get 0 points.You press <<","[{'token': 'U', 'prob': 0.94140625}, {'token': 'P', 'prob': 0.06005859375}]",0.46875,0.53125,-0.47265625,0.47119140625,1,0
46,U,U,P,1,U,-0.048095703125,0.953125,0.04736328125,True,"In this task, you have to repeatedly choose between two slot machines labeled U and P.
You can choose a slot machine by pressing its corresponding key.When you select one of the machines, you will win 1 or 0 points.Your goal is to choose the slot machines that will give you the most points.You will receive feedback about the outcome after making a choice.
The environment may change unpredictably, and past success does not guarantee future results. You’ll need to adapt to these changes to keep finding the better machine.You will play 1 game in total, consisting of 100 trials. Game 1:You press <<P>> and get 1 points.
You press <<U>> and get 1 points.
You press <<P>> and get 0 points.
You press <<U>> and get 0 points.
You press <<U>> and get 1 points.
You press <<U>> and get 1 points.
You press <<U>> and get 1 points.
You press <<U>> and get 1 points.
You press <<P>> and get 0 points.
You press <<U>> and get 0 points.
You press <<P>> and get 1 points.
You press <<U>> and get 1 points.
You press <<P>> and get 0 points.
You press <<U>> and get 1 points.
You press <<P>> and get 1 points.
You press <<U>> and get 1 points.
You press <<U>> and get 1 points.
You press <<U>> and get 1 points.
You press <<U>> and get 1 points.
You press <<U>> and get 1 points.
You press <<U>> and get 1 points.
You press <<P>> and get 0 points.
You press <<U>> and get 1 points.
You press <<P>> and get 0 points.
You press <<U>> and get 1 points.
You press <<U>> and get 1 points.
You press <<U>> and get 1 points.
You press <<U>> and get 1 points.
You press <<U>> and get 1 points.
You press <<U>> and get 1 points.
You press <<U>> and get 1 points.
You press <<U>> and get 1 points.
You press <<U>> and get 1 points.
You press <<U>> and get 1 points.
You press <<U>> and get 1 points.
You press <<U>> and get 1 points.
You press <<U>> and get 1 points.
You press <<U>> and get 1 points.
You press <<U>> and get 1 points.
You press <<U>> and get 1 points.
You press <<U>> and get 1 points.
You press <<U>> and get 1 points.
You press <<U>> and get 1 points.
You press <<U>> and get 1 points.
You press <<U>> and get 1 points.
You press <<P>> and get 1 points.",False,,"[{'token': 'U', 'prob': 0.953125}, {'token': 'P', 'prob': 0.04736328125}]",1.594889909029007e-08,2.6193447411060333e-10,-0.9531249840511009,-0.047363280988065526,,
46,U,,,1,U,-0.048095703125,0.953125,0.04736328125,False,,True,"In this task, you have to repeatedly choose between two slot machines labeled U and P.
You can choose a slot machine by pressing its corresponding key.When you select one of the machines, you will win 1 or 0 points.Your goal is to choose the slot machines that will give you the most points.You will receive feedback about the outcome after making a choice.
The environment may change unpredictably, and past success does not guarantee future results. You’ll need to adapt to these changes to keep finding the better machine.You will play 1 game in total, consisting of 100 trials. Game 1:You press <<P>> and get 1 points.
You press <<U>> and get 1 points.
You press <<P>> and get 0 points.
You press <<U>> and get 0 points.
You press <<U>> and get 1 points.
You press <<U>> and get 1 points.
You press <<U>> and get 1 points.
You press <<U>> and get 1 points.
You press <<P>> and get 0 points.
You press <<U>> and get 0 points.
You press <<P>> and get 1 points.
You press <<U>> and get 1 points.
You press <<P>> and get 0 points.
You press <<U>> and get 1 points.
You press <<P>> and get 1 points.
You press <<U>> and get 1 points.
You press <<U>> and get 1 points.
You press <<U>> and get 1 points.
You press <<U>> and get 1 points.
You press <<U>> and get 1 points.
You press <<U>> and get 1 points.
You press <<P>> and get 0 points.
You press <<U>> and get 1 points.
You press <<P>> and get 0 points.
You press <<U>> and get 1 points.
You press <<U>> and get 1 points.
You press <<U>> and get 1 points.
You press <<U>> and get 1 points.
You press <<U>> and get 1 points.
You press <<U>> and get 1 points.
You press <<U>> and get 1 points.
You press <<U>> and get 1 points.
You press <<U>> and get 1 points.
You press <<U>> and get 1 points.
You press <<U>> and get 1 points.
You press <<U>> and get 1 points.
You press <<U>> and get 1 points.
You press <<U>> and get 1 points.
You press <<U>> and get 1 points.
You press <<U>> and get 1 points.
You press <<U>> and get 1 points.
You press <<U>> and get 1 points.
You press <<U>> and get 1 points.
You press <<U>> and get 1 points.
You press <<U>> and get 1 points.
You press <<U>> and get 0 points.You press <<","[{'token': 'U', 'prob': 0.953125}, {'token': 'P', 'prob': 0.04736328125}]",0.4375,0.5625,-0.515625,0.51513671875,1,0
47,U,U,P,1,U,-0.048095703125,0.953125,0.04736328125,True,"In this task, you have to repeatedly choose between two slot machines labeled U and P.
You can choose a slot machine by pressing its corresponding key.When you select one of the machines, you will win 1 or 0 points.Your goal is to choose the slot machines that will give you the most points.You will receive feedback about the outcome after making a choice.
The environment may change unpredictably, and past success does not guarantee future results. You’ll need to adapt to these changes to keep finding the better machine.You will play 1 game in total, consisting of 100 trials. Game 1:You press <<P>> and get 1 points.
You press <<U>> and get 1 points.
You press <<P>> and get 0 points.
You press <<U>> and get 0 points.
You press <<U>> and get 1 points.
You press <<U>> and get 1 points.
You press <<U>> and get 1 points.
You press <<U>> and get 1 points.
You press <<P>> and get 0 points.
You press <<U>> and get 0 points.
You press <<P>> and get 1 points.
You press <<U>> and get 1 points.
You press <<P>> and get 0 points.
You press <<U>> and get 1 points.
You press <<P>> and get 1 points.
You press <<U>> and get 1 points.
You press <<U>> and get 1 points.
You press <<U>> and get 1 points.
You press <<U>> and get 1 points.
You press <<U>> and get 1 points.
You press <<U>> and get 1 points.
You press <<P>> and get 0 points.
You press <<U>> and get 1 points.
You press <<P>> and get 0 points.
You press <<U>> and get 1 points.
You press <<U>> and get 1 points.
You press <<U>> and get 1 points.
You press <<U>> and get 1 points.
You press <<U>> and get 1 points.
You press <<U>> and get 1 points.
You press <<U>> and get 1 points.
You press <<U>> and get 1 points.
You press <<U>> and get 1 points.
You press <<U>> and get 1 points.
You press <<U>> and get 1 points.
You press <<U>> and get 1 points.
You press <<U>> and get 1 points.
You press <<U>> and get 1 points.
You press <<U>> and get 1 points.
You press <<U>> and get 1 points.
You press <<U>> and get 1 points.
You press <<U>> and get 1 points.
You press <<U>> and get 1 points.
You press <<U>> and get 1 points.
You press <<U>> and get 1 points.
You press <<U>> and get 1 points.
You press <<P>> and get 1 points.",False,,"[{'token': 'U', 'prob': 0.953125}, {'token': 'P', 'prob': 0.04736328125}]",1.076841726899147e-08,1.609805622138083e-10,-0.9531249892315827,-0.04736328108901944,,
47,U,,,1,U,-0.048095703125,0.953125,0.04736328125,False,,True,"In this task, you have to repeatedly choose between two slot machines labeled U and P.
You can choose a slot machine by pressing its corresponding key.When you select one of the machines, you will win 1 or 0 points.Your goal is to choose the slot machines that will give you the most points.You will receive feedback about the outcome after making a choice.
The environment may change unpredictably, and past success does not guarantee future results. You’ll need to adapt to these changes to keep finding the better machine.You will play 1 game in total, consisting of 100 trials. Game 1:You press <<P>> and get 1 points.
You press <<U>> and get 1 points.
You press <<P>> and get 0 points.
You press <<U>> and get 0 points.
You press <<U>> and get 1 points.
You press <<U>> and get 1 points.
You press <<U>> and get 1 points.
You press <<U>> and get 1 points.
You press <<P>> and get 0 points.
You press <<U>> and get 0 points.
You press <<P>> and get 1 points.
You press <<U>> and get 1 points.
You press <<P>> and get 0 points.
You press <<U>> and get 1 points.
You press <<P>> and get 1 points.
You press <<U>> and get 1 points.
You press <<U>> and get 1 points.
You press <<U>> and get 1 points.
You press <<U>> and get 1 points.
You press <<U>> and get 1 points.
You press <<U>> and get 1 points.
You press <<P>> and get 0 points.
You press <<U>> and get 1 points.
You press <<P>> and get 0 points.
You press <<U>> and get 1 points.
You press <<U>> and get 1 points.
You press <<U>> and get 1 points.
You press <<U>> and get 1 points.
You press <<U>> and get 1 points.
You press <<U>> and get 1 points.
You press <<U>> and get 1 points.
You press <<U>> and get 1 points.
You press <<U>> and get 1 points.
You press <<U>> and get 1 points.
You press <<U>> and get 1 points.
You press <<U>> and get 1 points.
You press <<U>> and get 1 points.
You press <<U>> and get 1 points.
You press <<U>> and get 1 points.
You press <<U>> and get 1 points.
You press <<U>> and get 1 points.
You press <<U>> and get 1 points.
You press <<U>> and get 1 points.
You press <<U>> and get 1 points.
You press <<U>> and get 1 points.
You press <<U>> and get 1 points.
You press <<U>> and get 0 points.You press <<","[{'token': 'U', 'prob': 0.953125}, {'token': 'P', 'prob': 0.04736328125}]",0.46875,0.53125,-0.484375,0.48388671875,1,0
48,U,U,P,1,U,-0.048095703125,0.953125,0.04736328125,True,"In this task, you have to repeatedly choose between two slot machines labeled U and P.
You can choose a slot machine by pressing its corresponding key.When you select one of the machines, you will win 1 or 0 points.Your goal is to choose the slot machines that will give you the most points.You will receive feedback about the outcome after making a choice.
The environment may change unpredictably, and past success does not guarantee future results. You’ll need to adapt to these changes to keep finding the better machine.You will play 1 game in total, consisting of 100 trials. Game 1:You press <<P>> and get 1 points.
You press <<U>> and get 1 points.
You press <<P>> and get 0 points.
You press <<U>> and get 0 points.
You press <<U>> and get 1 points.
You press <<U>> and get 1 points.
You press <<U>> and get 1 points.
You press <<U>> and get 1 points.
You press <<P>> and get 0 points.
You press <<U>> and get 0 points.
You press <<P>> and get 1 points.
You press <<U>> and get 1 points.
You press <<P>> and get 0 points.
You press <<U>> and get 1 points.
You press <<P>> and get 1 points.
You press <<U>> and get 1 points.
You press <<U>> and get 1 points.
You press <<U>> and get 1 points.
You press <<U>> and get 1 points.
You press <<U>> and get 1 points.
You press <<U>> and get 1 points.
You press <<P>> and get 0 points.
You press <<U>> and get 1 points.
You press <<P>> and get 0 points.
You press <<U>> and get 1 points.
You press <<U>> and get 1 points.
You press <<U>> and get 1 points.
You press <<U>> and get 1 points.
You press <<U>> and get 1 points.
You press <<U>> and get 1 points.
You press <<U>> and get 1 points.
You press <<U>> and get 1 points.
You press <<U>> and get 1 points.
You press <<U>> and get 1 points.
You press <<U>> and get 1 points.
You press <<U>> and get 1 points.
You press <<U>> and get 1 points.
You press <<U>> and get 1 points.
You press <<U>> and get 1 points.
You press <<U>> and get 1 points.
You press <<U>> and get 1 points.
You press <<U>> and get 1 points.
You press <<U>> and get 1 points.
You press <<U>> and get 1 points.
You press <<U>> and get 1 points.
You press <<U>> and get 1 points.
You press <<U>> and get 1 points.
You press <<P>> and get 1 points.",False,,"[{'token': 'U', 'prob': 0.953125}, {'token': 'P', 'prob': 0.04736328125}]",9.778887033462524e-09,1.3460521586239338e-10,-0.953124990221113,-0.047363281115394784,,
48,U,,,1,U,-0.048095703125,0.953125,0.04736328125,False,,True,"In this task, you have to repeatedly choose between two slot machines labeled U and P.
You can choose a slot machine by pressing its corresponding key.When you select one of the machines, you will win 1 or 0 points.Your goal is to choose the slot machines that will give you the most points.You will receive feedback about the outcome after making a choice.
The environment may change unpredictably, and past success does not guarantee future results. You’ll need to adapt to these changes to keep finding the better machine.You will play 1 game in total, consisting of 100 trials. Game 1:You press <<P>> and get 1 points.
You press <<U>> and get 1 points.
You press <<P>> and get 0 points.
You press <<U>> and get 0 points.
You press <<U>> and get 1 points.
You press <<U>> and get 1 points.
You press <<U>> and get 1 points.
You press <<U>> and get 1 points.
You press <<P>> and get 0 points.
You press <<U>> and get 0 points.
You press <<P>> and get 1 points.
You press <<U>> and get 1 points.
You press <<P>> and get 0 points.
You press <<U>> and get 1 points.
You press <<P>> and get 1 points.
You press <<U>> and get 1 points.
You press <<U>> and get 1 points.
You press <<U>> and get 1 points.
You press <<U>> and get 1 points.
You press <<U>> and get 1 points.
You press <<U>> and get 1 points.
You press <<P>> and get 0 points.
You press <<U>> and get 1 points.
You press <<P>> and get 0 points.
You press <<U>> and get 1 points.
You press <<U>> and get 1 points.
You press <<U>> and get 1 points.
You press <<U>> and get 1 points.
You press <<U>> and get 1 points.
You press <<U>> and get 1 points.
You press <<U>> and get 1 points.
You press <<U>> and get 1 points.
You press <<U>> and get 1 points.
You press <<U>> and get 1 points.
You press <<U>> and get 1 points.
You press <<U>> and get 1 points.
You press <<U>> and get 1 points.
You press <<U>> and get 1 points.
You press <<U>> and get 1 points.
You press <<U>> and get 1 points.
You press <<U>> and get 1 points.
You press <<U>> and get 1 points.
You press <<U>> and get 1 points.
You press <<U>> and get 1 points.
You press <<U>> and get 1 points.
You press <<U>> and get 1 points.
You press <<U>> and get 1 points.
You press <<U>> and get 0 points.You press <<","[{'token': 'U', 'prob': 0.953125}, {'token': 'P', 'prob': 0.04736328125}]",0.5,0.5,-0.453125,0.45263671875,1,0
49,U,U,P,1,U,-0.048095703125,0.953125,0.04736328125,True,"In this task, you have to repeatedly choose between two slot machines labeled U and P.
You can choose a slot machine by pressing its corresponding key.When you select one of the machines, you will win 1 or 0 points.Your goal is to choose the slot machines that will give you the most points.You will receive feedback about the outcome after making a choice.
The environment may change unpredictably, and past success does not guarantee future results. You’ll need to adapt to these changes to keep finding the better machine.You will play 1 game in total, consisting of 100 trials. Game 1:You press <<P>> and get 1 points.
You press <<U>> and get 1 points.
You press <<P>> and get 0 points.
You press <<U>> and get 0 points.
You press <<U>> and get 1 points.
You press <<U>> and get 1 points.
You press <<U>> and get 1 points.
You press <<U>> and get 1 points.
You press <<P>> and get 0 points.
You press <<U>> and get 0 points.
You press <<P>> and get 1 points.
You press <<U>> and get 1 points.
You press <<P>> and get 0 points.
You press <<U>> and get 1 points.
You press <<P>> and get 1 points.
You press <<U>> and get 1 points.
You press <<U>> and get 1 points.
You press <<U>> and get 1 points.
You press <<U>> and get 1 points.
You press <<U>> and get 1 points.
You press <<U>> and get 1 points.
You press <<P>> and get 0 points.
You press <<U>> and get 1 points.
You press <<P>> and get 0 points.
You press <<U>> and get 1 points.
You press <<U>> and get 1 points.
You press <<U>> and get 1 points.
You press <<U>> and get 1 points.
You press <<U>> and get 1 points.
You press <<U>> and get 1 points.
You press <<U>> and get 1 points.
You press <<U>> and get 1 points.
You press <<U>> and get 1 points.
You press <<U>> and get 1 points.
You press <<U>> and get 1 points.
You press <<U>> and get 1 points.
You press <<U>> and get 1 points.
You press <<U>> and get 1 points.
You press <<U>> and get 1 points.
You press <<U>> and get 1 points.
You press <<U>> and get 1 points.
You press <<U>> and get 1 points.
You press <<U>> and get 1 points.
You press <<U>> and get 1 points.
You press <<U>> and get 1 points.
You press <<U>> and get 1 points.
You press <<U>> and get 1 points.
You press <<U>> and get 1 points.
You press <<P>> and get 1 points.",False,,"[{'token': 'U', 'prob': 0.953125}, {'token': 'P', 'prob': 0.04736328125}]",1.816079020500183e-08,3.2741809263825417e-10,-0.9531249818392098,-0.04736328092258191,,
49,U,,,1,U,-0.048095703125,0.953125,0.04736328125,False,,True,"In this task, you have to repeatedly choose between two slot machines labeled U and P.
You can choose a slot machine by pressing its corresponding key.When you select one of the machines, you will win 1 or 0 points.Your goal is to choose the slot machines that will give you the most points.You will receive feedback about the outcome after making a choice.
The environment may change unpredictably, and past success does not guarantee future results. You’ll need to adapt to these changes to keep finding the better machine.You will play 1 game in total, consisting of 100 trials. Game 1:You press <<P>> and get 1 points.
You press <<U>> and get 1 points.
You press <<P>> and get 0 points.
You press <<U>> and get 0 points.
You press <<U>> and get 1 points.
You press <<U>> and get 1 points.
You press <<U>> and get 1 points.
You press <<U>> and get 1 points.
You press <<P>> and get 0 points.
You press <<U>> and get 0 points.
You press <<P>> and get 1 points.
You press <<U>> and get 1 points.
You press <<P>> and get 0 points.
You press <<U>> and get 1 points.
You press <<P>> and get 1 points.
You press <<U>> and get 1 points.
You press <<U>> and get 1 points.
You press <<U>> and get 1 points.
You press <<U>> and get 1 points.
You press <<U>> and get 1 points.
You press <<U>> and get 1 points.
You press <<P>> and get 0 points.
You press <<U>> and get 1 points.
You press <<P>> and get 0 points.
You press <<U>> and get 1 points.
You press <<U>> and get 1 points.
You press <<U>> and get 1 points.
You press <<U>> and get 1 points.
You press <<U>> and get 1 points.
You press <<U>> and get 1 points.
You press <<U>> and get 1 points.
You press <<U>> and get 1 points.
You press <<U>> and get 1 points.
You press <<U>> and get 1 points.
You press <<U>> and get 1 points.
You press <<U>> and get 1 points.
You press <<U>> and get 1 points.
You press <<U>> and get 1 points.
You press <<U>> and get 1 points.
You press <<U>> and get 1 points.
You press <<U>> and get 1 points.
You press <<U>> and get 1 points.
You press <<U>> and get 1 points.
You press <<U>> and get 1 points.
You press <<U>> and get 1 points.
You press <<U>> and get 1 points.
You press <<U>> and get 1 points.
You press <<U>> and get 1 points.
You press <<U>> and get 0 points.You press <<","[{'token': 'U', 'prob': 0.953125}, {'token': 'P', 'prob': 0.04736328125}]",0.5,0.5,-0.453125,0.45263671875,1,0
50,U,U,P,1,U,-0.048095703125,0.953125,0.04736328125,True,"In this task, you have to repeatedly choose between two slot machines labeled U and P.
You can choose a slot machine by pressing its corresponding key.When you select one of the machines, you will win 1 or 0 points.Your goal is to choose the slot machines that will give you the most points.You will receive feedback about the outcome after making a choice.
The environment may change unpredictably, and past success does not guarantee future results. You’ll need to adapt to these changes to keep finding the better machine.You will play 1 game in total, consisting of 100 trials. Game 1:You press <<P>> and get 1 points.
You press <<U>> and get 1 points.
You press <<P>> and get 0 points.
You press <<U>> and get 0 points.
You press <<U>> and get 1 points.
You press <<U>> and get 1 points.
You press <<U>> and get 1 points.
You press <<U>> and get 1 points.
You press <<P>> and get 0 points.
You press <<U>> and get 0 points.
You press <<P>> and get 1 points.
You press <<U>> and get 1 points.
You press <<P>> and get 0 points.
You press <<U>> and get 1 points.
You press <<P>> and get 1 points.
You press <<U>> and get 1 points.
You press <<U>> and get 1 points.
You press <<U>> and get 1 points.
You press <<U>> and get 1 points.
You press <<U>> and get 1 points.
You press <<U>> and get 1 points.
You press <<P>> and get 0 points.
You press <<U>> and get 1 points.
You press <<P>> and get 0 points.
You press <<U>> and get 1 points.
You press <<U>> and get 1 points.
You press <<U>> and get 1 points.
You press <<U>> and get 1 points.
You press <<U>> and get 1 points.
You press <<U>> and get 1 points.
You press <<U>> and get 1 points.
You press <<U>> and get 1 points.
You press <<U>> and get 1 points.
You press <<U>> and get 1 points.
You press <<U>> and get 1 points.
You press <<U>> and get 1 points.
You press <<U>> and get 1 points.
You press <<U>> and get 1 points.
You press <<U>> and get 1 points.
You press <<U>> and get 1 points.
You press <<U>> and get 1 points.
You press <<U>> and get 1 points.
You press <<U>> and get 1 points.
You press <<U>> and get 1 points.
You press <<U>> and get 1 points.
You press <<U>> and get 1 points.
You press <<U>> and get 1 points.
You press <<U>> and get 1 points.
You press <<U>> and get 1 points.
You press <<P>> and get 1 points.",False,,"[{'token': 'U', 'prob': 0.953125}, {'token': 'P', 'prob': 0.04736328125}]",1.4493707567453384e-08,2.5283952709287405e-10,-0.9531249855062924,-0.04736328099716047,,
50,U,,,1,U,-0.048095703125,0.953125,0.04736328125,False,,True,"In this task, you have to repeatedly choose between two slot machines labeled U and P.
You can choose a slot machine by pressing its corresponding key.When you select one of the machines, you will win 1 or 0 points.Your goal is to choose the slot machines that will give you the most points.You will receive feedback about the outcome after making a choice.
The environment may change unpredictably, and past success does not guarantee future results. You’ll need to adapt to these changes to keep finding the better machine.You will play 1 game in total, consisting of 100 trials. Game 1:You press <<P>> and get 1 points.
You press <<U>> and get 1 points.
You press <<P>> and get 0 points.
You press <<U>> and get 0 points.
You press <<U>> and get 1 points.
You press <<U>> and get 1 points.
You press <<U>> and get 1 points.
You press <<U>> and get 1 points.
You press <<P>> and get 0 points.
You press <<U>> and get 0 points.
You press <<P>> and get 1 points.
You press <<U>> and get 1 points.
You press <<P>> and get 0 points.
You press <<U>> and get 1 points.
You press <<P>> and get 1 points.
You press <<U>> and get 1 points.
You press <<U>> and get 1 points.
You press <<U>> and get 1 points.
You press <<U>> and get 1 points.
You press <<U>> and get 1 points.
You press <<U>> and get 1 points.
You press <<P>> and get 0 points.
You press <<U>> and get 1 points.
You press <<P>> and get 0 points.
You press <<U>> and get 1 points.
You press <<U>> and get 1 points.
You press <<U>> and get 1 points.
You press <<U>> and get 1 points.
You press <<U>> and get 1 points.
You press <<U>> and get 1 points.
You press <<U>> and get 1 points.
You press <<U>> and get 1 points.
You press <<U>> and get 1 points.
You press <<U>> and get 1 points.
You press <<U>> and get 1 points.
You press <<U>> and get 1 points.
You press <<U>> and get 1 points.
You press <<U>> and get 1 points.
You press <<U>> and get 1 points.
You press <<U>> and get 1 points.
You press <<U>> and get 1 points.
You press <<U>> and get 1 points.
You press <<U>> and get 1 points.
You press <<U>> and get 1 points.
You press <<U>> and get 1 points.
You press <<U>> and get 1 points.
You press <<U>> and get 1 points.
You press <<U>> and get 1 points.
You press <<U>> and get 1 points.
You press <<U>> and get 0 points.You press <<","[{'token': 'U', 'prob': 0.953125}, {'token': 'P', 'prob': 0.04736328125}]",0.46875,0.53125,-0.484375,0.48388671875,1,0
51,U,U,P,1,U,-0.048095703125,0.953125,0.04736328125,True,"In this task, you have to repeatedly choose between two slot machines labeled U and P.
You can choose a slot machine by pressing its corresponding key.When you select one of the machines, you will win 1 or 0 points.Your goal is to choose the slot machines that will give you the most points.You will receive feedback about the outcome after making a choice.
The environment may change unpredictably, and past success does not guarantee future results. You’ll need to adapt to these changes to keep finding the better machine.You will play 1 game in total, consisting of 100 trials. Game 1:You press <<P>> and get 1 points.
You press <<U>> and get 1 points.
You press <<P>> and get 0 points.
You press <<U>> and get 0 points.
You press <<U>> and get 1 points.
You press <<U>> and get 1 points.
You press <<U>> and get 1 points.
You press <<U>> and get 1 points.
You press <<P>> and get 0 points.
You press <<U>> and get 0 points.
You press <<P>> and get 1 points.
You press <<U>> and get 1 points.
You press <<P>> and get 0 points.
You press <<U>> and get 1 points.
You press <<P>> and get 1 points.
You press <<U>> and get 1 points.
You press <<U>> and get 1 points.
You press <<U>> and get 1 points.
You press <<U>> and get 1 points.
You press <<U>> and get 1 points.
You press <<U>> and get 1 points.
You press <<P>> and get 0 points.
You press <<U>> and get 1 points.
You press <<P>> and get 0 points.
You press <<U>> and get 1 points.
You press <<U>> and get 1 points.
You press <<U>> and get 1 points.
You press <<U>> and get 1 points.
You press <<U>> and get 1 points.
You press <<U>> and get 1 points.
You press <<U>> and get 1 points.
You press <<U>> and get 1 points.
You press <<U>> and get 1 points.
You press <<U>> and get 1 points.
You press <<U>> and get 1 points.
You press <<U>> and get 1 points.
You press <<U>> and get 1 points.
You press <<U>> and get 1 points.
You press <<U>> and get 1 points.
You press <<U>> and get 1 points.
You press <<U>> and get 1 points.
You press <<U>> and get 1 points.
You press <<U>> and get 1 points.
You press <<U>> and get 1 points.
You press <<U>> and get 1 points.
You press <<U>> and get 1 points.
You press <<U>> and get 1 points.
You press <<U>> and get 1 points.
You press <<U>> and get 1 points.
You press <<U>> and get 1 points.
You press <<P>> and get 1 points.",False,,"[{'token': 'U', 'prob': 0.953125}, {'token': 'P', 'prob': 0.04736328125}]",1.3620592653751373e-08,2.346496330574155e-10,-0.9531249863794073,-0.04736328101535037,,
51,U,,,1,U,-0.048095703125,0.953125,0.04736328125,False,,True,"In this task, you have to repeatedly choose between two slot machines labeled U and P.
You can choose a slot machine by pressing its corresponding key.When you select one of the machines, you will win 1 or 0 points.Your goal is to choose the slot machines that will give you the most points.You will receive feedback about the outcome after making a choice.
The environment may change unpredictably, and past success does not guarantee future results. You’ll need to adapt to these changes to keep finding the better machine.You will play 1 game in total, consisting of 100 trials. Game 1:You press <<P>> and get 1 points.
You press <<U>> and get 1 points.
You press <<P>> and get 0 points.
You press <<U>> and get 0 points.
You press <<U>> and get 1 points.
You press <<U>> and get 1 points.
You press <<U>> and get 1 points.
You press <<U>> and get 1 points.
You press <<P>> and get 0 points.
You press <<U>> and get 0 points.
You press <<P>> and get 1 points.
You press <<U>> and get 1 points.
You press <<P>> and get 0 points.
You press <<U>> and get 1 points.
You press <<P>> and get 1 points.
You press <<U>> and get 1 points.
You press <<U>> and get 1 points.
You press <<U>> and get 1 points.
You press <<U>> and get 1 points.
You press <<U>> and get 1 points.
You press <<U>> and get 1 points.
You press <<P>> and get 0 points.
You press <<U>> and get 1 points.
You press <<P>> and get 0 points.
You press <<U>> and get 1 points.
You press <<U>> and get 1 points.
You press <<U>> and get 1 points.
You press <<U>> and get 1 points.
You press <<U>> and get 1 points.
You press <<U>> and get 1 points.
You press <<U>> and get 1 points.
You press <<U>> and get 1 points.
You press <<U>> and get 1 points.
You press <<U>> and get 1 points.
You press <<U>> and get 1 points.
You press <<U>> and get 1 points.
You press <<U>> and get 1 points.
You press <<U>> and get 1 points.
You press <<U>> and get 1 points.
You press <<U>> and get 1 points.
You press <<U>> and get 1 points.
You press <<U>> and get 1 points.
You press <<U>> and get 1 points.
You press <<U>> and get 1 points.
You press <<U>> and get 1 points.
You press <<U>> and get 1 points.
You press <<U>> and get 1 points.
You press <<U>> and get 1 points.
You press <<U>> and get 1 points.
You press <<U>> and get 1 points.
You press <<U>> and get 0 points.You press <<","[{'token': 'U', 'prob': 0.953125}, {'token': 'P', 'prob': 0.04736328125}]",0.4375,0.5625,-0.515625,0.51513671875,1,0
52,U,U,P,0,U,-0.039794921875,0.9609375,0.037353515625,True,"In this task, you have to repeatedly choose between two slot machines labeled U and P.
You can choose a slot machine by pressing its corresponding key.When you select one of the machines, you will win 1 or 0 points.Your goal is to choose the slot machines that will give you the most points.You will receive feedback about the outcome after making a choice.
The environment may change unpredictably, and past success does not guarantee future results. You’ll need to adapt to these changes to keep finding the better machine.You will play 1 game in total, consisting of 100 trials. Game 1:You press <<P>> and get 1 points.
You press <<U>> and get 1 points.
You press <<P>> and get 0 points.
You press <<U>> and get 0 points.
You press <<U>> and get 1 points.
You press <<U>> and get 1 points.
You press <<U>> and get 1 points.
You press <<U>> and get 1 points.
You press <<P>> and get 0 points.
You press <<U>> and get 0 points.
You press <<P>> and get 1 points.
You press <<U>> and get 1 points.
You press <<P>> and get 0 points.
You press <<U>> and get 1 points.
You press <<P>> and get 1 points.
You press <<U>> and get 1 points.
You press <<U>> and get 1 points.
You press <<U>> and get 1 points.
You press <<U>> and get 1 points.
You press <<U>> and get 1 points.
You press <<U>> and get 1 points.
You press <<P>> and get 0 points.
You press <<U>> and get 1 points.
You press <<P>> and get 0 points.
You press <<U>> and get 1 points.
You press <<U>> and get 1 points.
You press <<U>> and get 1 points.
You press <<U>> and get 1 points.
You press <<U>> and get 1 points.
You press <<U>> and get 1 points.
You press <<U>> and get 1 points.
You press <<U>> and get 1 points.
You press <<U>> and get 1 points.
You press <<U>> and get 1 points.
You press <<U>> and get 1 points.
You press <<U>> and get 1 points.
You press <<U>> and get 1 points.
You press <<U>> and get 1 points.
You press <<U>> and get 1 points.
You press <<U>> and get 1 points.
You press <<U>> and get 1 points.
You press <<U>> and get 1 points.
You press <<U>> and get 1 points.
You press <<U>> and get 1 points.
You press <<U>> and get 1 points.
You press <<U>> and get 1 points.
You press <<U>> and get 1 points.
You press <<U>> and get 1 points.
You press <<U>> and get 1 points.
You press <<U>> and get 1 points.
You press <<U>> and get 1 points.
You press <<P>> and get 1 points.",False,,"[{'token': 'U', 'prob': 0.9609375}, {'token': 'P', 'prob': 0.037353515625}]",1.6065314412117004e-08,2.837623469531536e-10,-0.9609374839346856,-0.03735351534123765,,
52,U,,,0,U,-0.039794921875,0.9609375,0.037353515625,False,,True,"In this task, you have to repeatedly choose between two slot machines labeled U and P.
You can choose a slot machine by pressing its corresponding key.When you select one of the machines, you will win 1 or 0 points.Your goal is to choose the slot machines that will give you the most points.You will receive feedback about the outcome after making a choice.
The environment may change unpredictably, and past success does not guarantee future results. You’ll need to adapt to these changes to keep finding the better machine.You will play 1 game in total, consisting of 100 trials. Game 1:You press <<P>> and get 1 points.
You press <<U>> and get 1 points.
You press <<P>> and get 0 points.
You press <<U>> and get 0 points.
You press <<U>> and get 1 points.
You press <<U>> and get 1 points.
You press <<U>> and get 1 points.
You press <<U>> and get 1 points.
You press <<P>> and get 0 points.
You press <<U>> and get 0 points.
You press <<P>> and get 1 points.
You press <<U>> and get 1 points.
You press <<P>> and get 0 points.
You press <<U>> and get 1 points.
You press <<P>> and get 1 points.
You press <<U>> and get 1 points.
You press <<U>> and get 1 points.
You press <<U>> and get 1 points.
You press <<U>> and get 1 points.
You press <<U>> and get 1 points.
You press <<U>> and get 1 points.
You press <<P>> and get 0 points.
You press <<U>> and get 1 points.
You press <<P>> and get 0 points.
You press <<U>> and get 1 points.
You press <<U>> and get 1 points.
You press <<U>> and get 1 points.
You press <<U>> and get 1 points.
You press <<U>> and get 1 points.
You press <<U>> and get 1 points.
You press <<U>> and get 1 points.
You press <<U>> and get 1 points.
You press <<U>> and get 1 points.
You press <<U>> and get 1 points.
You press <<U>> and get 1 points.
You press <<U>> and get 1 points.
You press <<U>> and get 1 points.
You press <<U>> and get 1 points.
You press <<U>> and get 1 points.
You press <<U>> and get 1 points.
You press <<U>> and get 1 points.
You press <<U>> and get 1 points.
You press <<U>> and get 1 points.
You press <<U>> and get 1 points.
You press <<U>> and get 1 points.
You press <<U>> and get 1 points.
You press <<U>> and get 1 points.
You press <<U>> and get 1 points.
You press <<U>> and get 1 points.
You press <<U>> and get 1 points.
You press <<U>> and get 1 points.
You press <<U>> and get 0 points.You press <<","[{'token': 'U', 'prob': 0.9609375}, {'token': 'P', 'prob': 0.037353515625}]",0.46875,0.53125,-0.4921875,0.493896484375,1,0
53,P,U,P,1,U,-0.89453125,0.59375,0.408203125,True,"In this task, you have to repeatedly choose between two slot machines labeled U and P.
You can choose a slot machine by pressing its corresponding key.When you select one of the machines, you will win 1 or 0 points.Your goal is to choose the slot machines that will give you the most points.You will receive feedback about the outcome after making a choice.
The environment may change unpredictably, and past success does not guarantee future results. You’ll need to adapt to these changes to keep finding the better machine.You will play 1 game in total, consisting of 100 trials. Game 1:You press <<P>> and get 1 points.
You press <<U>> and get 1 points.
You press <<P>> and get 0 points.
You press <<U>> and get 0 points.
You press <<U>> and get 1 points.
You press <<U>> and get 1 points.
You press <<U>> and get 1 points.
You press <<U>> and get 1 points.
You press <<P>> and get 0 points.
You press <<U>> and get 0 points.
You press <<P>> and get 1 points.
You press <<U>> and get 1 points.
You press <<P>> and get 0 points.
You press <<U>> and get 1 points.
You press <<P>> and get 1 points.
You press <<U>> and get 1 points.
You press <<U>> and get 1 points.
You press <<U>> and get 1 points.
You press <<U>> and get 1 points.
You press <<U>> and get 1 points.
You press <<U>> and get 1 points.
You press <<P>> and get 0 points.
You press <<U>> and get 1 points.
You press <<P>> and get 0 points.
You press <<U>> and get 1 points.
You press <<U>> and get 1 points.
You press <<U>> and get 1 points.
You press <<U>> and get 1 points.
You press <<U>> and get 1 points.
You press <<U>> and get 1 points.
You press <<U>> and get 1 points.
You press <<U>> and get 1 points.
You press <<U>> and get 1 points.
You press <<U>> and get 1 points.
You press <<U>> and get 1 points.
You press <<U>> and get 1 points.
You press <<U>> and get 1 points.
You press <<U>> and get 1 points.
You press <<U>> and get 1 points.
You press <<U>> and get 1 points.
You press <<U>> and get 1 points.
You press <<U>> and get 1 points.
You press <<U>> and get 1 points.
You press <<U>> and get 1 points.
You press <<U>> and get 1 points.
You press <<U>> and get 1 points.
You press <<U>> and get 1 points.
You press <<U>> and get 1 points.
You press <<U>> and get 1 points.
You press <<U>> and get 1 points.
You press <<U>> and get 1 points.
You press <<U>> and get 1 points.
You press <<P>> and get 0 points.",False,,"[{'token': 'U', 'prob': 0.59375}, {'token': 'P', 'prob': 0.408203125}]",2.561137080192566e-09,7.560174708487466e-12,-0.5937499974388629,-0.4082031249924398,,
53,P,,,1,U,-0.89453125,0.59375,0.408203125,False,,True,"In this task, you have to repeatedly choose between two slot machines labeled U and P.
You can choose a slot machine by pressing its corresponding key.When you select one of the machines, you will win 1 or 0 points.Your goal is to choose the slot machines that will give you the most points.You will receive feedback about the outcome after making a choice.
The environment may change unpredictably, and past success does not guarantee future results. You’ll need to adapt to these changes to keep finding the better machine.You will play 1 game in total, consisting of 100 trials. Game 1:You press <<P>> and get 1 points.
You press <<U>> and get 1 points.
You press <<P>> and get 0 points.
You press <<U>> and get 0 points.
You press <<U>> and get 1 points.
You press <<U>> and get 1 points.
You press <<U>> and get 1 points.
You press <<U>> and get 1 points.
You press <<P>> and get 0 points.
You press <<U>> and get 0 points.
You press <<P>> and get 1 points.
You press <<U>> and get 1 points.
You press <<P>> and get 0 points.
You press <<U>> and get 1 points.
You press <<P>> and get 1 points.
You press <<U>> and get 1 points.
You press <<U>> and get 1 points.
You press <<U>> and get 1 points.
You press <<U>> and get 1 points.
You press <<U>> and get 1 points.
You press <<U>> and get 1 points.
You press <<P>> and get 0 points.
You press <<U>> and get 1 points.
You press <<P>> and get 0 points.
You press <<U>> and get 1 points.
You press <<U>> and get 1 points.
You press <<U>> and get 1 points.
You press <<U>> and get 1 points.
You press <<U>> and get 1 points.
You press <<U>> and get 1 points.
You press <<U>> and get 1 points.
You press <<U>> and get 1 points.
You press <<U>> and get 1 points.
You press <<U>> and get 1 points.
You press <<U>> and get 1 points.
You press <<U>> and get 1 points.
You press <<U>> and get 1 points.
You press <<U>> and get 1 points.
You press <<U>> and get 1 points.
You press <<U>> and get 1 points.
You press <<U>> and get 1 points.
You press <<U>> and get 1 points.
You press <<U>> and get 1 points.
You press <<U>> and get 1 points.
You press <<U>> and get 1 points.
You press <<U>> and get 1 points.
You press <<U>> and get 1 points.
You press <<U>> and get 1 points.
You press <<U>> and get 1 points.
You press <<U>> and get 1 points.
You press <<U>> and get 1 points.
You press <<U>> and get 1 points.
You press <<U>> and get 1 points.You press <<","[{'token': 'U', 'prob': 0.59375}, {'token': 'P', 'prob': 0.408203125}]",0.92578125,0.07568359375,0.33203125,-0.33251953125,0,1
54,U,P,U,0,P,-1.3125,0.26953125,0.73046875,True,"In this task, you have to repeatedly choose between two slot machines labeled U and P.
You can choose a slot machine by pressing its corresponding key.When you select one of the machines, you will win 1 or 0 points.Your goal is to choose the slot machines that will give you the most points.You will receive feedback about the outcome after making a choice.
The environment may change unpredictably, and past success does not guarantee future results. You’ll need to adapt to these changes to keep finding the better machine.You will play 1 game in total, consisting of 100 trials. Game 1:You press <<P>> and get 1 points.
You press <<U>> and get 1 points.
You press <<P>> and get 0 points.
You press <<U>> and get 0 points.
You press <<U>> and get 1 points.
You press <<U>> and get 1 points.
You press <<U>> and get 1 points.
You press <<U>> and get 1 points.
You press <<P>> and get 0 points.
You press <<U>> and get 0 points.
You press <<P>> and get 1 points.
You press <<U>> and get 1 points.
You press <<P>> and get 0 points.
You press <<U>> and get 1 points.
You press <<P>> and get 1 points.
You press <<U>> and get 1 points.
You press <<U>> and get 1 points.
You press <<U>> and get 1 points.
You press <<U>> and get 1 points.
You press <<U>> and get 1 points.
You press <<U>> and get 1 points.
You press <<P>> and get 0 points.
You press <<U>> and get 1 points.
You press <<P>> and get 0 points.
You press <<U>> and get 1 points.
You press <<U>> and get 1 points.
You press <<U>> and get 1 points.
You press <<U>> and get 1 points.
You press <<U>> and get 1 points.
You press <<U>> and get 1 points.
You press <<U>> and get 1 points.
You press <<U>> and get 1 points.
You press <<U>> and get 1 points.
You press <<U>> and get 1 points.
You press <<U>> and get 1 points.
You press <<U>> and get 1 points.
You press <<U>> and get 1 points.
You press <<U>> and get 1 points.
You press <<U>> and get 1 points.
You press <<U>> and get 1 points.
You press <<U>> and get 1 points.
You press <<U>> and get 1 points.
You press <<U>> and get 1 points.
You press <<U>> and get 1 points.
You press <<U>> and get 1 points.
You press <<U>> and get 1 points.
You press <<U>> and get 1 points.
You press <<U>> and get 1 points.
You press <<U>> and get 1 points.
You press <<U>> and get 1 points.
You press <<U>> and get 1 points.
You press <<U>> and get 1 points.
You press <<U>> and get 0 points.
You press <<U>> and get 1 points.",False,,"[{'token': 'P', 'prob': 0.73046875}, {'token': 'U', 'prob': 0.26953125}]",8.658389560878277e-10,2.0747847884194925e-12,-0.26953124913416104,-0.7304687499979252,,
54,U,,,0,P,-1.3125,0.26953125,0.73046875,False,,True,"In this task, you have to repeatedly choose between two slot machines labeled U and P.
You can choose a slot machine by pressing its corresponding key.When you select one of the machines, you will win 1 or 0 points.Your goal is to choose the slot machines that will give you the most points.You will receive feedback about the outcome after making a choice.
The environment may change unpredictably, and past success does not guarantee future results. You’ll need to adapt to these changes to keep finding the better machine.You will play 1 game in total, consisting of 100 trials. Game 1:You press <<P>> and get 1 points.
You press <<U>> and get 1 points.
You press <<P>> and get 0 points.
You press <<U>> and get 0 points.
You press <<U>> and get 1 points.
You press <<U>> and get 1 points.
You press <<U>> and get 1 points.
You press <<U>> and get 1 points.
You press <<P>> and get 0 points.
You press <<U>> and get 0 points.
You press <<P>> and get 1 points.
You press <<U>> and get 1 points.
You press <<P>> and get 0 points.
You press <<U>> and get 1 points.
You press <<P>> and get 1 points.
You press <<U>> and get 1 points.
You press <<U>> and get 1 points.
You press <<U>> and get 1 points.
You press <<U>> and get 1 points.
You press <<U>> and get 1 points.
You press <<U>> and get 1 points.
You press <<P>> and get 0 points.
You press <<U>> and get 1 points.
You press <<P>> and get 0 points.
You press <<U>> and get 1 points.
You press <<U>> and get 1 points.
You press <<U>> and get 1 points.
You press <<U>> and get 1 points.
You press <<U>> and get 1 points.
You press <<U>> and get 1 points.
You press <<U>> and get 1 points.
You press <<U>> and get 1 points.
You press <<U>> and get 1 points.
You press <<U>> and get 1 points.
You press <<U>> and get 1 points.
You press <<U>> and get 1 points.
You press <<U>> and get 1 points.
You press <<U>> and get 1 points.
You press <<U>> and get 1 points.
You press <<U>> and get 1 points.
You press <<U>> and get 1 points.
You press <<U>> and get 1 points.
You press <<U>> and get 1 points.
You press <<U>> and get 1 points.
You press <<U>> and get 1 points.
You press <<U>> and get 1 points.
You press <<U>> and get 1 points.
You press <<U>> and get 1 points.
You press <<U>> and get 1 points.
You press <<U>> and get 1 points.
You press <<U>> and get 1 points.
You press <<U>> and get 1 points.
You press <<U>> and get 0 points.
You press <<P>> and get 0 points.You press <<","[{'token': 'P', 'prob': 0.73046875}, {'token': 'U', 'prob': 0.26953125}]",0.73046875,0.26953125,0.4609375,-0.4609375,1,0
55,P,U,P,1,P,-0.12890625,0.119140625,0.87890625,True,"In this task, you have to repeatedly choose between two slot machines labeled U and P.
You can choose a slot machine by pressing its corresponding key.When you select one of the machines, you will win 1 or 0 points.Your goal is to choose the slot machines that will give you the most points.You will receive feedback about the outcome after making a choice.
The environment may change unpredictably, and past success does not guarantee future results. You’ll need to adapt to these changes to keep finding the better machine.You will play 1 game in total, consisting of 100 trials. Game 1:You press <<P>> and get 1 points.
You press <<U>> and get 1 points.
You press <<P>> and get 0 points.
You press <<U>> and get 0 points.
You press <<U>> and get 1 points.
You press <<U>> and get 1 points.
You press <<U>> and get 1 points.
You press <<U>> and get 1 points.
You press <<P>> and get 0 points.
You press <<U>> and get 0 points.
You press <<P>> and get 1 points.
You press <<U>> and get 1 points.
You press <<P>> and get 0 points.
You press <<U>> and get 1 points.
You press <<P>> and get 1 points.
You press <<U>> and get 1 points.
You press <<U>> and get 1 points.
You press <<U>> and get 1 points.
You press <<U>> and get 1 points.
You press <<U>> and get 1 points.
You press <<U>> and get 1 points.
You press <<P>> and get 0 points.
You press <<U>> and get 1 points.
You press <<P>> and get 0 points.
You press <<U>> and get 1 points.
You press <<U>> and get 1 points.
You press <<U>> and get 1 points.
You press <<U>> and get 1 points.
You press <<U>> and get 1 points.
You press <<U>> and get 1 points.
You press <<U>> and get 1 points.
You press <<U>> and get 1 points.
You press <<U>> and get 1 points.
You press <<U>> and get 1 points.
You press <<U>> and get 1 points.
You press <<U>> and get 1 points.
You press <<U>> and get 1 points.
You press <<U>> and get 1 points.
You press <<U>> and get 1 points.
You press <<U>> and get 1 points.
You press <<U>> and get 1 points.
You press <<U>> and get 1 points.
You press <<U>> and get 1 points.
You press <<U>> and get 1 points.
You press <<U>> and get 1 points.
You press <<U>> and get 1 points.
You press <<U>> and get 1 points.
You press <<U>> and get 1 points.
You press <<U>> and get 1 points.
You press <<U>> and get 1 points.
You press <<U>> and get 1 points.
You press <<U>> and get 1 points.
You press <<U>> and get 0 points.
You press <<P>> and get 1 points.
You press <<P>> and get 0 points.",False,,"[{'token': 'P', 'prob': 0.87890625}, {'token': 'U', 'prob': 0.119140625}]",1.9936123862862587e-09,1.5234036254696548e-11,-0.11914062300638761,-0.878906249984766,,
55,P,,,1,P,-0.12890625,0.119140625,0.87890625,False,,True,"In this task, you have to repeatedly choose between two slot machines labeled U and P.
You can choose a slot machine by pressing its corresponding key.When you select one of the machines, you will win 1 or 0 points.Your goal is to choose the slot machines that will give you the most points.You will receive feedback about the outcome after making a choice.
The environment may change unpredictably, and past success does not guarantee future results. You’ll need to adapt to these changes to keep finding the better machine.You will play 1 game in total, consisting of 100 trials. Game 1:You press <<P>> and get 1 points.
You press <<U>> and get 1 points.
You press <<P>> and get 0 points.
You press <<U>> and get 0 points.
You press <<U>> and get 1 points.
You press <<U>> and get 1 points.
You press <<U>> and get 1 points.
You press <<U>> and get 1 points.
You press <<P>> and get 0 points.
You press <<U>> and get 0 points.
You press <<P>> and get 1 points.
You press <<U>> and get 1 points.
You press <<P>> and get 0 points.
You press <<U>> and get 1 points.
You press <<P>> and get 1 points.
You press <<U>> and get 1 points.
You press <<U>> and get 1 points.
You press <<U>> and get 1 points.
You press <<U>> and get 1 points.
You press <<U>> and get 1 points.
You press <<U>> and get 1 points.
You press <<P>> and get 0 points.
You press <<U>> and get 1 points.
You press <<P>> and get 0 points.
You press <<U>> and get 1 points.
You press <<U>> and get 1 points.
You press <<U>> and get 1 points.
You press <<U>> and get 1 points.
You press <<U>> and get 1 points.
You press <<U>> and get 1 points.
You press <<U>> and get 1 points.
You press <<U>> and get 1 points.
You press <<U>> and get 1 points.
You press <<U>> and get 1 points.
You press <<U>> and get 1 points.
You press <<U>> and get 1 points.
You press <<U>> and get 1 points.
You press <<U>> and get 1 points.
You press <<U>> and get 1 points.
You press <<U>> and get 1 points.
You press <<U>> and get 1 points.
You press <<U>> and get 1 points.
You press <<U>> and get 1 points.
You press <<U>> and get 1 points.
You press <<U>> and get 1 points.
You press <<U>> and get 1 points.
You press <<U>> and get 1 points.
You press <<U>> and get 1 points.
You press <<U>> and get 1 points.
You press <<U>> and get 1 points.
You press <<U>> and get 1 points.
You press <<U>> and get 1 points.
You press <<U>> and get 0 points.
You press <<P>> and get 1 points.
You press <<U>> and get 1 points.You press <<","[{'token': 'P', 'prob': 0.87890625}, {'token': 'U', 'prob': 0.119140625}]",0.4375,0.5625,0.318359375,-0.31640625,0,1
56,U,P,U,0,P,-0.9765625,0.376953125,0.62109375,True,"In this task, you have to repeatedly choose between two slot machines labeled U and P.
You can choose a slot machine by pressing its corresponding key.When you select one of the machines, you will win 1 or 0 points.Your goal is to choose the slot machines that will give you the most points.You will receive feedback about the outcome after making a choice.
The environment may change unpredictably, and past success does not guarantee future results. You’ll need to adapt to these changes to keep finding the better machine.You will play 1 game in total, consisting of 100 trials. Game 1:You press <<P>> and get 1 points.
You press <<U>> and get 1 points.
You press <<P>> and get 0 points.
You press <<U>> and get 0 points.
You press <<U>> and get 1 points.
You press <<U>> and get 1 points.
You press <<U>> and get 1 points.
You press <<U>> and get 1 points.
You press <<P>> and get 0 points.
You press <<U>> and get 0 points.
You press <<P>> and get 1 points.
You press <<U>> and get 1 points.
You press <<P>> and get 0 points.
You press <<U>> and get 1 points.
You press <<P>> and get 1 points.
You press <<U>> and get 1 points.
You press <<U>> and get 1 points.
You press <<U>> and get 1 points.
You press <<U>> and get 1 points.
You press <<U>> and get 1 points.
You press <<U>> and get 1 points.
You press <<P>> and get 0 points.
You press <<U>> and get 1 points.
You press <<P>> and get 0 points.
You press <<U>> and get 1 points.
You press <<U>> and get 1 points.
You press <<U>> and get 1 points.
You press <<U>> and get 1 points.
You press <<U>> and get 1 points.
You press <<U>> and get 1 points.
You press <<U>> and get 1 points.
You press <<U>> and get 1 points.
You press <<U>> and get 1 points.
You press <<U>> and get 1 points.
You press <<U>> and get 1 points.
You press <<U>> and get 1 points.
You press <<U>> and get 1 points.
You press <<U>> and get 1 points.
You press <<U>> and get 1 points.
You press <<U>> and get 1 points.
You press <<U>> and get 1 points.
You press <<U>> and get 1 points.
You press <<U>> and get 1 points.
You press <<U>> and get 1 points.
You press <<U>> and get 1 points.
You press <<U>> and get 1 points.
You press <<U>> and get 1 points.
You press <<U>> and get 1 points.
You press <<U>> and get 1 points.
You press <<U>> and get 1 points.
You press <<U>> and get 1 points.
You press <<U>> and get 1 points.
You press <<U>> and get 0 points.
You press <<P>> and get 1 points.
You press <<U>> and get 0 points.
You press <<U>> and get 1 points.",False,,"[{'token': 'P', 'prob': 0.62109375}, {'token': 'U', 'prob': 0.376953125}]",2.86672729998827e-09,1.0459189070388675e-11,-0.3769531221332727,-0.6210937499895408,,
56,U,,,0,P,-0.9765625,0.376953125,0.62109375,False,,True,"In this task, you have to repeatedly choose between two slot machines labeled U and P.
You can choose a slot machine by pressing its corresponding key.When you select one of the machines, you will win 1 or 0 points.Your goal is to choose the slot machines that will give you the most points.You will receive feedback about the outcome after making a choice.
The environment may change unpredictably, and past success does not guarantee future results. You’ll need to adapt to these changes to keep finding the better machine.You will play 1 game in total, consisting of 100 trials. Game 1:You press <<P>> and get 1 points.
You press <<U>> and get 1 points.
You press <<P>> and get 0 points.
You press <<U>> and get 0 points.
You press <<U>> and get 1 points.
You press <<U>> and get 1 points.
You press <<U>> and get 1 points.
You press <<U>> and get 1 points.
You press <<P>> and get 0 points.
You press <<U>> and get 0 points.
You press <<P>> and get 1 points.
You press <<U>> and get 1 points.
You press <<P>> and get 0 points.
You press <<U>> and get 1 points.
You press <<P>> and get 1 points.
You press <<U>> and get 1 points.
You press <<U>> and get 1 points.
You press <<U>> and get 1 points.
You press <<U>> and get 1 points.
You press <<U>> and get 1 points.
You press <<U>> and get 1 points.
You press <<P>> and get 0 points.
You press <<U>> and get 1 points.
You press <<P>> and get 0 points.
You press <<U>> and get 1 points.
You press <<U>> and get 1 points.
You press <<U>> and get 1 points.
You press <<U>> and get 1 points.
You press <<U>> and get 1 points.
You press <<U>> and get 1 points.
You press <<U>> and get 1 points.
You press <<U>> and get 1 points.
You press <<U>> and get 1 points.
You press <<U>> and get 1 points.
You press <<U>> and get 1 points.
You press <<U>> and get 1 points.
You press <<U>> and get 1 points.
You press <<U>> and get 1 points.
You press <<U>> and get 1 points.
You press <<U>> and get 1 points.
You press <<U>> and get 1 points.
You press <<U>> and get 1 points.
You press <<U>> and get 1 points.
You press <<U>> and get 1 points.
You press <<U>> and get 1 points.
You press <<U>> and get 1 points.
You press <<U>> and get 1 points.
You press <<U>> and get 1 points.
You press <<U>> and get 1 points.
You press <<U>> and get 1 points.
You press <<U>> and get 1 points.
You press <<U>> and get 1 points.
You press <<U>> and get 0 points.
You press <<P>> and get 1 points.
You press <<U>> and get 0 points.
You press <<P>> and get 0 points.You press <<","[{'token': 'P', 'prob': 0.62109375}, {'token': 'U', 'prob': 0.376953125}]",0.73046875,0.26953125,0.353515625,-0.3515625,1,0
57,P,U,P,1,P,-0.060302734375,0.06005859375,0.94140625,True,"In this task, you have to repeatedly choose between two slot machines labeled U and P.
You can choose a slot machine by pressing its corresponding key.When you select one of the machines, you will win 1 or 0 points.Your goal is to choose the slot machines that will give you the most points.You will receive feedback about the outcome after making a choice.
The environment may change unpredictably, and past success does not guarantee future results. You’ll need to adapt to these changes to keep finding the better machine.You will play 1 game in total, consisting of 100 trials. Game 1:You press <<P>> and get 1 points.
You press <<U>> and get 1 points.
You press <<P>> and get 0 points.
You press <<U>> and get 0 points.
You press <<U>> and get 1 points.
You press <<U>> and get 1 points.
You press <<U>> and get 1 points.
You press <<U>> and get 1 points.
You press <<P>> and get 0 points.
You press <<U>> and get 0 points.
You press <<P>> and get 1 points.
You press <<U>> and get 1 points.
You press <<P>> and get 0 points.
You press <<U>> and get 1 points.
You press <<P>> and get 1 points.
You press <<U>> and get 1 points.
You press <<U>> and get 1 points.
You press <<U>> and get 1 points.
You press <<U>> and get 1 points.
You press <<U>> and get 1 points.
You press <<U>> and get 1 points.
You press <<P>> and get 0 points.
You press <<U>> and get 1 points.
You press <<P>> and get 0 points.
You press <<U>> and get 1 points.
You press <<U>> and get 1 points.
You press <<U>> and get 1 points.
You press <<U>> and get 1 points.
You press <<U>> and get 1 points.
You press <<U>> and get 1 points.
You press <<U>> and get 1 points.
You press <<U>> and get 1 points.
You press <<U>> and get 1 points.
You press <<U>> and get 1 points.
You press <<U>> and get 1 points.
You press <<U>> and get 1 points.
You press <<U>> and get 1 points.
You press <<U>> and get 1 points.
You press <<U>> and get 1 points.
You press <<U>> and get 1 points.
You press <<U>> and get 1 points.
You press <<U>> and get 1 points.
You press <<U>> and get 1 points.
You press <<U>> and get 1 points.
You press <<U>> and get 1 points.
You press <<U>> and get 1 points.
You press <<U>> and get 1 points.
You press <<U>> and get 1 points.
You press <<U>> and get 1 points.
You press <<U>> and get 1 points.
You press <<U>> and get 1 points.
You press <<U>> and get 1 points.
You press <<U>> and get 0 points.
You press <<P>> and get 1 points.
You press <<U>> and get 0 points.
You press <<P>> and get 1 points.
You press <<P>> and get 0 points.",False,,"[{'token': 'P', 'prob': 0.94140625}, {'token': 'U', 'prob': 0.06005859375}]",1.979060471057892e-09,1.3301360013429075e-11,-0.06005859177093953,-0.9414062499866986,,
57,P,,,1,P,-0.060302734375,0.06005859375,0.94140625,False,,True,"In this task, you have to repeatedly choose between two slot machines labeled U and P.
You can choose a slot machine by pressing its corresponding key.When you select one of the machines, you will win 1 or 0 points.Your goal is to choose the slot machines that will give you the most points.You will receive feedback about the outcome after making a choice.
The environment may change unpredictably, and past success does not guarantee future results. You’ll need to adapt to these changes to keep finding the better machine.You will play 1 game in total, consisting of 100 trials. Game 1:You press <<P>> and get 1 points.
You press <<U>> and get 1 points.
You press <<P>> and get 0 points.
You press <<U>> and get 0 points.
You press <<U>> and get 1 points.
You press <<U>> and get 1 points.
You press <<U>> and get 1 points.
You press <<U>> and get 1 points.
You press <<P>> and get 0 points.
You press <<U>> and get 0 points.
You press <<P>> and get 1 points.
You press <<U>> and get 1 points.
You press <<P>> and get 0 points.
You press <<U>> and get 1 points.
You press <<P>> and get 1 points.
You press <<U>> and get 1 points.
You press <<U>> and get 1 points.
You press <<U>> and get 1 points.
You press <<U>> and get 1 points.
You press <<U>> and get 1 points.
You press <<U>> and get 1 points.
You press <<P>> and get 0 points.
You press <<U>> and get 1 points.
You press <<P>> and get 0 points.
You press <<U>> and get 1 points.
You press <<U>> and get 1 points.
You press <<U>> and get 1 points.
You press <<U>> and get 1 points.
You press <<U>> and get 1 points.
You press <<U>> and get 1 points.
You press <<U>> and get 1 points.
You press <<U>> and get 1 points.
You press <<U>> and get 1 points.
You press <<U>> and get 1 points.
You press <<U>> and get 1 points.
You press <<U>> and get 1 points.
You press <<U>> and get 1 points.
You press <<U>> and get 1 points.
You press <<U>> and get 1 points.
You press <<U>> and get 1 points.
You press <<U>> and get 1 points.
You press <<U>> and get 1 points.
You press <<U>> and get 1 points.
You press <<U>> and get 1 points.
You press <<U>> and get 1 points.
You press <<U>> and get 1 points.
You press <<U>> and get 1 points.
You press <<U>> and get 1 points.
You press <<U>> and get 1 points.
You press <<U>> and get 1 points.
You press <<U>> and get 1 points.
You press <<U>> and get 1 points.
You press <<U>> and get 0 points.
You press <<P>> and get 1 points.
You press <<U>> and get 0 points.
You press <<P>> and get 1 points.
You press <<U>> and get 1 points.You press <<","[{'token': 'P', 'prob': 0.94140625}, {'token': 'U', 'prob': 0.06005859375}]",0.22265625,0.77734375,0.16259765625,-0.1640625,0,1
58,P,P,U,1,U,-0.9765625,0.62109375,0.376953125,True,"In this task, you have to repeatedly choose between two slot machines labeled U and P.
You can choose a slot machine by pressing its corresponding key.When you select one of the machines, you will win 1 or 0 points.Your goal is to choose the slot machines that will give you the most points.You will receive feedback about the outcome after making a choice.
The environment may change unpredictably, and past success does not guarantee future results. You’ll need to adapt to these changes to keep finding the better machine.You will play 1 game in total, consisting of 100 trials. Game 1:You press <<P>> and get 1 points.
You press <<U>> and get 1 points.
You press <<P>> and get 0 points.
You press <<U>> and get 0 points.
You press <<U>> and get 1 points.
You press <<U>> and get 1 points.
You press <<U>> and get 1 points.
You press <<U>> and get 1 points.
You press <<P>> and get 0 points.
You press <<U>> and get 0 points.
You press <<P>> and get 1 points.
You press <<U>> and get 1 points.
You press <<P>> and get 0 points.
You press <<U>> and get 1 points.
You press <<P>> and get 1 points.
You press <<U>> and get 1 points.
You press <<U>> and get 1 points.
You press <<U>> and get 1 points.
You press <<U>> and get 1 points.
You press <<U>> and get 1 points.
You press <<U>> and get 1 points.
You press <<P>> and get 0 points.
You press <<U>> and get 1 points.
You press <<P>> and get 0 points.
You press <<U>> and get 1 points.
You press <<U>> and get 1 points.
You press <<U>> and get 1 points.
You press <<U>> and get 1 points.
You press <<U>> and get 1 points.
You press <<U>> and get 1 points.
You press <<U>> and get 1 points.
You press <<U>> and get 1 points.
You press <<U>> and get 1 points.
You press <<U>> and get 1 points.
You press <<U>> and get 1 points.
You press <<U>> and get 1 points.
You press <<U>> and get 1 points.
You press <<U>> and get 1 points.
You press <<U>> and get 1 points.
You press <<U>> and get 1 points.
You press <<U>> and get 1 points.
You press <<U>> and get 1 points.
You press <<U>> and get 1 points.
You press <<U>> and get 1 points.
You press <<U>> and get 1 points.
You press <<U>> and get 1 points.
You press <<U>> and get 1 points.
You press <<U>> and get 1 points.
You press <<U>> and get 1 points.
You press <<U>> and get 1 points.
You press <<U>> and get 1 points.
You press <<U>> and get 1 points.
You press <<U>> and get 0 points.
You press <<P>> and get 1 points.
You press <<U>> and get 0 points.
You press <<P>> and get 1 points.
You press <<U>> and get 0 points.
You press <<U>> and get 1 points.",False,,"[{'token': 'U', 'prob': 0.62109375}, {'token': 'P', 'prob': 0.376953125}]",8.09086486697197e-09,3.728928277269006e-11,-0.6210937419091351,-0.3769531249627107,,
58,P,,,1,U,-0.9765625,0.62109375,0.376953125,False,,True,"In this task, you have to repeatedly choose between two slot machines labeled U and P.
You can choose a slot machine by pressing its corresponding key.When you select one of the machines, you will win 1 or 0 points.Your goal is to choose the slot machines that will give you the most points.You will receive feedback about the outcome after making a choice.
The environment may change unpredictably, and past success does not guarantee future results. You’ll need to adapt to these changes to keep finding the better machine.You will play 1 game in total, consisting of 100 trials. Game 1:You press <<P>> and get 1 points.
You press <<U>> and get 1 points.
You press <<P>> and get 0 points.
You press <<U>> and get 0 points.
You press <<U>> and get 1 points.
You press <<U>> and get 1 points.
You press <<U>> and get 1 points.
You press <<U>> and get 1 points.
You press <<P>> and get 0 points.
You press <<U>> and get 0 points.
You press <<P>> and get 1 points.
You press <<U>> and get 1 points.
You press <<P>> and get 0 points.
You press <<U>> and get 1 points.
You press <<P>> and get 1 points.
You press <<U>> and get 1 points.
You press <<U>> and get 1 points.
You press <<U>> and get 1 points.
You press <<U>> and get 1 points.
You press <<U>> and get 1 points.
You press <<U>> and get 1 points.
You press <<P>> and get 0 points.
You press <<U>> and get 1 points.
You press <<P>> and get 0 points.
You press <<U>> and get 1 points.
You press <<U>> and get 1 points.
You press <<U>> and get 1 points.
You press <<U>> and get 1 points.
You press <<U>> and get 1 points.
You press <<U>> and get 1 points.
You press <<U>> and get 1 points.
You press <<U>> and get 1 points.
You press <<U>> and get 1 points.
You press <<U>> and get 1 points.
You press <<U>> and get 1 points.
You press <<U>> and get 1 points.
You press <<U>> and get 1 points.
You press <<U>> and get 1 points.
You press <<U>> and get 1 points.
You press <<U>> and get 1 points.
You press <<U>> and get 1 points.
You press <<U>> and get 1 points.
You press <<U>> and get 1 points.
You press <<U>> and get 1 points.
You press <<U>> and get 1 points.
You press <<U>> and get 1 points.
You press <<U>> and get 1 points.
You press <<U>> and get 1 points.
You press <<U>> and get 1 points.
You press <<U>> and get 1 points.
You press <<U>> and get 1 points.
You press <<U>> and get 1 points.
You press <<U>> and get 0 points.
You press <<P>> and get 1 points.
You press <<U>> and get 0 points.
You press <<P>> and get 1 points.
You press <<U>> and get 0 points.
You press <<P>> and get 0 points.You press <<","[{'token': 'U', 'prob': 0.62109375}, {'token': 'P', 'prob': 0.376953125}]",0.73046875,0.26953125,0.109375,-0.107421875,1,0
59,P,P,U,1,P,-0.0771484375,0.07568359375,0.92578125,True,"In this task, you have to repeatedly choose between two slot machines labeled U and P.
You can choose a slot machine by pressing its corresponding key.When you select one of the machines, you will win 1 or 0 points.Your goal is to choose the slot machines that will give you the most points.You will receive feedback about the outcome after making a choice.
The environment may change unpredictably, and past success does not guarantee future results. You’ll need to adapt to these changes to keep finding the better machine.You will play 1 game in total, consisting of 100 trials. Game 1:You press <<P>> and get 1 points.
You press <<U>> and get 1 points.
You press <<P>> and get 0 points.
You press <<U>> and get 0 points.
You press <<U>> and get 1 points.
You press <<U>> and get 1 points.
You press <<U>> and get 1 points.
You press <<U>> and get 1 points.
You press <<P>> and get 0 points.
You press <<U>> and get 0 points.
You press <<P>> and get 1 points.
You press <<U>> and get 1 points.
You press <<P>> and get 0 points.
You press <<U>> and get 1 points.
You press <<P>> and get 1 points.
You press <<U>> and get 1 points.
You press <<U>> and get 1 points.
You press <<U>> and get 1 points.
You press <<U>> and get 1 points.
You press <<U>> and get 1 points.
You press <<U>> and get 1 points.
You press <<P>> and get 0 points.
You press <<U>> and get 1 points.
You press <<P>> and get 0 points.
You press <<U>> and get 1 points.
You press <<U>> and get 1 points.
You press <<U>> and get 1 points.
You press <<U>> and get 1 points.
You press <<U>> and get 1 points.
You press <<U>> and get 1 points.
You press <<U>> and get 1 points.
You press <<U>> and get 1 points.
You press <<U>> and get 1 points.
You press <<U>> and get 1 points.
You press <<U>> and get 1 points.
You press <<U>> and get 1 points.
You press <<U>> and get 1 points.
You press <<U>> and get 1 points.
You press <<U>> and get 1 points.
You press <<U>> and get 1 points.
You press <<U>> and get 1 points.
You press <<U>> and get 1 points.
You press <<U>> and get 1 points.
You press <<U>> and get 1 points.
You press <<U>> and get 1 points.
You press <<U>> and get 1 points.
You press <<U>> and get 1 points.
You press <<U>> and get 1 points.
You press <<U>> and get 1 points.
You press <<U>> and get 1 points.
You press <<U>> and get 1 points.
You press <<U>> and get 1 points.
You press <<U>> and get 0 points.
You press <<P>> and get 1 points.
You press <<U>> and get 0 points.
You press <<P>> and get 1 points.
You press <<U>> and get 0 points.
You press <<P>> and get 1 points.
You press <<U>> and get 1 points.",False,,"[{'token': 'P', 'prob': 0.92578125}, {'token': 'U', 'prob': 0.07568359375}]",6.1409082263708115e-09,8.594724931754172e-11,-0.07568358760909177,-0.9257812499140528,,
59,P,,,1,P,-0.0771484375,0.07568359375,0.92578125,False,,True,"In this task, you have to repeatedly choose between two slot machines labeled U and P.
You can choose a slot machine by pressing its corresponding key.When you select one of the machines, you will win 1 or 0 points.Your goal is to choose the slot machines that will give you the most points.You will receive feedback about the outcome after making a choice.
The environment may change unpredictably, and past success does not guarantee future results. You’ll need to adapt to these changes to keep finding the better machine.You will play 1 game in total, consisting of 100 trials. Game 1:You press <<P>> and get 1 points.
You press <<U>> and get 1 points.
You press <<P>> and get 0 points.
You press <<U>> and get 0 points.
You press <<U>> and get 1 points.
You press <<U>> and get 1 points.
You press <<U>> and get 1 points.
You press <<U>> and get 1 points.
You press <<P>> and get 0 points.
You press <<U>> and get 0 points.
You press <<P>> and get 1 points.
You press <<U>> and get 1 points.
You press <<P>> and get 0 points.
You press <<U>> and get 1 points.
You press <<P>> and get 1 points.
You press <<U>> and get 1 points.
You press <<U>> and get 1 points.
You press <<U>> and get 1 points.
You press <<U>> and get 1 points.
You press <<U>> and get 1 points.
You press <<U>> and get 1 points.
You press <<P>> and get 0 points.
You press <<U>> and get 1 points.
You press <<P>> and get 0 points.
You press <<U>> and get 1 points.
You press <<U>> and get 1 points.
You press <<U>> and get 1 points.
You press <<U>> and get 1 points.
You press <<U>> and get 1 points.
You press <<U>> and get 1 points.
You press <<U>> and get 1 points.
You press <<U>> and get 1 points.
You press <<U>> and get 1 points.
You press <<U>> and get 1 points.
You press <<U>> and get 1 points.
You press <<U>> and get 1 points.
You press <<U>> and get 1 points.
You press <<U>> and get 1 points.
You press <<U>> and get 1 points.
You press <<U>> and get 1 points.
You press <<U>> and get 1 points.
You press <<U>> and get 1 points.
You press <<U>> and get 1 points.
You press <<U>> and get 1 points.
You press <<U>> and get 1 points.
You press <<U>> and get 1 points.
You press <<U>> and get 1 points.
You press <<U>> and get 1 points.
You press <<U>> and get 1 points.
You press <<U>> and get 1 points.
You press <<U>> and get 1 points.
You press <<U>> and get 1 points.
You press <<U>> and get 0 points.
You press <<P>> and get 1 points.
You press <<U>> and get 0 points.
You press <<P>> and get 1 points.
You press <<U>> and get 0 points.
You press <<P>> and get 1 points.
You press <<P>> and get 0 points.You press <<","[{'token': 'P', 'prob': 0.92578125}, {'token': 'U', 'prob': 0.07568359375}]",0.62109375,0.376953125,0.54541015625,-0.548828125,1,0
60,P,P,U,1,P,-0.048095703125,0.04736328125,0.953125,True,"In this task, you have to repeatedly choose between two slot machines labeled U and P.
You can choose a slot machine by pressing its corresponding key.When you select one of the machines, you will win 1 or 0 points.Your goal is to choose the slot machines that will give you the most points.You will receive feedback about the outcome after making a choice.
The environment may change unpredictably, and past success does not guarantee future results. You’ll need to adapt to these changes to keep finding the better machine.You will play 1 game in total, consisting of 100 trials. Game 1:You press <<P>> and get 1 points.
You press <<U>> and get 1 points.
You press <<P>> and get 0 points.
You press <<U>> and get 0 points.
You press <<U>> and get 1 points.
You press <<U>> and get 1 points.
You press <<U>> and get 1 points.
You press <<U>> and get 1 points.
You press <<P>> and get 0 points.
You press <<U>> and get 0 points.
You press <<P>> and get 1 points.
You press <<U>> and get 1 points.
You press <<P>> and get 0 points.
You press <<U>> and get 1 points.
You press <<P>> and get 1 points.
You press <<U>> and get 1 points.
You press <<U>> and get 1 points.
You press <<U>> and get 1 points.
You press <<U>> and get 1 points.
You press <<U>> and get 1 points.
You press <<U>> and get 1 points.
You press <<P>> and get 0 points.
You press <<U>> and get 1 points.
You press <<P>> and get 0 points.
You press <<U>> and get 1 points.
You press <<U>> and get 1 points.
You press <<U>> and get 1 points.
You press <<U>> and get 1 points.
You press <<U>> and get 1 points.
You press <<U>> and get 1 points.
You press <<U>> and get 1 points.
You press <<U>> and get 1 points.
You press <<U>> and get 1 points.
You press <<U>> and get 1 points.
You press <<U>> and get 1 points.
You press <<U>> and get 1 points.
You press <<U>> and get 1 points.
You press <<U>> and get 1 points.
You press <<U>> and get 1 points.
You press <<U>> and get 1 points.
You press <<U>> and get 1 points.
You press <<U>> and get 1 points.
You press <<U>> and get 1 points.
You press <<U>> and get 1 points.
You press <<U>> and get 1 points.
You press <<U>> and get 1 points.
You press <<U>> and get 1 points.
You press <<U>> and get 1 points.
You press <<U>> and get 1 points.
You press <<U>> and get 1 points.
You press <<U>> and get 1 points.
You press <<U>> and get 1 points.
You press <<U>> and get 0 points.
You press <<P>> and get 1 points.
You press <<U>> and get 0 points.
You press <<P>> and get 1 points.
You press <<U>> and get 0 points.
You press <<P>> and get 1 points.
You press <<P>> and get 1 points.
You press <<U>> and get 1 points.",False,,"[{'token': 'P', 'prob': 0.953125}, {'token': 'U', 'prob': 0.04736328125}]",1.909211277961731e-08,2.8194335754960775e-10,-0.04736326215788722,-0.9531249997180566,,
60,P,,,1,P,-0.048095703125,0.04736328125,0.953125,False,,True,"In this task, you have to repeatedly choose between two slot machines labeled U and P.
You can choose a slot machine by pressing its corresponding key.When you select one of the machines, you will win 1 or 0 points.Your goal is to choose the slot machines that will give you the most points.You will receive feedback about the outcome after making a choice.
The environment may change unpredictably, and past success does not guarantee future results. You’ll need to adapt to these changes to keep finding the better machine.You will play 1 game in total, consisting of 100 trials. Game 1:You press <<P>> and get 1 points.
You press <<U>> and get 1 points.
You press <<P>> and get 0 points.
You press <<U>> and get 0 points.
You press <<U>> and get 1 points.
You press <<U>> and get 1 points.
You press <<U>> and get 1 points.
You press <<U>> and get 1 points.
You press <<P>> and get 0 points.
You press <<U>> and get 0 points.
You press <<P>> and get 1 points.
You press <<U>> and get 1 points.
You press <<P>> and get 0 points.
You press <<U>> and get 1 points.
You press <<P>> and get 1 points.
You press <<U>> and get 1 points.
You press <<U>> and get 1 points.
You press <<U>> and get 1 points.
You press <<U>> and get 1 points.
You press <<U>> and get 1 points.
You press <<U>> and get 1 points.
You press <<P>> and get 0 points.
You press <<U>> and get 1 points.
You press <<P>> and get 0 points.
You press <<U>> and get 1 points.
You press <<U>> and get 1 points.
You press <<U>> and get 1 points.
You press <<U>> and get 1 points.
You press <<U>> and get 1 points.
You press <<U>> and get 1 points.
You press <<U>> and get 1 points.
You press <<U>> and get 1 points.
You press <<U>> and get 1 points.
You press <<U>> and get 1 points.
You press <<U>> and get 1 points.
You press <<U>> and get 1 points.
You press <<U>> and get 1 points.
You press <<U>> and get 1 points.
You press <<U>> and get 1 points.
You press <<U>> and get 1 points.
You press <<U>> and get 1 points.
You press <<U>> and get 1 points.
You press <<U>> and get 1 points.
You press <<U>> and get 1 points.
You press <<U>> and get 1 points.
You press <<U>> and get 1 points.
You press <<U>> and get 1 points.
You press <<U>> and get 1 points.
You press <<U>> and get 1 points.
You press <<U>> and get 1 points.
You press <<U>> and get 1 points.
You press <<U>> and get 1 points.
You press <<U>> and get 0 points.
You press <<P>> and get 1 points.
You press <<U>> and get 0 points.
You press <<P>> and get 1 points.
You press <<U>> and get 0 points.
You press <<P>> and get 1 points.
You press <<P>> and get 1 points.
You press <<P>> and get 0 points.You press <<","[{'token': 'P', 'prob': 0.953125}, {'token': 'U', 'prob': 0.04736328125}]",0.5625,0.4375,0.51513671875,-0.515625,1,0
61,P,P,U,1,P,-0.03173828125,0.029296875,0.96875,True,"In this task, you have to repeatedly choose between two slot machines labeled U and P.
You can choose a slot machine by pressing its corresponding key.When you select one of the machines, you will win 1 or 0 points.Your goal is to choose the slot machines that will give you the most points.You will receive feedback about the outcome after making a choice.
The environment may change unpredictably, and past success does not guarantee future results. You’ll need to adapt to these changes to keep finding the better machine.You will play 1 game in total, consisting of 100 trials. Game 1:You press <<P>> and get 1 points.
You press <<U>> and get 1 points.
You press <<P>> and get 0 points.
You press <<U>> and get 0 points.
You press <<U>> and get 1 points.
You press <<U>> and get 1 points.
You press <<U>> and get 1 points.
You press <<U>> and get 1 points.
You press <<P>> and get 0 points.
You press <<U>> and get 0 points.
You press <<P>> and get 1 points.
You press <<U>> and get 1 points.
You press <<P>> and get 0 points.
You press <<U>> and get 1 points.
You press <<P>> and get 1 points.
You press <<U>> and get 1 points.
You press <<U>> and get 1 points.
You press <<U>> and get 1 points.
You press <<U>> and get 1 points.
You press <<U>> and get 1 points.
You press <<U>> and get 1 points.
You press <<P>> and get 0 points.
You press <<U>> and get 1 points.
You press <<P>> and get 0 points.
You press <<U>> and get 1 points.
You press <<U>> and get 1 points.
You press <<U>> and get 1 points.
You press <<U>> and get 1 points.
You press <<U>> and get 1 points.
You press <<U>> and get 1 points.
You press <<U>> and get 1 points.
You press <<U>> and get 1 points.
You press <<U>> and get 1 points.
You press <<U>> and get 1 points.
You press <<U>> and get 1 points.
You press <<U>> and get 1 points.
You press <<U>> and get 1 points.
You press <<U>> and get 1 points.
You press <<U>> and get 1 points.
You press <<U>> and get 1 points.
You press <<U>> and get 1 points.
You press <<U>> and get 1 points.
You press <<U>> and get 1 points.
You press <<U>> and get 1 points.
You press <<U>> and get 1 points.
You press <<U>> and get 1 points.
You press <<U>> and get 1 points.
You press <<U>> and get 1 points.
You press <<U>> and get 1 points.
You press <<U>> and get 1 points.
You press <<U>> and get 1 points.
You press <<U>> and get 1 points.
You press <<U>> and get 0 points.
You press <<P>> and get 1 points.
You press <<U>> and get 0 points.
You press <<P>> and get 1 points.
You press <<U>> and get 0 points.
You press <<P>> and get 1 points.
You press <<P>> and get 1 points.
You press <<P>> and get 1 points.
You press <<U>> and get 1 points.",False,,"[{'token': 'P', 'prob': 0.96875}, {'token': 'U', 'prob': 0.029296875}]",1.9441358745098114e-08,2.2919266484677792e-10,-0.029296855558641255,-0.9687499997708073,,
61,P,,,1,P,-0.03173828125,0.029296875,0.96875,False,,True,"In this task, you have to repeatedly choose between two slot machines labeled U and P.
You can choose a slot machine by pressing its corresponding key.When you select one of the machines, you will win 1 or 0 points.Your goal is to choose the slot machines that will give you the most points.You will receive feedback about the outcome after making a choice.
The environment may change unpredictably, and past success does not guarantee future results. You’ll need to adapt to these changes to keep finding the better machine.You will play 1 game in total, consisting of 100 trials. Game 1:You press <<P>> and get 1 points.
You press <<U>> and get 1 points.
You press <<P>> and get 0 points.
You press <<U>> and get 0 points.
You press <<U>> and get 1 points.
You press <<U>> and get 1 points.
You press <<U>> and get 1 points.
You press <<U>> and get 1 points.
You press <<P>> and get 0 points.
You press <<U>> and get 0 points.
You press <<P>> and get 1 points.
You press <<U>> and get 1 points.
You press <<P>> and get 0 points.
You press <<U>> and get 1 points.
You press <<P>> and get 1 points.
You press <<U>> and get 1 points.
You press <<U>> and get 1 points.
You press <<U>> and get 1 points.
You press <<U>> and get 1 points.
You press <<U>> and get 1 points.
You press <<U>> and get 1 points.
You press <<P>> and get 0 points.
You press <<U>> and get 1 points.
You press <<P>> and get 0 points.
You press <<U>> and get 1 points.
You press <<U>> and get 1 points.
You press <<U>> and get 1 points.
You press <<U>> and get 1 points.
You press <<U>> and get 1 points.
You press <<U>> and get 1 points.
You press <<U>> and get 1 points.
You press <<U>> and get 1 points.
You press <<U>> and get 1 points.
You press <<U>> and get 1 points.
You press <<U>> and get 1 points.
You press <<U>> and get 1 points.
You press <<U>> and get 1 points.
You press <<U>> and get 1 points.
You press <<U>> and get 1 points.
You press <<U>> and get 1 points.
You press <<U>> and get 1 points.
You press <<U>> and get 1 points.
You press <<U>> and get 1 points.
You press <<U>> and get 1 points.
You press <<U>> and get 1 points.
You press <<U>> and get 1 points.
You press <<U>> and get 1 points.
You press <<U>> and get 1 points.
You press <<U>> and get 1 points.
You press <<U>> and get 1 points.
You press <<U>> and get 1 points.
You press <<U>> and get 1 points.
You press <<U>> and get 0 points.
You press <<P>> and get 1 points.
You press <<U>> and get 0 points.
You press <<P>> and get 1 points.
You press <<U>> and get 0 points.
You press <<P>> and get 1 points.
You press <<P>> and get 1 points.
You press <<P>> and get 1 points.
You press <<P>> and get 0 points.You press <<","[{'token': 'P', 'prob': 0.96875}, {'token': 'U', 'prob': 0.029296875}]",0.5625,0.4375,0.533203125,-0.53125,1,0
62,P,P,U,1,P,-0.03173828125,0.029296875,0.96875,True,"In this task, you have to repeatedly choose between two slot machines labeled U and P.
You can choose a slot machine by pressing its corresponding key.When you select one of the machines, you will win 1 or 0 points.Your goal is to choose the slot machines that will give you the most points.You will receive feedback about the outcome after making a choice.
The environment may change unpredictably, and past success does not guarantee future results. You’ll need to adapt to these changes to keep finding the better machine.You will play 1 game in total, consisting of 100 trials. Game 1:You press <<P>> and get 1 points.
You press <<U>> and get 1 points.
You press <<P>> and get 0 points.
You press <<U>> and get 0 points.
You press <<U>> and get 1 points.
You press <<U>> and get 1 points.
You press <<U>> and get 1 points.
You press <<U>> and get 1 points.
You press <<P>> and get 0 points.
You press <<U>> and get 0 points.
You press <<P>> and get 1 points.
You press <<U>> and get 1 points.
You press <<P>> and get 0 points.
You press <<U>> and get 1 points.
You press <<P>> and get 1 points.
You press <<U>> and get 1 points.
You press <<U>> and get 1 points.
You press <<U>> and get 1 points.
You press <<U>> and get 1 points.
You press <<U>> and get 1 points.
You press <<U>> and get 1 points.
You press <<P>> and get 0 points.
You press <<U>> and get 1 points.
You press <<P>> and get 0 points.
You press <<U>> and get 1 points.
You press <<U>> and get 1 points.
You press <<U>> and get 1 points.
You press <<U>> and get 1 points.
You press <<U>> and get 1 points.
You press <<U>> and get 1 points.
You press <<U>> and get 1 points.
You press <<U>> and get 1 points.
You press <<U>> and get 1 points.
You press <<U>> and get 1 points.
You press <<U>> and get 1 points.
You press <<U>> and get 1 points.
You press <<U>> and get 1 points.
You press <<U>> and get 1 points.
You press <<U>> and get 1 points.
You press <<U>> and get 1 points.
You press <<U>> and get 1 points.
You press <<U>> and get 1 points.
You press <<U>> and get 1 points.
You press <<U>> and get 1 points.
You press <<U>> and get 1 points.
You press <<U>> and get 1 points.
You press <<U>> and get 1 points.
You press <<U>> and get 1 points.
You press <<U>> and get 1 points.
You press <<U>> and get 1 points.
You press <<U>> and get 1 points.
You press <<U>> and get 1 points.
You press <<U>> and get 0 points.
You press <<P>> and get 1 points.
You press <<U>> and get 0 points.
You press <<P>> and get 1 points.
You press <<U>> and get 0 points.
You press <<P>> and get 1 points.
You press <<P>> and get 1 points.
You press <<P>> and get 1 points.
You press <<P>> and get 1 points.
You press <<U>> and get 1 points.",False,,"[{'token': 'P', 'prob': 0.96875}, {'token': 'U', 'prob': 0.029296875}]",2.421438694000244e-08,2.6921043172478676e-10,-0.02929685078561306,-0.9687499997307896,,
62,P,,,1,P,-0.03173828125,0.029296875,0.96875,False,,True,"In this task, you have to repeatedly choose between two slot machines labeled U and P.
You can choose a slot machine by pressing its corresponding key.When you select one of the machines, you will win 1 or 0 points.Your goal is to choose the slot machines that will give you the most points.You will receive feedback about the outcome after making a choice.
The environment may change unpredictably, and past success does not guarantee future results. You’ll need to adapt to these changes to keep finding the better machine.You will play 1 game in total, consisting of 100 trials. Game 1:You press <<P>> and get 1 points.
You press <<U>> and get 1 points.
You press <<P>> and get 0 points.
You press <<U>> and get 0 points.
You press <<U>> and get 1 points.
You press <<U>> and get 1 points.
You press <<U>> and get 1 points.
You press <<U>> and get 1 points.
You press <<P>> and get 0 points.
You press <<U>> and get 0 points.
You press <<P>> and get 1 points.
You press <<U>> and get 1 points.
You press <<P>> and get 0 points.
You press <<U>> and get 1 points.
You press <<P>> and get 1 points.
You press <<U>> and get 1 points.
You press <<U>> and get 1 points.
You press <<U>> and get 1 points.
You press <<U>> and get 1 points.
You press <<U>> and get 1 points.
You press <<U>> and get 1 points.
You press <<P>> and get 0 points.
You press <<U>> and get 1 points.
You press <<P>> and get 0 points.
You press <<U>> and get 1 points.
You press <<U>> and get 1 points.
You press <<U>> and get 1 points.
You press <<U>> and get 1 points.
You press <<U>> and get 1 points.
You press <<U>> and get 1 points.
You press <<U>> and get 1 points.
You press <<U>> and get 1 points.
You press <<U>> and get 1 points.
You press <<U>> and get 1 points.
You press <<U>> and get 1 points.
You press <<U>> and get 1 points.
You press <<U>> and get 1 points.
You press <<U>> and get 1 points.
You press <<U>> and get 1 points.
You press <<U>> and get 1 points.
You press <<U>> and get 1 points.
You press <<U>> and get 1 points.
You press <<U>> and get 1 points.
You press <<U>> and get 1 points.
You press <<U>> and get 1 points.
You press <<U>> and get 1 points.
You press <<U>> and get 1 points.
You press <<U>> and get 1 points.
You press <<U>> and get 1 points.
You press <<U>> and get 1 points.
You press <<U>> and get 1 points.
You press <<U>> and get 1 points.
You press <<U>> and get 0 points.
You press <<P>> and get 1 points.
You press <<U>> and get 0 points.
You press <<P>> and get 1 points.
You press <<U>> and get 0 points.
You press <<P>> and get 1 points.
You press <<P>> and get 1 points.
You press <<P>> and get 1 points.
You press <<P>> and get 1 points.
You press <<P>> and get 0 points.You press <<","[{'token': 'P', 'prob': 0.96875}, {'token': 'U', 'prob': 0.029296875}]",0.5625,0.4375,0.533203125,-0.53125,1,0
63,P,P,U,1,P,-0.03173828125,0.029296875,0.96875,True,"In this task, you have to repeatedly choose between two slot machines labeled U and P.
You can choose a slot machine by pressing its corresponding key.When you select one of the machines, you will win 1 or 0 points.Your goal is to choose the slot machines that will give you the most points.You will receive feedback about the outcome after making a choice.
The environment may change unpredictably, and past success does not guarantee future results. You’ll need to adapt to these changes to keep finding the better machine.You will play 1 game in total, consisting of 100 trials. Game 1:You press <<P>> and get 1 points.
You press <<U>> and get 1 points.
You press <<P>> and get 0 points.
You press <<U>> and get 0 points.
You press <<U>> and get 1 points.
You press <<U>> and get 1 points.
You press <<U>> and get 1 points.
You press <<U>> and get 1 points.
You press <<P>> and get 0 points.
You press <<U>> and get 0 points.
You press <<P>> and get 1 points.
You press <<U>> and get 1 points.
You press <<P>> and get 0 points.
You press <<U>> and get 1 points.
You press <<P>> and get 1 points.
You press <<U>> and get 1 points.
You press <<U>> and get 1 points.
You press <<U>> and get 1 points.
You press <<U>> and get 1 points.
You press <<U>> and get 1 points.
You press <<U>> and get 1 points.
You press <<P>> and get 0 points.
You press <<U>> and get 1 points.
You press <<P>> and get 0 points.
You press <<U>> and get 1 points.
You press <<U>> and get 1 points.
You press <<U>> and get 1 points.
You press <<U>> and get 1 points.
You press <<U>> and get 1 points.
You press <<U>> and get 1 points.
You press <<U>> and get 1 points.
You press <<U>> and get 1 points.
You press <<U>> and get 1 points.
You press <<U>> and get 1 points.
You press <<U>> and get 1 points.
You press <<U>> and get 1 points.
You press <<U>> and get 1 points.
You press <<U>> and get 1 points.
You press <<U>> and get 1 points.
You press <<U>> and get 1 points.
You press <<U>> and get 1 points.
You press <<U>> and get 1 points.
You press <<U>> and get 1 points.
You press <<U>> and get 1 points.
You press <<U>> and get 1 points.
You press <<U>> and get 1 points.
You press <<U>> and get 1 points.
You press <<U>> and get 1 points.
You press <<U>> and get 1 points.
You press <<U>> and get 1 points.
You press <<U>> and get 1 points.
You press <<U>> and get 1 points.
You press <<U>> and get 0 points.
You press <<P>> and get 1 points.
You press <<U>> and get 0 points.
You press <<P>> and get 1 points.
You press <<U>> and get 0 points.
You press <<P>> and get 1 points.
You press <<P>> and get 1 points.
You press <<P>> and get 1 points.
You press <<P>> and get 1 points.
You press <<P>> and get 1 points.
You press <<U>> and get 1 points.",False,,"[{'token': 'P', 'prob': 0.96875}, {'token': 'U', 'prob': 0.029296875}]",2.782326191663742e-08,2.8194335754960775e-10,-0.029296847176738083,-0.9687499997180566,,
63,P,,,1,P,-0.03173828125,0.029296875,0.96875,False,,True,"In this task, you have to repeatedly choose between two slot machines labeled U and P.
You can choose a slot machine by pressing its corresponding key.When you select one of the machines, you will win 1 or 0 points.Your goal is to choose the slot machines that will give you the most points.You will receive feedback about the outcome after making a choice.
The environment may change unpredictably, and past success does not guarantee future results. You’ll need to adapt to these changes to keep finding the better machine.You will play 1 game in total, consisting of 100 trials. Game 1:You press <<P>> and get 1 points.
You press <<U>> and get 1 points.
You press <<P>> and get 0 points.
You press <<U>> and get 0 points.
You press <<U>> and get 1 points.
You press <<U>> and get 1 points.
You press <<U>> and get 1 points.
You press <<U>> and get 1 points.
You press <<P>> and get 0 points.
You press <<U>> and get 0 points.
You press <<P>> and get 1 points.
You press <<U>> and get 1 points.
You press <<P>> and get 0 points.
You press <<U>> and get 1 points.
You press <<P>> and get 1 points.
You press <<U>> and get 1 points.
You press <<U>> and get 1 points.
You press <<U>> and get 1 points.
You press <<U>> and get 1 points.
You press <<U>> and get 1 points.
You press <<U>> and get 1 points.
You press <<P>> and get 0 points.
You press <<U>> and get 1 points.
You press <<P>> and get 0 points.
You press <<U>> and get 1 points.
You press <<U>> and get 1 points.
You press <<U>> and get 1 points.
You press <<U>> and get 1 points.
You press <<U>> and get 1 points.
You press <<U>> and get 1 points.
You press <<U>> and get 1 points.
You press <<U>> and get 1 points.
You press <<U>> and get 1 points.
You press <<U>> and get 1 points.
You press <<U>> and get 1 points.
You press <<U>> and get 1 points.
You press <<U>> and get 1 points.
You press <<U>> and get 1 points.
You press <<U>> and get 1 points.
You press <<U>> and get 1 points.
You press <<U>> and get 1 points.
You press <<U>> and get 1 points.
You press <<U>> and get 1 points.
You press <<U>> and get 1 points.
You press <<U>> and get 1 points.
You press <<U>> and get 1 points.
You press <<U>> and get 1 points.
You press <<U>> and get 1 points.
You press <<U>> and get 1 points.
You press <<U>> and get 1 points.
You press <<U>> and get 1 points.
You press <<U>> and get 1 points.
You press <<U>> and get 0 points.
You press <<P>> and get 1 points.
You press <<U>> and get 0 points.
You press <<P>> and get 1 points.
You press <<U>> and get 0 points.
You press <<P>> and get 1 points.
You press <<P>> and get 1 points.
You press <<P>> and get 1 points.
You press <<P>> and get 1 points.
You press <<P>> and get 1 points.
You press <<P>> and get 0 points.You press <<","[{'token': 'P', 'prob': 0.96875}, {'token': 'U', 'prob': 0.029296875}]",0.5625,0.4375,0.533203125,-0.53125,1,0
64,P,P,U,1,P,-0.023681640625,0.02294921875,0.9765625,True,"In this task, you have to repeatedly choose between two slot machines labeled U and P.
You can choose a slot machine by pressing its corresponding key.When you select one of the machines, you will win 1 or 0 points.Your goal is to choose the slot machines that will give you the most points.You will receive feedback about the outcome after making a choice.
The environment may change unpredictably, and past success does not guarantee future results. You’ll need to adapt to these changes to keep finding the better machine.You will play 1 game in total, consisting of 100 trials. Game 1:You press <<P>> and get 1 points.
You press <<U>> and get 1 points.
You press <<P>> and get 0 points.
You press <<U>> and get 0 points.
You press <<U>> and get 1 points.
You press <<U>> and get 1 points.
You press <<U>> and get 1 points.
You press <<U>> and get 1 points.
You press <<P>> and get 0 points.
You press <<U>> and get 0 points.
You press <<P>> and get 1 points.
You press <<U>> and get 1 points.
You press <<P>> and get 0 points.
You press <<U>> and get 1 points.
You press <<P>> and get 1 points.
You press <<U>> and get 1 points.
You press <<U>> and get 1 points.
You press <<U>> and get 1 points.
You press <<U>> and get 1 points.
You press <<U>> and get 1 points.
You press <<U>> and get 1 points.
You press <<P>> and get 0 points.
You press <<U>> and get 1 points.
You press <<P>> and get 0 points.
You press <<U>> and get 1 points.
You press <<U>> and get 1 points.
You press <<U>> and get 1 points.
You press <<U>> and get 1 points.
You press <<U>> and get 1 points.
You press <<U>> and get 1 points.
You press <<U>> and get 1 points.
You press <<U>> and get 1 points.
You press <<U>> and get 1 points.
You press <<U>> and get 1 points.
You press <<U>> and get 1 points.
You press <<U>> and get 1 points.
You press <<U>> and get 1 points.
You press <<U>> and get 1 points.
You press <<U>> and get 1 points.
You press <<U>> and get 1 points.
You press <<U>> and get 1 points.
You press <<U>> and get 1 points.
You press <<U>> and get 1 points.
You press <<U>> and get 1 points.
You press <<U>> and get 1 points.
You press <<U>> and get 1 points.
You press <<U>> and get 1 points.
You press <<U>> and get 1 points.
You press <<U>> and get 1 points.
You press <<U>> and get 1 points.
You press <<U>> and get 1 points.
You press <<U>> and get 1 points.
You press <<U>> and get 0 points.
You press <<P>> and get 1 points.
You press <<U>> and get 0 points.
You press <<P>> and get 1 points.
You press <<U>> and get 0 points.
You press <<P>> and get 1 points.
You press <<P>> and get 1 points.
You press <<P>> and get 1 points.
You press <<P>> and get 1 points.
You press <<P>> and get 1 points.
You press <<P>> and get 1 points.
You press <<U>> and get 1 points.",False,,"[{'token': 'P', 'prob': 0.9765625}, {'token': 'U', 'prob': 0.02294921875}]",5.774199962615967e-08,5.820766091346741e-10,-0.022949161008000374,-0.9765624994179234,,
64,P,,,1,P,-0.023681640625,0.02294921875,0.9765625,False,,True,"In this task, you have to repeatedly choose between two slot machines labeled U and P.
You can choose a slot machine by pressing its corresponding key.When you select one of the machines, you will win 1 or 0 points.Your goal is to choose the slot machines that will give you the most points.You will receive feedback about the outcome after making a choice.
The environment may change unpredictably, and past success does not guarantee future results. You’ll need to adapt to these changes to keep finding the better machine.You will play 1 game in total, consisting of 100 trials. Game 1:You press <<P>> and get 1 points.
You press <<U>> and get 1 points.
You press <<P>> and get 0 points.
You press <<U>> and get 0 points.
You press <<U>> and get 1 points.
You press <<U>> and get 1 points.
You press <<U>> and get 1 points.
You press <<U>> and get 1 points.
You press <<P>> and get 0 points.
You press <<U>> and get 0 points.
You press <<P>> and get 1 points.
You press <<U>> and get 1 points.
You press <<P>> and get 0 points.
You press <<U>> and get 1 points.
You press <<P>> and get 1 points.
You press <<U>> and get 1 points.
You press <<U>> and get 1 points.
You press <<U>> and get 1 points.
You press <<U>> and get 1 points.
You press <<U>> and get 1 points.
You press <<U>> and get 1 points.
You press <<P>> and get 0 points.
You press <<U>> and get 1 points.
You press <<P>> and get 0 points.
You press <<U>> and get 1 points.
You press <<U>> and get 1 points.
You press <<U>> and get 1 points.
You press <<U>> and get 1 points.
You press <<U>> and get 1 points.
You press <<U>> and get 1 points.
You press <<U>> and get 1 points.
You press <<U>> and get 1 points.
You press <<U>> and get 1 points.
You press <<U>> and get 1 points.
You press <<U>> and get 1 points.
You press <<U>> and get 1 points.
You press <<U>> and get 1 points.
You press <<U>> and get 1 points.
You press <<U>> and get 1 points.
You press <<U>> and get 1 points.
You press <<U>> and get 1 points.
You press <<U>> and get 1 points.
You press <<U>> and get 1 points.
You press <<U>> and get 1 points.
You press <<U>> and get 1 points.
You press <<U>> and get 1 points.
You press <<U>> and get 1 points.
You press <<U>> and get 1 points.
You press <<U>> and get 1 points.
You press <<U>> and get 1 points.
You press <<U>> and get 1 points.
You press <<U>> and get 1 points.
You press <<U>> and get 0 points.
You press <<P>> and get 1 points.
You press <<U>> and get 0 points.
You press <<P>> and get 1 points.
You press <<U>> and get 0 points.
You press <<P>> and get 1 points.
You press <<P>> and get 1 points.
You press <<P>> and get 1 points.
You press <<P>> and get 1 points.
You press <<P>> and get 1 points.
You press <<P>> and get 1 points.
You press <<P>> and get 0 points.You press <<","[{'token': 'P', 'prob': 0.9765625}, {'token': 'U', 'prob': 0.02294921875}]",0.5625,0.4375,0.53955078125,-0.5390625,1,0
65,P,P,U,1,P,-0.023681640625,0.02294921875,0.9765625,True,"In this task, you have to repeatedly choose between two slot machines labeled U and P.
You can choose a slot machine by pressing its corresponding key.When you select one of the machines, you will win 1 or 0 points.Your goal is to choose the slot machines that will give you the most points.You will receive feedback about the outcome after making a choice.
The environment may change unpredictably, and past success does not guarantee future results. You’ll need to adapt to these changes to keep finding the better machine.You will play 1 game in total, consisting of 100 trials. Game 1:You press <<P>> and get 1 points.
You press <<U>> and get 1 points.
You press <<P>> and get 0 points.
You press <<U>> and get 0 points.
You press <<U>> and get 1 points.
You press <<U>> and get 1 points.
You press <<U>> and get 1 points.
You press <<U>> and get 1 points.
You press <<P>> and get 0 points.
You press <<U>> and get 0 points.
You press <<P>> and get 1 points.
You press <<U>> and get 1 points.
You press <<P>> and get 0 points.
You press <<U>> and get 1 points.
You press <<P>> and get 1 points.
You press <<U>> and get 1 points.
You press <<U>> and get 1 points.
You press <<U>> and get 1 points.
You press <<U>> and get 1 points.
You press <<U>> and get 1 points.
You press <<U>> and get 1 points.
You press <<P>> and get 0 points.
You press <<U>> and get 1 points.
You press <<P>> and get 0 points.
You press <<U>> and get 1 points.
You press <<U>> and get 1 points.
You press <<U>> and get 1 points.
You press <<U>> and get 1 points.
You press <<U>> and get 1 points.
You press <<U>> and get 1 points.
You press <<U>> and get 1 points.
You press <<U>> and get 1 points.
You press <<U>> and get 1 points.
You press <<U>> and get 1 points.
You press <<U>> and get 1 points.
You press <<U>> and get 1 points.
You press <<U>> and get 1 points.
You press <<U>> and get 1 points.
You press <<U>> and get 1 points.
You press <<U>> and get 1 points.
You press <<U>> and get 1 points.
You press <<U>> and get 1 points.
You press <<U>> and get 1 points.
You press <<U>> and get 1 points.
You press <<U>> and get 1 points.
You press <<U>> and get 1 points.
You press <<U>> and get 1 points.
You press <<U>> and get 1 points.
You press <<U>> and get 1 points.
You press <<U>> and get 1 points.
You press <<U>> and get 1 points.
You press <<U>> and get 1 points.
You press <<U>> and get 0 points.
You press <<P>> and get 1 points.
You press <<U>> and get 0 points.
You press <<P>> and get 1 points.
You press <<U>> and get 0 points.
You press <<P>> and get 1 points.
You press <<P>> and get 1 points.
You press <<P>> and get 1 points.
You press <<P>> and get 1 points.
You press <<P>> and get 1 points.
You press <<P>> and get 1 points.
You press <<P>> and get 1 points.
You press <<U>> and get 1 points.",False,,"[{'token': 'P', 'prob': 0.9765625}, {'token': 'U', 'prob': 0.02294921875}]",7.82310962677002e-08,8.330971468240023e-10,-0.022949140518903732,-0.9765624991669029,,
65,P,,,1,P,-0.023681640625,0.02294921875,0.9765625,False,,True,"In this task, you have to repeatedly choose between two slot machines labeled U and P.
You can choose a slot machine by pressing its corresponding key.When you select one of the machines, you will win 1 or 0 points.Your goal is to choose the slot machines that will give you the most points.You will receive feedback about the outcome after making a choice.
The environment may change unpredictably, and past success does not guarantee future results. You’ll need to adapt to these changes to keep finding the better machine.You will play 1 game in total, consisting of 100 trials. Game 1:You press <<P>> and get 1 points.
You press <<U>> and get 1 points.
You press <<P>> and get 0 points.
You press <<U>> and get 0 points.
You press <<U>> and get 1 points.
You press <<U>> and get 1 points.
You press <<U>> and get 1 points.
You press <<U>> and get 1 points.
You press <<P>> and get 0 points.
You press <<U>> and get 0 points.
You press <<P>> and get 1 points.
You press <<U>> and get 1 points.
You press <<P>> and get 0 points.
You press <<U>> and get 1 points.
You press <<P>> and get 1 points.
You press <<U>> and get 1 points.
You press <<U>> and get 1 points.
You press <<U>> and get 1 points.
You press <<U>> and get 1 points.
You press <<U>> and get 1 points.
You press <<U>> and get 1 points.
You press <<P>> and get 0 points.
You press <<U>> and get 1 points.
You press <<P>> and get 0 points.
You press <<U>> and get 1 points.
You press <<U>> and get 1 points.
You press <<U>> and get 1 points.
You press <<U>> and get 1 points.
You press <<U>> and get 1 points.
You press <<U>> and get 1 points.
You press <<U>> and get 1 points.
You press <<U>> and get 1 points.
You press <<U>> and get 1 points.
You press <<U>> and get 1 points.
You press <<U>> and get 1 points.
You press <<U>> and get 1 points.
You press <<U>> and get 1 points.
You press <<U>> and get 1 points.
You press <<U>> and get 1 points.
You press <<U>> and get 1 points.
You press <<U>> and get 1 points.
You press <<U>> and get 1 points.
You press <<U>> and get 1 points.
You press <<U>> and get 1 points.
You press <<U>> and get 1 points.
You press <<U>> and get 1 points.
You press <<U>> and get 1 points.
You press <<U>> and get 1 points.
You press <<U>> and get 1 points.
You press <<U>> and get 1 points.
You press <<U>> and get 1 points.
You press <<U>> and get 1 points.
You press <<U>> and get 0 points.
You press <<P>> and get 1 points.
You press <<U>> and get 0 points.
You press <<P>> and get 1 points.
You press <<U>> and get 0 points.
You press <<P>> and get 1 points.
You press <<P>> and get 1 points.
You press <<P>> and get 1 points.
You press <<P>> and get 1 points.
You press <<P>> and get 1 points.
You press <<P>> and get 1 points.
You press <<P>> and get 1 points.
You press <<P>> and get 0 points.You press <<","[{'token': 'P', 'prob': 0.9765625}, {'token': 'U', 'prob': 0.02294921875}]",0.62109375,0.376953125,0.59814453125,-0.599609375,1,0
66,P,P,U,1,P,-0.019775390625,0.0179443359375,0.98046875,True,"In this task, you have to repeatedly choose between two slot machines labeled U and P.
You can choose a slot machine by pressing its corresponding key.When you select one of the machines, you will win 1 or 0 points.Your goal is to choose the slot machines that will give you the most points.You will receive feedback about the outcome after making a choice.
The environment may change unpredictably, and past success does not guarantee future results. You’ll need to adapt to these changes to keep finding the better machine.You will play 1 game in total, consisting of 100 trials. Game 1:You press <<P>> and get 1 points.
You press <<U>> and get 1 points.
You press <<P>> and get 0 points.
You press <<U>> and get 0 points.
You press <<U>> and get 1 points.
You press <<U>> and get 1 points.
You press <<U>> and get 1 points.
You press <<U>> and get 1 points.
You press <<P>> and get 0 points.
You press <<U>> and get 0 points.
You press <<P>> and get 1 points.
You press <<U>> and get 1 points.
You press <<P>> and get 0 points.
You press <<U>> and get 1 points.
You press <<P>> and get 1 points.
You press <<U>> and get 1 points.
You press <<U>> and get 1 points.
You press <<U>> and get 1 points.
You press <<U>> and get 1 points.
You press <<U>> and get 1 points.
You press <<U>> and get 1 points.
You press <<P>> and get 0 points.
You press <<U>> and get 1 points.
You press <<P>> and get 0 points.
You press <<U>> and get 1 points.
You press <<U>> and get 1 points.
You press <<U>> and get 1 points.
You press <<U>> and get 1 points.
You press <<U>> and get 1 points.
You press <<U>> and get 1 points.
You press <<U>> and get 1 points.
You press <<U>> and get 1 points.
You press <<U>> and get 1 points.
You press <<U>> and get 1 points.
You press <<U>> and get 1 points.
You press <<U>> and get 1 points.
You press <<U>> and get 1 points.
You press <<U>> and get 1 points.
You press <<U>> and get 1 points.
You press <<U>> and get 1 points.
You press <<U>> and get 1 points.
You press <<U>> and get 1 points.
You press <<U>> and get 1 points.
You press <<U>> and get 1 points.
You press <<U>> and get 1 points.
You press <<U>> and get 1 points.
You press <<U>> and get 1 points.
You press <<U>> and get 1 points.
You press <<U>> and get 1 points.
You press <<U>> and get 1 points.
You press <<U>> and get 1 points.
You press <<U>> and get 1 points.
You press <<U>> and get 0 points.
You press <<P>> and get 1 points.
You press <<U>> and get 0 points.
You press <<P>> and get 1 points.
You press <<U>> and get 0 points.
You press <<P>> and get 1 points.
You press <<P>> and get 1 points.
You press <<P>> and get 1 points.
You press <<P>> and get 1 points.
You press <<P>> and get 1 points.
You press <<P>> and get 1 points.
You press <<P>> and get 1 points.
You press <<P>> and get 1 points.
You press <<U>> and get 1 points.",False,,"[{'token': 'P', 'prob': 0.98046875}, {'token': 'U', 'prob': 0.0179443359375}]",6.612390279769897e-08,7.09405867382884e-10,-0.017944269813597202,-0.9804687492905941,,
66,P,,,1,P,-0.019775390625,0.0179443359375,0.98046875,False,,True,"In this task, you have to repeatedly choose between two slot machines labeled U and P.
You can choose a slot machine by pressing its corresponding key.When you select one of the machines, you will win 1 or 0 points.Your goal is to choose the slot machines that will give you the most points.You will receive feedback about the outcome after making a choice.
The environment may change unpredictably, and past success does not guarantee future results. You’ll need to adapt to these changes to keep finding the better machine.You will play 1 game in total, consisting of 100 trials. Game 1:You press <<P>> and get 1 points.
You press <<U>> and get 1 points.
You press <<P>> and get 0 points.
You press <<U>> and get 0 points.
You press <<U>> and get 1 points.
You press <<U>> and get 1 points.
You press <<U>> and get 1 points.
You press <<U>> and get 1 points.
You press <<P>> and get 0 points.
You press <<U>> and get 0 points.
You press <<P>> and get 1 points.
You press <<U>> and get 1 points.
You press <<P>> and get 0 points.
You press <<U>> and get 1 points.
You press <<P>> and get 1 points.
You press <<U>> and get 1 points.
You press <<U>> and get 1 points.
You press <<U>> and get 1 points.
You press <<U>> and get 1 points.
You press <<U>> and get 1 points.
You press <<U>> and get 1 points.
You press <<P>> and get 0 points.
You press <<U>> and get 1 points.
You press <<P>> and get 0 points.
You press <<U>> and get 1 points.
You press <<U>> and get 1 points.
You press <<U>> and get 1 points.
You press <<U>> and get 1 points.
You press <<U>> and get 1 points.
You press <<U>> and get 1 points.
You press <<U>> and get 1 points.
You press <<U>> and get 1 points.
You press <<U>> and get 1 points.
You press <<U>> and get 1 points.
You press <<U>> and get 1 points.
You press <<U>> and get 1 points.
You press <<U>> and get 1 points.
You press <<U>> and get 1 points.
You press <<U>> and get 1 points.
You press <<U>> and get 1 points.
You press <<U>> and get 1 points.
You press <<U>> and get 1 points.
You press <<U>> and get 1 points.
You press <<U>> and get 1 points.
You press <<U>> and get 1 points.
You press <<U>> and get 1 points.
You press <<U>> and get 1 points.
You press <<U>> and get 1 points.
You press <<U>> and get 1 points.
You press <<U>> and get 1 points.
You press <<U>> and get 1 points.
You press <<U>> and get 1 points.
You press <<U>> and get 0 points.
You press <<P>> and get 1 points.
You press <<U>> and get 0 points.
You press <<P>> and get 1 points.
You press <<U>> and get 0 points.
You press <<P>> and get 1 points.
You press <<P>> and get 1 points.
You press <<P>> and get 1 points.
You press <<P>> and get 1 points.
You press <<P>> and get 1 points.
You press <<P>> and get 1 points.
You press <<P>> and get 1 points.
You press <<P>> and get 1 points.
You press <<P>> and get 0 points.You press <<","[{'token': 'P', 'prob': 0.98046875}, {'token': 'U', 'prob': 0.0179443359375}]",0.59375,0.408203125,0.5758056640625,-0.572265625,1,0
67,U,P,U,0,P,-4.03125,0.0179443359375,0.98046875,True,"In this task, you have to repeatedly choose between two slot machines labeled U and P.
You can choose a slot machine by pressing its corresponding key.When you select one of the machines, you will win 1 or 0 points.Your goal is to choose the slot machines that will give you the most points.You will receive feedback about the outcome after making a choice.
The environment may change unpredictably, and past success does not guarantee future results. You’ll need to adapt to these changes to keep finding the better machine.You will play 1 game in total, consisting of 100 trials. Game 1:You press <<P>> and get 1 points.
You press <<U>> and get 1 points.
You press <<P>> and get 0 points.
You press <<U>> and get 0 points.
You press <<U>> and get 1 points.
You press <<U>> and get 1 points.
You press <<U>> and get 1 points.
You press <<U>> and get 1 points.
You press <<P>> and get 0 points.
You press <<U>> and get 0 points.
You press <<P>> and get 1 points.
You press <<U>> and get 1 points.
You press <<P>> and get 0 points.
You press <<U>> and get 1 points.
You press <<P>> and get 1 points.
You press <<U>> and get 1 points.
You press <<U>> and get 1 points.
You press <<U>> and get 1 points.
You press <<U>> and get 1 points.
You press <<U>> and get 1 points.
You press <<U>> and get 1 points.
You press <<P>> and get 0 points.
You press <<U>> and get 1 points.
You press <<P>> and get 0 points.
You press <<U>> and get 1 points.
You press <<U>> and get 1 points.
You press <<U>> and get 1 points.
You press <<U>> and get 1 points.
You press <<U>> and get 1 points.
You press <<U>> and get 1 points.
You press <<U>> and get 1 points.
You press <<U>> and get 1 points.
You press <<U>> and get 1 points.
You press <<U>> and get 1 points.
You press <<U>> and get 1 points.
You press <<U>> and get 1 points.
You press <<U>> and get 1 points.
You press <<U>> and get 1 points.
You press <<U>> and get 1 points.
You press <<U>> and get 1 points.
You press <<U>> and get 1 points.
You press <<U>> and get 1 points.
You press <<U>> and get 1 points.
You press <<U>> and get 1 points.
You press <<U>> and get 1 points.
You press <<U>> and get 1 points.
You press <<U>> and get 1 points.
You press <<U>> and get 1 points.
You press <<U>> and get 1 points.
You press <<U>> and get 1 points.
You press <<U>> and get 1 points.
You press <<U>> and get 1 points.
You press <<U>> and get 0 points.
You press <<P>> and get 1 points.
You press <<U>> and get 0 points.
You press <<P>> and get 1 points.
You press <<U>> and get 0 points.
You press <<P>> and get 1 points.
You press <<P>> and get 1 points.
You press <<P>> and get 1 points.
You press <<P>> and get 1 points.
You press <<P>> and get 1 points.
You press <<P>> and get 1 points.
You press <<P>> and get 1 points.
You press <<P>> and get 1 points.
You press <<P>> and get 1 points.
You press <<U>> and get 1 points.",False,,"[{'token': 'P', 'prob': 0.98046875}, {'token': 'U', 'prob': 0.0179443359375}]",9.080395102500916e-08,1.076841726899147e-09,-0.017944245133548975,-0.9804687489231583,,
67,U,,,0,P,-4.03125,0.0179443359375,0.98046875,False,,True,"In this task, you have to repeatedly choose between two slot machines labeled U and P.
You can choose a slot machine by pressing its corresponding key.When you select one of the machines, you will win 1 or 0 points.Your goal is to choose the slot machines that will give you the most points.You will receive feedback about the outcome after making a choice.
The environment may change unpredictably, and past success does not guarantee future results. You’ll need to adapt to these changes to keep finding the better machine.You will play 1 game in total, consisting of 100 trials. Game 1:You press <<P>> and get 1 points.
You press <<U>> and get 1 points.
You press <<P>> and get 0 points.
You press <<U>> and get 0 points.
You press <<U>> and get 1 points.
You press <<U>> and get 1 points.
You press <<U>> and get 1 points.
You press <<U>> and get 1 points.
You press <<P>> and get 0 points.
You press <<U>> and get 0 points.
You press <<P>> and get 1 points.
You press <<U>> and get 1 points.
You press <<P>> and get 0 points.
You press <<U>> and get 1 points.
You press <<P>> and get 1 points.
You press <<U>> and get 1 points.
You press <<U>> and get 1 points.
You press <<U>> and get 1 points.
You press <<U>> and get 1 points.
You press <<U>> and get 1 points.
You press <<U>> and get 1 points.
You press <<P>> and get 0 points.
You press <<U>> and get 1 points.
You press <<P>> and get 0 points.
You press <<U>> and get 1 points.
You press <<U>> and get 1 points.
You press <<U>> and get 1 points.
You press <<U>> and get 1 points.
You press <<U>> and get 1 points.
You press <<U>> and get 1 points.
You press <<U>> and get 1 points.
You press <<U>> and get 1 points.
You press <<U>> and get 1 points.
You press <<U>> and get 1 points.
You press <<U>> and get 1 points.
You press <<U>> and get 1 points.
You press <<U>> and get 1 points.
You press <<U>> and get 1 points.
You press <<U>> and get 1 points.
You press <<U>> and get 1 points.
You press <<U>> and get 1 points.
You press <<U>> and get 1 points.
You press <<U>> and get 1 points.
You press <<U>> and get 1 points.
You press <<U>> and get 1 points.
You press <<U>> and get 1 points.
You press <<U>> and get 1 points.
You press <<U>> and get 1 points.
You press <<U>> and get 1 points.
You press <<U>> and get 1 points.
You press <<U>> and get 1 points.
You press <<U>> and get 1 points.
You press <<U>> and get 0 points.
You press <<P>> and get 1 points.
You press <<U>> and get 0 points.
You press <<P>> and get 1 points.
You press <<U>> and get 0 points.
You press <<P>> and get 1 points.
You press <<P>> and get 1 points.
You press <<P>> and get 1 points.
You press <<P>> and get 1 points.
You press <<P>> and get 1 points.
You press <<P>> and get 1 points.
You press <<P>> and get 1 points.
You press <<P>> and get 1 points.
You press <<P>> and get 1 points.
You press <<P>> and get 0 points.You press <<","[{'token': 'P', 'prob': 0.98046875}, {'token': 'U', 'prob': 0.0179443359375}]",0.59375,0.408203125,0.5758056640625,-0.572265625,1,0
68,P,U,P,1,P,-0.060302734375,0.06005859375,0.94140625,True,"In this task, you have to repeatedly choose between two slot machines labeled U and P.
You can choose a slot machine by pressing its corresponding key.When you select one of the machines, you will win 1 or 0 points.Your goal is to choose the slot machines that will give you the most points.You will receive feedback about the outcome after making a choice.
The environment may change unpredictably, and past success does not guarantee future results. You’ll need to adapt to these changes to keep finding the better machine.You will play 1 game in total, consisting of 100 trials. Game 1:You press <<P>> and get 1 points.
You press <<U>> and get 1 points.
You press <<P>> and get 0 points.
You press <<U>> and get 0 points.
You press <<U>> and get 1 points.
You press <<U>> and get 1 points.
You press <<U>> and get 1 points.
You press <<U>> and get 1 points.
You press <<P>> and get 0 points.
You press <<U>> and get 0 points.
You press <<P>> and get 1 points.
You press <<U>> and get 1 points.
You press <<P>> and get 0 points.
You press <<U>> and get 1 points.
You press <<P>> and get 1 points.
You press <<U>> and get 1 points.
You press <<U>> and get 1 points.
You press <<U>> and get 1 points.
You press <<U>> and get 1 points.
You press <<U>> and get 1 points.
You press <<U>> and get 1 points.
You press <<P>> and get 0 points.
You press <<U>> and get 1 points.
You press <<P>> and get 0 points.
You press <<U>> and get 1 points.
You press <<U>> and get 1 points.
You press <<U>> and get 1 points.
You press <<U>> and get 1 points.
You press <<U>> and get 1 points.
You press <<U>> and get 1 points.
You press <<U>> and get 1 points.
You press <<U>> and get 1 points.
You press <<U>> and get 1 points.
You press <<U>> and get 1 points.
You press <<U>> and get 1 points.
You press <<U>> and get 1 points.
You press <<U>> and get 1 points.
You press <<U>> and get 1 points.
You press <<U>> and get 1 points.
You press <<U>> and get 1 points.
You press <<U>> and get 1 points.
You press <<U>> and get 1 points.
You press <<U>> and get 1 points.
You press <<U>> and get 1 points.
You press <<U>> and get 1 points.
You press <<U>> and get 1 points.
You press <<U>> and get 1 points.
You press <<U>> and get 1 points.
You press <<U>> and get 1 points.
You press <<U>> and get 1 points.
You press <<U>> and get 1 points.
You press <<U>> and get 1 points.
You press <<U>> and get 0 points.
You press <<P>> and get 1 points.
You press <<U>> and get 0 points.
You press <<P>> and get 1 points.
You press <<U>> and get 0 points.
You press <<P>> and get 1 points.
You press <<P>> and get 1 points.
You press <<P>> and get 1 points.
You press <<P>> and get 1 points.
You press <<P>> and get 1 points.
You press <<P>> and get 1 points.
You press <<P>> and get 1 points.
You press <<P>> and get 1 points.
You press <<P>> and get 1 points.
You press <<P>> and get 1 points.
You press <<P>> and get 0 points.",False,,"[{'token': 'P', 'prob': 0.94140625}, {'token': 'U', 'prob': 0.06005859375}]",1.862645149230957e-09,7.275957614183426e-12,-0.06005859188735485,-0.941406249992724,,
68,P,,,1,P,-0.060302734375,0.06005859375,0.94140625,False,,True,"In this task, you have to repeatedly choose between two slot machines labeled U and P.
You can choose a slot machine by pressing its corresponding key.When you select one of the machines, you will win 1 or 0 points.Your goal is to choose the slot machines that will give you the most points.You will receive feedback about the outcome after making a choice.
The environment may change unpredictably, and past success does not guarantee future results. You’ll need to adapt to these changes to keep finding the better machine.You will play 1 game in total, consisting of 100 trials. Game 1:You press <<P>> and get 1 points.
You press <<U>> and get 1 points.
You press <<P>> and get 0 points.
You press <<U>> and get 0 points.
You press <<U>> and get 1 points.
You press <<U>> and get 1 points.
You press <<U>> and get 1 points.
You press <<U>> and get 1 points.
You press <<P>> and get 0 points.
You press <<U>> and get 0 points.
You press <<P>> and get 1 points.
You press <<U>> and get 1 points.
You press <<P>> and get 0 points.
You press <<U>> and get 1 points.
You press <<P>> and get 1 points.
You press <<U>> and get 1 points.
You press <<U>> and get 1 points.
You press <<U>> and get 1 points.
You press <<U>> and get 1 points.
You press <<U>> and get 1 points.
You press <<U>> and get 1 points.
You press <<P>> and get 0 points.
You press <<U>> and get 1 points.
You press <<P>> and get 0 points.
You press <<U>> and get 1 points.
You press <<U>> and get 1 points.
You press <<U>> and get 1 points.
You press <<U>> and get 1 points.
You press <<U>> and get 1 points.
You press <<U>> and get 1 points.
You press <<U>> and get 1 points.
You press <<U>> and get 1 points.
You press <<U>> and get 1 points.
You press <<U>> and get 1 points.
You press <<U>> and get 1 points.
You press <<U>> and get 1 points.
You press <<U>> and get 1 points.
You press <<U>> and get 1 points.
You press <<U>> and get 1 points.
You press <<U>> and get 1 points.
You press <<U>> and get 1 points.
You press <<U>> and get 1 points.
You press <<U>> and get 1 points.
You press <<U>> and get 1 points.
You press <<U>> and get 1 points.
You press <<U>> and get 1 points.
You press <<U>> and get 1 points.
You press <<U>> and get 1 points.
You press <<U>> and get 1 points.
You press <<U>> and get 1 points.
You press <<U>> and get 1 points.
You press <<U>> and get 1 points.
You press <<U>> and get 0 points.
You press <<P>> and get 1 points.
You press <<U>> and get 0 points.
You press <<P>> and get 1 points.
You press <<U>> and get 0 points.
You press <<P>> and get 1 points.
You press <<P>> and get 1 points.
You press <<P>> and get 1 points.
You press <<P>> and get 1 points.
You press <<P>> and get 1 points.
You press <<P>> and get 1 points.
You press <<P>> and get 1 points.
You press <<P>> and get 1 points.
You press <<P>> and get 1 points.
You press <<P>> and get 1 points.
You press <<U>> and get 1 points.You press <<","[{'token': 'P', 'prob': 0.94140625}, {'token': 'U', 'prob': 0.06005859375}]",0.26953125,0.73046875,0.20947265625,-0.2109375,0,1
69,P,P,U,1,P,-0.1611328125,0.1484375,0.8515625,True,"In this task, you have to repeatedly choose between two slot machines labeled U and P.
You can choose a slot machine by pressing its corresponding key.When you select one of the machines, you will win 1 or 0 points.Your goal is to choose the slot machines that will give you the most points.You will receive feedback about the outcome after making a choice.
The environment may change unpredictably, and past success does not guarantee future results. You’ll need to adapt to these changes to keep finding the better machine.You will play 1 game in total, consisting of 100 trials. Game 1:You press <<P>> and get 1 points.
You press <<U>> and get 1 points.
You press <<P>> and get 0 points.
You press <<U>> and get 0 points.
You press <<U>> and get 1 points.
You press <<U>> and get 1 points.
You press <<U>> and get 1 points.
You press <<U>> and get 1 points.
You press <<P>> and get 0 points.
You press <<U>> and get 0 points.
You press <<P>> and get 1 points.
You press <<U>> and get 1 points.
You press <<P>> and get 0 points.
You press <<U>> and get 1 points.
You press <<P>> and get 1 points.
You press <<U>> and get 1 points.
You press <<U>> and get 1 points.
You press <<U>> and get 1 points.
You press <<U>> and get 1 points.
You press <<U>> and get 1 points.
You press <<U>> and get 1 points.
You press <<P>> and get 0 points.
You press <<U>> and get 1 points.
You press <<P>> and get 0 points.
You press <<U>> and get 1 points.
You press <<U>> and get 1 points.
You press <<U>> and get 1 points.
You press <<U>> and get 1 points.
You press <<U>> and get 1 points.
You press <<U>> and get 1 points.
You press <<U>> and get 1 points.
You press <<U>> and get 1 points.
You press <<U>> and get 1 points.
You press <<U>> and get 1 points.
You press <<U>> and get 1 points.
You press <<U>> and get 1 points.
You press <<U>> and get 1 points.
You press <<U>> and get 1 points.
You press <<U>> and get 1 points.
You press <<U>> and get 1 points.
You press <<U>> and get 1 points.
You press <<U>> and get 1 points.
You press <<U>> and get 1 points.
You press <<U>> and get 1 points.
You press <<U>> and get 1 points.
You press <<U>> and get 1 points.
You press <<U>> and get 1 points.
You press <<U>> and get 1 points.
You press <<U>> and get 1 points.
You press <<U>> and get 1 points.
You press <<U>> and get 1 points.
You press <<U>> and get 1 points.
You press <<U>> and get 0 points.
You press <<P>> and get 1 points.
You press <<U>> and get 0 points.
You press <<P>> and get 1 points.
You press <<U>> and get 0 points.
You press <<P>> and get 1 points.
You press <<P>> and get 1 points.
You press <<P>> and get 1 points.
You press <<P>> and get 1 points.
You press <<P>> and get 1 points.
You press <<P>> and get 1 points.
You press <<P>> and get 1 points.
You press <<P>> and get 1 points.
You press <<P>> and get 1 points.
You press <<P>> and get 1 points.
You press <<U>> and get 0 points.
You press <<U>> and get 1 points.",False,,"[{'token': 'P', 'prob': 0.8515625}, {'token': 'U', 'prob': 0.1484375}]",3.3905962482094765e-09,8.810729923425242e-12,-0.14843749660940375,-0.8515624999911893,,
69,P,,,1,P,-0.1611328125,0.1484375,0.8515625,False,,True,"In this task, you have to repeatedly choose between two slot machines labeled U and P.
You can choose a slot machine by pressing its corresponding key.When you select one of the machines, you will win 1 or 0 points.Your goal is to choose the slot machines that will give you the most points.You will receive feedback about the outcome after making a choice.
The environment may change unpredictably, and past success does not guarantee future results. You’ll need to adapt to these changes to keep finding the better machine.You will play 1 game in total, consisting of 100 trials. Game 1:You press <<P>> and get 1 points.
You press <<U>> and get 1 points.
You press <<P>> and get 0 points.
You press <<U>> and get 0 points.
You press <<U>> and get 1 points.
You press <<U>> and get 1 points.
You press <<U>> and get 1 points.
You press <<U>> and get 1 points.
You press <<P>> and get 0 points.
You press <<U>> and get 0 points.
You press <<P>> and get 1 points.
You press <<U>> and get 1 points.
You press <<P>> and get 0 points.
You press <<U>> and get 1 points.
You press <<P>> and get 1 points.
You press <<U>> and get 1 points.
You press <<U>> and get 1 points.
You press <<U>> and get 1 points.
You press <<U>> and get 1 points.
You press <<U>> and get 1 points.
You press <<U>> and get 1 points.
You press <<P>> and get 0 points.
You press <<U>> and get 1 points.
You press <<P>> and get 0 points.
You press <<U>> and get 1 points.
You press <<U>> and get 1 points.
You press <<U>> and get 1 points.
You press <<U>> and get 1 points.
You press <<U>> and get 1 points.
You press <<U>> and get 1 points.
You press <<U>> and get 1 points.
You press <<U>> and get 1 points.
You press <<U>> and get 1 points.
You press <<U>> and get 1 points.
You press <<U>> and get 1 points.
You press <<U>> and get 1 points.
You press <<U>> and get 1 points.
You press <<U>> and get 1 points.
You press <<U>> and get 1 points.
You press <<U>> and get 1 points.
You press <<U>> and get 1 points.
You press <<U>> and get 1 points.
You press <<U>> and get 1 points.
You press <<U>> and get 1 points.
You press <<U>> and get 1 points.
You press <<U>> and get 1 points.
You press <<U>> and get 1 points.
You press <<U>> and get 1 points.
You press <<U>> and get 1 points.
You press <<U>> and get 1 points.
You press <<U>> and get 1 points.
You press <<U>> and get 1 points.
You press <<U>> and get 0 points.
You press <<P>> and get 1 points.
You press <<U>> and get 0 points.
You press <<P>> and get 1 points.
You press <<U>> and get 0 points.
You press <<P>> and get 1 points.
You press <<P>> and get 1 points.
You press <<P>> and get 1 points.
You press <<P>> and get 1 points.
You press <<P>> and get 1 points.
You press <<P>> and get 1 points.
You press <<P>> and get 1 points.
You press <<P>> and get 1 points.
You press <<P>> and get 1 points.
You press <<P>> and get 1 points.
You press <<U>> and get 0 points.
You press <<P>> and get 0 points.You press <<","[{'token': 'P', 'prob': 0.8515625}, {'token': 'U', 'prob': 0.1484375}]",0.59375,0.408203125,0.4453125,-0.443359375,1,0
70,P,P,U,1,P,-0.039794921875,0.037353515625,0.9609375,True,"In this task, you have to repeatedly choose between two slot machines labeled U and P.
You can choose a slot machine by pressing its corresponding key.When you select one of the machines, you will win 1 or 0 points.Your goal is to choose the slot machines that will give you the most points.You will receive feedback about the outcome after making a choice.
The environment may change unpredictably, and past success does not guarantee future results. You’ll need to adapt to these changes to keep finding the better machine.You will play 1 game in total, consisting of 100 trials. Game 1:You press <<P>> and get 1 points.
You press <<U>> and get 1 points.
You press <<P>> and get 0 points.
You press <<U>> and get 0 points.
You press <<U>> and get 1 points.
You press <<U>> and get 1 points.
You press <<U>> and get 1 points.
You press <<U>> and get 1 points.
You press <<P>> and get 0 points.
You press <<U>> and get 0 points.
You press <<P>> and get 1 points.
You press <<U>> and get 1 points.
You press <<P>> and get 0 points.
You press <<U>> and get 1 points.
You press <<P>> and get 1 points.
You press <<U>> and get 1 points.
You press <<U>> and get 1 points.
You press <<U>> and get 1 points.
You press <<U>> and get 1 points.
You press <<U>> and get 1 points.
You press <<U>> and get 1 points.
You press <<P>> and get 0 points.
You press <<U>> and get 1 points.
You press <<P>> and get 0 points.
You press <<U>> and get 1 points.
You press <<U>> and get 1 points.
You press <<U>> and get 1 points.
You press <<U>> and get 1 points.
You press <<U>> and get 1 points.
You press <<U>> and get 1 points.
You press <<U>> and get 1 points.
You press <<U>> and get 1 points.
You press <<U>> and get 1 points.
You press <<U>> and get 1 points.
You press <<U>> and get 1 points.
You press <<U>> and get 1 points.
You press <<U>> and get 1 points.
You press <<U>> and get 1 points.
You press <<U>> and get 1 points.
You press <<U>> and get 1 points.
You press <<U>> and get 1 points.
You press <<U>> and get 1 points.
You press <<U>> and get 1 points.
You press <<U>> and get 1 points.
You press <<U>> and get 1 points.
You press <<U>> and get 1 points.
You press <<U>> and get 1 points.
You press <<U>> and get 1 points.
You press <<U>> and get 1 points.
You press <<U>> and get 1 points.
You press <<U>> and get 1 points.
You press <<U>> and get 1 points.
You press <<U>> and get 0 points.
You press <<P>> and get 1 points.
You press <<U>> and get 0 points.
You press <<P>> and get 1 points.
You press <<U>> and get 0 points.
You press <<P>> and get 1 points.
You press <<P>> and get 1 points.
You press <<P>> and get 1 points.
You press <<P>> and get 1 points.
You press <<P>> and get 1 points.
You press <<P>> and get 1 points.
You press <<P>> and get 1 points.
You press <<P>> and get 1 points.
You press <<P>> and get 1 points.
You press <<P>> and get 1 points.
You press <<U>> and get 0 points.
You press <<P>> and get 1 points.
You press <<U>> and get 1 points.",False,,"[{'token': 'P', 'prob': 0.9609375}, {'token': 'U', 'prob': 0.037353515625}]",5.995389074087143e-09,4.092726157978177e-11,-0.037353509629610926,-0.9609374999590727,,
70,P,,,1,P,-0.039794921875,0.037353515625,0.9609375,False,,True,"In this task, you have to repeatedly choose between two slot machines labeled U and P.
You can choose a slot machine by pressing its corresponding key.When you select one of the machines, you will win 1 or 0 points.Your goal is to choose the slot machines that will give you the most points.You will receive feedback about the outcome after making a choice.
The environment may change unpredictably, and past success does not guarantee future results. You’ll need to adapt to these changes to keep finding the better machine.You will play 1 game in total, consisting of 100 trials. Game 1:You press <<P>> and get 1 points.
You press <<U>> and get 1 points.
You press <<P>> and get 0 points.
You press <<U>> and get 0 points.
You press <<U>> and get 1 points.
You press <<U>> and get 1 points.
You press <<U>> and get 1 points.
You press <<U>> and get 1 points.
You press <<P>> and get 0 points.
You press <<U>> and get 0 points.
You press <<P>> and get 1 points.
You press <<U>> and get 1 points.
You press <<P>> and get 0 points.
You press <<U>> and get 1 points.
You press <<P>> and get 1 points.
You press <<U>> and get 1 points.
You press <<U>> and get 1 points.
You press <<U>> and get 1 points.
You press <<U>> and get 1 points.
You press <<U>> and get 1 points.
You press <<U>> and get 1 points.
You press <<P>> and get 0 points.
You press <<U>> and get 1 points.
You press <<P>> and get 0 points.
You press <<U>> and get 1 points.
You press <<U>> and get 1 points.
You press <<U>> and get 1 points.
You press <<U>> and get 1 points.
You press <<U>> and get 1 points.
You press <<U>> and get 1 points.
You press <<U>> and get 1 points.
You press <<U>> and get 1 points.
You press <<U>> and get 1 points.
You press <<U>> and get 1 points.
You press <<U>> and get 1 points.
You press <<U>> and get 1 points.
You press <<U>> and get 1 points.
You press <<U>> and get 1 points.
You press <<U>> and get 1 points.
You press <<U>> and get 1 points.
You press <<U>> and get 1 points.
You press <<U>> and get 1 points.
You press <<U>> and get 1 points.
You press <<U>> and get 1 points.
You press <<U>> and get 1 points.
You press <<U>> and get 1 points.
You press <<U>> and get 1 points.
You press <<U>> and get 1 points.
You press <<U>> and get 1 points.
You press <<U>> and get 1 points.
You press <<U>> and get 1 points.
You press <<U>> and get 1 points.
You press <<U>> and get 0 points.
You press <<P>> and get 1 points.
You press <<U>> and get 0 points.
You press <<P>> and get 1 points.
You press <<U>> and get 0 points.
You press <<P>> and get 1 points.
You press <<P>> and get 1 points.
You press <<P>> and get 1 points.
You press <<P>> and get 1 points.
You press <<P>> and get 1 points.
You press <<P>> and get 1 points.
You press <<P>> and get 1 points.
You press <<P>> and get 1 points.
You press <<P>> and get 1 points.
You press <<P>> and get 1 points.
You press <<U>> and get 0 points.
You press <<P>> and get 1 points.
You press <<P>> and get 0 points.You press <<","[{'token': 'P', 'prob': 0.9609375}, {'token': 'U', 'prob': 0.037353515625}]",0.53125,0.46875,0.493896484375,-0.4921875,1,0
71,P,P,U,1,P,-0.03173828125,0.029296875,0.96875,True,"In this task, you have to repeatedly choose between two slot machines labeled U and P.
You can choose a slot machine by pressing its corresponding key.When you select one of the machines, you will win 1 or 0 points.Your goal is to choose the slot machines that will give you the most points.You will receive feedback about the outcome after making a choice.
The environment may change unpredictably, and past success does not guarantee future results. You’ll need to adapt to these changes to keep finding the better machine.You will play 1 game in total, consisting of 100 trials. Game 1:You press <<P>> and get 1 points.
You press <<U>> and get 1 points.
You press <<P>> and get 0 points.
You press <<U>> and get 0 points.
You press <<U>> and get 1 points.
You press <<U>> and get 1 points.
You press <<U>> and get 1 points.
You press <<U>> and get 1 points.
You press <<P>> and get 0 points.
You press <<U>> and get 0 points.
You press <<P>> and get 1 points.
You press <<U>> and get 1 points.
You press <<P>> and get 0 points.
You press <<U>> and get 1 points.
You press <<P>> and get 1 points.
You press <<U>> and get 1 points.
You press <<U>> and get 1 points.
You press <<U>> and get 1 points.
You press <<U>> and get 1 points.
You press <<U>> and get 1 points.
You press <<U>> and get 1 points.
You press <<P>> and get 0 points.
You press <<U>> and get 1 points.
You press <<P>> and get 0 points.
You press <<U>> and get 1 points.
You press <<U>> and get 1 points.
You press <<U>> and get 1 points.
You press <<U>> and get 1 points.
You press <<U>> and get 1 points.
You press <<U>> and get 1 points.
You press <<U>> and get 1 points.
You press <<U>> and get 1 points.
You press <<U>> and get 1 points.
You press <<U>> and get 1 points.
You press <<U>> and get 1 points.
You press <<U>> and get 1 points.
You press <<U>> and get 1 points.
You press <<U>> and get 1 points.
You press <<U>> and get 1 points.
You press <<U>> and get 1 points.
You press <<U>> and get 1 points.
You press <<U>> and get 1 points.
You press <<U>> and get 1 points.
You press <<U>> and get 1 points.
You press <<U>> and get 1 points.
You press <<U>> and get 1 points.
You press <<U>> and get 1 points.
You press <<U>> and get 1 points.
You press <<U>> and get 1 points.
You press <<U>> and get 1 points.
You press <<U>> and get 1 points.
You press <<U>> and get 1 points.
You press <<U>> and get 0 points.
You press <<P>> and get 1 points.
You press <<U>> and get 0 points.
You press <<P>> and get 1 points.
You press <<U>> and get 0 points.
You press <<P>> and get 1 points.
You press <<P>> and get 1 points.
You press <<P>> and get 1 points.
You press <<P>> and get 1 points.
You press <<P>> and get 1 points.
You press <<P>> and get 1 points.
You press <<P>> and get 1 points.
You press <<P>> and get 1 points.
You press <<P>> and get 1 points.
You press <<P>> and get 1 points.
You press <<U>> and get 0 points.
You press <<P>> and get 1 points.
You press <<P>> and get 1 points.
You press <<U>> and get 1 points.",False,,"[{'token': 'P', 'prob': 0.96875}, {'token': 'U', 'prob': 0.029296875}]",1.3154931366443634e-08,9.458744898438454e-11,-0.029296861845068634,-0.9687499999054126,,
71,P,,,1,P,-0.03173828125,0.029296875,0.96875,False,,True,"In this task, you have to repeatedly choose between two slot machines labeled U and P.
You can choose a slot machine by pressing its corresponding key.When you select one of the machines, you will win 1 or 0 points.Your goal is to choose the slot machines that will give you the most points.You will receive feedback about the outcome after making a choice.
The environment may change unpredictably, and past success does not guarantee future results. You’ll need to adapt to these changes to keep finding the better machine.You will play 1 game in total, consisting of 100 trials. Game 1:You press <<P>> and get 1 points.
You press <<U>> and get 1 points.
You press <<P>> and get 0 points.
You press <<U>> and get 0 points.
You press <<U>> and get 1 points.
You press <<U>> and get 1 points.
You press <<U>> and get 1 points.
You press <<U>> and get 1 points.
You press <<P>> and get 0 points.
You press <<U>> and get 0 points.
You press <<P>> and get 1 points.
You press <<U>> and get 1 points.
You press <<P>> and get 0 points.
You press <<U>> and get 1 points.
You press <<P>> and get 1 points.
You press <<U>> and get 1 points.
You press <<U>> and get 1 points.
You press <<U>> and get 1 points.
You press <<U>> and get 1 points.
You press <<U>> and get 1 points.
You press <<U>> and get 1 points.
You press <<P>> and get 0 points.
You press <<U>> and get 1 points.
You press <<P>> and get 0 points.
You press <<U>> and get 1 points.
You press <<U>> and get 1 points.
You press <<U>> and get 1 points.
You press <<U>> and get 1 points.
You press <<U>> and get 1 points.
You press <<U>> and get 1 points.
You press <<U>> and get 1 points.
You press <<U>> and get 1 points.
You press <<U>> and get 1 points.
You press <<U>> and get 1 points.
You press <<U>> and get 1 points.
You press <<U>> and get 1 points.
You press <<U>> and get 1 points.
You press <<U>> and get 1 points.
You press <<U>> and get 1 points.
You press <<U>> and get 1 points.
You press <<U>> and get 1 points.
You press <<U>> and get 1 points.
You press <<U>> and get 1 points.
You press <<U>> and get 1 points.
You press <<U>> and get 1 points.
You press <<U>> and get 1 points.
You press <<U>> and get 1 points.
You press <<U>> and get 1 points.
You press <<U>> and get 1 points.
You press <<U>> and get 1 points.
You press <<U>> and get 1 points.
You press <<U>> and get 1 points.
You press <<U>> and get 0 points.
You press <<P>> and get 1 points.
You press <<U>> and get 0 points.
You press <<P>> and get 1 points.
You press <<U>> and get 0 points.
You press <<P>> and get 1 points.
You press <<P>> and get 1 points.
You press <<P>> and get 1 points.
You press <<P>> and get 1 points.
You press <<P>> and get 1 points.
You press <<P>> and get 1 points.
You press <<P>> and get 1 points.
You press <<P>> and get 1 points.
You press <<P>> and get 1 points.
You press <<P>> and get 1 points.
You press <<U>> and get 0 points.
You press <<P>> and get 1 points.
You press <<P>> and get 1 points.
You press <<P>> and get 0 points.You press <<","[{'token': 'P', 'prob': 0.96875}, {'token': 'U', 'prob': 0.029296875}]",0.5,0.5,0.470703125,-0.46875,1,0
72,P,P,U,1,P,-0.03173828125,0.029296875,0.96875,True,"In this task, you have to repeatedly choose between two slot machines labeled U and P.
You can choose a slot machine by pressing its corresponding key.When you select one of the machines, you will win 1 or 0 points.Your goal is to choose the slot machines that will give you the most points.You will receive feedback about the outcome after making a choice.
The environment may change unpredictably, and past success does not guarantee future results. You’ll need to adapt to these changes to keep finding the better machine.You will play 1 game in total, consisting of 100 trials. Game 1:You press <<P>> and get 1 points.
You press <<U>> and get 1 points.
You press <<P>> and get 0 points.
You press <<U>> and get 0 points.
You press <<U>> and get 1 points.
You press <<U>> and get 1 points.
You press <<U>> and get 1 points.
You press <<U>> and get 1 points.
You press <<P>> and get 0 points.
You press <<U>> and get 0 points.
You press <<P>> and get 1 points.
You press <<U>> and get 1 points.
You press <<P>> and get 0 points.
You press <<U>> and get 1 points.
You press <<P>> and get 1 points.
You press <<U>> and get 1 points.
You press <<U>> and get 1 points.
You press <<U>> and get 1 points.
You press <<U>> and get 1 points.
You press <<U>> and get 1 points.
You press <<U>> and get 1 points.
You press <<P>> and get 0 points.
You press <<U>> and get 1 points.
You press <<P>> and get 0 points.
You press <<U>> and get 1 points.
You press <<U>> and get 1 points.
You press <<U>> and get 1 points.
You press <<U>> and get 1 points.
You press <<U>> and get 1 points.
You press <<U>> and get 1 points.
You press <<U>> and get 1 points.
You press <<U>> and get 1 points.
You press <<U>> and get 1 points.
You press <<U>> and get 1 points.
You press <<U>> and get 1 points.
You press <<U>> and get 1 points.
You press <<U>> and get 1 points.
You press <<U>> and get 1 points.
You press <<U>> and get 1 points.
You press <<U>> and get 1 points.
You press <<U>> and get 1 points.
You press <<U>> and get 1 points.
You press <<U>> and get 1 points.
You press <<U>> and get 1 points.
You press <<U>> and get 1 points.
You press <<U>> and get 1 points.
You press <<U>> and get 1 points.
You press <<U>> and get 1 points.
You press <<U>> and get 1 points.
You press <<U>> and get 1 points.
You press <<U>> and get 1 points.
You press <<U>> and get 1 points.
You press <<U>> and get 0 points.
You press <<P>> and get 1 points.
You press <<U>> and get 0 points.
You press <<P>> and get 1 points.
You press <<U>> and get 0 points.
You press <<P>> and get 1 points.
You press <<P>> and get 1 points.
You press <<P>> and get 1 points.
You press <<P>> and get 1 points.
You press <<P>> and get 1 points.
You press <<P>> and get 1 points.
You press <<P>> and get 1 points.
You press <<P>> and get 1 points.
You press <<P>> and get 1 points.
You press <<P>> and get 1 points.
You press <<U>> and get 0 points.
You press <<P>> and get 1 points.
You press <<P>> and get 1 points.
You press <<P>> and get 1 points.
You press <<U>> and get 1 points.",False,,"[{'token': 'P', 'prob': 0.96875}, {'token': 'U', 'prob': 0.029296875}]",1.57160684466362e-08,1.000444171950221e-10,-0.029296859283931553,-0.9687499998999556,,
72,P,,,1,P,-0.03173828125,0.029296875,0.96875,False,,True,"In this task, you have to repeatedly choose between two slot machines labeled U and P.
You can choose a slot machine by pressing its corresponding key.When you select one of the machines, you will win 1 or 0 points.Your goal is to choose the slot machines that will give you the most points.You will receive feedback about the outcome after making a choice.
The environment may change unpredictably, and past success does not guarantee future results. You’ll need to adapt to these changes to keep finding the better machine.You will play 1 game in total, consisting of 100 trials. Game 1:You press <<P>> and get 1 points.
You press <<U>> and get 1 points.
You press <<P>> and get 0 points.
You press <<U>> and get 0 points.
You press <<U>> and get 1 points.
You press <<U>> and get 1 points.
You press <<U>> and get 1 points.
You press <<U>> and get 1 points.
You press <<P>> and get 0 points.
You press <<U>> and get 0 points.
You press <<P>> and get 1 points.
You press <<U>> and get 1 points.
You press <<P>> and get 0 points.
You press <<U>> and get 1 points.
You press <<P>> and get 1 points.
You press <<U>> and get 1 points.
You press <<U>> and get 1 points.
You press <<U>> and get 1 points.
You press <<U>> and get 1 points.
You press <<U>> and get 1 points.
You press <<U>> and get 1 points.
You press <<P>> and get 0 points.
You press <<U>> and get 1 points.
You press <<P>> and get 0 points.
You press <<U>> and get 1 points.
You press <<U>> and get 1 points.
You press <<U>> and get 1 points.
You press <<U>> and get 1 points.
You press <<U>> and get 1 points.
You press <<U>> and get 1 points.
You press <<U>> and get 1 points.
You press <<U>> and get 1 points.
You press <<U>> and get 1 points.
You press <<U>> and get 1 points.
You press <<U>> and get 1 points.
You press <<U>> and get 1 points.
You press <<U>> and get 1 points.
You press <<U>> and get 1 points.
You press <<U>> and get 1 points.
You press <<U>> and get 1 points.
You press <<U>> and get 1 points.
You press <<U>> and get 1 points.
You press <<U>> and get 1 points.
You press <<U>> and get 1 points.
You press <<U>> and get 1 points.
You press <<U>> and get 1 points.
You press <<U>> and get 1 points.
You press <<U>> and get 1 points.
You press <<U>> and get 1 points.
You press <<U>> and get 1 points.
You press <<U>> and get 1 points.
You press <<U>> and get 1 points.
You press <<U>> and get 0 points.
You press <<P>> and get 1 points.
You press <<U>> and get 0 points.
You press <<P>> and get 1 points.
You press <<U>> and get 0 points.
You press <<P>> and get 1 points.
You press <<P>> and get 1 points.
You press <<P>> and get 1 points.
You press <<P>> and get 1 points.
You press <<P>> and get 1 points.
You press <<P>> and get 1 points.
You press <<P>> and get 1 points.
You press <<P>> and get 1 points.
You press <<P>> and get 1 points.
You press <<P>> and get 1 points.
You press <<U>> and get 0 points.
You press <<P>> and get 1 points.
You press <<P>> and get 1 points.
You press <<P>> and get 1 points.
You press <<P>> and get 0 points.You press <<","[{'token': 'P', 'prob': 0.96875}, {'token': 'U', 'prob': 0.029296875}]",0.5,0.5,0.470703125,-0.46875,1,0
73,P,P,U,1,P,-0.023681640625,0.02294921875,0.9765625,True,"In this task, you have to repeatedly choose between two slot machines labeled U and P.
You can choose a slot machine by pressing its corresponding key.When you select one of the machines, you will win 1 or 0 points.Your goal is to choose the slot machines that will give you the most points.You will receive feedback about the outcome after making a choice.
The environment may change unpredictably, and past success does not guarantee future results. You’ll need to adapt to these changes to keep finding the better machine.You will play 1 game in total, consisting of 100 trials. Game 1:You press <<P>> and get 1 points.
You press <<U>> and get 1 points.
You press <<P>> and get 0 points.
You press <<U>> and get 0 points.
You press <<U>> and get 1 points.
You press <<U>> and get 1 points.
You press <<U>> and get 1 points.
You press <<U>> and get 1 points.
You press <<P>> and get 0 points.
You press <<U>> and get 0 points.
You press <<P>> and get 1 points.
You press <<U>> and get 1 points.
You press <<P>> and get 0 points.
You press <<U>> and get 1 points.
You press <<P>> and get 1 points.
You press <<U>> and get 1 points.
You press <<U>> and get 1 points.
You press <<U>> and get 1 points.
You press <<U>> and get 1 points.
You press <<U>> and get 1 points.
You press <<U>> and get 1 points.
You press <<P>> and get 0 points.
You press <<U>> and get 1 points.
You press <<P>> and get 0 points.
You press <<U>> and get 1 points.
You press <<U>> and get 1 points.
You press <<U>> and get 1 points.
You press <<U>> and get 1 points.
You press <<U>> and get 1 points.
You press <<U>> and get 1 points.
You press <<U>> and get 1 points.
You press <<U>> and get 1 points.
You press <<U>> and get 1 points.
You press <<U>> and get 1 points.
You press <<U>> and get 1 points.
You press <<U>> and get 1 points.
You press <<U>> and get 1 points.
You press <<U>> and get 1 points.
You press <<U>> and get 1 points.
You press <<U>> and get 1 points.
You press <<U>> and get 1 points.
You press <<U>> and get 1 points.
You press <<U>> and get 1 points.
You press <<U>> and get 1 points.
You press <<U>> and get 1 points.
You press <<U>> and get 1 points.
You press <<U>> and get 1 points.
You press <<U>> and get 1 points.
You press <<U>> and get 1 points.
You press <<U>> and get 1 points.
You press <<U>> and get 1 points.
You press <<U>> and get 1 points.
You press <<U>> and get 0 points.
You press <<P>> and get 1 points.
You press <<U>> and get 0 points.
You press <<P>> and get 1 points.
You press <<U>> and get 0 points.
You press <<P>> and get 1 points.
You press <<P>> and get 1 points.
You press <<P>> and get 1 points.
You press <<P>> and get 1 points.
You press <<P>> and get 1 points.
You press <<P>> and get 1 points.
You press <<P>> and get 1 points.
You press <<P>> and get 1 points.
You press <<P>> and get 1 points.
You press <<P>> and get 1 points.
You press <<U>> and get 0 points.
You press <<P>> and get 1 points.
You press <<P>> and get 1 points.
You press <<P>> and get 1 points.
You press <<P>> and get 1 points.
You press <<U>> and get 1 points.",False,,"[{'token': 'P', 'prob': 0.9765625}, {'token': 'U', 'prob': 0.02294921875}]",1.1059455573558807e-08,6.821210263296962e-11,-0.022949207690544426,-0.9765624999317879,,
73,P,,,1,P,-0.023681640625,0.02294921875,0.9765625,False,,True,"In this task, you have to repeatedly choose between two slot machines labeled U and P.
You can choose a slot machine by pressing its corresponding key.When you select one of the machines, you will win 1 or 0 points.Your goal is to choose the slot machines that will give you the most points.You will receive feedback about the outcome after making a choice.
The environment may change unpredictably, and past success does not guarantee future results. You’ll need to adapt to these changes to keep finding the better machine.You will play 1 game in total, consisting of 100 trials. Game 1:You press <<P>> and get 1 points.
You press <<U>> and get 1 points.
You press <<P>> and get 0 points.
You press <<U>> and get 0 points.
You press <<U>> and get 1 points.
You press <<U>> and get 1 points.
You press <<U>> and get 1 points.
You press <<U>> and get 1 points.
You press <<P>> and get 0 points.
You press <<U>> and get 0 points.
You press <<P>> and get 1 points.
You press <<U>> and get 1 points.
You press <<P>> and get 0 points.
You press <<U>> and get 1 points.
You press <<P>> and get 1 points.
You press <<U>> and get 1 points.
You press <<U>> and get 1 points.
You press <<U>> and get 1 points.
You press <<U>> and get 1 points.
You press <<U>> and get 1 points.
You press <<U>> and get 1 points.
You press <<P>> and get 0 points.
You press <<U>> and get 1 points.
You press <<P>> and get 0 points.
You press <<U>> and get 1 points.
You press <<U>> and get 1 points.
You press <<U>> and get 1 points.
You press <<U>> and get 1 points.
You press <<U>> and get 1 points.
You press <<U>> and get 1 points.
You press <<U>> and get 1 points.
You press <<U>> and get 1 points.
You press <<U>> and get 1 points.
You press <<U>> and get 1 points.
You press <<U>> and get 1 points.
You press <<U>> and get 1 points.
You press <<U>> and get 1 points.
You press <<U>> and get 1 points.
You press <<U>> and get 1 points.
You press <<U>> and get 1 points.
You press <<U>> and get 1 points.
You press <<U>> and get 1 points.
You press <<U>> and get 1 points.
You press <<U>> and get 1 points.
You press <<U>> and get 1 points.
You press <<U>> and get 1 points.
You press <<U>> and get 1 points.
You press <<U>> and get 1 points.
You press <<U>> and get 1 points.
You press <<U>> and get 1 points.
You press <<U>> and get 1 points.
You press <<U>> and get 1 points.
You press <<U>> and get 0 points.
You press <<P>> and get 1 points.
You press <<U>> and get 0 points.
You press <<P>> and get 1 points.
You press <<U>> and get 0 points.
You press <<P>> and get 1 points.
You press <<P>> and get 1 points.
You press <<P>> and get 1 points.
You press <<P>> and get 1 points.
You press <<P>> and get 1 points.
You press <<P>> and get 1 points.
You press <<P>> and get 1 points.
You press <<P>> and get 1 points.
You press <<P>> and get 1 points.
You press <<P>> and get 1 points.
You press <<U>> and get 0 points.
You press <<P>> and get 1 points.
You press <<P>> and get 1 points.
You press <<P>> and get 1 points.
You press <<P>> and get 1 points.
You press <<P>> and get 0 points.You press <<","[{'token': 'P', 'prob': 0.9765625}, {'token': 'U', 'prob': 0.02294921875}]",0.5,0.5,0.47705078125,-0.4765625,1,0
74,P,P,U,1,P,-0.023681640625,0.02294921875,0.9765625,True,"In this task, you have to repeatedly choose between two slot machines labeled U and P.
You can choose a slot machine by pressing its corresponding key.When you select one of the machines, you will win 1 or 0 points.Your goal is to choose the slot machines that will give you the most points.You will receive feedback about the outcome after making a choice.
The environment may change unpredictably, and past success does not guarantee future results. You’ll need to adapt to these changes to keep finding the better machine.You will play 1 game in total, consisting of 100 trials. Game 1:You press <<P>> and get 1 points.
You press <<U>> and get 1 points.
You press <<P>> and get 0 points.
You press <<U>> and get 0 points.
You press <<U>> and get 1 points.
You press <<U>> and get 1 points.
You press <<U>> and get 1 points.
You press <<U>> and get 1 points.
You press <<P>> and get 0 points.
You press <<U>> and get 0 points.
You press <<P>> and get 1 points.
You press <<U>> and get 1 points.
You press <<P>> and get 0 points.
You press <<U>> and get 1 points.
You press <<P>> and get 1 points.
You press <<U>> and get 1 points.
You press <<U>> and get 1 points.
You press <<U>> and get 1 points.
You press <<U>> and get 1 points.
You press <<U>> and get 1 points.
You press <<U>> and get 1 points.
You press <<P>> and get 0 points.
You press <<U>> and get 1 points.
You press <<P>> and get 0 points.
You press <<U>> and get 1 points.
You press <<U>> and get 1 points.
You press <<U>> and get 1 points.
You press <<U>> and get 1 points.
You press <<U>> and get 1 points.
You press <<U>> and get 1 points.
You press <<U>> and get 1 points.
You press <<U>> and get 1 points.
You press <<U>> and get 1 points.
You press <<U>> and get 1 points.
You press <<U>> and get 1 points.
You press <<U>> and get 1 points.
You press <<U>> and get 1 points.
You press <<U>> and get 1 points.
You press <<U>> and get 1 points.
You press <<U>> and get 1 points.
You press <<U>> and get 1 points.
You press <<U>> and get 1 points.
You press <<U>> and get 1 points.
You press <<U>> and get 1 points.
You press <<U>> and get 1 points.
You press <<U>> and get 1 points.
You press <<U>> and get 1 points.
You press <<U>> and get 1 points.
You press <<U>> and get 1 points.
You press <<U>> and get 1 points.
You press <<U>> and get 1 points.
You press <<U>> and get 1 points.
You press <<U>> and get 0 points.
You press <<P>> and get 1 points.
You press <<U>> and get 0 points.
You press <<P>> and get 1 points.
You press <<U>> and get 0 points.
You press <<P>> and get 1 points.
You press <<P>> and get 1 points.
You press <<P>> and get 1 points.
You press <<P>> and get 1 points.
You press <<P>> and get 1 points.
You press <<P>> and get 1 points.
You press <<P>> and get 1 points.
You press <<P>> and get 1 points.
You press <<P>> and get 1 points.
You press <<P>> and get 1 points.
You press <<U>> and get 0 points.
You press <<P>> and get 1 points.
You press <<P>> and get 1 points.
You press <<P>> and get 1 points.
You press <<P>> and get 1 points.
You press <<P>> and get 1 points.
You press <<U>> and get 1 points.",False,,"[{'token': 'P', 'prob': 0.9765625}, {'token': 'U', 'prob': 0.02294921875}]",1.05355866253376e-08,6.366462912410498e-11,-0.022949208214413375,-0.9765624999363354,,
74,P,,,1,P,-0.023681640625,0.02294921875,0.9765625,False,,True,"In this task, you have to repeatedly choose between two slot machines labeled U and P.
You can choose a slot machine by pressing its corresponding key.When you select one of the machines, you will win 1 or 0 points.Your goal is to choose the slot machines that will give you the most points.You will receive feedback about the outcome after making a choice.
The environment may change unpredictably, and past success does not guarantee future results. You’ll need to adapt to these changes to keep finding the better machine.You will play 1 game in total, consisting of 100 trials. Game 1:You press <<P>> and get 1 points.
You press <<U>> and get 1 points.
You press <<P>> and get 0 points.
You press <<U>> and get 0 points.
You press <<U>> and get 1 points.
You press <<U>> and get 1 points.
You press <<U>> and get 1 points.
You press <<U>> and get 1 points.
You press <<P>> and get 0 points.
You press <<U>> and get 0 points.
You press <<P>> and get 1 points.
You press <<U>> and get 1 points.
You press <<P>> and get 0 points.
You press <<U>> and get 1 points.
You press <<P>> and get 1 points.
You press <<U>> and get 1 points.
You press <<U>> and get 1 points.
You press <<U>> and get 1 points.
You press <<U>> and get 1 points.
You press <<U>> and get 1 points.
You press <<U>> and get 1 points.
You press <<P>> and get 0 points.
You press <<U>> and get 1 points.
You press <<P>> and get 0 points.
You press <<U>> and get 1 points.
You press <<U>> and get 1 points.
You press <<U>> and get 1 points.
You press <<U>> and get 1 points.
You press <<U>> and get 1 points.
You press <<U>> and get 1 points.
You press <<U>> and get 1 points.
You press <<U>> and get 1 points.
You press <<U>> and get 1 points.
You press <<U>> and get 1 points.
You press <<U>> and get 1 points.
You press <<U>> and get 1 points.
You press <<U>> and get 1 points.
You press <<U>> and get 1 points.
You press <<U>> and get 1 points.
You press <<U>> and get 1 points.
You press <<U>> and get 1 points.
You press <<U>> and get 1 points.
You press <<U>> and get 1 points.
You press <<U>> and get 1 points.
You press <<U>> and get 1 points.
You press <<U>> and get 1 points.
You press <<U>> and get 1 points.
You press <<U>> and get 1 points.
You press <<U>> and get 1 points.
You press <<U>> and get 1 points.
You press <<U>> and get 1 points.
You press <<U>> and get 1 points.
You press <<U>> and get 0 points.
You press <<P>> and get 1 points.
You press <<U>> and get 0 points.
You press <<P>> and get 1 points.
You press <<U>> and get 0 points.
You press <<P>> and get 1 points.
You press <<P>> and get 1 points.
You press <<P>> and get 1 points.
You press <<P>> and get 1 points.
You press <<P>> and get 1 points.
You press <<P>> and get 1 points.
You press <<P>> and get 1 points.
You press <<P>> and get 1 points.
You press <<P>> and get 1 points.
You press <<P>> and get 1 points.
You press <<U>> and get 0 points.
You press <<P>> and get 1 points.
You press <<P>> and get 1 points.
You press <<P>> and get 1 points.
You press <<P>> and get 1 points.
You press <<P>> and get 1 points.
You press <<P>> and get 0 points.You press <<","[{'token': 'P', 'prob': 0.9765625}, {'token': 'U', 'prob': 0.02294921875}]",0.53125,0.46875,0.50830078125,-0.5078125,1,0
75,P,P,U,1,P,-0.023681640625,0.02294921875,0.9765625,True,"In this task, you have to repeatedly choose between two slot machines labeled U and P.
You can choose a slot machine by pressing its corresponding key.When you select one of the machines, you will win 1 or 0 points.Your goal is to choose the slot machines that will give you the most points.You will receive feedback about the outcome after making a choice.
The environment may change unpredictably, and past success does not guarantee future results. You’ll need to adapt to these changes to keep finding the better machine.You will play 1 game in total, consisting of 100 trials. Game 1:You press <<P>> and get 1 points.
You press <<U>> and get 1 points.
You press <<P>> and get 0 points.
You press <<U>> and get 0 points.
You press <<U>> and get 1 points.
You press <<U>> and get 1 points.
You press <<U>> and get 1 points.
You press <<U>> and get 1 points.
You press <<P>> and get 0 points.
You press <<U>> and get 0 points.
You press <<P>> and get 1 points.
You press <<U>> and get 1 points.
You press <<P>> and get 0 points.
You press <<U>> and get 1 points.
You press <<P>> and get 1 points.
You press <<U>> and get 1 points.
You press <<U>> and get 1 points.
You press <<U>> and get 1 points.
You press <<U>> and get 1 points.
You press <<U>> and get 1 points.
You press <<U>> and get 1 points.
You press <<P>> and get 0 points.
You press <<U>> and get 1 points.
You press <<P>> and get 0 points.
You press <<U>> and get 1 points.
You press <<U>> and get 1 points.
You press <<U>> and get 1 points.
You press <<U>> and get 1 points.
You press <<U>> and get 1 points.
You press <<U>> and get 1 points.
You press <<U>> and get 1 points.
You press <<U>> and get 1 points.
You press <<U>> and get 1 points.
You press <<U>> and get 1 points.
You press <<U>> and get 1 points.
You press <<U>> and get 1 points.
You press <<U>> and get 1 points.
You press <<U>> and get 1 points.
You press <<U>> and get 1 points.
You press <<U>> and get 1 points.
You press <<U>> and get 1 points.
You press <<U>> and get 1 points.
You press <<U>> and get 1 points.
You press <<U>> and get 1 points.
You press <<U>> and get 1 points.
You press <<U>> and get 1 points.
You press <<U>> and get 1 points.
You press <<U>> and get 1 points.
You press <<U>> and get 1 points.
You press <<U>> and get 1 points.
You press <<U>> and get 1 points.
You press <<U>> and get 1 points.
You press <<U>> and get 0 points.
You press <<P>> and get 1 points.
You press <<U>> and get 0 points.
You press <<P>> and get 1 points.
You press <<U>> and get 0 points.
You press <<P>> and get 1 points.
You press <<P>> and get 1 points.
You press <<P>> and get 1 points.
You press <<P>> and get 1 points.
You press <<P>> and get 1 points.
You press <<P>> and get 1 points.
You press <<P>> and get 1 points.
You press <<P>> and get 1 points.
You press <<P>> and get 1 points.
You press <<P>> and get 1 points.
You press <<U>> and get 0 points.
You press <<P>> and get 1 points.
You press <<P>> and get 1 points.
You press <<P>> and get 1 points.
You press <<P>> and get 1 points.
You press <<P>> and get 1 points.
You press <<P>> and get 1 points.
You press <<U>> and get 1 points.",False,,"[{'token': 'P', 'prob': 0.9765625}, {'token': 'U', 'prob': 0.02294921875}]",1.6065314412117004e-08,1.2187229003757238e-10,-0.022949202684685588,-0.9765624998781277,,
75,P,,,1,P,-0.023681640625,0.02294921875,0.9765625,False,,True,"In this task, you have to repeatedly choose between two slot machines labeled U and P.
You can choose a slot machine by pressing its corresponding key.When you select one of the machines, you will win 1 or 0 points.Your goal is to choose the slot machines that will give you the most points.You will receive feedback about the outcome after making a choice.
The environment may change unpredictably, and past success does not guarantee future results. You’ll need to adapt to these changes to keep finding the better machine.You will play 1 game in total, consisting of 100 trials. Game 1:You press <<P>> and get 1 points.
You press <<U>> and get 1 points.
You press <<P>> and get 0 points.
You press <<U>> and get 0 points.
You press <<U>> and get 1 points.
You press <<U>> and get 1 points.
You press <<U>> and get 1 points.
You press <<U>> and get 1 points.
You press <<P>> and get 0 points.
You press <<U>> and get 0 points.
You press <<P>> and get 1 points.
You press <<U>> and get 1 points.
You press <<P>> and get 0 points.
You press <<U>> and get 1 points.
You press <<P>> and get 1 points.
You press <<U>> and get 1 points.
You press <<U>> and get 1 points.
You press <<U>> and get 1 points.
You press <<U>> and get 1 points.
You press <<U>> and get 1 points.
You press <<U>> and get 1 points.
You press <<P>> and get 0 points.
You press <<U>> and get 1 points.
You press <<P>> and get 0 points.
You press <<U>> and get 1 points.
You press <<U>> and get 1 points.
You press <<U>> and get 1 points.
You press <<U>> and get 1 points.
You press <<U>> and get 1 points.
You press <<U>> and get 1 points.
You press <<U>> and get 1 points.
You press <<U>> and get 1 points.
You press <<U>> and get 1 points.
You press <<U>> and get 1 points.
You press <<U>> and get 1 points.
You press <<U>> and get 1 points.
You press <<U>> and get 1 points.
You press <<U>> and get 1 points.
You press <<U>> and get 1 points.
You press <<U>> and get 1 points.
You press <<U>> and get 1 points.
You press <<U>> and get 1 points.
You press <<U>> and get 1 points.
You press <<U>> and get 1 points.
You press <<U>> and get 1 points.
You press <<U>> and get 1 points.
You press <<U>> and get 1 points.
You press <<U>> and get 1 points.
You press <<U>> and get 1 points.
You press <<U>> and get 1 points.
You press <<U>> and get 1 points.
You press <<U>> and get 1 points.
You press <<U>> and get 0 points.
You press <<P>> and get 1 points.
You press <<U>> and get 0 points.
You press <<P>> and get 1 points.
You press <<U>> and get 0 points.
You press <<P>> and get 1 points.
You press <<P>> and get 1 points.
You press <<P>> and get 1 points.
You press <<P>> and get 1 points.
You press <<P>> and get 1 points.
You press <<P>> and get 1 points.
You press <<P>> and get 1 points.
You press <<P>> and get 1 points.
You press <<P>> and get 1 points.
You press <<P>> and get 1 points.
You press <<U>> and get 0 points.
You press <<P>> and get 1 points.
You press <<P>> and get 1 points.
You press <<P>> and get 1 points.
You press <<P>> and get 1 points.
You press <<P>> and get 1 points.
You press <<P>> and get 1 points.
You press <<P>> and get 0 points.You press <<","[{'token': 'P', 'prob': 0.9765625}, {'token': 'U', 'prob': 0.02294921875}]",0.53125,0.46875,0.50830078125,-0.5078125,1,0
76,P,P,U,1,P,-0.023681640625,0.02294921875,0.9765625,True,"In this task, you have to repeatedly choose between two slot machines labeled U and P.
You can choose a slot machine by pressing its corresponding key.When you select one of the machines, you will win 1 or 0 points.Your goal is to choose the slot machines that will give you the most points.You will receive feedback about the outcome after making a choice.
The environment may change unpredictably, and past success does not guarantee future results. You’ll need to adapt to these changes to keep finding the better machine.You will play 1 game in total, consisting of 100 trials. Game 1:You press <<P>> and get 1 points.
You press <<U>> and get 1 points.
You press <<P>> and get 0 points.
You press <<U>> and get 0 points.
You press <<U>> and get 1 points.
You press <<U>> and get 1 points.
You press <<U>> and get 1 points.
You press <<U>> and get 1 points.
You press <<P>> and get 0 points.
You press <<U>> and get 0 points.
You press <<P>> and get 1 points.
You press <<U>> and get 1 points.
You press <<P>> and get 0 points.
You press <<U>> and get 1 points.
You press <<P>> and get 1 points.
You press <<U>> and get 1 points.
You press <<U>> and get 1 points.
You press <<U>> and get 1 points.
You press <<U>> and get 1 points.
You press <<U>> and get 1 points.
You press <<U>> and get 1 points.
You press <<P>> and get 0 points.
You press <<U>> and get 1 points.
You press <<P>> and get 0 points.
You press <<U>> and get 1 points.
You press <<U>> and get 1 points.
You press <<U>> and get 1 points.
You press <<U>> and get 1 points.
You press <<U>> and get 1 points.
You press <<U>> and get 1 points.
You press <<U>> and get 1 points.
You press <<U>> and get 1 points.
You press <<U>> and get 1 points.
You press <<U>> and get 1 points.
You press <<U>> and get 1 points.
You press <<U>> and get 1 points.
You press <<U>> and get 1 points.
You press <<U>> and get 1 points.
You press <<U>> and get 1 points.
You press <<U>> and get 1 points.
You press <<U>> and get 1 points.
You press <<U>> and get 1 points.
You press <<U>> and get 1 points.
You press <<U>> and get 1 points.
You press <<U>> and get 1 points.
You press <<U>> and get 1 points.
You press <<U>> and get 1 points.
You press <<U>> and get 1 points.
You press <<U>> and get 1 points.
You press <<U>> and get 1 points.
You press <<U>> and get 1 points.
You press <<U>> and get 1 points.
You press <<U>> and get 0 points.
You press <<P>> and get 1 points.
You press <<U>> and get 0 points.
You press <<P>> and get 1 points.
You press <<U>> and get 0 points.
You press <<P>> and get 1 points.
You press <<P>> and get 1 points.
You press <<P>> and get 1 points.
You press <<P>> and get 1 points.
You press <<P>> and get 1 points.
You press <<P>> and get 1 points.
You press <<P>> and get 1 points.
You press <<P>> and get 1 points.
You press <<P>> and get 1 points.
You press <<P>> and get 1 points.
You press <<U>> and get 0 points.
You press <<P>> and get 1 points.
You press <<P>> and get 1 points.
You press <<P>> and get 1 points.
You press <<P>> and get 1 points.
You press <<P>> and get 1 points.
You press <<P>> and get 1 points.
You press <<P>> and get 1 points.
You press <<U>> and get 1 points.",False,,"[{'token': 'P', 'prob': 0.9765625}, {'token': 'U', 'prob': 0.02294921875}]",1.30385160446167e-08,7.412381819449365e-11,-0.022949205711483955,-0.9765624999258762,,
76,P,,,1,P,-0.023681640625,0.02294921875,0.9765625,False,,True,"In this task, you have to repeatedly choose between two slot machines labeled U and P.
You can choose a slot machine by pressing its corresponding key.When you select one of the machines, you will win 1 or 0 points.Your goal is to choose the slot machines that will give you the most points.You will receive feedback about the outcome after making a choice.
The environment may change unpredictably, and past success does not guarantee future results. You’ll need to adapt to these changes to keep finding the better machine.You will play 1 game in total, consisting of 100 trials. Game 1:You press <<P>> and get 1 points.
You press <<U>> and get 1 points.
You press <<P>> and get 0 points.
You press <<U>> and get 0 points.
You press <<U>> and get 1 points.
You press <<U>> and get 1 points.
You press <<U>> and get 1 points.
You press <<U>> and get 1 points.
You press <<P>> and get 0 points.
You press <<U>> and get 0 points.
You press <<P>> and get 1 points.
You press <<U>> and get 1 points.
You press <<P>> and get 0 points.
You press <<U>> and get 1 points.
You press <<P>> and get 1 points.
You press <<U>> and get 1 points.
You press <<U>> and get 1 points.
You press <<U>> and get 1 points.
You press <<U>> and get 1 points.
You press <<U>> and get 1 points.
You press <<U>> and get 1 points.
You press <<P>> and get 0 points.
You press <<U>> and get 1 points.
You press <<P>> and get 0 points.
You press <<U>> and get 1 points.
You press <<U>> and get 1 points.
You press <<U>> and get 1 points.
You press <<U>> and get 1 points.
You press <<U>> and get 1 points.
You press <<U>> and get 1 points.
You press <<U>> and get 1 points.
You press <<U>> and get 1 points.
You press <<U>> and get 1 points.
You press <<U>> and get 1 points.
You press <<U>> and get 1 points.
You press <<U>> and get 1 points.
You press <<U>> and get 1 points.
You press <<U>> and get 1 points.
You press <<U>> and get 1 points.
You press <<U>> and get 1 points.
You press <<U>> and get 1 points.
You press <<U>> and get 1 points.
You press <<U>> and get 1 points.
You press <<U>> and get 1 points.
You press <<U>> and get 1 points.
You press <<U>> and get 1 points.
You press <<U>> and get 1 points.
You press <<U>> and get 1 points.
You press <<U>> and get 1 points.
You press <<U>> and get 1 points.
You press <<U>> and get 1 points.
You press <<U>> and get 1 points.
You press <<U>> and get 0 points.
You press <<P>> and get 1 points.
You press <<U>> and get 0 points.
You press <<P>> and get 1 points.
You press <<U>> and get 0 points.
You press <<P>> and get 1 points.
You press <<P>> and get 1 points.
You press <<P>> and get 1 points.
You press <<P>> and get 1 points.
You press <<P>> and get 1 points.
You press <<P>> and get 1 points.
You press <<P>> and get 1 points.
You press <<P>> and get 1 points.
You press <<P>> and get 1 points.
You press <<P>> and get 1 points.
You press <<U>> and get 0 points.
You press <<P>> and get 1 points.
You press <<P>> and get 1 points.
You press <<P>> and get 1 points.
You press <<P>> and get 1 points.
You press <<P>> and get 1 points.
You press <<P>> and get 1 points.
You press <<P>> and get 1 points.
You press <<P>> and get 0 points.You press <<","[{'token': 'P', 'prob': 0.9765625}, {'token': 'U', 'prob': 0.02294921875}]",0.53125,0.46875,0.50830078125,-0.5078125,1,0
77,P,P,U,1,P,-0.023681640625,0.02294921875,0.9765625,True,"In this task, you have to repeatedly choose between two slot machines labeled U and P.
You can choose a slot machine by pressing its corresponding key.When you select one of the machines, you will win 1 or 0 points.Your goal is to choose the slot machines that will give you the most points.You will receive feedback about the outcome after making a choice.
The environment may change unpredictably, and past success does not guarantee future results. You’ll need to adapt to these changes to keep finding the better machine.You will play 1 game in total, consisting of 100 trials. Game 1:You press <<P>> and get 1 points.
You press <<U>> and get 1 points.
You press <<P>> and get 0 points.
You press <<U>> and get 0 points.
You press <<U>> and get 1 points.
You press <<U>> and get 1 points.
You press <<U>> and get 1 points.
You press <<U>> and get 1 points.
You press <<P>> and get 0 points.
You press <<U>> and get 0 points.
You press <<P>> and get 1 points.
You press <<U>> and get 1 points.
You press <<P>> and get 0 points.
You press <<U>> and get 1 points.
You press <<P>> and get 1 points.
You press <<U>> and get 1 points.
You press <<U>> and get 1 points.
You press <<U>> and get 1 points.
You press <<U>> and get 1 points.
You press <<U>> and get 1 points.
You press <<U>> and get 1 points.
You press <<P>> and get 0 points.
You press <<U>> and get 1 points.
You press <<P>> and get 0 points.
You press <<U>> and get 1 points.
You press <<U>> and get 1 points.
You press <<U>> and get 1 points.
You press <<U>> and get 1 points.
You press <<U>> and get 1 points.
You press <<U>> and get 1 points.
You press <<U>> and get 1 points.
You press <<U>> and get 1 points.
You press <<U>> and get 1 points.
You press <<U>> and get 1 points.
You press <<U>> and get 1 points.
You press <<U>> and get 1 points.
You press <<U>> and get 1 points.
You press <<U>> and get 1 points.
You press <<U>> and get 1 points.
You press <<U>> and get 1 points.
You press <<U>> and get 1 points.
You press <<U>> and get 1 points.
You press <<U>> and get 1 points.
You press <<U>> and get 1 points.
You press <<U>> and get 1 points.
You press <<U>> and get 1 points.
You press <<U>> and get 1 points.
You press <<U>> and get 1 points.
You press <<U>> and get 1 points.
You press <<U>> and get 1 points.
You press <<U>> and get 1 points.
You press <<U>> and get 1 points.
You press <<U>> and get 0 points.
You press <<P>> and get 1 points.
You press <<U>> and get 0 points.
You press <<P>> and get 1 points.
You press <<U>> and get 0 points.
You press <<P>> and get 1 points.
You press <<P>> and get 1 points.
You press <<P>> and get 1 points.
You press <<P>> and get 1 points.
You press <<P>> and get 1 points.
You press <<P>> and get 1 points.
You press <<P>> and get 1 points.
You press <<P>> and get 1 points.
You press <<P>> and get 1 points.
You press <<P>> and get 1 points.
You press <<U>> and get 0 points.
You press <<P>> and get 1 points.
You press <<P>> and get 1 points.
You press <<P>> and get 1 points.
You press <<P>> and get 1 points.
You press <<P>> and get 1 points.
You press <<P>> and get 1 points.
You press <<P>> and get 1 points.
You press <<P>> and get 1 points.
You press <<U>> and get 1 points.",False,,"[{'token': 'P', 'prob': 0.9765625}, {'token': 'U', 'prob': 0.02294921875}]",7.188646122813225e-09,3.5925040720030665e-11,-0.022949211561353877,-0.976562499964075,,
77,P,,,1,P,-0.023681640625,0.02294921875,0.9765625,False,,True,"In this task, you have to repeatedly choose between two slot machines labeled U and P.
You can choose a slot machine by pressing its corresponding key.When you select one of the machines, you will win 1 or 0 points.Your goal is to choose the slot machines that will give you the most points.You will receive feedback about the outcome after making a choice.
The environment may change unpredictably, and past success does not guarantee future results. You’ll need to adapt to these changes to keep finding the better machine.You will play 1 game in total, consisting of 100 trials. Game 1:You press <<P>> and get 1 points.
You press <<U>> and get 1 points.
You press <<P>> and get 0 points.
You press <<U>> and get 0 points.
You press <<U>> and get 1 points.
You press <<U>> and get 1 points.
You press <<U>> and get 1 points.
You press <<U>> and get 1 points.
You press <<P>> and get 0 points.
You press <<U>> and get 0 points.
You press <<P>> and get 1 points.
You press <<U>> and get 1 points.
You press <<P>> and get 0 points.
You press <<U>> and get 1 points.
You press <<P>> and get 1 points.
You press <<U>> and get 1 points.
You press <<U>> and get 1 points.
You press <<U>> and get 1 points.
You press <<U>> and get 1 points.
You press <<U>> and get 1 points.
You press <<U>> and get 1 points.
You press <<P>> and get 0 points.
You press <<U>> and get 1 points.
You press <<P>> and get 0 points.
You press <<U>> and get 1 points.
You press <<U>> and get 1 points.
You press <<U>> and get 1 points.
You press <<U>> and get 1 points.
You press <<U>> and get 1 points.
You press <<U>> and get 1 points.
You press <<U>> and get 1 points.
You press <<U>> and get 1 points.
You press <<U>> and get 1 points.
You press <<U>> and get 1 points.
You press <<U>> and get 1 points.
You press <<U>> and get 1 points.
You press <<U>> and get 1 points.
You press <<U>> and get 1 points.
You press <<U>> and get 1 points.
You press <<U>> and get 1 points.
You press <<U>> and get 1 points.
You press <<U>> and get 1 points.
You press <<U>> and get 1 points.
You press <<U>> and get 1 points.
You press <<U>> and get 1 points.
You press <<U>> and get 1 points.
You press <<U>> and get 1 points.
You press <<U>> and get 1 points.
You press <<U>> and get 1 points.
You press <<U>> and get 1 points.
You press <<U>> and get 1 points.
You press <<U>> and get 1 points.
You press <<U>> and get 0 points.
You press <<P>> and get 1 points.
You press <<U>> and get 0 points.
You press <<P>> and get 1 points.
You press <<U>> and get 0 points.
You press <<P>> and get 1 points.
You press <<P>> and get 1 points.
You press <<P>> and get 1 points.
You press <<P>> and get 1 points.
You press <<P>> and get 1 points.
You press <<P>> and get 1 points.
You press <<P>> and get 1 points.
You press <<P>> and get 1 points.
You press <<P>> and get 1 points.
You press <<P>> and get 1 points.
You press <<U>> and get 0 points.
You press <<P>> and get 1 points.
You press <<P>> and get 1 points.
You press <<P>> and get 1 points.
You press <<P>> and get 1 points.
You press <<P>> and get 1 points.
You press <<P>> and get 1 points.
You press <<P>> and get 1 points.
You press <<P>> and get 1 points.
You press <<P>> and get 0 points.You press <<","[{'token': 'P', 'prob': 0.9765625}, {'token': 'U', 'prob': 0.02294921875}]",0.53125,0.46875,0.50830078125,-0.5078125,1,0
78,U,P,U,0,P,-3.53125,0.029296875,0.96875,True,"In this task, you have to repeatedly choose between two slot machines labeled U and P.
You can choose a slot machine by pressing its corresponding key.When you select one of the machines, you will win 1 or 0 points.Your goal is to choose the slot machines that will give you the most points.You will receive feedback about the outcome after making a choice.
The environment may change unpredictably, and past success does not guarantee future results. You’ll need to adapt to these changes to keep finding the better machine.You will play 1 game in total, consisting of 100 trials. Game 1:You press <<P>> and get 1 points.
You press <<U>> and get 1 points.
You press <<P>> and get 0 points.
You press <<U>> and get 0 points.
You press <<U>> and get 1 points.
You press <<U>> and get 1 points.
You press <<U>> and get 1 points.
You press <<U>> and get 1 points.
You press <<P>> and get 0 points.
You press <<U>> and get 0 points.
You press <<P>> and get 1 points.
You press <<U>> and get 1 points.
You press <<P>> and get 0 points.
You press <<U>> and get 1 points.
You press <<P>> and get 1 points.
You press <<U>> and get 1 points.
You press <<U>> and get 1 points.
You press <<U>> and get 1 points.
You press <<U>> and get 1 points.
You press <<U>> and get 1 points.
You press <<U>> and get 1 points.
You press <<P>> and get 0 points.
You press <<U>> and get 1 points.
You press <<P>> and get 0 points.
You press <<U>> and get 1 points.
You press <<U>> and get 1 points.
You press <<U>> and get 1 points.
You press <<U>> and get 1 points.
You press <<U>> and get 1 points.
You press <<U>> and get 1 points.
You press <<U>> and get 1 points.
You press <<U>> and get 1 points.
You press <<U>> and get 1 points.
You press <<U>> and get 1 points.
You press <<U>> and get 1 points.
You press <<U>> and get 1 points.
You press <<U>> and get 1 points.
You press <<U>> and get 1 points.
You press <<U>> and get 1 points.
You press <<U>> and get 1 points.
You press <<U>> and get 1 points.
You press <<U>> and get 1 points.
You press <<U>> and get 1 points.
You press <<U>> and get 1 points.
You press <<U>> and get 1 points.
You press <<U>> and get 1 points.
You press <<U>> and get 1 points.
You press <<U>> and get 1 points.
You press <<U>> and get 1 points.
You press <<U>> and get 1 points.
You press <<U>> and get 1 points.
You press <<U>> and get 1 points.
You press <<U>> and get 0 points.
You press <<P>> and get 1 points.
You press <<U>> and get 0 points.
You press <<P>> and get 1 points.
You press <<U>> and get 0 points.
You press <<P>> and get 1 points.
You press <<P>> and get 1 points.
You press <<P>> and get 1 points.
You press <<P>> and get 1 points.
You press <<P>> and get 1 points.
You press <<P>> and get 1 points.
You press <<P>> and get 1 points.
You press <<P>> and get 1 points.
You press <<P>> and get 1 points.
You press <<P>> and get 1 points.
You press <<U>> and get 0 points.
You press <<P>> and get 1 points.
You press <<P>> and get 1 points.
You press <<P>> and get 1 points.
You press <<P>> and get 1 points.
You press <<P>> and get 1 points.
You press <<P>> and get 1 points.
You press <<P>> and get 1 points.
You press <<P>> and get 1 points.
You press <<P>> and get 1 points.
You press <<U>> and get 1 points.",False,,"[{'token': 'P', 'prob': 0.96875}, {'token': 'U', 'prob': 0.029296875}]",6.344635039567947e-09,2.887645678129047e-11,-0.02929686865536496,-0.9687499999711235,,
78,U,,,0,P,-3.53125,0.029296875,0.96875,False,,True,"In this task, you have to repeatedly choose between two slot machines labeled U and P.
You can choose a slot machine by pressing its corresponding key.When you select one of the machines, you will win 1 or 0 points.Your goal is to choose the slot machines that will give you the most points.You will receive feedback about the outcome after making a choice.
The environment may change unpredictably, and past success does not guarantee future results. You’ll need to adapt to these changes to keep finding the better machine.You will play 1 game in total, consisting of 100 trials. Game 1:You press <<P>> and get 1 points.
You press <<U>> and get 1 points.
You press <<P>> and get 0 points.
You press <<U>> and get 0 points.
You press <<U>> and get 1 points.
You press <<U>> and get 1 points.
You press <<U>> and get 1 points.
You press <<U>> and get 1 points.
You press <<P>> and get 0 points.
You press <<U>> and get 0 points.
You press <<P>> and get 1 points.
You press <<U>> and get 1 points.
You press <<P>> and get 0 points.
You press <<U>> and get 1 points.
You press <<P>> and get 1 points.
You press <<U>> and get 1 points.
You press <<U>> and get 1 points.
You press <<U>> and get 1 points.
You press <<U>> and get 1 points.
You press <<U>> and get 1 points.
You press <<U>> and get 1 points.
You press <<P>> and get 0 points.
You press <<U>> and get 1 points.
You press <<P>> and get 0 points.
You press <<U>> and get 1 points.
You press <<U>> and get 1 points.
You press <<U>> and get 1 points.
You press <<U>> and get 1 points.
You press <<U>> and get 1 points.
You press <<U>> and get 1 points.
You press <<U>> and get 1 points.
You press <<U>> and get 1 points.
You press <<U>> and get 1 points.
You press <<U>> and get 1 points.
You press <<U>> and get 1 points.
You press <<U>> and get 1 points.
You press <<U>> and get 1 points.
You press <<U>> and get 1 points.
You press <<U>> and get 1 points.
You press <<U>> and get 1 points.
You press <<U>> and get 1 points.
You press <<U>> and get 1 points.
You press <<U>> and get 1 points.
You press <<U>> and get 1 points.
You press <<U>> and get 1 points.
You press <<U>> and get 1 points.
You press <<U>> and get 1 points.
You press <<U>> and get 1 points.
You press <<U>> and get 1 points.
You press <<U>> and get 1 points.
You press <<U>> and get 1 points.
You press <<U>> and get 1 points.
You press <<U>> and get 0 points.
You press <<P>> and get 1 points.
You press <<U>> and get 0 points.
You press <<P>> and get 1 points.
You press <<U>> and get 0 points.
You press <<P>> and get 1 points.
You press <<P>> and get 1 points.
You press <<P>> and get 1 points.
You press <<P>> and get 1 points.
You press <<P>> and get 1 points.
You press <<P>> and get 1 points.
You press <<P>> and get 1 points.
You press <<P>> and get 1 points.
You press <<P>> and get 1 points.
You press <<P>> and get 1 points.
You press <<U>> and get 0 points.
You press <<P>> and get 1 points.
You press <<P>> and get 1 points.
You press <<P>> and get 1 points.
You press <<P>> and get 1 points.
You press <<P>> and get 1 points.
You press <<P>> and get 1 points.
You press <<P>> and get 1 points.
You press <<P>> and get 1 points.
You press <<P>> and get 1 points.
You press <<P>> and get 0 points.You press <<","[{'token': 'P', 'prob': 0.96875}, {'token': 'U', 'prob': 0.029296875}]",0.53125,0.46875,0.501953125,-0.5,1,0
79,P,U,P,1,P,-0.048095703125,0.04736328125,0.953125,True,"In this task, you have to repeatedly choose between two slot machines labeled U and P.
You can choose a slot machine by pressing its corresponding key.When you select one of the machines, you will win 1 or 0 points.Your goal is to choose the slot machines that will give you the most points.You will receive feedback about the outcome after making a choice.
The environment may change unpredictably, and past success does not guarantee future results. You’ll need to adapt to these changes to keep finding the better machine.You will play 1 game in total, consisting of 100 trials. Game 1:You press <<P>> and get 1 points.
You press <<U>> and get 1 points.
You press <<P>> and get 0 points.
You press <<U>> and get 0 points.
You press <<U>> and get 1 points.
You press <<U>> and get 1 points.
You press <<U>> and get 1 points.
You press <<U>> and get 1 points.
You press <<P>> and get 0 points.
You press <<U>> and get 0 points.
You press <<P>> and get 1 points.
You press <<U>> and get 1 points.
You press <<P>> and get 0 points.
You press <<U>> and get 1 points.
You press <<P>> and get 1 points.
You press <<U>> and get 1 points.
You press <<U>> and get 1 points.
You press <<U>> and get 1 points.
You press <<U>> and get 1 points.
You press <<U>> and get 1 points.
You press <<U>> and get 1 points.
You press <<P>> and get 0 points.
You press <<U>> and get 1 points.
You press <<P>> and get 0 points.
You press <<U>> and get 1 points.
You press <<U>> and get 1 points.
You press <<U>> and get 1 points.
You press <<U>> and get 1 points.
You press <<U>> and get 1 points.
You press <<U>> and get 1 points.
You press <<U>> and get 1 points.
You press <<U>> and get 1 points.
You press <<U>> and get 1 points.
You press <<U>> and get 1 points.
You press <<U>> and get 1 points.
You press <<U>> and get 1 points.
You press <<U>> and get 1 points.
You press <<U>> and get 1 points.
You press <<U>> and get 1 points.
You press <<U>> and get 1 points.
You press <<U>> and get 1 points.
You press <<U>> and get 1 points.
You press <<U>> and get 1 points.
You press <<U>> and get 1 points.
You press <<U>> and get 1 points.
You press <<U>> and get 1 points.
You press <<U>> and get 1 points.
You press <<U>> and get 1 points.
You press <<U>> and get 1 points.
You press <<U>> and get 1 points.
You press <<U>> and get 1 points.
You press <<U>> and get 1 points.
You press <<U>> and get 0 points.
You press <<P>> and get 1 points.
You press <<U>> and get 0 points.
You press <<P>> and get 1 points.
You press <<U>> and get 0 points.
You press <<P>> and get 1 points.
You press <<P>> and get 1 points.
You press <<P>> and get 1 points.
You press <<P>> and get 1 points.
You press <<P>> and get 1 points.
You press <<P>> and get 1 points.
You press <<P>> and get 1 points.
You press <<P>> and get 1 points.
You press <<P>> and get 1 points.
You press <<P>> and get 1 points.
You press <<U>> and get 0 points.
You press <<P>> and get 1 points.
You press <<P>> and get 1 points.
You press <<P>> and get 1 points.
You press <<P>> and get 1 points.
You press <<P>> and get 1 points.
You press <<P>> and get 1 points.
You press <<P>> and get 1 points.
You press <<P>> and get 1 points.
You press <<P>> and get 1 points.
You press <<P>> and get 1 points.
You press <<P>> and get 0 points.",False,,"[{'token': 'P', 'prob': 0.953125}, {'token': 'U', 'prob': 0.04736328125}]",1.0186340659856796e-09,2.8705926524708048e-12,-0.047363280231365934,-0.9531249999971294,,
79,P,,,1,P,-0.048095703125,0.04736328125,0.953125,False,,True,"In this task, you have to repeatedly choose between two slot machines labeled U and P.
You can choose a slot machine by pressing its corresponding key.When you select one of the machines, you will win 1 or 0 points.Your goal is to choose the slot machines that will give you the most points.You will receive feedback about the outcome after making a choice.
The environment may change unpredictably, and past success does not guarantee future results. You’ll need to adapt to these changes to keep finding the better machine.You will play 1 game in total, consisting of 100 trials. Game 1:You press <<P>> and get 1 points.
You press <<U>> and get 1 points.
You press <<P>> and get 0 points.
You press <<U>> and get 0 points.
You press <<U>> and get 1 points.
You press <<U>> and get 1 points.
You press <<U>> and get 1 points.
You press <<U>> and get 1 points.
You press <<P>> and get 0 points.
You press <<U>> and get 0 points.
You press <<P>> and get 1 points.
You press <<U>> and get 1 points.
You press <<P>> and get 0 points.
You press <<U>> and get 1 points.
You press <<P>> and get 1 points.
You press <<U>> and get 1 points.
You press <<U>> and get 1 points.
You press <<U>> and get 1 points.
You press <<U>> and get 1 points.
You press <<U>> and get 1 points.
You press <<U>> and get 1 points.
You press <<P>> and get 0 points.
You press <<U>> and get 1 points.
You press <<P>> and get 0 points.
You press <<U>> and get 1 points.
You press <<U>> and get 1 points.
You press <<U>> and get 1 points.
You press <<U>> and get 1 points.
You press <<U>> and get 1 points.
You press <<U>> and get 1 points.
You press <<U>> and get 1 points.
You press <<U>> and get 1 points.
You press <<U>> and get 1 points.
You press <<U>> and get 1 points.
You press <<U>> and get 1 points.
You press <<U>> and get 1 points.
You press <<U>> and get 1 points.
You press <<U>> and get 1 points.
You press <<U>> and get 1 points.
You press <<U>> and get 1 points.
You press <<U>> and get 1 points.
You press <<U>> and get 1 points.
You press <<U>> and get 1 points.
You press <<U>> and get 1 points.
You press <<U>> and get 1 points.
You press <<U>> and get 1 points.
You press <<U>> and get 1 points.
You press <<U>> and get 1 points.
You press <<U>> and get 1 points.
You press <<U>> and get 1 points.
You press <<U>> and get 1 points.
You press <<U>> and get 1 points.
You press <<U>> and get 0 points.
You press <<P>> and get 1 points.
You press <<U>> and get 0 points.
You press <<P>> and get 1 points.
You press <<U>> and get 0 points.
You press <<P>> and get 1 points.
You press <<P>> and get 1 points.
You press <<P>> and get 1 points.
You press <<P>> and get 1 points.
You press <<P>> and get 1 points.
You press <<P>> and get 1 points.
You press <<P>> and get 1 points.
You press <<P>> and get 1 points.
You press <<P>> and get 1 points.
You press <<P>> and get 1 points.
You press <<U>> and get 0 points.
You press <<P>> and get 1 points.
You press <<P>> and get 1 points.
You press <<P>> and get 1 points.
You press <<P>> and get 1 points.
You press <<P>> and get 1 points.
You press <<P>> and get 1 points.
You press <<P>> and get 1 points.
You press <<P>> and get 1 points.
You press <<P>> and get 1 points.
You press <<P>> and get 1 points.
You press <<U>> and get 1 points.You press <<","[{'token': 'P', 'prob': 0.953125}, {'token': 'U', 'prob': 0.04736328125}]",0.3203125,0.6796875,0.27294921875,-0.2734375,0,1
80,P,P,U,1,P,-0.060302734375,0.06005859375,0.94140625,True,"In this task, you have to repeatedly choose between two slot machines labeled U and P.
You can choose a slot machine by pressing its corresponding key.When you select one of the machines, you will win 1 or 0 points.Your goal is to choose the slot machines that will give you the most points.You will receive feedback about the outcome after making a choice.
The environment may change unpredictably, and past success does not guarantee future results. You’ll need to adapt to these changes to keep finding the better machine.You will play 1 game in total, consisting of 100 trials. Game 1:You press <<P>> and get 1 points.
You press <<U>> and get 1 points.
You press <<P>> and get 0 points.
You press <<U>> and get 0 points.
You press <<U>> and get 1 points.
You press <<U>> and get 1 points.
You press <<U>> and get 1 points.
You press <<U>> and get 1 points.
You press <<P>> and get 0 points.
You press <<U>> and get 0 points.
You press <<P>> and get 1 points.
You press <<U>> and get 1 points.
You press <<P>> and get 0 points.
You press <<U>> and get 1 points.
You press <<P>> and get 1 points.
You press <<U>> and get 1 points.
You press <<U>> and get 1 points.
You press <<U>> and get 1 points.
You press <<U>> and get 1 points.
You press <<U>> and get 1 points.
You press <<U>> and get 1 points.
You press <<P>> and get 0 points.
You press <<U>> and get 1 points.
You press <<P>> and get 0 points.
You press <<U>> and get 1 points.
You press <<U>> and get 1 points.
You press <<U>> and get 1 points.
You press <<U>> and get 1 points.
You press <<U>> and get 1 points.
You press <<U>> and get 1 points.
You press <<U>> and get 1 points.
You press <<U>> and get 1 points.
You press <<U>> and get 1 points.
You press <<U>> and get 1 points.
You press <<U>> and get 1 points.
You press <<U>> and get 1 points.
You press <<U>> and get 1 points.
You press <<U>> and get 1 points.
You press <<U>> and get 1 points.
You press <<U>> and get 1 points.
You press <<U>> and get 1 points.
You press <<U>> and get 1 points.
You press <<U>> and get 1 points.
You press <<U>> and get 1 points.
You press <<U>> and get 1 points.
You press <<U>> and get 1 points.
You press <<U>> and get 1 points.
You press <<U>> and get 1 points.
You press <<U>> and get 1 points.
You press <<U>> and get 1 points.
You press <<U>> and get 1 points.
You press <<U>> and get 1 points.
You press <<U>> and get 0 points.
You press <<P>> and get 1 points.
You press <<U>> and get 0 points.
You press <<P>> and get 1 points.
You press <<U>> and get 0 points.
You press <<P>> and get 1 points.
You press <<P>> and get 1 points.
You press <<P>> and get 1 points.
You press <<P>> and get 1 points.
You press <<P>> and get 1 points.
You press <<P>> and get 1 points.
You press <<P>> and get 1 points.
You press <<P>> and get 1 points.
You press <<P>> and get 1 points.
You press <<P>> and get 1 points.
You press <<U>> and get 0 points.
You press <<P>> and get 1 points.
You press <<P>> and get 1 points.
You press <<P>> and get 1 points.
You press <<P>> and get 1 points.
You press <<P>> and get 1 points.
You press <<P>> and get 1 points.
You press <<P>> and get 1 points.
You press <<P>> and get 1 points.
You press <<P>> and get 1 points.
You press <<P>> and get 1 points.
You press <<U>> and get 0 points.
You press <<U>> and get 1 points.",False,,"[{'token': 'P', 'prob': 0.94140625}, {'token': 'U', 'prob': 0.06005859375}]",2.1100277081131935e-09,4.462208380573429e-12,-0.06005859163997229,-0.9414062499955378,,
80,P,,,1,P,-0.060302734375,0.06005859375,0.94140625,False,,True,"In this task, you have to repeatedly choose between two slot machines labeled U and P.
You can choose a slot machine by pressing its corresponding key.When you select one of the machines, you will win 1 or 0 points.Your goal is to choose the slot machines that will give you the most points.You will receive feedback about the outcome after making a choice.
The environment may change unpredictably, and past success does not guarantee future results. You’ll need to adapt to these changes to keep finding the better machine.You will play 1 game in total, consisting of 100 trials. Game 1:You press <<P>> and get 1 points.
You press <<U>> and get 1 points.
You press <<P>> and get 0 points.
You press <<U>> and get 0 points.
You press <<U>> and get 1 points.
You press <<U>> and get 1 points.
You press <<U>> and get 1 points.
You press <<U>> and get 1 points.
You press <<P>> and get 0 points.
You press <<U>> and get 0 points.
You press <<P>> and get 1 points.
You press <<U>> and get 1 points.
You press <<P>> and get 0 points.
You press <<U>> and get 1 points.
You press <<P>> and get 1 points.
You press <<U>> and get 1 points.
You press <<U>> and get 1 points.
You press <<U>> and get 1 points.
You press <<U>> and get 1 points.
You press <<U>> and get 1 points.
You press <<U>> and get 1 points.
You press <<P>> and get 0 points.
You press <<U>> and get 1 points.
You press <<P>> and get 0 points.
You press <<U>> and get 1 points.
You press <<U>> and get 1 points.
You press <<U>> and get 1 points.
You press <<U>> and get 1 points.
You press <<U>> and get 1 points.
You press <<U>> and get 1 points.
You press <<U>> and get 1 points.
You press <<U>> and get 1 points.
You press <<U>> and get 1 points.
You press <<U>> and get 1 points.
You press <<U>> and get 1 points.
You press <<U>> and get 1 points.
You press <<U>> and get 1 points.
You press <<U>> and get 1 points.
You press <<U>> and get 1 points.
You press <<U>> and get 1 points.
You press <<U>> and get 1 points.
You press <<U>> and get 1 points.
You press <<U>> and get 1 points.
You press <<U>> and get 1 points.
You press <<U>> and get 1 points.
You press <<U>> and get 1 points.
You press <<U>> and get 1 points.
You press <<U>> and get 1 points.
You press <<U>> and get 1 points.
You press <<U>> and get 1 points.
You press <<U>> and get 1 points.
You press <<U>> and get 1 points.
You press <<U>> and get 0 points.
You press <<P>> and get 1 points.
You press <<U>> and get 0 points.
You press <<P>> and get 1 points.
You press <<U>> and get 0 points.
You press <<P>> and get 1 points.
You press <<P>> and get 1 points.
You press <<P>> and get 1 points.
You press <<P>> and get 1 points.
You press <<P>> and get 1 points.
You press <<P>> and get 1 points.
You press <<P>> and get 1 points.
You press <<P>> and get 1 points.
You press <<P>> and get 1 points.
You press <<P>> and get 1 points.
You press <<U>> and get 0 points.
You press <<P>> and get 1 points.
You press <<P>> and get 1 points.
You press <<P>> and get 1 points.
You press <<P>> and get 1 points.
You press <<P>> and get 1 points.
You press <<P>> and get 1 points.
You press <<P>> and get 1 points.
You press <<P>> and get 1 points.
You press <<P>> and get 1 points.
You press <<P>> and get 1 points.
You press <<U>> and get 0 points.
You press <<P>> and get 0 points.You press <<","[{'token': 'P', 'prob': 0.94140625}, {'token': 'U', 'prob': 0.06005859375}]",0.53125,0.46875,0.47119140625,-0.47265625,1,0
81,P,P,U,1,P,-0.039794921875,0.037353515625,0.9609375,True,"In this task, you have to repeatedly choose between two slot machines labeled U and P.
You can choose a slot machine by pressing its corresponding key.When you select one of the machines, you will win 1 or 0 points.Your goal is to choose the slot machines that will give you the most points.You will receive feedback about the outcome after making a choice.
The environment may change unpredictably, and past success does not guarantee future results. You’ll need to adapt to these changes to keep finding the better machine.You will play 1 game in total, consisting of 100 trials. Game 1:You press <<P>> and get 1 points.
You press <<U>> and get 1 points.
You press <<P>> and get 0 points.
You press <<U>> and get 0 points.
You press <<U>> and get 1 points.
You press <<U>> and get 1 points.
You press <<U>> and get 1 points.
You press <<U>> and get 1 points.
You press <<P>> and get 0 points.
You press <<U>> and get 0 points.
You press <<P>> and get 1 points.
You press <<U>> and get 1 points.
You press <<P>> and get 0 points.
You press <<U>> and get 1 points.
You press <<P>> and get 1 points.
You press <<U>> and get 1 points.
You press <<U>> and get 1 points.
You press <<U>> and get 1 points.
You press <<U>> and get 1 points.
You press <<U>> and get 1 points.
You press <<U>> and get 1 points.
You press <<P>> and get 0 points.
You press <<U>> and get 1 points.
You press <<P>> and get 0 points.
You press <<U>> and get 1 points.
You press <<U>> and get 1 points.
You press <<U>> and get 1 points.
You press <<U>> and get 1 points.
You press <<U>> and get 1 points.
You press <<U>> and get 1 points.
You press <<U>> and get 1 points.
You press <<U>> and get 1 points.
You press <<U>> and get 1 points.
You press <<U>> and get 1 points.
You press <<U>> and get 1 points.
You press <<U>> and get 1 points.
You press <<U>> and get 1 points.
You press <<U>> and get 1 points.
You press <<U>> and get 1 points.
You press <<U>> and get 1 points.
You press <<U>> and get 1 points.
You press <<U>> and get 1 points.
You press <<U>> and get 1 points.
You press <<U>> and get 1 points.
You press <<U>> and get 1 points.
You press <<U>> and get 1 points.
You press <<U>> and get 1 points.
You press <<U>> and get 1 points.
You press <<U>> and get 1 points.
You press <<U>> and get 1 points.
You press <<U>> and get 1 points.
You press <<U>> and get 1 points.
You press <<U>> and get 0 points.
You press <<P>> and get 1 points.
You press <<U>> and get 0 points.
You press <<P>> and get 1 points.
You press <<U>> and get 0 points.
You press <<P>> and get 1 points.
You press <<P>> and get 1 points.
You press <<P>> and get 1 points.
You press <<P>> and get 1 points.
You press <<P>> and get 1 points.
You press <<P>> and get 1 points.
You press <<P>> and get 1 points.
You press <<P>> and get 1 points.
You press <<P>> and get 1 points.
You press <<P>> and get 1 points.
You press <<U>> and get 0 points.
You press <<P>> and get 1 points.
You press <<P>> and get 1 points.
You press <<P>> and get 1 points.
You press <<P>> and get 1 points.
You press <<P>> and get 1 points.
You press <<P>> and get 1 points.
You press <<P>> and get 1 points.
You press <<P>> and get 1 points.
You press <<P>> and get 1 points.
You press <<P>> and get 1 points.
You press <<U>> and get 0 points.
You press <<P>> and get 1 points.
You press <<U>> and get 1 points.",False,,"[{'token': 'P', 'prob': 0.9609375}, {'token': 'U', 'prob': 0.037353515625}]",3.1723175197839737e-09,1.3358203432289883e-11,-0.03735351245268248,-0.9609374999866418,,
81,P,,,1,P,-0.039794921875,0.037353515625,0.9609375,False,,True,"In this task, you have to repeatedly choose between two slot machines labeled U and P.
You can choose a slot machine by pressing its corresponding key.When you select one of the machines, you will win 1 or 0 points.Your goal is to choose the slot machines that will give you the most points.You will receive feedback about the outcome after making a choice.
The environment may change unpredictably, and past success does not guarantee future results. You’ll need to adapt to these changes to keep finding the better machine.You will play 1 game in total, consisting of 100 trials. Game 1:You press <<P>> and get 1 points.
You press <<U>> and get 1 points.
You press <<P>> and get 0 points.
You press <<U>> and get 0 points.
You press <<U>> and get 1 points.
You press <<U>> and get 1 points.
You press <<U>> and get 1 points.
You press <<U>> and get 1 points.
You press <<P>> and get 0 points.
You press <<U>> and get 0 points.
You press <<P>> and get 1 points.
You press <<U>> and get 1 points.
You press <<P>> and get 0 points.
You press <<U>> and get 1 points.
You press <<P>> and get 1 points.
You press <<U>> and get 1 points.
You press <<U>> and get 1 points.
You press <<U>> and get 1 points.
You press <<U>> and get 1 points.
You press <<U>> and get 1 points.
You press <<U>> and get 1 points.
You press <<P>> and get 0 points.
You press <<U>> and get 1 points.
You press <<P>> and get 0 points.
You press <<U>> and get 1 points.
You press <<U>> and get 1 points.
You press <<U>> and get 1 points.
You press <<U>> and get 1 points.
You press <<U>> and get 1 points.
You press <<U>> and get 1 points.
You press <<U>> and get 1 points.
You press <<U>> and get 1 points.
You press <<U>> and get 1 points.
You press <<U>> and get 1 points.
You press <<U>> and get 1 points.
You press <<U>> and get 1 points.
You press <<U>> and get 1 points.
You press <<U>> and get 1 points.
You press <<U>> and get 1 points.
You press <<U>> and get 1 points.
You press <<U>> and get 1 points.
You press <<U>> and get 1 points.
You press <<U>> and get 1 points.
You press <<U>> and get 1 points.
You press <<U>> and get 1 points.
You press <<U>> and get 1 points.
You press <<U>> and get 1 points.
You press <<U>> and get 1 points.
You press <<U>> and get 1 points.
You press <<U>> and get 1 points.
You press <<U>> and get 1 points.
You press <<U>> and get 1 points.
You press <<U>> and get 0 points.
You press <<P>> and get 1 points.
You press <<U>> and get 0 points.
You press <<P>> and get 1 points.
You press <<U>> and get 0 points.
You press <<P>> and get 1 points.
You press <<P>> and get 1 points.
You press <<P>> and get 1 points.
You press <<P>> and get 1 points.
You press <<P>> and get 1 points.
You press <<P>> and get 1 points.
You press <<P>> and get 1 points.
You press <<P>> and get 1 points.
You press <<P>> and get 1 points.
You press <<P>> and get 1 points.
You press <<U>> and get 0 points.
You press <<P>> and get 1 points.
You press <<P>> and get 1 points.
You press <<P>> and get 1 points.
You press <<P>> and get 1 points.
You press <<P>> and get 1 points.
You press <<P>> and get 1 points.
You press <<P>> and get 1 points.
You press <<P>> and get 1 points.
You press <<P>> and get 1 points.
You press <<P>> and get 1 points.
You press <<U>> and get 0 points.
You press <<P>> and get 1 points.
You press <<P>> and get 0 points.You press <<","[{'token': 'P', 'prob': 0.9609375}, {'token': 'U', 'prob': 0.037353515625}]",0.4375,0.5625,0.400146484375,-0.3984375,1,0
82,P,P,U,1,P,-0.03173828125,0.029296875,0.96875,True,"In this task, you have to repeatedly choose between two slot machines labeled U and P.
You can choose a slot machine by pressing its corresponding key.When you select one of the machines, you will win 1 or 0 points.Your goal is to choose the slot machines that will give you the most points.You will receive feedback about the outcome after making a choice.
The environment may change unpredictably, and past success does not guarantee future results. You’ll need to adapt to these changes to keep finding the better machine.You will play 1 game in total, consisting of 100 trials. Game 1:You press <<P>> and get 1 points.
You press <<U>> and get 1 points.
You press <<P>> and get 0 points.
You press <<U>> and get 0 points.
You press <<U>> and get 1 points.
You press <<U>> and get 1 points.
You press <<U>> and get 1 points.
You press <<U>> and get 1 points.
You press <<P>> and get 0 points.
You press <<U>> and get 0 points.
You press <<P>> and get 1 points.
You press <<U>> and get 1 points.
You press <<P>> and get 0 points.
You press <<U>> and get 1 points.
You press <<P>> and get 1 points.
You press <<U>> and get 1 points.
You press <<U>> and get 1 points.
You press <<U>> and get 1 points.
You press <<U>> and get 1 points.
You press <<U>> and get 1 points.
You press <<U>> and get 1 points.
You press <<P>> and get 0 points.
You press <<U>> and get 1 points.
You press <<P>> and get 0 points.
You press <<U>> and get 1 points.
You press <<U>> and get 1 points.
You press <<U>> and get 1 points.
You press <<U>> and get 1 points.
You press <<U>> and get 1 points.
You press <<U>> and get 1 points.
You press <<U>> and get 1 points.
You press <<U>> and get 1 points.
You press <<U>> and get 1 points.
You press <<U>> and get 1 points.
You press <<U>> and get 1 points.
You press <<U>> and get 1 points.
You press <<U>> and get 1 points.
You press <<U>> and get 1 points.
You press <<U>> and get 1 points.
You press <<U>> and get 1 points.
You press <<U>> and get 1 points.
You press <<U>> and get 1 points.
You press <<U>> and get 1 points.
You press <<U>> and get 1 points.
You press <<U>> and get 1 points.
You press <<U>> and get 1 points.
You press <<U>> and get 1 points.
You press <<U>> and get 1 points.
You press <<U>> and get 1 points.
You press <<U>> and get 1 points.
You press <<U>> and get 1 points.
You press <<U>> and get 1 points.
You press <<U>> and get 0 points.
You press <<P>> and get 1 points.
You press <<U>> and get 0 points.
You press <<P>> and get 1 points.
You press <<U>> and get 0 points.
You press <<P>> and get 1 points.
You press <<P>> and get 1 points.
You press <<P>> and get 1 points.
You press <<P>> and get 1 points.
You press <<P>> and get 1 points.
You press <<P>> and get 1 points.
You press <<P>> and get 1 points.
You press <<P>> and get 1 points.
You press <<P>> and get 1 points.
You press <<P>> and get 1 points.
You press <<U>> and get 0 points.
You press <<P>> and get 1 points.
You press <<P>> and get 1 points.
You press <<P>> and get 1 points.
You press <<P>> and get 1 points.
You press <<P>> and get 1 points.
You press <<P>> and get 1 points.
You press <<P>> and get 1 points.
You press <<P>> and get 1 points.
You press <<P>> and get 1 points.
You press <<P>> and get 1 points.
You press <<U>> and get 0 points.
You press <<P>> and get 1 points.
You press <<P>> and get 1 points.
You press <<U>> and get 1 points.",False,,"[{'token': 'P', 'prob': 0.96875}, {'token': 'U', 'prob': 0.029296875}]",6.7229848355054855e-09,3.4788172342814505e-11,-0.029296868277015164,-0.9687499999652118,,
82,P,,,1,P,-0.03173828125,0.029296875,0.96875,False,,True,"In this task, you have to repeatedly choose between two slot machines labeled U and P.
You can choose a slot machine by pressing its corresponding key.When you select one of the machines, you will win 1 or 0 points.Your goal is to choose the slot machines that will give you the most points.You will receive feedback about the outcome after making a choice.
The environment may change unpredictably, and past success does not guarantee future results. You’ll need to adapt to these changes to keep finding the better machine.You will play 1 game in total, consisting of 100 trials. Game 1:You press <<P>> and get 1 points.
You press <<U>> and get 1 points.
You press <<P>> and get 0 points.
You press <<U>> and get 0 points.
You press <<U>> and get 1 points.
You press <<U>> and get 1 points.
You press <<U>> and get 1 points.
You press <<U>> and get 1 points.
You press <<P>> and get 0 points.
You press <<U>> and get 0 points.
You press <<P>> and get 1 points.
You press <<U>> and get 1 points.
You press <<P>> and get 0 points.
You press <<U>> and get 1 points.
You press <<P>> and get 1 points.
You press <<U>> and get 1 points.
You press <<U>> and get 1 points.
You press <<U>> and get 1 points.
You press <<U>> and get 1 points.
You press <<U>> and get 1 points.
You press <<U>> and get 1 points.
You press <<P>> and get 0 points.
You press <<U>> and get 1 points.
You press <<P>> and get 0 points.
You press <<U>> and get 1 points.
You press <<U>> and get 1 points.
You press <<U>> and get 1 points.
You press <<U>> and get 1 points.
You press <<U>> and get 1 points.
You press <<U>> and get 1 points.
You press <<U>> and get 1 points.
You press <<U>> and get 1 points.
You press <<U>> and get 1 points.
You press <<U>> and get 1 points.
You press <<U>> and get 1 points.
You press <<U>> and get 1 points.
You press <<U>> and get 1 points.
You press <<U>> and get 1 points.
You press <<U>> and get 1 points.
You press <<U>> and get 1 points.
You press <<U>> and get 1 points.
You press <<U>> and get 1 points.
You press <<U>> and get 1 points.
You press <<U>> and get 1 points.
You press <<U>> and get 1 points.
You press <<U>> and get 1 points.
You press <<U>> and get 1 points.
You press <<U>> and get 1 points.
You press <<U>> and get 1 points.
You press <<U>> and get 1 points.
You press <<U>> and get 1 points.
You press <<U>> and get 1 points.
You press <<U>> and get 0 points.
You press <<P>> and get 1 points.
You press <<U>> and get 0 points.
You press <<P>> and get 1 points.
You press <<U>> and get 0 points.
You press <<P>> and get 1 points.
You press <<P>> and get 1 points.
You press <<P>> and get 1 points.
You press <<P>> and get 1 points.
You press <<P>> and get 1 points.
You press <<P>> and get 1 points.
You press <<P>> and get 1 points.
You press <<P>> and get 1 points.
You press <<P>> and get 1 points.
You press <<P>> and get 1 points.
You press <<U>> and get 0 points.
You press <<P>> and get 1 points.
You press <<P>> and get 1 points.
You press <<P>> and get 1 points.
You press <<P>> and get 1 points.
You press <<P>> and get 1 points.
You press <<P>> and get 1 points.
You press <<P>> and get 1 points.
You press <<P>> and get 1 points.
You press <<P>> and get 1 points.
You press <<P>> and get 1 points.
You press <<U>> and get 0 points.
You press <<P>> and get 1 points.
You press <<P>> and get 1 points.
You press <<P>> and get 0 points.You press <<","[{'token': 'P', 'prob': 0.96875}, {'token': 'U', 'prob': 0.029296875}]",0.4375,0.5625,0.408203125,-0.40625,1,0
83,P,P,U,1,P,-0.03173828125,0.029296875,0.96875,True,"In this task, you have to repeatedly choose between two slot machines labeled U and P.
You can choose a slot machine by pressing its corresponding key.When you select one of the machines, you will win 1 or 0 points.Your goal is to choose the slot machines that will give you the most points.You will receive feedback about the outcome after making a choice.
The environment may change unpredictably, and past success does not guarantee future results. You’ll need to adapt to these changes to keep finding the better machine.You will play 1 game in total, consisting of 100 trials. Game 1:You press <<P>> and get 1 points.
You press <<U>> and get 1 points.
You press <<P>> and get 0 points.
You press <<U>> and get 0 points.
You press <<U>> and get 1 points.
You press <<U>> and get 1 points.
You press <<U>> and get 1 points.
You press <<U>> and get 1 points.
You press <<P>> and get 0 points.
You press <<U>> and get 0 points.
You press <<P>> and get 1 points.
You press <<U>> and get 1 points.
You press <<P>> and get 0 points.
You press <<U>> and get 1 points.
You press <<P>> and get 1 points.
You press <<U>> and get 1 points.
You press <<U>> and get 1 points.
You press <<U>> and get 1 points.
You press <<U>> and get 1 points.
You press <<U>> and get 1 points.
You press <<U>> and get 1 points.
You press <<P>> and get 0 points.
You press <<U>> and get 1 points.
You press <<P>> and get 0 points.
You press <<U>> and get 1 points.
You press <<U>> and get 1 points.
You press <<U>> and get 1 points.
You press <<U>> and get 1 points.
You press <<U>> and get 1 points.
You press <<U>> and get 1 points.
You press <<U>> and get 1 points.
You press <<U>> and get 1 points.
You press <<U>> and get 1 points.
You press <<U>> and get 1 points.
You press <<U>> and get 1 points.
You press <<U>> and get 1 points.
You press <<U>> and get 1 points.
You press <<U>> and get 1 points.
You press <<U>> and get 1 points.
You press <<U>> and get 1 points.
You press <<U>> and get 1 points.
You press <<U>> and get 1 points.
You press <<U>> and get 1 points.
You press <<U>> and get 1 points.
You press <<U>> and get 1 points.
You press <<U>> and get 1 points.
You press <<U>> and get 1 points.
You press <<U>> and get 1 points.
You press <<U>> and get 1 points.
You press <<U>> and get 1 points.
You press <<U>> and get 1 points.
You press <<U>> and get 1 points.
You press <<U>> and get 0 points.
You press <<P>> and get 1 points.
You press <<U>> and get 0 points.
You press <<P>> and get 1 points.
You press <<U>> and get 0 points.
You press <<P>> and get 1 points.
You press <<P>> and get 1 points.
You press <<P>> and get 1 points.
You press <<P>> and get 1 points.
You press <<P>> and get 1 points.
You press <<P>> and get 1 points.
You press <<P>> and get 1 points.
You press <<P>> and get 1 points.
You press <<P>> and get 1 points.
You press <<P>> and get 1 points.
You press <<U>> and get 0 points.
You press <<P>> and get 1 points.
You press <<P>> and get 1 points.
You press <<P>> and get 1 points.
You press <<P>> and get 1 points.
You press <<P>> and get 1 points.
You press <<P>> and get 1 points.
You press <<P>> and get 1 points.
You press <<P>> and get 1 points.
You press <<P>> and get 1 points.
You press <<P>> and get 1 points.
You press <<U>> and get 0 points.
You press <<P>> and get 1 points.
You press <<P>> and get 1 points.
You press <<P>> and get 1 points.
You press <<U>> and get 1 points.",False,,"[{'token': 'P', 'prob': 0.96875}, {'token': 'U', 'prob': 0.029296875}]",9.371433407068253e-09,3.842615114990622e-11,-0.029296865628566593,-0.9687499999615738,,
83,P,,,1,P,-0.03173828125,0.029296875,0.96875,False,,True,"In this task, you have to repeatedly choose between two slot machines labeled U and P.
You can choose a slot machine by pressing its corresponding key.When you select one of the machines, you will win 1 or 0 points.Your goal is to choose the slot machines that will give you the most points.You will receive feedback about the outcome after making a choice.
The environment may change unpredictably, and past success does not guarantee future results. You’ll need to adapt to these changes to keep finding the better machine.You will play 1 game in total, consisting of 100 trials. Game 1:You press <<P>> and get 1 points.
You press <<U>> and get 1 points.
You press <<P>> and get 0 points.
You press <<U>> and get 0 points.
You press <<U>> and get 1 points.
You press <<U>> and get 1 points.
You press <<U>> and get 1 points.
You press <<U>> and get 1 points.
You press <<P>> and get 0 points.
You press <<U>> and get 0 points.
You press <<P>> and get 1 points.
You press <<U>> and get 1 points.
You press <<P>> and get 0 points.
You press <<U>> and get 1 points.
You press <<P>> and get 1 points.
You press <<U>> and get 1 points.
You press <<U>> and get 1 points.
You press <<U>> and get 1 points.
You press <<U>> and get 1 points.
You press <<U>> and get 1 points.
You press <<U>> and get 1 points.
You press <<P>> and get 0 points.
You press <<U>> and get 1 points.
You press <<P>> and get 0 points.
You press <<U>> and get 1 points.
You press <<U>> and get 1 points.
You press <<U>> and get 1 points.
You press <<U>> and get 1 points.
You press <<U>> and get 1 points.
You press <<U>> and get 1 points.
You press <<U>> and get 1 points.
You press <<U>> and get 1 points.
You press <<U>> and get 1 points.
You press <<U>> and get 1 points.
You press <<U>> and get 1 points.
You press <<U>> and get 1 points.
You press <<U>> and get 1 points.
You press <<U>> and get 1 points.
You press <<U>> and get 1 points.
You press <<U>> and get 1 points.
You press <<U>> and get 1 points.
You press <<U>> and get 1 points.
You press <<U>> and get 1 points.
You press <<U>> and get 1 points.
You press <<U>> and get 1 points.
You press <<U>> and get 1 points.
You press <<U>> and get 1 points.
You press <<U>> and get 1 points.
You press <<U>> and get 1 points.
You press <<U>> and get 1 points.
You press <<U>> and get 1 points.
You press <<U>> and get 1 points.
You press <<U>> and get 0 points.
You press <<P>> and get 1 points.
You press <<U>> and get 0 points.
You press <<P>> and get 1 points.
You press <<U>> and get 0 points.
You press <<P>> and get 1 points.
You press <<P>> and get 1 points.
You press <<P>> and get 1 points.
You press <<P>> and get 1 points.
You press <<P>> and get 1 points.
You press <<P>> and get 1 points.
You press <<P>> and get 1 points.
You press <<P>> and get 1 points.
You press <<P>> and get 1 points.
You press <<P>> and get 1 points.
You press <<U>> and get 0 points.
You press <<P>> and get 1 points.
You press <<P>> and get 1 points.
You press <<P>> and get 1 points.
You press <<P>> and get 1 points.
You press <<P>> and get 1 points.
You press <<P>> and get 1 points.
You press <<P>> and get 1 points.
You press <<P>> and get 1 points.
You press <<P>> and get 1 points.
You press <<P>> and get 1 points.
You press <<U>> and get 0 points.
You press <<P>> and get 1 points.
You press <<P>> and get 1 points.
You press <<P>> and get 1 points.
You press <<P>> and get 0 points.You press <<","[{'token': 'P', 'prob': 0.96875}, {'token': 'U', 'prob': 0.029296875}]",0.46875,0.53125,0.439453125,-0.4375,1,0
84,P,P,U,1,P,-0.03173828125,0.029296875,0.96875,True,"In this task, you have to repeatedly choose between two slot machines labeled U and P.
You can choose a slot machine by pressing its corresponding key.When you select one of the machines, you will win 1 or 0 points.Your goal is to choose the slot machines that will give you the most points.You will receive feedback about the outcome after making a choice.
The environment may change unpredictably, and past success does not guarantee future results. You’ll need to adapt to these changes to keep finding the better machine.You will play 1 game in total, consisting of 100 trials. Game 1:You press <<P>> and get 1 points.
You press <<U>> and get 1 points.
You press <<P>> and get 0 points.
You press <<U>> and get 0 points.
You press <<U>> and get 1 points.
You press <<U>> and get 1 points.
You press <<U>> and get 1 points.
You press <<U>> and get 1 points.
You press <<P>> and get 0 points.
You press <<U>> and get 0 points.
You press <<P>> and get 1 points.
You press <<U>> and get 1 points.
You press <<P>> and get 0 points.
You press <<U>> and get 1 points.
You press <<P>> and get 1 points.
You press <<U>> and get 1 points.
You press <<U>> and get 1 points.
You press <<U>> and get 1 points.
You press <<U>> and get 1 points.
You press <<U>> and get 1 points.
You press <<U>> and get 1 points.
You press <<P>> and get 0 points.
You press <<U>> and get 1 points.
You press <<P>> and get 0 points.
You press <<U>> and get 1 points.
You press <<U>> and get 1 points.
You press <<U>> and get 1 points.
You press <<U>> and get 1 points.
You press <<U>> and get 1 points.
You press <<U>> and get 1 points.
You press <<U>> and get 1 points.
You press <<U>> and get 1 points.
You press <<U>> and get 1 points.
You press <<U>> and get 1 points.
You press <<U>> and get 1 points.
You press <<U>> and get 1 points.
You press <<U>> and get 1 points.
You press <<U>> and get 1 points.
You press <<U>> and get 1 points.
You press <<U>> and get 1 points.
You press <<U>> and get 1 points.
You press <<U>> and get 1 points.
You press <<U>> and get 1 points.
You press <<U>> and get 1 points.
You press <<U>> and get 1 points.
You press <<U>> and get 1 points.
You press <<U>> and get 1 points.
You press <<U>> and get 1 points.
You press <<U>> and get 1 points.
You press <<U>> and get 1 points.
You press <<U>> and get 1 points.
You press <<U>> and get 1 points.
You press <<U>> and get 0 points.
You press <<P>> and get 1 points.
You press <<U>> and get 0 points.
You press <<P>> and get 1 points.
You press <<U>> and get 0 points.
You press <<P>> and get 1 points.
You press <<P>> and get 1 points.
You press <<P>> and get 1 points.
You press <<P>> and get 1 points.
You press <<P>> and get 1 points.
You press <<P>> and get 1 points.
You press <<P>> and get 1 points.
You press <<P>> and get 1 points.
You press <<P>> and get 1 points.
You press <<P>> and get 1 points.
You press <<U>> and get 0 points.
You press <<P>> and get 1 points.
You press <<P>> and get 1 points.
You press <<P>> and get 1 points.
You press <<P>> and get 1 points.
You press <<P>> and get 1 points.
You press <<P>> and get 1 points.
You press <<P>> and get 1 points.
You press <<P>> and get 1 points.
You press <<P>> and get 1 points.
You press <<P>> and get 1 points.
You press <<U>> and get 0 points.
You press <<P>> and get 1 points.
You press <<P>> and get 1 points.
You press <<P>> and get 1 points.
You press <<P>> and get 1 points.
You press <<U>> and get 1 points.",False,,"[{'token': 'P', 'prob': 0.96875}, {'token': 'U', 'prob': 0.029296875}]",7.62520357966423e-09,3.7061909097246826e-11,-0.02929686737479642,-0.9687499999629381,,
84,P,,,1,P,-0.03173828125,0.029296875,0.96875,False,,True,"In this task, you have to repeatedly choose between two slot machines labeled U and P.
You can choose a slot machine by pressing its corresponding key.When you select one of the machines, you will win 1 or 0 points.Your goal is to choose the slot machines that will give you the most points.You will receive feedback about the outcome after making a choice.
The environment may change unpredictably, and past success does not guarantee future results. You’ll need to adapt to these changes to keep finding the better machine.You will play 1 game in total, consisting of 100 trials. Game 1:You press <<P>> and get 1 points.
You press <<U>> and get 1 points.
You press <<P>> and get 0 points.
You press <<U>> and get 0 points.
You press <<U>> and get 1 points.
You press <<U>> and get 1 points.
You press <<U>> and get 1 points.
You press <<U>> and get 1 points.
You press <<P>> and get 0 points.
You press <<U>> and get 0 points.
You press <<P>> and get 1 points.
You press <<U>> and get 1 points.
You press <<P>> and get 0 points.
You press <<U>> and get 1 points.
You press <<P>> and get 1 points.
You press <<U>> and get 1 points.
You press <<U>> and get 1 points.
You press <<U>> and get 1 points.
You press <<U>> and get 1 points.
You press <<U>> and get 1 points.
You press <<U>> and get 1 points.
You press <<P>> and get 0 points.
You press <<U>> and get 1 points.
You press <<P>> and get 0 points.
You press <<U>> and get 1 points.
You press <<U>> and get 1 points.
You press <<U>> and get 1 points.
You press <<U>> and get 1 points.
You press <<U>> and get 1 points.
You press <<U>> and get 1 points.
You press <<U>> and get 1 points.
You press <<U>> and get 1 points.
You press <<U>> and get 1 points.
You press <<U>> and get 1 points.
You press <<U>> and get 1 points.
You press <<U>> and get 1 points.
You press <<U>> and get 1 points.
You press <<U>> and get 1 points.
You press <<U>> and get 1 points.
You press <<U>> and get 1 points.
You press <<U>> and get 1 points.
You press <<U>> and get 1 points.
You press <<U>> and get 1 points.
You press <<U>> and get 1 points.
You press <<U>> and get 1 points.
You press <<U>> and get 1 points.
You press <<U>> and get 1 points.
You press <<U>> and get 1 points.
You press <<U>> and get 1 points.
You press <<U>> and get 1 points.
You press <<U>> and get 1 points.
You press <<U>> and get 1 points.
You press <<U>> and get 0 points.
You press <<P>> and get 1 points.
You press <<U>> and get 0 points.
You press <<P>> and get 1 points.
You press <<U>> and get 0 points.
You press <<P>> and get 1 points.
You press <<P>> and get 1 points.
You press <<P>> and get 1 points.
You press <<P>> and get 1 points.
You press <<P>> and get 1 points.
You press <<P>> and get 1 points.
You press <<P>> and get 1 points.
You press <<P>> and get 1 points.
You press <<P>> and get 1 points.
You press <<P>> and get 1 points.
You press <<U>> and get 0 points.
You press <<P>> and get 1 points.
You press <<P>> and get 1 points.
You press <<P>> and get 1 points.
You press <<P>> and get 1 points.
You press <<P>> and get 1 points.
You press <<P>> and get 1 points.
You press <<P>> and get 1 points.
You press <<P>> and get 1 points.
You press <<P>> and get 1 points.
You press <<P>> and get 1 points.
You press <<U>> and get 0 points.
You press <<P>> and get 1 points.
You press <<P>> and get 1 points.
You press <<P>> and get 1 points.
You press <<P>> and get 1 points.
You press <<P>> and get 0 points.You press <<","[{'token': 'P', 'prob': 0.96875}, {'token': 'U', 'prob': 0.029296875}]",0.5,0.5,0.470703125,-0.46875,1,0
85,P,P,U,1,P,-0.03173828125,0.029296875,0.96875,True,"In this task, you have to repeatedly choose between two slot machines labeled U and P.
You can choose a slot machine by pressing its corresponding key.When you select one of the machines, you will win 1 or 0 points.Your goal is to choose the slot machines that will give you the most points.You will receive feedback about the outcome after making a choice.
The environment may change unpredictably, and past success does not guarantee future results. You’ll need to adapt to these changes to keep finding the better machine.You will play 1 game in total, consisting of 100 trials. Game 1:You press <<P>> and get 1 points.
You press <<U>> and get 1 points.
You press <<P>> and get 0 points.
You press <<U>> and get 0 points.
You press <<U>> and get 1 points.
You press <<U>> and get 1 points.
You press <<U>> and get 1 points.
You press <<U>> and get 1 points.
You press <<P>> and get 0 points.
You press <<U>> and get 0 points.
You press <<P>> and get 1 points.
You press <<U>> and get 1 points.
You press <<P>> and get 0 points.
You press <<U>> and get 1 points.
You press <<P>> and get 1 points.
You press <<U>> and get 1 points.
You press <<U>> and get 1 points.
You press <<U>> and get 1 points.
You press <<U>> and get 1 points.
You press <<U>> and get 1 points.
You press <<U>> and get 1 points.
You press <<P>> and get 0 points.
You press <<U>> and get 1 points.
You press <<P>> and get 0 points.
You press <<U>> and get 1 points.
You press <<U>> and get 1 points.
You press <<U>> and get 1 points.
You press <<U>> and get 1 points.
You press <<U>> and get 1 points.
You press <<U>> and get 1 points.
You press <<U>> and get 1 points.
You press <<U>> and get 1 points.
You press <<U>> and get 1 points.
You press <<U>> and get 1 points.
You press <<U>> and get 1 points.
You press <<U>> and get 1 points.
You press <<U>> and get 1 points.
You press <<U>> and get 1 points.
You press <<U>> and get 1 points.
You press <<U>> and get 1 points.
You press <<U>> and get 1 points.
You press <<U>> and get 1 points.
You press <<U>> and get 1 points.
You press <<U>> and get 1 points.
You press <<U>> and get 1 points.
You press <<U>> and get 1 points.
You press <<U>> and get 1 points.
You press <<U>> and get 1 points.
You press <<U>> and get 1 points.
You press <<U>> and get 1 points.
You press <<U>> and get 1 points.
You press <<U>> and get 1 points.
You press <<U>> and get 0 points.
You press <<P>> and get 1 points.
You press <<U>> and get 0 points.
You press <<P>> and get 1 points.
You press <<U>> and get 0 points.
You press <<P>> and get 1 points.
You press <<P>> and get 1 points.
You press <<P>> and get 1 points.
You press <<P>> and get 1 points.
You press <<P>> and get 1 points.
You press <<P>> and get 1 points.
You press <<P>> and get 1 points.
You press <<P>> and get 1 points.
You press <<P>> and get 1 points.
You press <<P>> and get 1 points.
You press <<U>> and get 0 points.
You press <<P>> and get 1 points.
You press <<P>> and get 1 points.
You press <<P>> and get 1 points.
You press <<P>> and get 1 points.
You press <<P>> and get 1 points.
You press <<P>> and get 1 points.
You press <<P>> and get 1 points.
You press <<P>> and get 1 points.
You press <<P>> and get 1 points.
You press <<P>> and get 1 points.
You press <<U>> and get 0 points.
You press <<P>> and get 1 points.
You press <<P>> and get 1 points.
You press <<P>> and get 1 points.
You press <<P>> and get 1 points.
You press <<P>> and get 1 points.
You press <<U>> and get 1 points.",False,,"[{'token': 'P', 'prob': 0.96875}, {'token': 'U', 'prob': 0.029296875}]",1.0943040251731873e-08,4.6838977141305804e-11,-0.02929686405695975,-0.968749999953161,,
85,P,,,1,P,-0.03173828125,0.029296875,0.96875,False,,True,"In this task, you have to repeatedly choose between two slot machines labeled U and P.
You can choose a slot machine by pressing its corresponding key.When you select one of the machines, you will win 1 or 0 points.Your goal is to choose the slot machines that will give you the most points.You will receive feedback about the outcome after making a choice.
The environment may change unpredictably, and past success does not guarantee future results. You’ll need to adapt to these changes to keep finding the better machine.You will play 1 game in total, consisting of 100 trials. Game 1:You press <<P>> and get 1 points.
You press <<U>> and get 1 points.
You press <<P>> and get 0 points.
You press <<U>> and get 0 points.
You press <<U>> and get 1 points.
You press <<U>> and get 1 points.
You press <<U>> and get 1 points.
You press <<U>> and get 1 points.
You press <<P>> and get 0 points.
You press <<U>> and get 0 points.
You press <<P>> and get 1 points.
You press <<U>> and get 1 points.
You press <<P>> and get 0 points.
You press <<U>> and get 1 points.
You press <<P>> and get 1 points.
You press <<U>> and get 1 points.
You press <<U>> and get 1 points.
You press <<U>> and get 1 points.
You press <<U>> and get 1 points.
You press <<U>> and get 1 points.
You press <<U>> and get 1 points.
You press <<P>> and get 0 points.
You press <<U>> and get 1 points.
You press <<P>> and get 0 points.
You press <<U>> and get 1 points.
You press <<U>> and get 1 points.
You press <<U>> and get 1 points.
You press <<U>> and get 1 points.
You press <<U>> and get 1 points.
You press <<U>> and get 1 points.
You press <<U>> and get 1 points.
You press <<U>> and get 1 points.
You press <<U>> and get 1 points.
You press <<U>> and get 1 points.
You press <<U>> and get 1 points.
You press <<U>> and get 1 points.
You press <<U>> and get 1 points.
You press <<U>> and get 1 points.
You press <<U>> and get 1 points.
You press <<U>> and get 1 points.
You press <<U>> and get 1 points.
You press <<U>> and get 1 points.
You press <<U>> and get 1 points.
You press <<U>> and get 1 points.
You press <<U>> and get 1 points.
You press <<U>> and get 1 points.
You press <<U>> and get 1 points.
You press <<U>> and get 1 points.
You press <<U>> and get 1 points.
You press <<U>> and get 1 points.
You press <<U>> and get 1 points.
You press <<U>> and get 1 points.
You press <<U>> and get 0 points.
You press <<P>> and get 1 points.
You press <<U>> and get 0 points.
You press <<P>> and get 1 points.
You press <<U>> and get 0 points.
You press <<P>> and get 1 points.
You press <<P>> and get 1 points.
You press <<P>> and get 1 points.
You press <<P>> and get 1 points.
You press <<P>> and get 1 points.
You press <<P>> and get 1 points.
You press <<P>> and get 1 points.
You press <<P>> and get 1 points.
You press <<P>> and get 1 points.
You press <<P>> and get 1 points.
You press <<U>> and get 0 points.
You press <<P>> and get 1 points.
You press <<P>> and get 1 points.
You press <<P>> and get 1 points.
You press <<P>> and get 1 points.
You press <<P>> and get 1 points.
You press <<P>> and get 1 points.
You press <<P>> and get 1 points.
You press <<P>> and get 1 points.
You press <<P>> and get 1 points.
You press <<P>> and get 1 points.
You press <<U>> and get 0 points.
You press <<P>> and get 1 points.
You press <<P>> and get 1 points.
You press <<P>> and get 1 points.
You press <<P>> and get 1 points.
You press <<P>> and get 1 points.
You press <<P>> and get 0 points.You press <<","[{'token': 'P', 'prob': 0.96875}, {'token': 'U', 'prob': 0.029296875}]",0.46875,0.53125,0.439453125,-0.4375,1,0
86,P,P,U,1,P,-0.039794921875,0.037353515625,0.9609375,True,"In this task, you have to repeatedly choose between two slot machines labeled U and P.
You can choose a slot machine by pressing its corresponding key.When you select one of the machines, you will win 1 or 0 points.Your goal is to choose the slot machines that will give you the most points.You will receive feedback about the outcome after making a choice.
The environment may change unpredictably, and past success does not guarantee future results. You’ll need to adapt to these changes to keep finding the better machine.You will play 1 game in total, consisting of 100 trials. Game 1:You press <<P>> and get 1 points.
You press <<U>> and get 1 points.
You press <<P>> and get 0 points.
You press <<U>> and get 0 points.
You press <<U>> and get 1 points.
You press <<U>> and get 1 points.
You press <<U>> and get 1 points.
You press <<U>> and get 1 points.
You press <<P>> and get 0 points.
You press <<U>> and get 0 points.
You press <<P>> and get 1 points.
You press <<U>> and get 1 points.
You press <<P>> and get 0 points.
You press <<U>> and get 1 points.
You press <<P>> and get 1 points.
You press <<U>> and get 1 points.
You press <<U>> and get 1 points.
You press <<U>> and get 1 points.
You press <<U>> and get 1 points.
You press <<U>> and get 1 points.
You press <<U>> and get 1 points.
You press <<P>> and get 0 points.
You press <<U>> and get 1 points.
You press <<P>> and get 0 points.
You press <<U>> and get 1 points.
You press <<U>> and get 1 points.
You press <<U>> and get 1 points.
You press <<U>> and get 1 points.
You press <<U>> and get 1 points.
You press <<U>> and get 1 points.
You press <<U>> and get 1 points.
You press <<U>> and get 1 points.
You press <<U>> and get 1 points.
You press <<U>> and get 1 points.
You press <<U>> and get 1 points.
You press <<U>> and get 1 points.
You press <<U>> and get 1 points.
You press <<U>> and get 1 points.
You press <<U>> and get 1 points.
You press <<U>> and get 1 points.
You press <<U>> and get 1 points.
You press <<U>> and get 1 points.
You press <<U>> and get 1 points.
You press <<U>> and get 1 points.
You press <<U>> and get 1 points.
You press <<U>> and get 1 points.
You press <<U>> and get 1 points.
You press <<U>> and get 1 points.
You press <<U>> and get 1 points.
You press <<U>> and get 1 points.
You press <<U>> and get 1 points.
You press <<U>> and get 1 points.
You press <<U>> and get 0 points.
You press <<P>> and get 1 points.
You press <<U>> and get 0 points.
You press <<P>> and get 1 points.
You press <<U>> and get 0 points.
You press <<P>> and get 1 points.
You press <<P>> and get 1 points.
You press <<P>> and get 1 points.
You press <<P>> and get 1 points.
You press <<P>> and get 1 points.
You press <<P>> and get 1 points.
You press <<P>> and get 1 points.
You press <<P>> and get 1 points.
You press <<P>> and get 1 points.
You press <<P>> and get 1 points.
You press <<U>> and get 0 points.
You press <<P>> and get 1 points.
You press <<P>> and get 1 points.
You press <<P>> and get 1 points.
You press <<P>> and get 1 points.
You press <<P>> and get 1 points.
You press <<P>> and get 1 points.
You press <<P>> and get 1 points.
You press <<P>> and get 1 points.
You press <<P>> and get 1 points.
You press <<P>> and get 1 points.
You press <<U>> and get 0 points.
You press <<P>> and get 1 points.
You press <<P>> and get 1 points.
You press <<P>> and get 1 points.
You press <<P>> and get 1 points.
You press <<P>> and get 1 points.
You press <<P>> and get 1 points.
You press <<U>> and get 1 points.",False,,"[{'token': 'P', 'prob': 0.9609375}, {'token': 'U', 'prob': 0.037353515625}]",2.5960616767406464e-08,1.4279066817834973e-10,-0.03735348966438323,-0.9609374998572093,,
86,P,,,1,P,-0.039794921875,0.037353515625,0.9609375,False,,True,"In this task, you have to repeatedly choose between two slot machines labeled U and P.
You can choose a slot machine by pressing its corresponding key.When you select one of the machines, you will win 1 or 0 points.Your goal is to choose the slot machines that will give you the most points.You will receive feedback about the outcome after making a choice.
The environment may change unpredictably, and past success does not guarantee future results. You’ll need to adapt to these changes to keep finding the better machine.You will play 1 game in total, consisting of 100 trials. Game 1:You press <<P>> and get 1 points.
You press <<U>> and get 1 points.
You press <<P>> and get 0 points.
You press <<U>> and get 0 points.
You press <<U>> and get 1 points.
You press <<U>> and get 1 points.
You press <<U>> and get 1 points.
You press <<U>> and get 1 points.
You press <<P>> and get 0 points.
You press <<U>> and get 0 points.
You press <<P>> and get 1 points.
You press <<U>> and get 1 points.
You press <<P>> and get 0 points.
You press <<U>> and get 1 points.
You press <<P>> and get 1 points.
You press <<U>> and get 1 points.
You press <<U>> and get 1 points.
You press <<U>> and get 1 points.
You press <<U>> and get 1 points.
You press <<U>> and get 1 points.
You press <<U>> and get 1 points.
You press <<P>> and get 0 points.
You press <<U>> and get 1 points.
You press <<P>> and get 0 points.
You press <<U>> and get 1 points.
You press <<U>> and get 1 points.
You press <<U>> and get 1 points.
You press <<U>> and get 1 points.
You press <<U>> and get 1 points.
You press <<U>> and get 1 points.
You press <<U>> and get 1 points.
You press <<U>> and get 1 points.
You press <<U>> and get 1 points.
You press <<U>> and get 1 points.
You press <<U>> and get 1 points.
You press <<U>> and get 1 points.
You press <<U>> and get 1 points.
You press <<U>> and get 1 points.
You press <<U>> and get 1 points.
You press <<U>> and get 1 points.
You press <<U>> and get 1 points.
You press <<U>> and get 1 points.
You press <<U>> and get 1 points.
You press <<U>> and get 1 points.
You press <<U>> and get 1 points.
You press <<U>> and get 1 points.
You press <<U>> and get 1 points.
You press <<U>> and get 1 points.
You press <<U>> and get 1 points.
You press <<U>> and get 1 points.
You press <<U>> and get 1 points.
You press <<U>> and get 1 points.
You press <<U>> and get 0 points.
You press <<P>> and get 1 points.
You press <<U>> and get 0 points.
You press <<P>> and get 1 points.
You press <<U>> and get 0 points.
You press <<P>> and get 1 points.
You press <<P>> and get 1 points.
You press <<P>> and get 1 points.
You press <<P>> and get 1 points.
You press <<P>> and get 1 points.
You press <<P>> and get 1 points.
You press <<P>> and get 1 points.
You press <<P>> and get 1 points.
You press <<P>> and get 1 points.
You press <<P>> and get 1 points.
You press <<U>> and get 0 points.
You press <<P>> and get 1 points.
You press <<P>> and get 1 points.
You press <<P>> and get 1 points.
You press <<P>> and get 1 points.
You press <<P>> and get 1 points.
You press <<P>> and get 1 points.
You press <<P>> and get 1 points.
You press <<P>> and get 1 points.
You press <<P>> and get 1 points.
You press <<P>> and get 1 points.
You press <<U>> and get 0 points.
You press <<P>> and get 1 points.
You press <<P>> and get 1 points.
You press <<P>> and get 1 points.
You press <<P>> and get 1 points.
You press <<P>> and get 1 points.
You press <<P>> and get 1 points.
You press <<P>> and get 0 points.You press <<","[{'token': 'P', 'prob': 0.9609375}, {'token': 'U', 'prob': 0.037353515625}]",0.53125,0.46875,0.493896484375,-0.4921875,1,0
87,P,P,U,1,P,-0.039794921875,0.037353515625,0.9609375,True,"In this task, you have to repeatedly choose between two slot machines labeled U and P.
You can choose a slot machine by pressing its corresponding key.When you select one of the machines, you will win 1 or 0 points.Your goal is to choose the slot machines that will give you the most points.You will receive feedback about the outcome after making a choice.
The environment may change unpredictably, and past success does not guarantee future results. You’ll need to adapt to these changes to keep finding the better machine.You will play 1 game in total, consisting of 100 trials. Game 1:You press <<P>> and get 1 points.
You press <<U>> and get 1 points.
You press <<P>> and get 0 points.
You press <<U>> and get 0 points.
You press <<U>> and get 1 points.
You press <<U>> and get 1 points.
You press <<U>> and get 1 points.
You press <<U>> and get 1 points.
You press <<P>> and get 0 points.
You press <<U>> and get 0 points.
You press <<P>> and get 1 points.
You press <<U>> and get 1 points.
You press <<P>> and get 0 points.
You press <<U>> and get 1 points.
You press <<P>> and get 1 points.
You press <<U>> and get 1 points.
You press <<U>> and get 1 points.
You press <<U>> and get 1 points.
You press <<U>> and get 1 points.
You press <<U>> and get 1 points.
You press <<U>> and get 1 points.
You press <<P>> and get 0 points.
You press <<U>> and get 1 points.
You press <<P>> and get 0 points.
You press <<U>> and get 1 points.
You press <<U>> and get 1 points.
You press <<U>> and get 1 points.
You press <<U>> and get 1 points.
You press <<U>> and get 1 points.
You press <<U>> and get 1 points.
You press <<U>> and get 1 points.
You press <<U>> and get 1 points.
You press <<U>> and get 1 points.
You press <<U>> and get 1 points.
You press <<U>> and get 1 points.
You press <<U>> and get 1 points.
You press <<U>> and get 1 points.
You press <<U>> and get 1 points.
You press <<U>> and get 1 points.
You press <<U>> and get 1 points.
You press <<U>> and get 1 points.
You press <<U>> and get 1 points.
You press <<U>> and get 1 points.
You press <<U>> and get 1 points.
You press <<U>> and get 1 points.
You press <<U>> and get 1 points.
You press <<U>> and get 1 points.
You press <<U>> and get 1 points.
You press <<U>> and get 1 points.
You press <<U>> and get 1 points.
You press <<U>> and get 1 points.
You press <<U>> and get 1 points.
You press <<U>> and get 0 points.
You press <<P>> and get 1 points.
You press <<U>> and get 0 points.
You press <<P>> and get 1 points.
You press <<U>> and get 0 points.
You press <<P>> and get 1 points.
You press <<P>> and get 1 points.
You press <<P>> and get 1 points.
You press <<P>> and get 1 points.
You press <<P>> and get 1 points.
You press <<P>> and get 1 points.
You press <<P>> and get 1 points.
You press <<P>> and get 1 points.
You press <<P>> and get 1 points.
You press <<P>> and get 1 points.
You press <<U>> and get 0 points.
You press <<P>> and get 1 points.
You press <<P>> and get 1 points.
You press <<P>> and get 1 points.
You press <<P>> and get 1 points.
You press <<P>> and get 1 points.
You press <<P>> and get 1 points.
You press <<P>> and get 1 points.
You press <<P>> and get 1 points.
You press <<P>> and get 1 points.
You press <<P>> and get 1 points.
You press <<U>> and get 0 points.
You press <<P>> and get 1 points.
You press <<P>> and get 1 points.
You press <<P>> and get 1 points.
You press <<P>> and get 1 points.
You press <<P>> and get 1 points.
You press <<P>> and get 1 points.
You press <<P>> and get 1 points.
You press <<U>> and get 1 points.",False,,"[{'token': 'P', 'prob': 0.9609375}, {'token': 'U', 'prob': 0.037353515625}]",2.0489096641540527e-08,1.2005330063402653e-10,-0.03735349513590336,-0.9609374998799467,,
87,P,,,1,P,-0.039794921875,0.037353515625,0.9609375,False,,True,"In this task, you have to repeatedly choose between two slot machines labeled U and P.
You can choose a slot machine by pressing its corresponding key.When you select one of the machines, you will win 1 or 0 points.Your goal is to choose the slot machines that will give you the most points.You will receive feedback about the outcome after making a choice.
The environment may change unpredictably, and past success does not guarantee future results. You’ll need to adapt to these changes to keep finding the better machine.You will play 1 game in total, consisting of 100 trials. Game 1:You press <<P>> and get 1 points.
You press <<U>> and get 1 points.
You press <<P>> and get 0 points.
You press <<U>> and get 0 points.
You press <<U>> and get 1 points.
You press <<U>> and get 1 points.
You press <<U>> and get 1 points.
You press <<U>> and get 1 points.
You press <<P>> and get 0 points.
You press <<U>> and get 0 points.
You press <<P>> and get 1 points.
You press <<U>> and get 1 points.
You press <<P>> and get 0 points.
You press <<U>> and get 1 points.
You press <<P>> and get 1 points.
You press <<U>> and get 1 points.
You press <<U>> and get 1 points.
You press <<U>> and get 1 points.
You press <<U>> and get 1 points.
You press <<U>> and get 1 points.
You press <<U>> and get 1 points.
You press <<P>> and get 0 points.
You press <<U>> and get 1 points.
You press <<P>> and get 0 points.
You press <<U>> and get 1 points.
You press <<U>> and get 1 points.
You press <<U>> and get 1 points.
You press <<U>> and get 1 points.
You press <<U>> and get 1 points.
You press <<U>> and get 1 points.
You press <<U>> and get 1 points.
You press <<U>> and get 1 points.
You press <<U>> and get 1 points.
You press <<U>> and get 1 points.
You press <<U>> and get 1 points.
You press <<U>> and get 1 points.
You press <<U>> and get 1 points.
You press <<U>> and get 1 points.
You press <<U>> and get 1 points.
You press <<U>> and get 1 points.
You press <<U>> and get 1 points.
You press <<U>> and get 1 points.
You press <<U>> and get 1 points.
You press <<U>> and get 1 points.
You press <<U>> and get 1 points.
You press <<U>> and get 1 points.
You press <<U>> and get 1 points.
You press <<U>> and get 1 points.
You press <<U>> and get 1 points.
You press <<U>> and get 1 points.
You press <<U>> and get 1 points.
You press <<U>> and get 1 points.
You press <<U>> and get 0 points.
You press <<P>> and get 1 points.
You press <<U>> and get 0 points.
You press <<P>> and get 1 points.
You press <<U>> and get 0 points.
You press <<P>> and get 1 points.
You press <<P>> and get 1 points.
You press <<P>> and get 1 points.
You press <<P>> and get 1 points.
You press <<P>> and get 1 points.
You press <<P>> and get 1 points.
You press <<P>> and get 1 points.
You press <<P>> and get 1 points.
You press <<P>> and get 1 points.
You press <<P>> and get 1 points.
You press <<U>> and get 0 points.
You press <<P>> and get 1 points.
You press <<P>> and get 1 points.
You press <<P>> and get 1 points.
You press <<P>> and get 1 points.
You press <<P>> and get 1 points.
You press <<P>> and get 1 points.
You press <<P>> and get 1 points.
You press <<P>> and get 1 points.
You press <<P>> and get 1 points.
You press <<P>> and get 1 points.
You press <<U>> and get 0 points.
You press <<P>> and get 1 points.
You press <<P>> and get 1 points.
You press <<P>> and get 1 points.
You press <<P>> and get 1 points.
You press <<P>> and get 1 points.
You press <<P>> and get 1 points.
You press <<P>> and get 1 points.
You press <<P>> and get 0 points.You press <<","[{'token': 'P', 'prob': 0.9609375}, {'token': 'U', 'prob': 0.037353515625}]",0.5,0.5,0.462646484375,-0.4609375,1,0
88,P,P,U,0,P,-0.048095703125,0.04736328125,0.953125,True,"In this task, you have to repeatedly choose between two slot machines labeled U and P.
You can choose a slot machine by pressing its corresponding key.When you select one of the machines, you will win 1 or 0 points.Your goal is to choose the slot machines that will give you the most points.You will receive feedback about the outcome after making a choice.
The environment may change unpredictably, and past success does not guarantee future results. You’ll need to adapt to these changes to keep finding the better machine.You will play 1 game in total, consisting of 100 trials. Game 1:You press <<P>> and get 1 points.
You press <<U>> and get 1 points.
You press <<P>> and get 0 points.
You press <<U>> and get 0 points.
You press <<U>> and get 1 points.
You press <<U>> and get 1 points.
You press <<U>> and get 1 points.
You press <<U>> and get 1 points.
You press <<P>> and get 0 points.
You press <<U>> and get 0 points.
You press <<P>> and get 1 points.
You press <<U>> and get 1 points.
You press <<P>> and get 0 points.
You press <<U>> and get 1 points.
You press <<P>> and get 1 points.
You press <<U>> and get 1 points.
You press <<U>> and get 1 points.
You press <<U>> and get 1 points.
You press <<U>> and get 1 points.
You press <<U>> and get 1 points.
You press <<U>> and get 1 points.
You press <<P>> and get 0 points.
You press <<U>> and get 1 points.
You press <<P>> and get 0 points.
You press <<U>> and get 1 points.
You press <<U>> and get 1 points.
You press <<U>> and get 1 points.
You press <<U>> and get 1 points.
You press <<U>> and get 1 points.
You press <<U>> and get 1 points.
You press <<U>> and get 1 points.
You press <<U>> and get 1 points.
You press <<U>> and get 1 points.
You press <<U>> and get 1 points.
You press <<U>> and get 1 points.
You press <<U>> and get 1 points.
You press <<U>> and get 1 points.
You press <<U>> and get 1 points.
You press <<U>> and get 1 points.
You press <<U>> and get 1 points.
You press <<U>> and get 1 points.
You press <<U>> and get 1 points.
You press <<U>> and get 1 points.
You press <<U>> and get 1 points.
You press <<U>> and get 1 points.
You press <<U>> and get 1 points.
You press <<U>> and get 1 points.
You press <<U>> and get 1 points.
You press <<U>> and get 1 points.
You press <<U>> and get 1 points.
You press <<U>> and get 1 points.
You press <<U>> and get 1 points.
You press <<U>> and get 0 points.
You press <<P>> and get 1 points.
You press <<U>> and get 0 points.
You press <<P>> and get 1 points.
You press <<U>> and get 0 points.
You press <<P>> and get 1 points.
You press <<P>> and get 1 points.
You press <<P>> and get 1 points.
You press <<P>> and get 1 points.
You press <<P>> and get 1 points.
You press <<P>> and get 1 points.
You press <<P>> and get 1 points.
You press <<P>> and get 1 points.
You press <<P>> and get 1 points.
You press <<P>> and get 1 points.
You press <<U>> and get 0 points.
You press <<P>> and get 1 points.
You press <<P>> and get 1 points.
You press <<P>> and get 1 points.
You press <<P>> and get 1 points.
You press <<P>> and get 1 points.
You press <<P>> and get 1 points.
You press <<P>> and get 1 points.
You press <<P>> and get 1 points.
You press <<P>> and get 1 points.
You press <<P>> and get 1 points.
You press <<U>> and get 0 points.
You press <<P>> and get 1 points.
You press <<P>> and get 1 points.
You press <<P>> and get 1 points.
You press <<P>> and get 1 points.
You press <<P>> and get 1 points.
You press <<P>> and get 1 points.
You press <<P>> and get 1 points.
You press <<P>> and get 1 points.
You press <<U>> and get 1 points.",False,,"[{'token': 'P', 'prob': 0.953125}, {'token': 'U', 'prob': 0.04736328125}]",8.09086486697197e-09,3.205968823749572e-11,-0.04736327315913513,-0.9531249999679403,,
88,P,,,0,P,-0.048095703125,0.04736328125,0.953125,False,,True,"In this task, you have to repeatedly choose between two slot machines labeled U and P.
You can choose a slot machine by pressing its corresponding key.When you select one of the machines, you will win 1 or 0 points.Your goal is to choose the slot machines that will give you the most points.You will receive feedback about the outcome after making a choice.
The environment may change unpredictably, and past success does not guarantee future results. You’ll need to adapt to these changes to keep finding the better machine.You will play 1 game in total, consisting of 100 trials. Game 1:You press <<P>> and get 1 points.
You press <<U>> and get 1 points.
You press <<P>> and get 0 points.
You press <<U>> and get 0 points.
You press <<U>> and get 1 points.
You press <<U>> and get 1 points.
You press <<U>> and get 1 points.
You press <<U>> and get 1 points.
You press <<P>> and get 0 points.
You press <<U>> and get 0 points.
You press <<P>> and get 1 points.
You press <<U>> and get 1 points.
You press <<P>> and get 0 points.
You press <<U>> and get 1 points.
You press <<P>> and get 1 points.
You press <<U>> and get 1 points.
You press <<U>> and get 1 points.
You press <<U>> and get 1 points.
You press <<U>> and get 1 points.
You press <<U>> and get 1 points.
You press <<U>> and get 1 points.
You press <<P>> and get 0 points.
You press <<U>> and get 1 points.
You press <<P>> and get 0 points.
You press <<U>> and get 1 points.
You press <<U>> and get 1 points.
You press <<U>> and get 1 points.
You press <<U>> and get 1 points.
You press <<U>> and get 1 points.
You press <<U>> and get 1 points.
You press <<U>> and get 1 points.
You press <<U>> and get 1 points.
You press <<U>> and get 1 points.
You press <<U>> and get 1 points.
You press <<U>> and get 1 points.
You press <<U>> and get 1 points.
You press <<U>> and get 1 points.
You press <<U>> and get 1 points.
You press <<U>> and get 1 points.
You press <<U>> and get 1 points.
You press <<U>> and get 1 points.
You press <<U>> and get 1 points.
You press <<U>> and get 1 points.
You press <<U>> and get 1 points.
You press <<U>> and get 1 points.
You press <<U>> and get 1 points.
You press <<U>> and get 1 points.
You press <<U>> and get 1 points.
You press <<U>> and get 1 points.
You press <<U>> and get 1 points.
You press <<U>> and get 1 points.
You press <<U>> and get 1 points.
You press <<U>> and get 0 points.
You press <<P>> and get 1 points.
You press <<U>> and get 0 points.
You press <<P>> and get 1 points.
You press <<U>> and get 0 points.
You press <<P>> and get 1 points.
You press <<P>> and get 1 points.
You press <<P>> and get 1 points.
You press <<P>> and get 1 points.
You press <<P>> and get 1 points.
You press <<P>> and get 1 points.
You press <<P>> and get 1 points.
You press <<P>> and get 1 points.
You press <<P>> and get 1 points.
You press <<P>> and get 1 points.
You press <<U>> and get 0 points.
You press <<P>> and get 1 points.
You press <<P>> and get 1 points.
You press <<P>> and get 1 points.
You press <<P>> and get 1 points.
You press <<P>> and get 1 points.
You press <<P>> and get 1 points.
You press <<P>> and get 1 points.
You press <<P>> and get 1 points.
You press <<P>> and get 1 points.
You press <<P>> and get 1 points.
You press <<U>> and get 0 points.
You press <<P>> and get 1 points.
You press <<P>> and get 1 points.
You press <<P>> and get 1 points.
You press <<P>> and get 1 points.
You press <<P>> and get 1 points.
You press <<P>> and get 1 points.
You press <<P>> and get 1 points.
You press <<P>> and get 1 points.
You press <<P>> and get 0 points.You press <<","[{'token': 'P', 'prob': 0.953125}, {'token': 'U', 'prob': 0.04736328125}]",0.53125,0.46875,0.48388671875,-0.484375,1,0
89,P,P,U,1,P,-0.6328125,0.46875,0.53125,True,"In this task, you have to repeatedly choose between two slot machines labeled U and P.
You can choose a slot machine by pressing its corresponding key.When you select one of the machines, you will win 1 or 0 points.Your goal is to choose the slot machines that will give you the most points.You will receive feedback about the outcome after making a choice.
The environment may change unpredictably, and past success does not guarantee future results. You’ll need to adapt to these changes to keep finding the better machine.You will play 1 game in total, consisting of 100 trials. Game 1:You press <<P>> and get 1 points.
You press <<U>> and get 1 points.
You press <<P>> and get 0 points.
You press <<U>> and get 0 points.
You press <<U>> and get 1 points.
You press <<U>> and get 1 points.
You press <<U>> and get 1 points.
You press <<U>> and get 1 points.
You press <<P>> and get 0 points.
You press <<U>> and get 0 points.
You press <<P>> and get 1 points.
You press <<U>> and get 1 points.
You press <<P>> and get 0 points.
You press <<U>> and get 1 points.
You press <<P>> and get 1 points.
You press <<U>> and get 1 points.
You press <<U>> and get 1 points.
You press <<U>> and get 1 points.
You press <<U>> and get 1 points.
You press <<U>> and get 1 points.
You press <<U>> and get 1 points.
You press <<P>> and get 0 points.
You press <<U>> and get 1 points.
You press <<P>> and get 0 points.
You press <<U>> and get 1 points.
You press <<U>> and get 1 points.
You press <<U>> and get 1 points.
You press <<U>> and get 1 points.
You press <<U>> and get 1 points.
You press <<U>> and get 1 points.
You press <<U>> and get 1 points.
You press <<U>> and get 1 points.
You press <<U>> and get 1 points.
You press <<U>> and get 1 points.
You press <<U>> and get 1 points.
You press <<U>> and get 1 points.
You press <<U>> and get 1 points.
You press <<U>> and get 1 points.
You press <<U>> and get 1 points.
You press <<U>> and get 1 points.
You press <<U>> and get 1 points.
You press <<U>> and get 1 points.
You press <<U>> and get 1 points.
You press <<U>> and get 1 points.
You press <<U>> and get 1 points.
You press <<U>> and get 1 points.
You press <<U>> and get 1 points.
You press <<U>> and get 1 points.
You press <<U>> and get 1 points.
You press <<U>> and get 1 points.
You press <<U>> and get 1 points.
You press <<U>> and get 1 points.
You press <<U>> and get 0 points.
You press <<P>> and get 1 points.
You press <<U>> and get 0 points.
You press <<P>> and get 1 points.
You press <<U>> and get 0 points.
You press <<P>> and get 1 points.
You press <<P>> and get 1 points.
You press <<P>> and get 1 points.
You press <<P>> and get 1 points.
You press <<P>> and get 1 points.
You press <<P>> and get 1 points.
You press <<P>> and get 1 points.
You press <<P>> and get 1 points.
You press <<P>> and get 1 points.
You press <<P>> and get 1 points.
You press <<U>> and get 0 points.
You press <<P>> and get 1 points.
You press <<P>> and get 1 points.
You press <<P>> and get 1 points.
You press <<P>> and get 1 points.
You press <<P>> and get 1 points.
You press <<P>> and get 1 points.
You press <<P>> and get 1 points.
You press <<P>> and get 1 points.
You press <<P>> and get 1 points.
You press <<P>> and get 1 points.
You press <<U>> and get 0 points.
You press <<P>> and get 1 points.
You press <<P>> and get 1 points.
You press <<P>> and get 1 points.
You press <<P>> and get 1 points.
You press <<P>> and get 1 points.
You press <<P>> and get 1 points.
You press <<P>> and get 1 points.
You press <<P>> and get 1 points.
You press <<P>> and get 1 points.
You press <<U>> and get 0 points.",False,,"[{'token': 'P', 'prob': 0.53125}, {'token': 'U', 'prob': 0.46875}]",6.075424607843161e-10,4.774847184307873e-12,-0.46874999939245754,-0.5312499999952252,,
89,P,,,1,P,-0.6328125,0.46875,0.53125,False,,True,"In this task, you have to repeatedly choose between two slot machines labeled U and P.
You can choose a slot machine by pressing its corresponding key.When you select one of the machines, you will win 1 or 0 points.Your goal is to choose the slot machines that will give you the most points.You will receive feedback about the outcome after making a choice.
The environment may change unpredictably, and past success does not guarantee future results. You’ll need to adapt to these changes to keep finding the better machine.You will play 1 game in total, consisting of 100 trials. Game 1:You press <<P>> and get 1 points.
You press <<U>> and get 1 points.
You press <<P>> and get 0 points.
You press <<U>> and get 0 points.
You press <<U>> and get 1 points.
You press <<U>> and get 1 points.
You press <<U>> and get 1 points.
You press <<U>> and get 1 points.
You press <<P>> and get 0 points.
You press <<U>> and get 0 points.
You press <<P>> and get 1 points.
You press <<U>> and get 1 points.
You press <<P>> and get 0 points.
You press <<U>> and get 1 points.
You press <<P>> and get 1 points.
You press <<U>> and get 1 points.
You press <<U>> and get 1 points.
You press <<U>> and get 1 points.
You press <<U>> and get 1 points.
You press <<U>> and get 1 points.
You press <<U>> and get 1 points.
You press <<P>> and get 0 points.
You press <<U>> and get 1 points.
You press <<P>> and get 0 points.
You press <<U>> and get 1 points.
You press <<U>> and get 1 points.
You press <<U>> and get 1 points.
You press <<U>> and get 1 points.
You press <<U>> and get 1 points.
You press <<U>> and get 1 points.
You press <<U>> and get 1 points.
You press <<U>> and get 1 points.
You press <<U>> and get 1 points.
You press <<U>> and get 1 points.
You press <<U>> and get 1 points.
You press <<U>> and get 1 points.
You press <<U>> and get 1 points.
You press <<U>> and get 1 points.
You press <<U>> and get 1 points.
You press <<U>> and get 1 points.
You press <<U>> and get 1 points.
You press <<U>> and get 1 points.
You press <<U>> and get 1 points.
You press <<U>> and get 1 points.
You press <<U>> and get 1 points.
You press <<U>> and get 1 points.
You press <<U>> and get 1 points.
You press <<U>> and get 1 points.
You press <<U>> and get 1 points.
You press <<U>> and get 1 points.
You press <<U>> and get 1 points.
You press <<U>> and get 1 points.
You press <<U>> and get 0 points.
You press <<P>> and get 1 points.
You press <<U>> and get 0 points.
You press <<P>> and get 1 points.
You press <<U>> and get 0 points.
You press <<P>> and get 1 points.
You press <<P>> and get 1 points.
You press <<P>> and get 1 points.
You press <<P>> and get 1 points.
You press <<P>> and get 1 points.
You press <<P>> and get 1 points.
You press <<P>> and get 1 points.
You press <<P>> and get 1 points.
You press <<P>> and get 1 points.
You press <<P>> and get 1 points.
You press <<U>> and get 0 points.
You press <<P>> and get 1 points.
You press <<P>> and get 1 points.
You press <<P>> and get 1 points.
You press <<P>> and get 1 points.
You press <<P>> and get 1 points.
You press <<P>> and get 1 points.
You press <<P>> and get 1 points.
You press <<P>> and get 1 points.
You press <<P>> and get 1 points.
You press <<P>> and get 1 points.
You press <<U>> and get 0 points.
You press <<P>> and get 1 points.
You press <<P>> and get 1 points.
You press <<P>> and get 1 points.
You press <<P>> and get 1 points.
You press <<P>> and get 1 points.
You press <<P>> and get 1 points.
You press <<P>> and get 1 points.
You press <<P>> and get 1 points.
You press <<P>> and get 1 points.
You press <<P>> and get 1 points.You press <<","[{'token': 'P', 'prob': 0.53125}, {'token': 'U', 'prob': 0.46875}]",0.119140625,0.87890625,-0.349609375,0.34765625,0,1
90,P,P,U,1,P,-0.0771484375,0.07568359375,0.92578125,True,"In this task, you have to repeatedly choose between two slot machines labeled U and P.
You can choose a slot machine by pressing its corresponding key.When you select one of the machines, you will win 1 or 0 points.Your goal is to choose the slot machines that will give you the most points.You will receive feedback about the outcome after making a choice.
The environment may change unpredictably, and past success does not guarantee future results. You’ll need to adapt to these changes to keep finding the better machine.You will play 1 game in total, consisting of 100 trials. Game 1:You press <<P>> and get 1 points.
You press <<U>> and get 1 points.
You press <<P>> and get 0 points.
You press <<U>> and get 0 points.
You press <<U>> and get 1 points.
You press <<U>> and get 1 points.
You press <<U>> and get 1 points.
You press <<U>> and get 1 points.
You press <<P>> and get 0 points.
You press <<U>> and get 0 points.
You press <<P>> and get 1 points.
You press <<U>> and get 1 points.
You press <<P>> and get 0 points.
You press <<U>> and get 1 points.
You press <<P>> and get 1 points.
You press <<U>> and get 1 points.
You press <<U>> and get 1 points.
You press <<U>> and get 1 points.
You press <<U>> and get 1 points.
You press <<U>> and get 1 points.
You press <<U>> and get 1 points.
You press <<P>> and get 0 points.
You press <<U>> and get 1 points.
You press <<P>> and get 0 points.
You press <<U>> and get 1 points.
You press <<U>> and get 1 points.
You press <<U>> and get 1 points.
You press <<U>> and get 1 points.
You press <<U>> and get 1 points.
You press <<U>> and get 1 points.
You press <<U>> and get 1 points.
You press <<U>> and get 1 points.
You press <<U>> and get 1 points.
You press <<U>> and get 1 points.
You press <<U>> and get 1 points.
You press <<U>> and get 1 points.
You press <<U>> and get 1 points.
You press <<U>> and get 1 points.
You press <<U>> and get 1 points.
You press <<U>> and get 1 points.
You press <<U>> and get 1 points.
You press <<U>> and get 1 points.
You press <<U>> and get 1 points.
You press <<U>> and get 1 points.
You press <<U>> and get 1 points.
You press <<U>> and get 1 points.
You press <<U>> and get 1 points.
You press <<U>> and get 1 points.
You press <<U>> and get 1 points.
You press <<U>> and get 1 points.
You press <<U>> and get 1 points.
You press <<U>> and get 1 points.
You press <<U>> and get 0 points.
You press <<P>> and get 1 points.
You press <<U>> and get 0 points.
You press <<P>> and get 1 points.
You press <<U>> and get 0 points.
You press <<P>> and get 1 points.
You press <<P>> and get 1 points.
You press <<P>> and get 1 points.
You press <<P>> and get 1 points.
You press <<P>> and get 1 points.
You press <<P>> and get 1 points.
You press <<P>> and get 1 points.
You press <<P>> and get 1 points.
You press <<P>> and get 1 points.
You press <<P>> and get 1 points.
You press <<U>> and get 0 points.
You press <<P>> and get 1 points.
You press <<P>> and get 1 points.
You press <<P>> and get 1 points.
You press <<P>> and get 1 points.
You press <<P>> and get 1 points.
You press <<P>> and get 1 points.
You press <<P>> and get 1 points.
You press <<P>> and get 1 points.
You press <<P>> and get 1 points.
You press <<P>> and get 1 points.
You press <<U>> and get 0 points.
You press <<P>> and get 1 points.
You press <<P>> and get 1 points.
You press <<P>> and get 1 points.
You press <<P>> and get 1 points.
You press <<P>> and get 1 points.
You press <<P>> and get 1 points.
You press <<P>> and get 1 points.
You press <<P>> and get 1 points.
You press <<P>> and get 1 points.
You press <<P>> and get 0 points.
You press <<U>> and get 1 points.",False,,"[{'token': 'P', 'prob': 0.92578125}, {'token': 'U', 'prob': 0.07568359375}]",2.255546860396862e-09,4.376943252282217e-12,-0.07568359149445314,-0.9257812499956231,,
90,P,,,1,P,-0.0771484375,0.07568359375,0.92578125,False,,True,"In this task, you have to repeatedly choose between two slot machines labeled U and P.
You can choose a slot machine by pressing its corresponding key.When you select one of the machines, you will win 1 or 0 points.Your goal is to choose the slot machines that will give you the most points.You will receive feedback about the outcome after making a choice.
The environment may change unpredictably, and past success does not guarantee future results. You’ll need to adapt to these changes to keep finding the better machine.You will play 1 game in total, consisting of 100 trials. Game 1:You press <<P>> and get 1 points.
You press <<U>> and get 1 points.
You press <<P>> and get 0 points.
You press <<U>> and get 0 points.
You press <<U>> and get 1 points.
You press <<U>> and get 1 points.
You press <<U>> and get 1 points.
You press <<U>> and get 1 points.
You press <<P>> and get 0 points.
You press <<U>> and get 0 points.
You press <<P>> and get 1 points.
You press <<U>> and get 1 points.
You press <<P>> and get 0 points.
You press <<U>> and get 1 points.
You press <<P>> and get 1 points.
You press <<U>> and get 1 points.
You press <<U>> and get 1 points.
You press <<U>> and get 1 points.
You press <<U>> and get 1 points.
You press <<U>> and get 1 points.
You press <<U>> and get 1 points.
You press <<P>> and get 0 points.
You press <<U>> and get 1 points.
You press <<P>> and get 0 points.
You press <<U>> and get 1 points.
You press <<U>> and get 1 points.
You press <<U>> and get 1 points.
You press <<U>> and get 1 points.
You press <<U>> and get 1 points.
You press <<U>> and get 1 points.
You press <<U>> and get 1 points.
You press <<U>> and get 1 points.
You press <<U>> and get 1 points.
You press <<U>> and get 1 points.
You press <<U>> and get 1 points.
You press <<U>> and get 1 points.
You press <<U>> and get 1 points.
You press <<U>> and get 1 points.
You press <<U>> and get 1 points.
You press <<U>> and get 1 points.
You press <<U>> and get 1 points.
You press <<U>> and get 1 points.
You press <<U>> and get 1 points.
You press <<U>> and get 1 points.
You press <<U>> and get 1 points.
You press <<U>> and get 1 points.
You press <<U>> and get 1 points.
You press <<U>> and get 1 points.
You press <<U>> and get 1 points.
You press <<U>> and get 1 points.
You press <<U>> and get 1 points.
You press <<U>> and get 1 points.
You press <<U>> and get 0 points.
You press <<P>> and get 1 points.
You press <<U>> and get 0 points.
You press <<P>> and get 1 points.
You press <<U>> and get 0 points.
You press <<P>> and get 1 points.
You press <<P>> and get 1 points.
You press <<P>> and get 1 points.
You press <<P>> and get 1 points.
You press <<P>> and get 1 points.
You press <<P>> and get 1 points.
You press <<P>> and get 1 points.
You press <<P>> and get 1 points.
You press <<P>> and get 1 points.
You press <<P>> and get 1 points.
You press <<U>> and get 0 points.
You press <<P>> and get 1 points.
You press <<P>> and get 1 points.
You press <<P>> and get 1 points.
You press <<P>> and get 1 points.
You press <<P>> and get 1 points.
You press <<P>> and get 1 points.
You press <<P>> and get 1 points.
You press <<P>> and get 1 points.
You press <<P>> and get 1 points.
You press <<P>> and get 1 points.
You press <<U>> and get 0 points.
You press <<P>> and get 1 points.
You press <<P>> and get 1 points.
You press <<P>> and get 1 points.
You press <<P>> and get 1 points.
You press <<P>> and get 1 points.
You press <<P>> and get 1 points.
You press <<P>> and get 1 points.
You press <<P>> and get 1 points.
You press <<P>> and get 1 points.
You press <<P>> and get 0 points.
You press <<P>> and get 0 points.You press <<","[{'token': 'P', 'prob': 0.92578125}, {'token': 'U', 'prob': 0.07568359375}]",0.65234375,0.34765625,0.57666015625,-0.578125,1,0
91,P,P,U,1,P,-0.039794921875,0.037353515625,0.9609375,True,"In this task, you have to repeatedly choose between two slot machines labeled U and P.
You can choose a slot machine by pressing its corresponding key.When you select one of the machines, you will win 1 or 0 points.Your goal is to choose the slot machines that will give you the most points.You will receive feedback about the outcome after making a choice.
The environment may change unpredictably, and past success does not guarantee future results. You’ll need to adapt to these changes to keep finding the better machine.You will play 1 game in total, consisting of 100 trials. Game 1:You press <<P>> and get 1 points.
You press <<U>> and get 1 points.
You press <<P>> and get 0 points.
You press <<U>> and get 0 points.
You press <<U>> and get 1 points.
You press <<U>> and get 1 points.
You press <<U>> and get 1 points.
You press <<U>> and get 1 points.
You press <<P>> and get 0 points.
You press <<U>> and get 0 points.
You press <<P>> and get 1 points.
You press <<U>> and get 1 points.
You press <<P>> and get 0 points.
You press <<U>> and get 1 points.
You press <<P>> and get 1 points.
You press <<U>> and get 1 points.
You press <<U>> and get 1 points.
You press <<U>> and get 1 points.
You press <<U>> and get 1 points.
You press <<U>> and get 1 points.
You press <<U>> and get 1 points.
You press <<P>> and get 0 points.
You press <<U>> and get 1 points.
You press <<P>> and get 0 points.
You press <<U>> and get 1 points.
You press <<U>> and get 1 points.
You press <<U>> and get 1 points.
You press <<U>> and get 1 points.
You press <<U>> and get 1 points.
You press <<U>> and get 1 points.
You press <<U>> and get 1 points.
You press <<U>> and get 1 points.
You press <<U>> and get 1 points.
You press <<U>> and get 1 points.
You press <<U>> and get 1 points.
You press <<U>> and get 1 points.
You press <<U>> and get 1 points.
You press <<U>> and get 1 points.
You press <<U>> and get 1 points.
You press <<U>> and get 1 points.
You press <<U>> and get 1 points.
You press <<U>> and get 1 points.
You press <<U>> and get 1 points.
You press <<U>> and get 1 points.
You press <<U>> and get 1 points.
You press <<U>> and get 1 points.
You press <<U>> and get 1 points.
You press <<U>> and get 1 points.
You press <<U>> and get 1 points.
You press <<U>> and get 1 points.
You press <<U>> and get 1 points.
You press <<U>> and get 1 points.
You press <<U>> and get 0 points.
You press <<P>> and get 1 points.
You press <<U>> and get 0 points.
You press <<P>> and get 1 points.
You press <<U>> and get 0 points.
You press <<P>> and get 1 points.
You press <<P>> and get 1 points.
You press <<P>> and get 1 points.
You press <<P>> and get 1 points.
You press <<P>> and get 1 points.
You press <<P>> and get 1 points.
You press <<P>> and get 1 points.
You press <<P>> and get 1 points.
You press <<P>> and get 1 points.
You press <<P>> and get 1 points.
You press <<U>> and get 0 points.
You press <<P>> and get 1 points.
You press <<P>> and get 1 points.
You press <<P>> and get 1 points.
You press <<P>> and get 1 points.
You press <<P>> and get 1 points.
You press <<P>> and get 1 points.
You press <<P>> and get 1 points.
You press <<P>> and get 1 points.
You press <<P>> and get 1 points.
You press <<P>> and get 1 points.
You press <<U>> and get 0 points.
You press <<P>> and get 1 points.
You press <<P>> and get 1 points.
You press <<P>> and get 1 points.
You press <<P>> and get 1 points.
You press <<P>> and get 1 points.
You press <<P>> and get 1 points.
You press <<P>> and get 1 points.
You press <<P>> and get 1 points.
You press <<P>> and get 1 points.
You press <<P>> and get 0 points.
You press <<P>> and get 1 points.
You press <<U>> and get 1 points.",False,,"[{'token': 'P', 'prob': 0.9609375}, {'token': 'U', 'prob': 0.037353515625}]",4.220055416226387e-09,1.3642420526593924e-11,-0.037353511404944584,-0.9609374999863576,,
91,P,,,1,P,-0.039794921875,0.037353515625,0.9609375,False,,True,"In this task, you have to repeatedly choose between two slot machines labeled U and P.
You can choose a slot machine by pressing its corresponding key.When you select one of the machines, you will win 1 or 0 points.Your goal is to choose the slot machines that will give you the most points.You will receive feedback about the outcome after making a choice.
The environment may change unpredictably, and past success does not guarantee future results. You’ll need to adapt to these changes to keep finding the better machine.You will play 1 game in total, consisting of 100 trials. Game 1:You press <<P>> and get 1 points.
You press <<U>> and get 1 points.
You press <<P>> and get 0 points.
You press <<U>> and get 0 points.
You press <<U>> and get 1 points.
You press <<U>> and get 1 points.
You press <<U>> and get 1 points.
You press <<U>> and get 1 points.
You press <<P>> and get 0 points.
You press <<U>> and get 0 points.
You press <<P>> and get 1 points.
You press <<U>> and get 1 points.
You press <<P>> and get 0 points.
You press <<U>> and get 1 points.
You press <<P>> and get 1 points.
You press <<U>> and get 1 points.
You press <<U>> and get 1 points.
You press <<U>> and get 1 points.
You press <<U>> and get 1 points.
You press <<U>> and get 1 points.
You press <<U>> and get 1 points.
You press <<P>> and get 0 points.
You press <<U>> and get 1 points.
You press <<P>> and get 0 points.
You press <<U>> and get 1 points.
You press <<U>> and get 1 points.
You press <<U>> and get 1 points.
You press <<U>> and get 1 points.
You press <<U>> and get 1 points.
You press <<U>> and get 1 points.
You press <<U>> and get 1 points.
You press <<U>> and get 1 points.
You press <<U>> and get 1 points.
You press <<U>> and get 1 points.
You press <<U>> and get 1 points.
You press <<U>> and get 1 points.
You press <<U>> and get 1 points.
You press <<U>> and get 1 points.
You press <<U>> and get 1 points.
You press <<U>> and get 1 points.
You press <<U>> and get 1 points.
You press <<U>> and get 1 points.
You press <<U>> and get 1 points.
You press <<U>> and get 1 points.
You press <<U>> and get 1 points.
You press <<U>> and get 1 points.
You press <<U>> and get 1 points.
You press <<U>> and get 1 points.
You press <<U>> and get 1 points.
You press <<U>> and get 1 points.
You press <<U>> and get 1 points.
You press <<U>> and get 1 points.
You press <<U>> and get 0 points.
You press <<P>> and get 1 points.
You press <<U>> and get 0 points.
You press <<P>> and get 1 points.
You press <<U>> and get 0 points.
You press <<P>> and get 1 points.
You press <<P>> and get 1 points.
You press <<P>> and get 1 points.
You press <<P>> and get 1 points.
You press <<P>> and get 1 points.
You press <<P>> and get 1 points.
You press <<P>> and get 1 points.
You press <<P>> and get 1 points.
You press <<P>> and get 1 points.
You press <<P>> and get 1 points.
You press <<U>> and get 0 points.
You press <<P>> and get 1 points.
You press <<P>> and get 1 points.
You press <<P>> and get 1 points.
You press <<P>> and get 1 points.
You press <<P>> and get 1 points.
You press <<P>> and get 1 points.
You press <<P>> and get 1 points.
You press <<P>> and get 1 points.
You press <<P>> and get 1 points.
You press <<P>> and get 1 points.
You press <<U>> and get 0 points.
You press <<P>> and get 1 points.
You press <<P>> and get 1 points.
You press <<P>> and get 1 points.
You press <<P>> and get 1 points.
You press <<P>> and get 1 points.
You press <<P>> and get 1 points.
You press <<P>> and get 1 points.
You press <<P>> and get 1 points.
You press <<P>> and get 1 points.
You press <<P>> and get 0 points.
You press <<P>> and get 1 points.
You press <<P>> and get 0 points.You press <<","[{'token': 'P', 'prob': 0.9609375}, {'token': 'U', 'prob': 0.037353515625}]",0.3203125,0.6796875,0.282958984375,-0.28125,1,0
92,P,P,U,1,P,-0.048095703125,0.04736328125,0.953125,True,"In this task, you have to repeatedly choose between two slot machines labeled U and P.
You can choose a slot machine by pressing its corresponding key.When you select one of the machines, you will win 1 or 0 points.Your goal is to choose the slot machines that will give you the most points.You will receive feedback about the outcome after making a choice.
The environment may change unpredictably, and past success does not guarantee future results. You’ll need to adapt to these changes to keep finding the better machine.You will play 1 game in total, consisting of 100 trials. Game 1:You press <<P>> and get 1 points.
You press <<U>> and get 1 points.
You press <<P>> and get 0 points.
You press <<U>> and get 0 points.
You press <<U>> and get 1 points.
You press <<U>> and get 1 points.
You press <<U>> and get 1 points.
You press <<U>> and get 1 points.
You press <<P>> and get 0 points.
You press <<U>> and get 0 points.
You press <<P>> and get 1 points.
You press <<U>> and get 1 points.
You press <<P>> and get 0 points.
You press <<U>> and get 1 points.
You press <<P>> and get 1 points.
You press <<U>> and get 1 points.
You press <<U>> and get 1 points.
You press <<U>> and get 1 points.
You press <<U>> and get 1 points.
You press <<U>> and get 1 points.
You press <<U>> and get 1 points.
You press <<P>> and get 0 points.
You press <<U>> and get 1 points.
You press <<P>> and get 0 points.
You press <<U>> and get 1 points.
You press <<U>> and get 1 points.
You press <<U>> and get 1 points.
You press <<U>> and get 1 points.
You press <<U>> and get 1 points.
You press <<U>> and get 1 points.
You press <<U>> and get 1 points.
You press <<U>> and get 1 points.
You press <<U>> and get 1 points.
You press <<U>> and get 1 points.
You press <<U>> and get 1 points.
You press <<U>> and get 1 points.
You press <<U>> and get 1 points.
You press <<U>> and get 1 points.
You press <<U>> and get 1 points.
You press <<U>> and get 1 points.
You press <<U>> and get 1 points.
You press <<U>> and get 1 points.
You press <<U>> and get 1 points.
You press <<U>> and get 1 points.
You press <<U>> and get 1 points.
You press <<U>> and get 1 points.
You press <<U>> and get 1 points.
You press <<U>> and get 1 points.
You press <<U>> and get 1 points.
You press <<U>> and get 1 points.
You press <<U>> and get 1 points.
You press <<U>> and get 1 points.
You press <<U>> and get 0 points.
You press <<P>> and get 1 points.
You press <<U>> and get 0 points.
You press <<P>> and get 1 points.
You press <<U>> and get 0 points.
You press <<P>> and get 1 points.
You press <<P>> and get 1 points.
You press <<P>> and get 1 points.
You press <<P>> and get 1 points.
You press <<P>> and get 1 points.
You press <<P>> and get 1 points.
You press <<P>> and get 1 points.
You press <<P>> and get 1 points.
You press <<P>> and get 1 points.
You press <<P>> and get 1 points.
You press <<U>> and get 0 points.
You press <<P>> and get 1 points.
You press <<P>> and get 1 points.
You press <<P>> and get 1 points.
You press <<P>> and get 1 points.
You press <<P>> and get 1 points.
You press <<P>> and get 1 points.
You press <<P>> and get 1 points.
You press <<P>> and get 1 points.
You press <<P>> and get 1 points.
You press <<P>> and get 1 points.
You press <<U>> and get 0 points.
You press <<P>> and get 1 points.
You press <<P>> and get 1 points.
You press <<P>> and get 1 points.
You press <<P>> and get 1 points.
You press <<P>> and get 1 points.
You press <<P>> and get 1 points.
You press <<P>> and get 1 points.
You press <<P>> and get 1 points.
You press <<P>> and get 1 points.
You press <<P>> and get 0 points.
You press <<P>> and get 1 points.
You press <<P>> and get 1 points.
You press <<U>> and get 1 points.",False,,"[{'token': 'P', 'prob': 0.953125}, {'token': 'U', 'prob': 0.04736328125}]",3.987224772572517e-09,1.5802470443304628e-11,-0.04736327726277523,-0.9531249999841975,,
92,P,,,1,P,-0.048095703125,0.04736328125,0.953125,False,,True,"In this task, you have to repeatedly choose between two slot machines labeled U and P.
You can choose a slot machine by pressing its corresponding key.When you select one of the machines, you will win 1 or 0 points.Your goal is to choose the slot machines that will give you the most points.You will receive feedback about the outcome after making a choice.
The environment may change unpredictably, and past success does not guarantee future results. You’ll need to adapt to these changes to keep finding the better machine.You will play 1 game in total, consisting of 100 trials. Game 1:You press <<P>> and get 1 points.
You press <<U>> and get 1 points.
You press <<P>> and get 0 points.
You press <<U>> and get 0 points.
You press <<U>> and get 1 points.
You press <<U>> and get 1 points.
You press <<U>> and get 1 points.
You press <<U>> and get 1 points.
You press <<P>> and get 0 points.
You press <<U>> and get 0 points.
You press <<P>> and get 1 points.
You press <<U>> and get 1 points.
You press <<P>> and get 0 points.
You press <<U>> and get 1 points.
You press <<P>> and get 1 points.
You press <<U>> and get 1 points.
You press <<U>> and get 1 points.
You press <<U>> and get 1 points.
You press <<U>> and get 1 points.
You press <<U>> and get 1 points.
You press <<U>> and get 1 points.
You press <<P>> and get 0 points.
You press <<U>> and get 1 points.
You press <<P>> and get 0 points.
You press <<U>> and get 1 points.
You press <<U>> and get 1 points.
You press <<U>> and get 1 points.
You press <<U>> and get 1 points.
You press <<U>> and get 1 points.
You press <<U>> and get 1 points.
You press <<U>> and get 1 points.
You press <<U>> and get 1 points.
You press <<U>> and get 1 points.
You press <<U>> and get 1 points.
You press <<U>> and get 1 points.
You press <<U>> and get 1 points.
You press <<U>> and get 1 points.
You press <<U>> and get 1 points.
You press <<U>> and get 1 points.
You press <<U>> and get 1 points.
You press <<U>> and get 1 points.
You press <<U>> and get 1 points.
You press <<U>> and get 1 points.
You press <<U>> and get 1 points.
You press <<U>> and get 1 points.
You press <<U>> and get 1 points.
You press <<U>> and get 1 points.
You press <<U>> and get 1 points.
You press <<U>> and get 1 points.
You press <<U>> and get 1 points.
You press <<U>> and get 1 points.
You press <<U>> and get 1 points.
You press <<U>> and get 0 points.
You press <<P>> and get 1 points.
You press <<U>> and get 0 points.
You press <<P>> and get 1 points.
You press <<U>> and get 0 points.
You press <<P>> and get 1 points.
You press <<P>> and get 1 points.
You press <<P>> and get 1 points.
You press <<P>> and get 1 points.
You press <<P>> and get 1 points.
You press <<P>> and get 1 points.
You press <<P>> and get 1 points.
You press <<P>> and get 1 points.
You press <<P>> and get 1 points.
You press <<P>> and get 1 points.
You press <<U>> and get 0 points.
You press <<P>> and get 1 points.
You press <<P>> and get 1 points.
You press <<P>> and get 1 points.
You press <<P>> and get 1 points.
You press <<P>> and get 1 points.
You press <<P>> and get 1 points.
You press <<P>> and get 1 points.
You press <<P>> and get 1 points.
You press <<P>> and get 1 points.
You press <<P>> and get 1 points.
You press <<U>> and get 0 points.
You press <<P>> and get 1 points.
You press <<P>> and get 1 points.
You press <<P>> and get 1 points.
You press <<P>> and get 1 points.
You press <<P>> and get 1 points.
You press <<P>> and get 1 points.
You press <<P>> and get 1 points.
You press <<P>> and get 1 points.
You press <<P>> and get 1 points.
You press <<P>> and get 0 points.
You press <<P>> and get 1 points.
You press <<P>> and get 1 points.
You press <<P>> and get 0 points.You press <<","[{'token': 'P', 'prob': 0.953125}, {'token': 'U', 'prob': 0.04736328125}]",0.294921875,0.70703125,0.24755859375,-0.24609375,1,0
93,P,P,U,1,P,-0.039794921875,0.037353515625,0.9609375,True,"In this task, you have to repeatedly choose between two slot machines labeled U and P.
You can choose a slot machine by pressing its corresponding key.When you select one of the machines, you will win 1 or 0 points.Your goal is to choose the slot machines that will give you the most points.You will receive feedback about the outcome after making a choice.
The environment may change unpredictably, and past success does not guarantee future results. You’ll need to adapt to these changes to keep finding the better machine.You will play 1 game in total, consisting of 100 trials. Game 1:You press <<P>> and get 1 points.
You press <<U>> and get 1 points.
You press <<P>> and get 0 points.
You press <<U>> and get 0 points.
You press <<U>> and get 1 points.
You press <<U>> and get 1 points.
You press <<U>> and get 1 points.
You press <<U>> and get 1 points.
You press <<P>> and get 0 points.
You press <<U>> and get 0 points.
You press <<P>> and get 1 points.
You press <<U>> and get 1 points.
You press <<P>> and get 0 points.
You press <<U>> and get 1 points.
You press <<P>> and get 1 points.
You press <<U>> and get 1 points.
You press <<U>> and get 1 points.
You press <<U>> and get 1 points.
You press <<U>> and get 1 points.
You press <<U>> and get 1 points.
You press <<U>> and get 1 points.
You press <<P>> and get 0 points.
You press <<U>> and get 1 points.
You press <<P>> and get 0 points.
You press <<U>> and get 1 points.
You press <<U>> and get 1 points.
You press <<U>> and get 1 points.
You press <<U>> and get 1 points.
You press <<U>> and get 1 points.
You press <<U>> and get 1 points.
You press <<U>> and get 1 points.
You press <<U>> and get 1 points.
You press <<U>> and get 1 points.
You press <<U>> and get 1 points.
You press <<U>> and get 1 points.
You press <<U>> and get 1 points.
You press <<U>> and get 1 points.
You press <<U>> and get 1 points.
You press <<U>> and get 1 points.
You press <<U>> and get 1 points.
You press <<U>> and get 1 points.
You press <<U>> and get 1 points.
You press <<U>> and get 1 points.
You press <<U>> and get 1 points.
You press <<U>> and get 1 points.
You press <<U>> and get 1 points.
You press <<U>> and get 1 points.
You press <<U>> and get 1 points.
You press <<U>> and get 1 points.
You press <<U>> and get 1 points.
You press <<U>> and get 1 points.
You press <<U>> and get 1 points.
You press <<U>> and get 0 points.
You press <<P>> and get 1 points.
You press <<U>> and get 0 points.
You press <<P>> and get 1 points.
You press <<U>> and get 0 points.
You press <<P>> and get 1 points.
You press <<P>> and get 1 points.
You press <<P>> and get 1 points.
You press <<P>> and get 1 points.
You press <<P>> and get 1 points.
You press <<P>> and get 1 points.
You press <<P>> and get 1 points.
You press <<P>> and get 1 points.
You press <<P>> and get 1 points.
You press <<P>> and get 1 points.
You press <<U>> and get 0 points.
You press <<P>> and get 1 points.
You press <<P>> and get 1 points.
You press <<P>> and get 1 points.
You press <<P>> and get 1 points.
You press <<P>> and get 1 points.
You press <<P>> and get 1 points.
You press <<P>> and get 1 points.
You press <<P>> and get 1 points.
You press <<P>> and get 1 points.
You press <<P>> and get 1 points.
You press <<U>> and get 0 points.
You press <<P>> and get 1 points.
You press <<P>> and get 1 points.
You press <<P>> and get 1 points.
You press <<P>> and get 1 points.
You press <<P>> and get 1 points.
You press <<P>> and get 1 points.
You press <<P>> and get 1 points.
You press <<P>> and get 1 points.
You press <<P>> and get 1 points.
You press <<P>> and get 0 points.
You press <<P>> and get 1 points.
You press <<P>> and get 1 points.
You press <<P>> and get 1 points.
You press <<U>> and get 1 points.",False,,"[{'token': 'P', 'prob': 0.9609375}, {'token': 'U', 'prob': 0.037353515625}]",6.1409082263708115e-09,2.432898327242583e-11,-0.037353509484091774,-0.960937499975671,,
93,P,,,1,P,-0.039794921875,0.037353515625,0.9609375,False,,True,"In this task, you have to repeatedly choose between two slot machines labeled U and P.
You can choose a slot machine by pressing its corresponding key.When you select one of the machines, you will win 1 or 0 points.Your goal is to choose the slot machines that will give you the most points.You will receive feedback about the outcome after making a choice.
The environment may change unpredictably, and past success does not guarantee future results. You’ll need to adapt to these changes to keep finding the better machine.You will play 1 game in total, consisting of 100 trials. Game 1:You press <<P>> and get 1 points.
You press <<U>> and get 1 points.
You press <<P>> and get 0 points.
You press <<U>> and get 0 points.
You press <<U>> and get 1 points.
You press <<U>> and get 1 points.
You press <<U>> and get 1 points.
You press <<U>> and get 1 points.
You press <<P>> and get 0 points.
You press <<U>> and get 0 points.
You press <<P>> and get 1 points.
You press <<U>> and get 1 points.
You press <<P>> and get 0 points.
You press <<U>> and get 1 points.
You press <<P>> and get 1 points.
You press <<U>> and get 1 points.
You press <<U>> and get 1 points.
You press <<U>> and get 1 points.
You press <<U>> and get 1 points.
You press <<U>> and get 1 points.
You press <<U>> and get 1 points.
You press <<P>> and get 0 points.
You press <<U>> and get 1 points.
You press <<P>> and get 0 points.
You press <<U>> and get 1 points.
You press <<U>> and get 1 points.
You press <<U>> and get 1 points.
You press <<U>> and get 1 points.
You press <<U>> and get 1 points.
You press <<U>> and get 1 points.
You press <<U>> and get 1 points.
You press <<U>> and get 1 points.
You press <<U>> and get 1 points.
You press <<U>> and get 1 points.
You press <<U>> and get 1 points.
You press <<U>> and get 1 points.
You press <<U>> and get 1 points.
You press <<U>> and get 1 points.
You press <<U>> and get 1 points.
You press <<U>> and get 1 points.
You press <<U>> and get 1 points.
You press <<U>> and get 1 points.
You press <<U>> and get 1 points.
You press <<U>> and get 1 points.
You press <<U>> and get 1 points.
You press <<U>> and get 1 points.
You press <<U>> and get 1 points.
You press <<U>> and get 1 points.
You press <<U>> and get 1 points.
You press <<U>> and get 1 points.
You press <<U>> and get 1 points.
You press <<U>> and get 1 points.
You press <<U>> and get 0 points.
You press <<P>> and get 1 points.
You press <<U>> and get 0 points.
You press <<P>> and get 1 points.
You press <<U>> and get 0 points.
You press <<P>> and get 1 points.
You press <<P>> and get 1 points.
You press <<P>> and get 1 points.
You press <<P>> and get 1 points.
You press <<P>> and get 1 points.
You press <<P>> and get 1 points.
You press <<P>> and get 1 points.
You press <<P>> and get 1 points.
You press <<P>> and get 1 points.
You press <<P>> and get 1 points.
You press <<U>> and get 0 points.
You press <<P>> and get 1 points.
You press <<P>> and get 1 points.
You press <<P>> and get 1 points.
You press <<P>> and get 1 points.
You press <<P>> and get 1 points.
You press <<P>> and get 1 points.
You press <<P>> and get 1 points.
You press <<P>> and get 1 points.
You press <<P>> and get 1 points.
You press <<P>> and get 1 points.
You press <<U>> and get 0 points.
You press <<P>> and get 1 points.
You press <<P>> and get 1 points.
You press <<P>> and get 1 points.
You press <<P>> and get 1 points.
You press <<P>> and get 1 points.
You press <<P>> and get 1 points.
You press <<P>> and get 1 points.
You press <<P>> and get 1 points.
You press <<P>> and get 1 points.
You press <<P>> and get 0 points.
You press <<P>> and get 1 points.
You press <<P>> and get 1 points.
You press <<P>> and get 1 points.
You press <<P>> and get 0 points.You press <<","[{'token': 'P', 'prob': 0.9609375}, {'token': 'U', 'prob': 0.037353515625}]",0.294921875,0.70703125,0.257568359375,-0.25390625,1,0
94,P,P,U,1,P,-0.039794921875,0.037353515625,0.9609375,True,"In this task, you have to repeatedly choose between two slot machines labeled U and P.
You can choose a slot machine by pressing its corresponding key.When you select one of the machines, you will win 1 or 0 points.Your goal is to choose the slot machines that will give you the most points.You will receive feedback about the outcome after making a choice.
The environment may change unpredictably, and past success does not guarantee future results. You’ll need to adapt to these changes to keep finding the better machine.You will play 1 game in total, consisting of 100 trials. Game 1:You press <<P>> and get 1 points.
You press <<U>> and get 1 points.
You press <<P>> and get 0 points.
You press <<U>> and get 0 points.
You press <<U>> and get 1 points.
You press <<U>> and get 1 points.
You press <<U>> and get 1 points.
You press <<U>> and get 1 points.
You press <<P>> and get 0 points.
You press <<U>> and get 0 points.
You press <<P>> and get 1 points.
You press <<U>> and get 1 points.
You press <<P>> and get 0 points.
You press <<U>> and get 1 points.
You press <<P>> and get 1 points.
You press <<U>> and get 1 points.
You press <<U>> and get 1 points.
You press <<U>> and get 1 points.
You press <<U>> and get 1 points.
You press <<U>> and get 1 points.
You press <<U>> and get 1 points.
You press <<P>> and get 0 points.
You press <<U>> and get 1 points.
You press <<P>> and get 0 points.
You press <<U>> and get 1 points.
You press <<U>> and get 1 points.
You press <<U>> and get 1 points.
You press <<U>> and get 1 points.
You press <<U>> and get 1 points.
You press <<U>> and get 1 points.
You press <<U>> and get 1 points.
You press <<U>> and get 1 points.
You press <<U>> and get 1 points.
You press <<U>> and get 1 points.
You press <<U>> and get 1 points.
You press <<U>> and get 1 points.
You press <<U>> and get 1 points.
You press <<U>> and get 1 points.
You press <<U>> and get 1 points.
You press <<U>> and get 1 points.
You press <<U>> and get 1 points.
You press <<U>> and get 1 points.
You press <<U>> and get 1 points.
You press <<U>> and get 1 points.
You press <<U>> and get 1 points.
You press <<U>> and get 1 points.
You press <<U>> and get 1 points.
You press <<U>> and get 1 points.
You press <<U>> and get 1 points.
You press <<U>> and get 1 points.
You press <<U>> and get 1 points.
You press <<U>> and get 1 points.
You press <<U>> and get 0 points.
You press <<P>> and get 1 points.
You press <<U>> and get 0 points.
You press <<P>> and get 1 points.
You press <<U>> and get 0 points.
You press <<P>> and get 1 points.
You press <<P>> and get 1 points.
You press <<P>> and get 1 points.
You press <<P>> and get 1 points.
You press <<P>> and get 1 points.
You press <<P>> and get 1 points.
You press <<P>> and get 1 points.
You press <<P>> and get 1 points.
You press <<P>> and get 1 points.
You press <<P>> and get 1 points.
You press <<U>> and get 0 points.
You press <<P>> and get 1 points.
You press <<P>> and get 1 points.
You press <<P>> and get 1 points.
You press <<P>> and get 1 points.
You press <<P>> and get 1 points.
You press <<P>> and get 1 points.
You press <<P>> and get 1 points.
You press <<P>> and get 1 points.
You press <<P>> and get 1 points.
You press <<P>> and get 1 points.
You press <<U>> and get 0 points.
You press <<P>> and get 1 points.
You press <<P>> and get 1 points.
You press <<P>> and get 1 points.
You press <<P>> and get 1 points.
You press <<P>> and get 1 points.
You press <<P>> and get 1 points.
You press <<P>> and get 1 points.
You press <<P>> and get 1 points.
You press <<P>> and get 1 points.
You press <<P>> and get 0 points.
You press <<P>> and get 1 points.
You press <<P>> and get 1 points.
You press <<P>> and get 1 points.
You press <<P>> and get 1 points.
You press <<U>> and get 1 points.",False,,"[{'token': 'P', 'prob': 0.9609375}, {'token': 'U', 'prob': 0.037353515625}]",7.159542292356491e-09,2.830802259268239e-11,-0.03735350846545771,-0.960937499971692,,
94,P,,,1,P,-0.039794921875,0.037353515625,0.9609375,False,,True,"In this task, you have to repeatedly choose between two slot machines labeled U and P.
You can choose a slot machine by pressing its corresponding key.When you select one of the machines, you will win 1 or 0 points.Your goal is to choose the slot machines that will give you the most points.You will receive feedback about the outcome after making a choice.
The environment may change unpredictably, and past success does not guarantee future results. You’ll need to adapt to these changes to keep finding the better machine.You will play 1 game in total, consisting of 100 trials. Game 1:You press <<P>> and get 1 points.
You press <<U>> and get 1 points.
You press <<P>> and get 0 points.
You press <<U>> and get 0 points.
You press <<U>> and get 1 points.
You press <<U>> and get 1 points.
You press <<U>> and get 1 points.
You press <<U>> and get 1 points.
You press <<P>> and get 0 points.
You press <<U>> and get 0 points.
You press <<P>> and get 1 points.
You press <<U>> and get 1 points.
You press <<P>> and get 0 points.
You press <<U>> and get 1 points.
You press <<P>> and get 1 points.
You press <<U>> and get 1 points.
You press <<U>> and get 1 points.
You press <<U>> and get 1 points.
You press <<U>> and get 1 points.
You press <<U>> and get 1 points.
You press <<U>> and get 1 points.
You press <<P>> and get 0 points.
You press <<U>> and get 1 points.
You press <<P>> and get 0 points.
You press <<U>> and get 1 points.
You press <<U>> and get 1 points.
You press <<U>> and get 1 points.
You press <<U>> and get 1 points.
You press <<U>> and get 1 points.
You press <<U>> and get 1 points.
You press <<U>> and get 1 points.
You press <<U>> and get 1 points.
You press <<U>> and get 1 points.
You press <<U>> and get 1 points.
You press <<U>> and get 1 points.
You press <<U>> and get 1 points.
You press <<U>> and get 1 points.
You press <<U>> and get 1 points.
You press <<U>> and get 1 points.
You press <<U>> and get 1 points.
You press <<U>> and get 1 points.
You press <<U>> and get 1 points.
You press <<U>> and get 1 points.
You press <<U>> and get 1 points.
You press <<U>> and get 1 points.
You press <<U>> and get 1 points.
You press <<U>> and get 1 points.
You press <<U>> and get 1 points.
You press <<U>> and get 1 points.
You press <<U>> and get 1 points.
You press <<U>> and get 1 points.
You press <<U>> and get 1 points.
You press <<U>> and get 0 points.
You press <<P>> and get 1 points.
You press <<U>> and get 0 points.
You press <<P>> and get 1 points.
You press <<U>> and get 0 points.
You press <<P>> and get 1 points.
You press <<P>> and get 1 points.
You press <<P>> and get 1 points.
You press <<P>> and get 1 points.
You press <<P>> and get 1 points.
You press <<P>> and get 1 points.
You press <<P>> and get 1 points.
You press <<P>> and get 1 points.
You press <<P>> and get 1 points.
You press <<P>> and get 1 points.
You press <<U>> and get 0 points.
You press <<P>> and get 1 points.
You press <<P>> and get 1 points.
You press <<P>> and get 1 points.
You press <<P>> and get 1 points.
You press <<P>> and get 1 points.
You press <<P>> and get 1 points.
You press <<P>> and get 1 points.
You press <<P>> and get 1 points.
You press <<P>> and get 1 points.
You press <<P>> and get 1 points.
You press <<U>> and get 0 points.
You press <<P>> and get 1 points.
You press <<P>> and get 1 points.
You press <<P>> and get 1 points.
You press <<P>> and get 1 points.
You press <<P>> and get 1 points.
You press <<P>> and get 1 points.
You press <<P>> and get 1 points.
You press <<P>> and get 1 points.
You press <<P>> and get 1 points.
You press <<P>> and get 0 points.
You press <<P>> and get 1 points.
You press <<P>> and get 1 points.
You press <<P>> and get 1 points.
You press <<P>> and get 1 points.
You press <<P>> and get 0 points.You press <<","[{'token': 'P', 'prob': 0.9609375}, {'token': 'U', 'prob': 0.037353515625}]",0.3203125,0.6796875,0.282958984375,-0.28125,1,0
95,P,P,U,1,P,-0.039794921875,0.037353515625,0.9609375,True,"In this task, you have to repeatedly choose between two slot machines labeled U and P.
You can choose a slot machine by pressing its corresponding key.When you select one of the machines, you will win 1 or 0 points.Your goal is to choose the slot machines that will give you the most points.You will receive feedback about the outcome after making a choice.
The environment may change unpredictably, and past success does not guarantee future results. You’ll need to adapt to these changes to keep finding the better machine.You will play 1 game in total, consisting of 100 trials. Game 1:You press <<P>> and get 1 points.
You press <<U>> and get 1 points.
You press <<P>> and get 0 points.
You press <<U>> and get 0 points.
You press <<U>> and get 1 points.
You press <<U>> and get 1 points.
You press <<U>> and get 1 points.
You press <<U>> and get 1 points.
You press <<P>> and get 0 points.
You press <<U>> and get 0 points.
You press <<P>> and get 1 points.
You press <<U>> and get 1 points.
You press <<P>> and get 0 points.
You press <<U>> and get 1 points.
You press <<P>> and get 1 points.
You press <<U>> and get 1 points.
You press <<U>> and get 1 points.
You press <<U>> and get 1 points.
You press <<U>> and get 1 points.
You press <<U>> and get 1 points.
You press <<U>> and get 1 points.
You press <<P>> and get 0 points.
You press <<U>> and get 1 points.
You press <<P>> and get 0 points.
You press <<U>> and get 1 points.
You press <<U>> and get 1 points.
You press <<U>> and get 1 points.
You press <<U>> and get 1 points.
You press <<U>> and get 1 points.
You press <<U>> and get 1 points.
You press <<U>> and get 1 points.
You press <<U>> and get 1 points.
You press <<U>> and get 1 points.
You press <<U>> and get 1 points.
You press <<U>> and get 1 points.
You press <<U>> and get 1 points.
You press <<U>> and get 1 points.
You press <<U>> and get 1 points.
You press <<U>> and get 1 points.
You press <<U>> and get 1 points.
You press <<U>> and get 1 points.
You press <<U>> and get 1 points.
You press <<U>> and get 1 points.
You press <<U>> and get 1 points.
You press <<U>> and get 1 points.
You press <<U>> and get 1 points.
You press <<U>> and get 1 points.
You press <<U>> and get 1 points.
You press <<U>> and get 1 points.
You press <<U>> and get 1 points.
You press <<U>> and get 1 points.
You press <<U>> and get 1 points.
You press <<U>> and get 0 points.
You press <<P>> and get 1 points.
You press <<U>> and get 0 points.
You press <<P>> and get 1 points.
You press <<U>> and get 0 points.
You press <<P>> and get 1 points.
You press <<P>> and get 1 points.
You press <<P>> and get 1 points.
You press <<P>> and get 1 points.
You press <<P>> and get 1 points.
You press <<P>> and get 1 points.
You press <<P>> and get 1 points.
You press <<P>> and get 1 points.
You press <<P>> and get 1 points.
You press <<P>> and get 1 points.
You press <<U>> and get 0 points.
You press <<P>> and get 1 points.
You press <<P>> and get 1 points.
You press <<P>> and get 1 points.
You press <<P>> and get 1 points.
You press <<P>> and get 1 points.
You press <<P>> and get 1 points.
You press <<P>> and get 1 points.
You press <<P>> and get 1 points.
You press <<P>> and get 1 points.
You press <<P>> and get 1 points.
You press <<U>> and get 0 points.
You press <<P>> and get 1 points.
You press <<P>> and get 1 points.
You press <<P>> and get 1 points.
You press <<P>> and get 1 points.
You press <<P>> and get 1 points.
You press <<P>> and get 1 points.
You press <<P>> and get 1 points.
You press <<P>> and get 1 points.
You press <<P>> and get 1 points.
You press <<P>> and get 0 points.
You press <<P>> and get 1 points.
You press <<P>> and get 1 points.
You press <<P>> and get 1 points.
You press <<P>> and get 1 points.
You press <<P>> and get 1 points.
You press <<U>> and get 1 points.",False,,"[{'token': 'P', 'prob': 0.9609375}, {'token': 'U', 'prob': 0.037353515625}]",1.6530975699424744e-08,7.73070496506989e-11,-0.0373534990940243,-0.960937499922693,,
95,P,,,1,P,-0.039794921875,0.037353515625,0.9609375,False,,True,"In this task, you have to repeatedly choose between two slot machines labeled U and P.
You can choose a slot machine by pressing its corresponding key.When you select one of the machines, you will win 1 or 0 points.Your goal is to choose the slot machines that will give you the most points.You will receive feedback about the outcome after making a choice.
The environment may change unpredictably, and past success does not guarantee future results. You’ll need to adapt to these changes to keep finding the better machine.You will play 1 game in total, consisting of 100 trials. Game 1:You press <<P>> and get 1 points.
You press <<U>> and get 1 points.
You press <<P>> and get 0 points.
You press <<U>> and get 0 points.
You press <<U>> and get 1 points.
You press <<U>> and get 1 points.
You press <<U>> and get 1 points.
You press <<U>> and get 1 points.
You press <<P>> and get 0 points.
You press <<U>> and get 0 points.
You press <<P>> and get 1 points.
You press <<U>> and get 1 points.
You press <<P>> and get 0 points.
You press <<U>> and get 1 points.
You press <<P>> and get 1 points.
You press <<U>> and get 1 points.
You press <<U>> and get 1 points.
You press <<U>> and get 1 points.
You press <<U>> and get 1 points.
You press <<U>> and get 1 points.
You press <<U>> and get 1 points.
You press <<P>> and get 0 points.
You press <<U>> and get 1 points.
You press <<P>> and get 0 points.
You press <<U>> and get 1 points.
You press <<U>> and get 1 points.
You press <<U>> and get 1 points.
You press <<U>> and get 1 points.
You press <<U>> and get 1 points.
You press <<U>> and get 1 points.
You press <<U>> and get 1 points.
You press <<U>> and get 1 points.
You press <<U>> and get 1 points.
You press <<U>> and get 1 points.
You press <<U>> and get 1 points.
You press <<U>> and get 1 points.
You press <<U>> and get 1 points.
You press <<U>> and get 1 points.
You press <<U>> and get 1 points.
You press <<U>> and get 1 points.
You press <<U>> and get 1 points.
You press <<U>> and get 1 points.
You press <<U>> and get 1 points.
You press <<U>> and get 1 points.
You press <<U>> and get 1 points.
You press <<U>> and get 1 points.
You press <<U>> and get 1 points.
You press <<U>> and get 1 points.
You press <<U>> and get 1 points.
You press <<U>> and get 1 points.
You press <<U>> and get 1 points.
You press <<U>> and get 1 points.
You press <<U>> and get 0 points.
You press <<P>> and get 1 points.
You press <<U>> and get 0 points.
You press <<P>> and get 1 points.
You press <<U>> and get 0 points.
You press <<P>> and get 1 points.
You press <<P>> and get 1 points.
You press <<P>> and get 1 points.
You press <<P>> and get 1 points.
You press <<P>> and get 1 points.
You press <<P>> and get 1 points.
You press <<P>> and get 1 points.
You press <<P>> and get 1 points.
You press <<P>> and get 1 points.
You press <<P>> and get 1 points.
You press <<U>> and get 0 points.
You press <<P>> and get 1 points.
You press <<P>> and get 1 points.
You press <<P>> and get 1 points.
You press <<P>> and get 1 points.
You press <<P>> and get 1 points.
You press <<P>> and get 1 points.
You press <<P>> and get 1 points.
You press <<P>> and get 1 points.
You press <<P>> and get 1 points.
You press <<P>> and get 1 points.
You press <<U>> and get 0 points.
You press <<P>> and get 1 points.
You press <<P>> and get 1 points.
You press <<P>> and get 1 points.
You press <<P>> and get 1 points.
You press <<P>> and get 1 points.
You press <<P>> and get 1 points.
You press <<P>> and get 1 points.
You press <<P>> and get 1 points.
You press <<P>> and get 1 points.
You press <<P>> and get 0 points.
You press <<P>> and get 1 points.
You press <<P>> and get 1 points.
You press <<P>> and get 1 points.
You press <<P>> and get 1 points.
You press <<P>> and get 1 points.
You press <<P>> and get 0 points.You press <<","[{'token': 'P', 'prob': 0.9609375}, {'token': 'U', 'prob': 0.037353515625}]",0.3203125,0.6796875,0.282958984375,-0.28125,1,0
96,P,P,U,1,P,-0.039794921875,0.037353515625,0.9609375,True,"In this task, you have to repeatedly choose between two slot machines labeled U and P.
You can choose a slot machine by pressing its corresponding key.When you select one of the machines, you will win 1 or 0 points.Your goal is to choose the slot machines that will give you the most points.You will receive feedback about the outcome after making a choice.
The environment may change unpredictably, and past success does not guarantee future results. You’ll need to adapt to these changes to keep finding the better machine.You will play 1 game in total, consisting of 100 trials. Game 1:You press <<P>> and get 1 points.
You press <<U>> and get 1 points.
You press <<P>> and get 0 points.
You press <<U>> and get 0 points.
You press <<U>> and get 1 points.
You press <<U>> and get 1 points.
You press <<U>> and get 1 points.
You press <<U>> and get 1 points.
You press <<P>> and get 0 points.
You press <<U>> and get 0 points.
You press <<P>> and get 1 points.
You press <<U>> and get 1 points.
You press <<P>> and get 0 points.
You press <<U>> and get 1 points.
You press <<P>> and get 1 points.
You press <<U>> and get 1 points.
You press <<U>> and get 1 points.
You press <<U>> and get 1 points.
You press <<U>> and get 1 points.
You press <<U>> and get 1 points.
You press <<U>> and get 1 points.
You press <<P>> and get 0 points.
You press <<U>> and get 1 points.
You press <<P>> and get 0 points.
You press <<U>> and get 1 points.
You press <<U>> and get 1 points.
You press <<U>> and get 1 points.
You press <<U>> and get 1 points.
You press <<U>> and get 1 points.
You press <<U>> and get 1 points.
You press <<U>> and get 1 points.
You press <<U>> and get 1 points.
You press <<U>> and get 1 points.
You press <<U>> and get 1 points.
You press <<U>> and get 1 points.
You press <<U>> and get 1 points.
You press <<U>> and get 1 points.
You press <<U>> and get 1 points.
You press <<U>> and get 1 points.
You press <<U>> and get 1 points.
You press <<U>> and get 1 points.
You press <<U>> and get 1 points.
You press <<U>> and get 1 points.
You press <<U>> and get 1 points.
You press <<U>> and get 1 points.
You press <<U>> and get 1 points.
You press <<U>> and get 1 points.
You press <<U>> and get 1 points.
You press <<U>> and get 1 points.
You press <<U>> and get 1 points.
You press <<U>> and get 1 points.
You press <<U>> and get 1 points.
You press <<U>> and get 0 points.
You press <<P>> and get 1 points.
You press <<U>> and get 0 points.
You press <<P>> and get 1 points.
You press <<U>> and get 0 points.
You press <<P>> and get 1 points.
You press <<P>> and get 1 points.
You press <<P>> and get 1 points.
You press <<P>> and get 1 points.
You press <<P>> and get 1 points.
You press <<P>> and get 1 points.
You press <<P>> and get 1 points.
You press <<P>> and get 1 points.
You press <<P>> and get 1 points.
You press <<P>> and get 1 points.
You press <<U>> and get 0 points.
You press <<P>> and get 1 points.
You press <<P>> and get 1 points.
You press <<P>> and get 1 points.
You press <<P>> and get 1 points.
You press <<P>> and get 1 points.
You press <<P>> and get 1 points.
You press <<P>> and get 1 points.
You press <<P>> and get 1 points.
You press <<P>> and get 1 points.
You press <<P>> and get 1 points.
You press <<U>> and get 0 points.
You press <<P>> and get 1 points.
You press <<P>> and get 1 points.
You press <<P>> and get 1 points.
You press <<P>> and get 1 points.
You press <<P>> and get 1 points.
You press <<P>> and get 1 points.
You press <<P>> and get 1 points.
You press <<P>> and get 1 points.
You press <<P>> and get 1 points.
You press <<P>> and get 0 points.
You press <<P>> and get 1 points.
You press <<P>> and get 1 points.
You press <<P>> and get 1 points.
You press <<P>> and get 1 points.
You press <<P>> and get 1 points.
You press <<P>> and get 1 points.
You press <<U>> and get 1 points.",False,,"[{'token': 'P', 'prob': 0.9609375}, {'token': 'U', 'prob': 0.037353515625}]",1.7578713595867157e-08,9.777068044058979e-11,-0.037353498046286404,-0.9609374999022293,,
96,P,,,1,P,-0.039794921875,0.037353515625,0.9609375,False,,True,"In this task, you have to repeatedly choose between two slot machines labeled U and P.
You can choose a slot machine by pressing its corresponding key.When you select one of the machines, you will win 1 or 0 points.Your goal is to choose the slot machines that will give you the most points.You will receive feedback about the outcome after making a choice.
The environment may change unpredictably, and past success does not guarantee future results. You’ll need to adapt to these changes to keep finding the better machine.You will play 1 game in total, consisting of 100 trials. Game 1:You press <<P>> and get 1 points.
You press <<U>> and get 1 points.
You press <<P>> and get 0 points.
You press <<U>> and get 0 points.
You press <<U>> and get 1 points.
You press <<U>> and get 1 points.
You press <<U>> and get 1 points.
You press <<U>> and get 1 points.
You press <<P>> and get 0 points.
You press <<U>> and get 0 points.
You press <<P>> and get 1 points.
You press <<U>> and get 1 points.
You press <<P>> and get 0 points.
You press <<U>> and get 1 points.
You press <<P>> and get 1 points.
You press <<U>> and get 1 points.
You press <<U>> and get 1 points.
You press <<U>> and get 1 points.
You press <<U>> and get 1 points.
You press <<U>> and get 1 points.
You press <<U>> and get 1 points.
You press <<P>> and get 0 points.
You press <<U>> and get 1 points.
You press <<P>> and get 0 points.
You press <<U>> and get 1 points.
You press <<U>> and get 1 points.
You press <<U>> and get 1 points.
You press <<U>> and get 1 points.
You press <<U>> and get 1 points.
You press <<U>> and get 1 points.
You press <<U>> and get 1 points.
You press <<U>> and get 1 points.
You press <<U>> and get 1 points.
You press <<U>> and get 1 points.
You press <<U>> and get 1 points.
You press <<U>> and get 1 points.
You press <<U>> and get 1 points.
You press <<U>> and get 1 points.
You press <<U>> and get 1 points.
You press <<U>> and get 1 points.
You press <<U>> and get 1 points.
You press <<U>> and get 1 points.
You press <<U>> and get 1 points.
You press <<U>> and get 1 points.
You press <<U>> and get 1 points.
You press <<U>> and get 1 points.
You press <<U>> and get 1 points.
You press <<U>> and get 1 points.
You press <<U>> and get 1 points.
You press <<U>> and get 1 points.
You press <<U>> and get 1 points.
You press <<U>> and get 1 points.
You press <<U>> and get 0 points.
You press <<P>> and get 1 points.
You press <<U>> and get 0 points.
You press <<P>> and get 1 points.
You press <<U>> and get 0 points.
You press <<P>> and get 1 points.
You press <<P>> and get 1 points.
You press <<P>> and get 1 points.
You press <<P>> and get 1 points.
You press <<P>> and get 1 points.
You press <<P>> and get 1 points.
You press <<P>> and get 1 points.
You press <<P>> and get 1 points.
You press <<P>> and get 1 points.
You press <<P>> and get 1 points.
You press <<U>> and get 0 points.
You press <<P>> and get 1 points.
You press <<P>> and get 1 points.
You press <<P>> and get 1 points.
You press <<P>> and get 1 points.
You press <<P>> and get 1 points.
You press <<P>> and get 1 points.
You press <<P>> and get 1 points.
You press <<P>> and get 1 points.
You press <<P>> and get 1 points.
You press <<P>> and get 1 points.
You press <<U>> and get 0 points.
You press <<P>> and get 1 points.
You press <<P>> and get 1 points.
You press <<P>> and get 1 points.
You press <<P>> and get 1 points.
You press <<P>> and get 1 points.
You press <<P>> and get 1 points.
You press <<P>> and get 1 points.
You press <<P>> and get 1 points.
You press <<P>> and get 1 points.
You press <<P>> and get 0 points.
You press <<P>> and get 1 points.
You press <<P>> and get 1 points.
You press <<P>> and get 1 points.
You press <<P>> and get 1 points.
You press <<P>> and get 1 points.
You press <<P>> and get 1 points.
You press <<P>> and get 0 points.You press <<","[{'token': 'P', 'prob': 0.9609375}, {'token': 'U', 'prob': 0.037353515625}]",0.3203125,0.6796875,0.282958984375,-0.28125,1,0
97,P,P,U,1,P,-0.039794921875,0.037353515625,0.9609375,True,"In this task, you have to repeatedly choose between two slot machines labeled U and P.
You can choose a slot machine by pressing its corresponding key.When you select one of the machines, you will win 1 or 0 points.Your goal is to choose the slot machines that will give you the most points.You will receive feedback about the outcome after making a choice.
The environment may change unpredictably, and past success does not guarantee future results. You’ll need to adapt to these changes to keep finding the better machine.You will play 1 game in total, consisting of 100 trials. Game 1:You press <<P>> and get 1 points.
You press <<U>> and get 1 points.
You press <<P>> and get 0 points.
You press <<U>> and get 0 points.
You press <<U>> and get 1 points.
You press <<U>> and get 1 points.
You press <<U>> and get 1 points.
You press <<U>> and get 1 points.
You press <<P>> and get 0 points.
You press <<U>> and get 0 points.
You press <<P>> and get 1 points.
You press <<U>> and get 1 points.
You press <<P>> and get 0 points.
You press <<U>> and get 1 points.
You press <<P>> and get 1 points.
You press <<U>> and get 1 points.
You press <<U>> and get 1 points.
You press <<U>> and get 1 points.
You press <<U>> and get 1 points.
You press <<U>> and get 1 points.
You press <<U>> and get 1 points.
You press <<P>> and get 0 points.
You press <<U>> and get 1 points.
You press <<P>> and get 0 points.
You press <<U>> and get 1 points.
You press <<U>> and get 1 points.
You press <<U>> and get 1 points.
You press <<U>> and get 1 points.
You press <<U>> and get 1 points.
You press <<U>> and get 1 points.
You press <<U>> and get 1 points.
You press <<U>> and get 1 points.
You press <<U>> and get 1 points.
You press <<U>> and get 1 points.
You press <<U>> and get 1 points.
You press <<U>> and get 1 points.
You press <<U>> and get 1 points.
You press <<U>> and get 1 points.
You press <<U>> and get 1 points.
You press <<U>> and get 1 points.
You press <<U>> and get 1 points.
You press <<U>> and get 1 points.
You press <<U>> and get 1 points.
You press <<U>> and get 1 points.
You press <<U>> and get 1 points.
You press <<U>> and get 1 points.
You press <<U>> and get 1 points.
You press <<U>> and get 1 points.
You press <<U>> and get 1 points.
You press <<U>> and get 1 points.
You press <<U>> and get 1 points.
You press <<U>> and get 1 points.
You press <<U>> and get 0 points.
You press <<P>> and get 1 points.
You press <<U>> and get 0 points.
You press <<P>> and get 1 points.
You press <<U>> and get 0 points.
You press <<P>> and get 1 points.
You press <<P>> and get 1 points.
You press <<P>> and get 1 points.
You press <<P>> and get 1 points.
You press <<P>> and get 1 points.
You press <<P>> and get 1 points.
You press <<P>> and get 1 points.
You press <<P>> and get 1 points.
You press <<P>> and get 1 points.
You press <<P>> and get 1 points.
You press <<U>> and get 0 points.
You press <<P>> and get 1 points.
You press <<P>> and get 1 points.
You press <<P>> and get 1 points.
You press <<P>> and get 1 points.
You press <<P>> and get 1 points.
You press <<P>> and get 1 points.
You press <<P>> and get 1 points.
You press <<P>> and get 1 points.
You press <<P>> and get 1 points.
You press <<P>> and get 1 points.
You press <<U>> and get 0 points.
You press <<P>> and get 1 points.
You press <<P>> and get 1 points.
You press <<P>> and get 1 points.
You press <<P>> and get 1 points.
You press <<P>> and get 1 points.
You press <<P>> and get 1 points.
You press <<P>> and get 1 points.
You press <<P>> and get 1 points.
You press <<P>> and get 1 points.
You press <<P>> and get 0 points.
You press <<P>> and get 1 points.
You press <<P>> and get 1 points.
You press <<P>> and get 1 points.
You press <<P>> and get 1 points.
You press <<P>> and get 1 points.
You press <<P>> and get 1 points.
You press <<P>> and get 1 points.
You press <<U>> and get 1 points.",False,,"[{'token': 'P', 'prob': 0.9609375}, {'token': 'U', 'prob': 0.037353515625}]",1.6880221664905548e-08,8.003553375601768e-11,-0.037353498744778335,-0.9609374999199645,,
97,P,,,1,P,-0.039794921875,0.037353515625,0.9609375,False,,True,"In this task, you have to repeatedly choose between two slot machines labeled U and P.
You can choose a slot machine by pressing its corresponding key.When you select one of the machines, you will win 1 or 0 points.Your goal is to choose the slot machines that will give you the most points.You will receive feedback about the outcome after making a choice.
The environment may change unpredictably, and past success does not guarantee future results. You’ll need to adapt to these changes to keep finding the better machine.You will play 1 game in total, consisting of 100 trials. Game 1:You press <<P>> and get 1 points.
You press <<U>> and get 1 points.
You press <<P>> and get 0 points.
You press <<U>> and get 0 points.
You press <<U>> and get 1 points.
You press <<U>> and get 1 points.
You press <<U>> and get 1 points.
You press <<U>> and get 1 points.
You press <<P>> and get 0 points.
You press <<U>> and get 0 points.
You press <<P>> and get 1 points.
You press <<U>> and get 1 points.
You press <<P>> and get 0 points.
You press <<U>> and get 1 points.
You press <<P>> and get 1 points.
You press <<U>> and get 1 points.
You press <<U>> and get 1 points.
You press <<U>> and get 1 points.
You press <<U>> and get 1 points.
You press <<U>> and get 1 points.
You press <<U>> and get 1 points.
You press <<P>> and get 0 points.
You press <<U>> and get 1 points.
You press <<P>> and get 0 points.
You press <<U>> and get 1 points.
You press <<U>> and get 1 points.
You press <<U>> and get 1 points.
You press <<U>> and get 1 points.
You press <<U>> and get 1 points.
You press <<U>> and get 1 points.
You press <<U>> and get 1 points.
You press <<U>> and get 1 points.
You press <<U>> and get 1 points.
You press <<U>> and get 1 points.
You press <<U>> and get 1 points.
You press <<U>> and get 1 points.
You press <<U>> and get 1 points.
You press <<U>> and get 1 points.
You press <<U>> and get 1 points.
You press <<U>> and get 1 points.
You press <<U>> and get 1 points.
You press <<U>> and get 1 points.
You press <<U>> and get 1 points.
You press <<U>> and get 1 points.
You press <<U>> and get 1 points.
You press <<U>> and get 1 points.
You press <<U>> and get 1 points.
You press <<U>> and get 1 points.
You press <<U>> and get 1 points.
You press <<U>> and get 1 points.
You press <<U>> and get 1 points.
You press <<U>> and get 1 points.
You press <<U>> and get 0 points.
You press <<P>> and get 1 points.
You press <<U>> and get 0 points.
You press <<P>> and get 1 points.
You press <<U>> and get 0 points.
You press <<P>> and get 1 points.
You press <<P>> and get 1 points.
You press <<P>> and get 1 points.
You press <<P>> and get 1 points.
You press <<P>> and get 1 points.
You press <<P>> and get 1 points.
You press <<P>> and get 1 points.
You press <<P>> and get 1 points.
You press <<P>> and get 1 points.
You press <<P>> and get 1 points.
You press <<U>> and get 0 points.
You press <<P>> and get 1 points.
You press <<P>> and get 1 points.
You press <<P>> and get 1 points.
You press <<P>> and get 1 points.
You press <<P>> and get 1 points.
You press <<P>> and get 1 points.
You press <<P>> and get 1 points.
You press <<P>> and get 1 points.
You press <<P>> and get 1 points.
You press <<P>> and get 1 points.
You press <<U>> and get 0 points.
You press <<P>> and get 1 points.
You press <<P>> and get 1 points.
You press <<P>> and get 1 points.
You press <<P>> and get 1 points.
You press <<P>> and get 1 points.
You press <<P>> and get 1 points.
You press <<P>> and get 1 points.
You press <<P>> and get 1 points.
You press <<P>> and get 1 points.
You press <<P>> and get 0 points.
You press <<P>> and get 1 points.
You press <<P>> and get 1 points.
You press <<P>> and get 1 points.
You press <<P>> and get 1 points.
You press <<P>> and get 1 points.
You press <<P>> and get 1 points.
You press <<P>> and get 1 points.
You press <<P>> and get 0 points.You press <<","[{'token': 'P', 'prob': 0.9609375}, {'token': 'U', 'prob': 0.037353515625}]",0.294921875,0.70703125,0.257568359375,-0.25390625,1,0
98,P,P,U,1,P,-0.048095703125,0.04736328125,0.953125,True,"In this task, you have to repeatedly choose between two slot machines labeled U and P.
You can choose a slot machine by pressing its corresponding key.When you select one of the machines, you will win 1 or 0 points.Your goal is to choose the slot machines that will give you the most points.You will receive feedback about the outcome after making a choice.
The environment may change unpredictably, and past success does not guarantee future results. You’ll need to adapt to these changes to keep finding the better machine.You will play 1 game in total, consisting of 100 trials. Game 1:You press <<P>> and get 1 points.
You press <<U>> and get 1 points.
You press <<P>> and get 0 points.
You press <<U>> and get 0 points.
You press <<U>> and get 1 points.
You press <<U>> and get 1 points.
You press <<U>> and get 1 points.
You press <<U>> and get 1 points.
You press <<P>> and get 0 points.
You press <<U>> and get 0 points.
You press <<P>> and get 1 points.
You press <<U>> and get 1 points.
You press <<P>> and get 0 points.
You press <<U>> and get 1 points.
You press <<P>> and get 1 points.
You press <<U>> and get 1 points.
You press <<U>> and get 1 points.
You press <<U>> and get 1 points.
You press <<U>> and get 1 points.
You press <<U>> and get 1 points.
You press <<U>> and get 1 points.
You press <<P>> and get 0 points.
You press <<U>> and get 1 points.
You press <<P>> and get 0 points.
You press <<U>> and get 1 points.
You press <<U>> and get 1 points.
You press <<U>> and get 1 points.
You press <<U>> and get 1 points.
You press <<U>> and get 1 points.
You press <<U>> and get 1 points.
You press <<U>> and get 1 points.
You press <<U>> and get 1 points.
You press <<U>> and get 1 points.
You press <<U>> and get 1 points.
You press <<U>> and get 1 points.
You press <<U>> and get 1 points.
You press <<U>> and get 1 points.
You press <<U>> and get 1 points.
You press <<U>> and get 1 points.
You press <<U>> and get 1 points.
You press <<U>> and get 1 points.
You press <<U>> and get 1 points.
You press <<U>> and get 1 points.
You press <<U>> and get 1 points.
You press <<U>> and get 1 points.
You press <<U>> and get 1 points.
You press <<U>> and get 1 points.
You press <<U>> and get 1 points.
You press <<U>> and get 1 points.
You press <<U>> and get 1 points.
You press <<U>> and get 1 points.
You press <<U>> and get 1 points.
You press <<U>> and get 0 points.
You press <<P>> and get 1 points.
You press <<U>> and get 0 points.
You press <<P>> and get 1 points.
You press <<U>> and get 0 points.
You press <<P>> and get 1 points.
You press <<P>> and get 1 points.
You press <<P>> and get 1 points.
You press <<P>> and get 1 points.
You press <<P>> and get 1 points.
You press <<P>> and get 1 points.
You press <<P>> and get 1 points.
You press <<P>> and get 1 points.
You press <<P>> and get 1 points.
You press <<P>> and get 1 points.
You press <<U>> and get 0 points.
You press <<P>> and get 1 points.
You press <<P>> and get 1 points.
You press <<P>> and get 1 points.
You press <<P>> and get 1 points.
You press <<P>> and get 1 points.
You press <<P>> and get 1 points.
You press <<P>> and get 1 points.
You press <<P>> and get 1 points.
You press <<P>> and get 1 points.
You press <<P>> and get 1 points.
You press <<U>> and get 0 points.
You press <<P>> and get 1 points.
You press <<P>> and get 1 points.
You press <<P>> and get 1 points.
You press <<P>> and get 1 points.
You press <<P>> and get 1 points.
You press <<P>> and get 1 points.
You press <<P>> and get 1 points.
You press <<P>> and get 1 points.
You press <<P>> and get 1 points.
You press <<P>> and get 0 points.
You press <<P>> and get 1 points.
You press <<P>> and get 1 points.
You press <<P>> and get 1 points.
You press <<P>> and get 1 points.
You press <<P>> and get 1 points.
You press <<P>> and get 1 points.
You press <<P>> and get 1 points.
You press <<P>> and get 1 points.
You press <<U>> and get 1 points.",False,,"[{'token': 'P', 'prob': 0.953125}, {'token': 'U', 'prob': 0.04736328125}]",1.1350493878126144e-08,4.001776687800884e-11,-0.04736326989950612,-0.9531249999599822,,
98,P,,,1,P,-0.048095703125,0.04736328125,0.953125,False,,True,"In this task, you have to repeatedly choose between two slot machines labeled U and P.
You can choose a slot machine by pressing its corresponding key.When you select one of the machines, you will win 1 or 0 points.Your goal is to choose the slot machines that will give you the most points.You will receive feedback about the outcome after making a choice.
The environment may change unpredictably, and past success does not guarantee future results. You’ll need to adapt to these changes to keep finding the better machine.You will play 1 game in total, consisting of 100 trials. Game 1:You press <<P>> and get 1 points.
You press <<U>> and get 1 points.
You press <<P>> and get 0 points.
You press <<U>> and get 0 points.
You press <<U>> and get 1 points.
You press <<U>> and get 1 points.
You press <<U>> and get 1 points.
You press <<U>> and get 1 points.
You press <<P>> and get 0 points.
You press <<U>> and get 0 points.
You press <<P>> and get 1 points.
You press <<U>> and get 1 points.
You press <<P>> and get 0 points.
You press <<U>> and get 1 points.
You press <<P>> and get 1 points.
You press <<U>> and get 1 points.
You press <<U>> and get 1 points.
You press <<U>> and get 1 points.
You press <<U>> and get 1 points.
You press <<U>> and get 1 points.
You press <<U>> and get 1 points.
You press <<P>> and get 0 points.
You press <<U>> and get 1 points.
You press <<P>> and get 0 points.
You press <<U>> and get 1 points.
You press <<U>> and get 1 points.
You press <<U>> and get 1 points.
You press <<U>> and get 1 points.
You press <<U>> and get 1 points.
You press <<U>> and get 1 points.
You press <<U>> and get 1 points.
You press <<U>> and get 1 points.
You press <<U>> and get 1 points.
You press <<U>> and get 1 points.
You press <<U>> and get 1 points.
You press <<U>> and get 1 points.
You press <<U>> and get 1 points.
You press <<U>> and get 1 points.
You press <<U>> and get 1 points.
You press <<U>> and get 1 points.
You press <<U>> and get 1 points.
You press <<U>> and get 1 points.
You press <<U>> and get 1 points.
You press <<U>> and get 1 points.
You press <<U>> and get 1 points.
You press <<U>> and get 1 points.
You press <<U>> and get 1 points.
You press <<U>> and get 1 points.
You press <<U>> and get 1 points.
You press <<U>> and get 1 points.
You press <<U>> and get 1 points.
You press <<U>> and get 1 points.
You press <<U>> and get 0 points.
You press <<P>> and get 1 points.
You press <<U>> and get 0 points.
You press <<P>> and get 1 points.
You press <<U>> and get 0 points.
You press <<P>> and get 1 points.
You press <<P>> and get 1 points.
You press <<P>> and get 1 points.
You press <<P>> and get 1 points.
You press <<P>> and get 1 points.
You press <<P>> and get 1 points.
You press <<P>> and get 1 points.
You press <<P>> and get 1 points.
You press <<P>> and get 1 points.
You press <<P>> and get 1 points.
You press <<U>> and get 0 points.
You press <<P>> and get 1 points.
You press <<P>> and get 1 points.
You press <<P>> and get 1 points.
You press <<P>> and get 1 points.
You press <<P>> and get 1 points.
You press <<P>> and get 1 points.
You press <<P>> and get 1 points.
You press <<P>> and get 1 points.
You press <<P>> and get 1 points.
You press <<P>> and get 1 points.
You press <<U>> and get 0 points.
You press <<P>> and get 1 points.
You press <<P>> and get 1 points.
You press <<P>> and get 1 points.
You press <<P>> and get 1 points.
You press <<P>> and get 1 points.
You press <<P>> and get 1 points.
You press <<P>> and get 1 points.
You press <<P>> and get 1 points.
You press <<P>> and get 1 points.
You press <<P>> and get 0 points.
You press <<P>> and get 1 points.
You press <<P>> and get 1 points.
You press <<P>> and get 1 points.
You press <<P>> and get 1 points.
You press <<P>> and get 1 points.
You press <<P>> and get 1 points.
You press <<P>> and get 1 points.
You press <<P>> and get 1 points.
You press <<P>> and get 0 points.You press <<","[{'token': 'P', 'prob': 0.953125}, {'token': 'U', 'prob': 0.04736328125}]",0.294921875,0.70703125,0.24755859375,-0.24609375,1,0
99,P,P,U,1,P,-0.048095703125,0.04736328125,0.953125,True,"In this task, you have to repeatedly choose between two slot machines labeled U and P.
You can choose a slot machine by pressing its corresponding key.When you select one of the machines, you will win 1 or 0 points.Your goal is to choose the slot machines that will give you the most points.You will receive feedback about the outcome after making a choice.
The environment may change unpredictably, and past success does not guarantee future results. You’ll need to adapt to these changes to keep finding the better machine.You will play 1 game in total, consisting of 100 trials. Game 1:You press <<P>> and get 1 points.
You press <<U>> and get 1 points.
You press <<P>> and get 0 points.
You press <<U>> and get 0 points.
You press <<U>> and get 1 points.
You press <<U>> and get 1 points.
You press <<U>> and get 1 points.
You press <<U>> and get 1 points.
You press <<P>> and get 0 points.
You press <<U>> and get 0 points.
You press <<P>> and get 1 points.
You press <<U>> and get 1 points.
You press <<P>> and get 0 points.
You press <<U>> and get 1 points.
You press <<P>> and get 1 points.
You press <<U>> and get 1 points.
You press <<U>> and get 1 points.
You press <<U>> and get 1 points.
You press <<U>> and get 1 points.
You press <<U>> and get 1 points.
You press <<U>> and get 1 points.
You press <<P>> and get 0 points.
You press <<U>> and get 1 points.
You press <<P>> and get 0 points.
You press <<U>> and get 1 points.
You press <<U>> and get 1 points.
You press <<U>> and get 1 points.
You press <<U>> and get 1 points.
You press <<U>> and get 1 points.
You press <<U>> and get 1 points.
You press <<U>> and get 1 points.
You press <<U>> and get 1 points.
You press <<U>> and get 1 points.
You press <<U>> and get 1 points.
You press <<U>> and get 1 points.
You press <<U>> and get 1 points.
You press <<U>> and get 1 points.
You press <<U>> and get 1 points.
You press <<U>> and get 1 points.
You press <<U>> and get 1 points.
You press <<U>> and get 1 points.
You press <<U>> and get 1 points.
You press <<U>> and get 1 points.
You press <<U>> and get 1 points.
You press <<U>> and get 1 points.
You press <<U>> and get 1 points.
You press <<U>> and get 1 points.
You press <<U>> and get 1 points.
You press <<U>> and get 1 points.
You press <<U>> and get 1 points.
You press <<U>> and get 1 points.
You press <<U>> and get 1 points.
You press <<U>> and get 0 points.
You press <<P>> and get 1 points.
You press <<U>> and get 0 points.
You press <<P>> and get 1 points.
You press <<U>> and get 0 points.
You press <<P>> and get 1 points.
You press <<P>> and get 1 points.
You press <<P>> and get 1 points.
You press <<P>> and get 1 points.
You press <<P>> and get 1 points.
You press <<P>> and get 1 points.
You press <<P>> and get 1 points.
You press <<P>> and get 1 points.
You press <<P>> and get 1 points.
You press <<P>> and get 1 points.
You press <<U>> and get 0 points.
You press <<P>> and get 1 points.
You press <<P>> and get 1 points.
You press <<P>> and get 1 points.
You press <<P>> and get 1 points.
You press <<P>> and get 1 points.
You press <<P>> and get 1 points.
You press <<P>> and get 1 points.
You press <<P>> and get 1 points.
You press <<P>> and get 1 points.
You press <<P>> and get 1 points.
You press <<U>> and get 0 points.
You press <<P>> and get 1 points.
You press <<P>> and get 1 points.
You press <<P>> and get 1 points.
You press <<P>> and get 1 points.
You press <<P>> and get 1 points.
You press <<P>> and get 1 points.
You press <<P>> and get 1 points.
You press <<P>> and get 1 points.
You press <<P>> and get 1 points.
You press <<P>> and get 0 points.
You press <<P>> and get 1 points.
You press <<P>> and get 1 points.
You press <<P>> and get 1 points.
You press <<P>> and get 1 points.
You press <<P>> and get 1 points.
You press <<P>> and get 1 points.
You press <<P>> and get 1 points.
You press <<P>> and get 1 points.
You press <<P>> and get 1 points.
You press <<U>> and get 1 points.",False,,"[{'token': 'P', 'prob': 0.953125}, {'token': 'U', 'prob': 0.04736328125}]",6.548361852765083e-09,2.148681232938543e-11,-0.04736327470163815,-0.9531249999785132,,
99,P,,,1,P,-0.048095703125,0.04736328125,0.953125,False,,True,"In this task, you have to repeatedly choose between two slot machines labeled U and P.
You can choose a slot machine by pressing its corresponding key.When you select one of the machines, you will win 1 or 0 points.Your goal is to choose the slot machines that will give you the most points.You will receive feedback about the outcome after making a choice.
The environment may change unpredictably, and past success does not guarantee future results. You’ll need to adapt to these changes to keep finding the better machine.You will play 1 game in total, consisting of 100 trials. Game 1:You press <<P>> and get 1 points.
You press <<U>> and get 1 points.
You press <<P>> and get 0 points.
You press <<U>> and get 0 points.
You press <<U>> and get 1 points.
You press <<U>> and get 1 points.
You press <<U>> and get 1 points.
You press <<U>> and get 1 points.
You press <<P>> and get 0 points.
You press <<U>> and get 0 points.
You press <<P>> and get 1 points.
You press <<U>> and get 1 points.
You press <<P>> and get 0 points.
You press <<U>> and get 1 points.
You press <<P>> and get 1 points.
You press <<U>> and get 1 points.
You press <<U>> and get 1 points.
You press <<U>> and get 1 points.
You press <<U>> and get 1 points.
You press <<U>> and get 1 points.
You press <<U>> and get 1 points.
You press <<P>> and get 0 points.
You press <<U>> and get 1 points.
You press <<P>> and get 0 points.
You press <<U>> and get 1 points.
You press <<U>> and get 1 points.
You press <<U>> and get 1 points.
You press <<U>> and get 1 points.
You press <<U>> and get 1 points.
You press <<U>> and get 1 points.
You press <<U>> and get 1 points.
You press <<U>> and get 1 points.
You press <<U>> and get 1 points.
You press <<U>> and get 1 points.
You press <<U>> and get 1 points.
You press <<U>> and get 1 points.
You press <<U>> and get 1 points.
You press <<U>> and get 1 points.
You press <<U>> and get 1 points.
You press <<U>> and get 1 points.
You press <<U>> and get 1 points.
You press <<U>> and get 1 points.
You press <<U>> and get 1 points.
You press <<U>> and get 1 points.
You press <<U>> and get 1 points.
You press <<U>> and get 1 points.
You press <<U>> and get 1 points.
You press <<U>> and get 1 points.
You press <<U>> and get 1 points.
You press <<U>> and get 1 points.
You press <<U>> and get 1 points.
You press <<U>> and get 1 points.
You press <<U>> and get 0 points.
You press <<P>> and get 1 points.
You press <<U>> and get 0 points.
You press <<P>> and get 1 points.
You press <<U>> and get 0 points.
You press <<P>> and get 1 points.
You press <<P>> and get 1 points.
You press <<P>> and get 1 points.
You press <<P>> and get 1 points.
You press <<P>> and get 1 points.
You press <<P>> and get 1 points.
You press <<P>> and get 1 points.
You press <<P>> and get 1 points.
You press <<P>> and get 1 points.
You press <<P>> and get 1 points.
You press <<U>> and get 0 points.
You press <<P>> and get 1 points.
You press <<P>> and get 1 points.
You press <<P>> and get 1 points.
You press <<P>> and get 1 points.
You press <<P>> and get 1 points.
You press <<P>> and get 1 points.
You press <<P>> and get 1 points.
You press <<P>> and get 1 points.
You press <<P>> and get 1 points.
You press <<P>> and get 1 points.
You press <<U>> and get 0 points.
You press <<P>> and get 1 points.
You press <<P>> and get 1 points.
You press <<P>> and get 1 points.
You press <<P>> and get 1 points.
You press <<P>> and get 1 points.
You press <<P>> and get 1 points.
You press <<P>> and get 1 points.
You press <<P>> and get 1 points.
You press <<P>> and get 1 points.
You press <<P>> and get 0 points.
You press <<P>> and get 1 points.
You press <<P>> and get 1 points.
You press <<P>> and get 1 points.
You press <<P>> and get 1 points.
You press <<P>> and get 1 points.
You press <<P>> and get 1 points.
You press <<P>> and get 1 points.
You press <<P>> and get 1 points.
You press <<P>> and get 1 points.
You press <<P>> and get 0 points.You press <<","[{'token': 'P', 'prob': 0.953125}, {'token': 'U', 'prob': 0.04736328125}]",0.3203125,0.6796875,0.27294921875,-0.2734375,1,0
