mask_type,masked_position,masked_token,prob_U_masked,prob_P_masked,delta_U,delta_P,masked_tokens,trial_num,model_id,baseline_U,baseline_P,masked_input
choice,148,P,0.83203125,0.1630859375,0.82232666015625,-0.8251953125,"<|begin_of_text|>
<|start_header_id|>system<|end_header_id|>
You are participating in multiple games involving two slot machines, labeled U and P.
Your goal is to choose the slot machines that will give you the most points.
You will receive feedback about the outcome after making a choice.
The environment may change unpredictably, and past success does not guarantee future results.
You’ll need to adapt to these changes to keep finding the better machine.
You will play 1 game in total, consisting of 100 trials.
<|eot_id|>
<|start_header_id|>user<|end_header_id|>
# Task Parameters
- Trial 1 of 100
- Choose between: 'U' or 'P'
- Possible outcomes: 1 (success) or 0 (failure)

# History
Trial 1:Choice  → 1 points, 

# Instructions
Respond with **only** one character: 'U' or 'P'. No punctuation, no quotes, no explanation.

Answer:<|start_header_id|>assistant<|end_header_id|>
",1,97197,0.00970458984375,0.98828125,
reward,152,1,0.34765625,0.6484375,0.33795166015625,-0.33984375,,1,97197,0.00970458984375,0.98828125,"<|begin_of_text|>
<|start_header_id|>system<|end_header_id|>
You are participating in multiple games involving two slot machines, labeled U and P.
Your goal is to choose the slot machines that will give you the most points.
You will receive feedback about the outcome after making a choice.
The environment may change unpredictably, and past success does not guarantee future results.
You’ll need to adapt to these changes to keep finding the better machine.
You will play 1 game in total, consisting of 100 trials.
<|eot_id|>
<|start_header_id|>user<|end_header_id|>
# Task Parameters
- Trial 1 of 100
- Choose between: 'U' or 'P'
- Possible outcomes: 1 (success) or 0 (failure)

# History
Trial 1:Choice P  →  points, 

# Instructions
Respond with **only** one character: 'U' or 'P'. No punctuation, no quotes, no explanation.

Answer:<|start_header_id|>assistant<|end_header_id|>
"
choice,160,P,0.22265625,0.77734375,-0.3671875,0.373046875,"<|begin_of_text|>
<|start_header_id|>system<|end_header_id|>
You are participating in multiple games involving two slot machines, labeled U and P.
Your goal is to choose the slot machines that will give you the most points.
You will receive feedback about the outcome after making a choice.
The environment may change unpredictably, and past success does not guarantee future results.
You’ll need to adapt to these changes to keep finding the better machine.
You will play 1 game in total, consisting of 100 trials.
<|eot_id|>
<|start_header_id|>user<|end_header_id|>
# Task Parameters
- Trial 2 of 100
- Choose between: 'U' or 'P'
- Possible outcomes: 1 (success) or 0 (failure)

# History
Trial 1:Choice P  → 1 points, Trial 2:Choice  → 0 points, 

# Instructions
Respond with **only** one character: 'U' or 'P'. No punctuation, no quotes, no explanation.

Answer:<|start_header_id|>assistant<|end_header_id|>
",2,97197,0.58984375,0.404296875,
reward,164,0,0.1064453125,0.890625,-0.4833984375,0.486328125,,2,97197,0.58984375,0.404296875,"<|begin_of_text|>
<|start_header_id|>system<|end_header_id|>
You are participating in multiple games involving two slot machines, labeled U and P.
Your goal is to choose the slot machines that will give you the most points.
You will receive feedback about the outcome after making a choice.
The environment may change unpredictably, and past success does not guarantee future results.
You’ll need to adapt to these changes to keep finding the better machine.
You will play 1 game in total, consisting of 100 trials.
<|eot_id|>
<|start_header_id|>user<|end_header_id|>
# Task Parameters
- Trial 2 of 100
- Choose between: 'U' or 'P'
- Possible outcomes: 1 (success) or 0 (failure)

# History
Trial 1:Choice P  → 1 points, Trial 2:Choice P  →  points, 

# Instructions
Respond with **only** one character: 'U' or 'P'. No punctuation, no quotes, no explanation.

Answer:<|start_header_id|>assistant<|end_header_id|>
"
choice,172,P,0.77734375,0.22265625,-0.16796875,0.16943359375,"<|begin_of_text|>
<|start_header_id|>system<|end_header_id|>
You are participating in multiple games involving two slot machines, labeled U and P.
Your goal is to choose the slot machines that will give you the most points.
You will receive feedback about the outcome after making a choice.
The environment may change unpredictably, and past success does not guarantee future results.
You’ll need to adapt to these changes to keep finding the better machine.
You will play 1 game in total, consisting of 100 trials.
<|eot_id|>
<|start_header_id|>user<|end_header_id|>
# Task Parameters
- Trial 3 of 100
- Choose between: 'U' or 'P'
- Possible outcomes: 1 (success) or 0 (failure)

# History
Trial 1:Choice P  → 1 points, Trial 2:Choice P  → 0 points, Trial 3:Choice  → 0 points, 

# Instructions
Respond with **only** one character: 'U' or 'P'. No punctuation, no quotes, no explanation.

Answer:<|start_header_id|>assistant<|end_header_id|>
",3,97197,0.9453125,0.05322265625,
reward,176,0,0.703125,0.29296875,-0.2421875,0.23974609375,,3,97197,0.9453125,0.05322265625,"<|begin_of_text|>
<|start_header_id|>system<|end_header_id|>
You are participating in multiple games involving two slot machines, labeled U and P.
Your goal is to choose the slot machines that will give you the most points.
You will receive feedback about the outcome after making a choice.
The environment may change unpredictably, and past success does not guarantee future results.
You’ll need to adapt to these changes to keep finding the better machine.
You will play 1 game in total, consisting of 100 trials.
<|eot_id|>
<|start_header_id|>user<|end_header_id|>
# Task Parameters
- Trial 3 of 100
- Choose between: 'U' or 'P'
- Possible outcomes: 1 (success) or 0 (failure)

# History
Trial 1:Choice P  → 1 points, Trial 2:Choice P  → 0 points, Trial 3:Choice P  →  points, 

# Instructions
Respond with **only** one character: 'U' or 'P'. No punctuation, no quotes, no explanation.

Answer:<|start_header_id|>assistant<|end_header_id|>
"
choice,184,U,0.9296875,0.0673828125,0.728515625,-0.7294921875,"<|begin_of_text|>
<|start_header_id|>system<|end_header_id|>
You are participating in multiple games involving two slot machines, labeled U and P.
Your goal is to choose the slot machines that will give you the most points.
You will receive feedback about the outcome after making a choice.
The environment may change unpredictably, and past success does not guarantee future results.
You’ll need to adapt to these changes to keep finding the better machine.
You will play 1 game in total, consisting of 100 trials.
<|eot_id|>
<|start_header_id|>user<|end_header_id|>
# Task Parameters
- Trial 4 of 100
- Choose between: 'U' or 'P'
- Possible outcomes: 1 (success) or 0 (failure)

# History
Trial 1:Choice P  → 1 points, Trial 2:Choice P  → 0 points, Trial 3:Choice P  → 0 points, Trial 4:Choice  → 0 points, 

# Instructions
Respond with **only** one character: 'U' or 'P'. No punctuation, no quotes, no explanation.

Answer:<|start_header_id|>assistant<|end_header_id|>
",4,97197,0.201171875,0.796875,
reward,188,0,0.703125,0.29296875,0.501953125,-0.50390625,,4,97197,0.201171875,0.796875,"<|begin_of_text|>
<|start_header_id|>system<|end_header_id|>
You are participating in multiple games involving two slot machines, labeled U and P.
Your goal is to choose the slot machines that will give you the most points.
You will receive feedback about the outcome after making a choice.
The environment may change unpredictably, and past success does not guarantee future results.
You’ll need to adapt to these changes to keep finding the better machine.
You will play 1 game in total, consisting of 100 trials.
<|eot_id|>
<|start_header_id|>user<|end_header_id|>
# Task Parameters
- Trial 4 of 100
- Choose between: 'U' or 'P'
- Possible outcomes: 1 (success) or 0 (failure)

# History
Trial 1:Choice P  → 1 points, Trial 2:Choice P  → 0 points, Trial 3:Choice P  → 0 points, Trial 4:Choice U  →  points, 

# Instructions
Respond with **only** one character: 'U' or 'P'. No punctuation, no quotes, no explanation.

Answer:<|start_header_id|>assistant<|end_header_id|>
"
choice,196,U,0.40625,0.58984375,-0.53125,0.52978515625,"<|begin_of_text|>
<|start_header_id|>system<|end_header_id|>
You are participating in multiple games involving two slot machines, labeled U and P.
Your goal is to choose the slot machines that will give you the most points.
You will receive feedback about the outcome after making a choice.
The environment may change unpredictably, and past success does not guarantee future results.
You’ll need to adapt to these changes to keep finding the better machine.
You will play 1 game in total, consisting of 100 trials.
<|eot_id|>
<|start_header_id|>user<|end_header_id|>
# Task Parameters
- Trial 5 of 100
- Choose between: 'U' or 'P'
- Possible outcomes: 1 (success) or 0 (failure)

# History
Trial 1:Choice P  → 1 points, Trial 2:Choice P  → 0 points, Trial 3:Choice P  → 0 points, Trial 4:Choice U  → 0 points, Trial 5:Choice  → 1 points, 

# Instructions
Respond with **only** one character: 'U' or 'P'. No punctuation, no quotes, no explanation.

Answer:<|start_header_id|>assistant<|end_header_id|>
",5,97197,0.9375,0.06005859375,
reward,200,1,0.29296875,0.703125,-0.64453125,0.64306640625,,5,97197,0.9375,0.06005859375,"<|begin_of_text|>
<|start_header_id|>system<|end_header_id|>
You are participating in multiple games involving two slot machines, labeled U and P.
Your goal is to choose the slot machines that will give you the most points.
You will receive feedback about the outcome after making a choice.
The environment may change unpredictably, and past success does not guarantee future results.
You’ll need to adapt to these changes to keep finding the better machine.
You will play 1 game in total, consisting of 100 trials.
<|eot_id|>
<|start_header_id|>user<|end_header_id|>
# Task Parameters
- Trial 5 of 100
- Choose between: 'U' or 'P'
- Possible outcomes: 1 (success) or 0 (failure)

# History
Trial 1:Choice P  → 1 points, Trial 2:Choice P  → 0 points, Trial 3:Choice P  → 0 points, Trial 4:Choice U  → 0 points, Trial 5:Choice U  →  points, 

# Instructions
Respond with **only** one character: 'U' or 'P'. No punctuation, no quotes, no explanation.

Answer:<|start_header_id|>assistant<|end_header_id|>
"
choice,196,U,0.98046875,0.0179443359375,-0.01171875,0.01336669921875,"<|begin_of_text|>
<|start_header_id|>system<|end_header_id|>
You are participating in multiple games involving two slot machines, labeled U and P.
Your goal is to choose the slot machines that will give you the most points.
You will receive feedback about the outcome after making a choice.
The environment may change unpredictably, and past success does not guarantee future results.
You’ll need to adapt to these changes to keep finding the better machine.
You will play 1 game in total, consisting of 100 trials.
<|eot_id|>
<|start_header_id|>user<|end_header_id|>
# Task Parameters
- Trial 6 of 100
- Choose between: 'U' or 'P'
- Possible outcomes: 1 (success) or 0 (failure)

# History
Trial 2:Choice P  → 0 points, Trial 3:Choice P  → 0 points, Trial 4:Choice U  → 0 points, Trial 5:Choice U  → 1 points, Trial 6:Choice  → 1 points, 

# Instructions
Respond with **only** one character: 'U' or 'P'. No punctuation, no quotes, no explanation.

Answer:<|start_header_id|>assistant<|end_header_id|>
",6,97197,0.9921875,0.00457763671875,
reward,200,1,0.9765625,0.02294921875,-0.015625,0.01837158203125,,6,97197,0.9921875,0.00457763671875,"<|begin_of_text|>
<|start_header_id|>system<|end_header_id|>
You are participating in multiple games involving two slot machines, labeled U and P.
Your goal is to choose the slot machines that will give you the most points.
You will receive feedback about the outcome after making a choice.
The environment may change unpredictably, and past success does not guarantee future results.
You’ll need to adapt to these changes to keep finding the better machine.
You will play 1 game in total, consisting of 100 trials.
<|eot_id|>
<|start_header_id|>user<|end_header_id|>
# Task Parameters
- Trial 6 of 100
- Choose between: 'U' or 'P'
- Possible outcomes: 1 (success) or 0 (failure)

# History
Trial 2:Choice P  → 0 points, Trial 3:Choice P  → 0 points, Trial 4:Choice U  → 0 points, Trial 5:Choice U  → 1 points, Trial 6:Choice U  →  points, 

# Instructions
Respond with **only** one character: 'U' or 'P'. No punctuation, no quotes, no explanation.

Answer:<|start_header_id|>assistant<|end_header_id|>
"
choice,196,P,0.99609375,0.001922607421875,0.40625,-0.402374267578125,"<|begin_of_text|>
<|start_header_id|>system<|end_header_id|>
You are participating in multiple games involving two slot machines, labeled U and P.
Your goal is to choose the slot machines that will give you the most points.
You will receive feedback about the outcome after making a choice.
The environment may change unpredictably, and past success does not guarantee future results.
You’ll need to adapt to these changes to keep finding the better machine.
You will play 1 game in total, consisting of 100 trials.
<|eot_id|>
<|start_header_id|>user<|end_header_id|>
# Task Parameters
- Trial 7 of 100
- Choose between: 'U' or 'P'
- Possible outcomes: 1 (success) or 0 (failure)

# History
Trial 3:Choice P  → 0 points, Trial 4:Choice U  → 0 points, Trial 5:Choice U  → 1 points, Trial 6:Choice U  → 1 points, Trial 7:Choice  → 1 points, 

# Instructions
Respond with **only** one character: 'U' or 'P'. No punctuation, no quotes, no explanation.

Answer:<|start_header_id|>assistant<|end_header_id|>
",7,97197,0.58984375,0.404296875,
reward,200,1,0.84765625,0.1474609375,0.2578125,-0.2568359375,,7,97197,0.58984375,0.404296875,"<|begin_of_text|>
<|start_header_id|>system<|end_header_id|>
You are participating in multiple games involving two slot machines, labeled U and P.
Your goal is to choose the slot machines that will give you the most points.
You will receive feedback about the outcome after making a choice.
The environment may change unpredictably, and past success does not guarantee future results.
You’ll need to adapt to these changes to keep finding the better machine.
You will play 1 game in total, consisting of 100 trials.
<|eot_id|>
<|start_header_id|>user<|end_header_id|>
# Task Parameters
- Trial 7 of 100
- Choose between: 'U' or 'P'
- Possible outcomes: 1 (success) or 0 (failure)

# History
Trial 3:Choice P  → 0 points, Trial 4:Choice U  → 0 points, Trial 5:Choice U  → 1 points, Trial 6:Choice U  → 1 points, Trial 7:Choice P  →  points, 

# Instructions
Respond with **only** one character: 'U' or 'P'. No punctuation, no quotes, no explanation.

Answer:<|start_header_id|>assistant<|end_header_id|>
"
choice,196,U,0.181640625,0.81640625,-0.466796875,0.470703125,"<|begin_of_text|>
<|start_header_id|>system<|end_header_id|>
You are participating in multiple games involving two slot machines, labeled U and P.
Your goal is to choose the slot machines that will give you the most points.
You will receive feedback about the outcome after making a choice.
The environment may change unpredictably, and past success does not guarantee future results.
You’ll need to adapt to these changes to keep finding the better machine.
You will play 1 game in total, consisting of 100 trials.
<|eot_id|>
<|start_header_id|>user<|end_header_id|>
# Task Parameters
- Trial 8 of 100
- Choose between: 'U' or 'P'
- Possible outcomes: 1 (success) or 0 (failure)

# History
Trial 4:Choice U  → 0 points, Trial 5:Choice U  → 1 points, Trial 6:Choice U  → 1 points, Trial 7:Choice P  → 1 points, Trial 8:Choice  → 1 points, 

# Instructions
Respond with **only** one character: 'U' or 'P'. No punctuation, no quotes, no explanation.

Answer:<|start_header_id|>assistant<|end_header_id|>
",8,97197,0.6484375,0.345703125,
reward,200,1,0.34765625,0.6484375,-0.30078125,0.302734375,,8,97197,0.6484375,0.345703125,"<|begin_of_text|>
<|start_header_id|>system<|end_header_id|>
You are participating in multiple games involving two slot machines, labeled U and P.
Your goal is to choose the slot machines that will give you the most points.
You will receive feedback about the outcome after making a choice.
The environment may change unpredictably, and past success does not guarantee future results.
You’ll need to adapt to these changes to keep finding the better machine.
You will play 1 game in total, consisting of 100 trials.
<|eot_id|>
<|start_header_id|>user<|end_header_id|>
# Task Parameters
- Trial 8 of 100
- Choose between: 'U' or 'P'
- Possible outcomes: 1 (success) or 0 (failure)

# History
Trial 4:Choice U  → 0 points, Trial 5:Choice U  → 1 points, Trial 6:Choice U  → 1 points, Trial 7:Choice P  → 1 points, Trial 8:Choice U  →  points, 

# Instructions
Respond with **only** one character: 'U' or 'P'. No punctuation, no quotes, no explanation.

Answer:<|start_header_id|>assistant<|end_header_id|>
"
choice,196,U,0.921875,0.07568359375,-0.00390625,0.0087890625,"<|begin_of_text|>
<|start_header_id|>system<|end_header_id|>
You are participating in multiple games involving two slot machines, labeled U and P.
Your goal is to choose the slot machines that will give you the most points.
You will receive feedback about the outcome after making a choice.
The environment may change unpredictably, and past success does not guarantee future results.
You’ll need to adapt to these changes to keep finding the better machine.
You will play 1 game in total, consisting of 100 trials.
<|eot_id|>
<|start_header_id|>user<|end_header_id|>
# Task Parameters
- Trial 9 of 100
- Choose between: 'U' or 'P'
- Possible outcomes: 1 (success) or 0 (failure)

# History
Trial 5:Choice U  → 1 points, Trial 6:Choice U  → 1 points, Trial 7:Choice P  → 1 points, Trial 8:Choice U  → 1 points, Trial 9:Choice  → 1 points, 

# Instructions
Respond with **only** one character: 'U' or 'P'. No punctuation, no quotes, no explanation.

Answer:<|start_header_id|>assistant<|end_header_id|>
",9,97197,0.92578125,0.06689453125,
reward,200,1,0.703125,0.29296875,-0.22265625,0.22607421875,,9,97197,0.92578125,0.06689453125,"<|begin_of_text|>
<|start_header_id|>system<|end_header_id|>
You are participating in multiple games involving two slot machines, labeled U and P.
Your goal is to choose the slot machines that will give you the most points.
You will receive feedback about the outcome after making a choice.
The environment may change unpredictably, and past success does not guarantee future results.
You’ll need to adapt to these changes to keep finding the better machine.
You will play 1 game in total, consisting of 100 trials.
<|eot_id|>
<|start_header_id|>user<|end_header_id|>
# Task Parameters
- Trial 9 of 100
- Choose between: 'U' or 'P'
- Possible outcomes: 1 (success) or 0 (failure)

# History
Trial 5:Choice U  → 1 points, Trial 6:Choice U  → 1 points, Trial 7:Choice P  → 1 points, Trial 8:Choice U  → 1 points, Trial 9:Choice U  →  points, 

# Instructions
Respond with **only** one character: 'U' or 'P'. No punctuation, no quotes, no explanation.

Answer:<|start_header_id|>assistant<|end_header_id|>
"
choice,196,U,0.703125,0.29296875,0.234375,-0.23828125,"<|begin_of_text|>
<|start_header_id|>system<|end_header_id|>
You are participating in multiple games involving two slot machines, labeled U and P.
Your goal is to choose the slot machines that will give you the most points.
You will receive feedback about the outcome after making a choice.
The environment may change unpredictably, and past success does not guarantee future results.
You’ll need to adapt to these changes to keep finding the better machine.
You will play 1 game in total, consisting of 100 trials.
<|eot_id|>
<|start_header_id|>user<|end_header_id|>
# Task Parameters
- Trial 10 of 100
- Choose between: 'U' or 'P'
- Possible outcomes: 1 (success) or 0 (failure)

# History
Trial 6:Choice U  → 1 points, Trial 7:Choice P  → 1 points, Trial 8:Choice U  → 1 points, Trial 9:Choice U  → 1 points, Trial 10:Choice  → 0 points, 

# Instructions
Respond with **only** one character: 'U' or 'P'. No punctuation, no quotes, no explanation.

Answer:<|start_header_id|>assistant<|end_header_id|>
",10,97197,0.46875,0.53125,
reward,200,0,0.86328125,0.1328125,0.39453125,-0.3984375,,10,97197,0.46875,0.53125,"<|begin_of_text|>
<|start_header_id|>system<|end_header_id|>
You are participating in multiple games involving two slot machines, labeled U and P.
Your goal is to choose the slot machines that will give you the most points.
You will receive feedback about the outcome after making a choice.
The environment may change unpredictably, and past success does not guarantee future results.
You’ll need to adapt to these changes to keep finding the better machine.
You will play 1 game in total, consisting of 100 trials.
<|eot_id|>
<|start_header_id|>user<|end_header_id|>
# Task Parameters
- Trial 10 of 100
- Choose between: 'U' or 'P'
- Possible outcomes: 1 (success) or 0 (failure)

# History
Trial 6:Choice U  → 1 points, Trial 7:Choice P  → 1 points, Trial 8:Choice U  → 1 points, Trial 9:Choice U  → 1 points, Trial 10:Choice U  →  points, 

# Instructions
Respond with **only** one character: 'U' or 'P'. No punctuation, no quotes, no explanation.

Answer:<|start_header_id|>assistant<|end_header_id|>
"
choice,196,P,0.55859375,0.435546875,0.39453125,-0.396484375,"<|begin_of_text|>
<|start_header_id|>system<|end_header_id|>
You are participating in multiple games involving two slot machines, labeled U and P.
Your goal is to choose the slot machines that will give you the most points.
You will receive feedback about the outcome after making a choice.
The environment may change unpredictably, and past success does not guarantee future results.
You’ll need to adapt to these changes to keep finding the better machine.
You will play 1 game in total, consisting of 100 trials.
<|eot_id|>
<|start_header_id|>user<|end_header_id|>
# Task Parameters
- Trial 11 of 100
- Choose between: 'U' or 'P'
- Possible outcomes: 1 (success) or 0 (failure)

# History
Trial 7:Choice P  → 1 points, Trial 8:Choice U  → 1 points, Trial 9:Choice U  → 1 points, Trial 10:Choice U  → 0 points, Trial 11:Choice  → 1 points, 

# Instructions
Respond with **only** one character: 'U' or 'P'. No punctuation, no quotes, no explanation.

Answer:<|start_header_id|>assistant<|end_header_id|>
",11,97197,0.1640625,0.83203125,
reward,200,1,0.267578125,0.73046875,0.103515625,-0.1015625,,11,97197,0.1640625,0.83203125,"<|begin_of_text|>
<|start_header_id|>system<|end_header_id|>
You are participating in multiple games involving two slot machines, labeled U and P.
Your goal is to choose the slot machines that will give you the most points.
You will receive feedback about the outcome after making a choice.
The environment may change unpredictably, and past success does not guarantee future results.
You’ll need to adapt to these changes to keep finding the better machine.
You will play 1 game in total, consisting of 100 trials.
<|eot_id|>
<|start_header_id|>user<|end_header_id|>
# Task Parameters
- Trial 11 of 100
- Choose between: 'U' or 'P'
- Possible outcomes: 1 (success) or 0 (failure)

# History
Trial 7:Choice P  → 1 points, Trial 8:Choice U  → 1 points, Trial 9:Choice U  → 1 points, Trial 10:Choice U  → 0 points, Trial 11:Choice P  →  points, 

# Instructions
Respond with **only** one character: 'U' or 'P'. No punctuation, no quotes, no explanation.

Answer:<|start_header_id|>assistant<|end_header_id|>
"
choice,196,P,0.181640625,0.8125,0.12841796875,-0.12890625,"<|begin_of_text|>
<|start_header_id|>system<|end_header_id|>
You are participating in multiple games involving two slot machines, labeled U and P.
Your goal is to choose the slot machines that will give you the most points.
You will receive feedback about the outcome after making a choice.
The environment may change unpredictably, and past success does not guarantee future results.
You’ll need to adapt to these changes to keep finding the better machine.
You will play 1 game in total, consisting of 100 trials.
<|eot_id|>
<|start_header_id|>user<|end_header_id|>
# Task Parameters
- Trial 12 of 100
- Choose between: 'U' or 'P'
- Possible outcomes: 1 (success) or 0 (failure)

# History
Trial 8:Choice U  → 1 points, Trial 9:Choice U  → 1 points, Trial 10:Choice U  → 0 points, Trial 11:Choice P  → 1 points, Trial 12:Choice  → 1 points, 

# Instructions
Respond with **only** one character: 'U' or 'P'. No punctuation, no quotes, no explanation.

Answer:<|start_header_id|>assistant<|end_header_id|>
",12,97197,0.05322265625,0.94140625,
reward,200,1,0.244140625,0.75390625,0.19091796875,-0.1875,,12,97197,0.05322265625,0.94140625,"<|begin_of_text|>
<|start_header_id|>system<|end_header_id|>
You are participating in multiple games involving two slot machines, labeled U and P.
Your goal is to choose the slot machines that will give you the most points.
You will receive feedback about the outcome after making a choice.
The environment may change unpredictably, and past success does not guarantee future results.
You’ll need to adapt to these changes to keep finding the better machine.
You will play 1 game in total, consisting of 100 trials.
<|eot_id|>
<|start_header_id|>user<|end_header_id|>
# Task Parameters
- Trial 12 of 100
- Choose between: 'U' or 'P'
- Possible outcomes: 1 (success) or 0 (failure)

# History
Trial 8:Choice U  → 1 points, Trial 9:Choice U  → 1 points, Trial 10:Choice U  → 0 points, Trial 11:Choice P  → 1 points, Trial 12:Choice P  →  points, 

# Instructions
Respond with **only** one character: 'U' or 'P'. No punctuation, no quotes, no explanation.

Answer:<|start_header_id|>assistant<|end_header_id|>
"
choice,196,P,0.1474609375,0.8515625,-0.3837890625,0.384765625,"<|begin_of_text|>
<|start_header_id|>system<|end_header_id|>
You are participating in multiple games involving two slot machines, labeled U and P.
Your goal is to choose the slot machines that will give you the most points.
You will receive feedback about the outcome after making a choice.
The environment may change unpredictably, and past success does not guarantee future results.
You’ll need to adapt to these changes to keep finding the better machine.
You will play 1 game in total, consisting of 100 trials.
<|eot_id|>
<|start_header_id|>user<|end_header_id|>
# Task Parameters
- Trial 13 of 100
- Choose between: 'U' or 'P'
- Possible outcomes: 1 (success) or 0 (failure)

# History
Trial 9:Choice U  → 1 points, Trial 10:Choice U  → 0 points, Trial 11:Choice P  → 1 points, Trial 12:Choice P  → 1 points, Trial 13:Choice  → 0 points, 

# Instructions
Respond with **only** one character: 'U' or 'P'. No punctuation, no quotes, no explanation.

Answer:<|start_header_id|>assistant<|end_header_id|>
",13,97197,0.53125,0.466796875,
reward,200,0,0.09521484375,0.90234375,-0.43603515625,0.435546875,,13,97197,0.53125,0.466796875,"<|begin_of_text|>
<|start_header_id|>system<|end_header_id|>
You are participating in multiple games involving two slot machines, labeled U and P.
Your goal is to choose the slot machines that will give you the most points.
You will receive feedback about the outcome after making a choice.
The environment may change unpredictably, and past success does not guarantee future results.
You’ll need to adapt to these changes to keep finding the better machine.
You will play 1 game in total, consisting of 100 trials.
<|eot_id|>
<|start_header_id|>user<|end_header_id|>
# Task Parameters
- Trial 13 of 100
- Choose between: 'U' or 'P'
- Possible outcomes: 1 (success) or 0 (failure)

# History
Trial 9:Choice U  → 1 points, Trial 10:Choice U  → 0 points, Trial 11:Choice P  → 1 points, Trial 12:Choice P  → 1 points, Trial 13:Choice P  →  points, 

# Instructions
Respond with **only** one character: 'U' or 'P'. No punctuation, no quotes, no explanation.

Answer:<|start_header_id|>assistant<|end_header_id|>
"
choice,196,P,0.1328125,0.8671875,-0.71875,0.7197265625,"<|begin_of_text|>
<|start_header_id|>system<|end_header_id|>
You are participating in multiple games involving two slot machines, labeled U and P.
Your goal is to choose the slot machines that will give you the most points.
You will receive feedback about the outcome after making a choice.
The environment may change unpredictably, and past success does not guarantee future results.
You’ll need to adapt to these changes to keep finding the better machine.
You will play 1 game in total, consisting of 100 trials.
<|eot_id|>
<|start_header_id|>user<|end_header_id|>
# Task Parameters
- Trial 14 of 100
- Choose between: 'U' or 'P'
- Possible outcomes: 1 (success) or 0 (failure)

# History
Trial 10:Choice U  → 0 points, Trial 11:Choice P  → 1 points, Trial 12:Choice P  → 1 points, Trial 13:Choice P  → 0 points, Trial 14:Choice  → 0 points, 

# Instructions
Respond with **only** one character: 'U' or 'P'. No punctuation, no quotes, no explanation.

Answer:<|start_header_id|>assistant<|end_header_id|>
",14,97197,0.8515625,0.1474609375,
reward,200,0,0.29296875,0.703125,-0.55859375,0.5556640625,,14,97197,0.8515625,0.1474609375,"<|begin_of_text|>
<|start_header_id|>system<|end_header_id|>
You are participating in multiple games involving two slot machines, labeled U and P.
Your goal is to choose the slot machines that will give you the most points.
You will receive feedback about the outcome after making a choice.
The environment may change unpredictably, and past success does not guarantee future results.
You’ll need to adapt to these changes to keep finding the better machine.
You will play 1 game in total, consisting of 100 trials.
<|eot_id|>
<|start_header_id|>user<|end_header_id|>
# Task Parameters
- Trial 14 of 100
- Choose between: 'U' or 'P'
- Possible outcomes: 1 (success) or 0 (failure)

# History
Trial 10:Choice U  → 0 points, Trial 11:Choice P  → 1 points, Trial 12:Choice P  → 1 points, Trial 13:Choice P  → 0 points, Trial 14:Choice P  →  points, 

# Instructions
Respond with **only** one character: 'U' or 'P'. No punctuation, no quotes, no explanation.

Answer:<|start_header_id|>assistant<|end_header_id|>
"
choice,196,U,0.375,0.62109375,-0.546875,0.54541015625,"<|begin_of_text|>
<|start_header_id|>system<|end_header_id|>
You are participating in multiple games involving two slot machines, labeled U and P.
Your goal is to choose the slot machines that will give you the most points.
You will receive feedback about the outcome after making a choice.
The environment may change unpredictably, and past success does not guarantee future results.
You’ll need to adapt to these changes to keep finding the better machine.
You will play 1 game in total, consisting of 100 trials.
<|eot_id|>
<|start_header_id|>user<|end_header_id|>
# Task Parameters
- Trial 15 of 100
- Choose between: 'U' or 'P'
- Possible outcomes: 1 (success) or 0 (failure)

# History
Trial 11:Choice P  → 1 points, Trial 12:Choice P  → 1 points, Trial 13:Choice P  → 0 points, Trial 14:Choice P  → 0 points, Trial 15:Choice  → 1 points, 

# Instructions
Respond with **only** one character: 'U' or 'P'. No punctuation, no quotes, no explanation.

Answer:<|start_header_id|>assistant<|end_header_id|>
",15,97197,0.921875,0.07568359375,
reward,200,1,0.5625,0.4375,-0.359375,0.36181640625,,15,97197,0.921875,0.07568359375,"<|begin_of_text|>
<|start_header_id|>system<|end_header_id|>
You are participating in multiple games involving two slot machines, labeled U and P.
Your goal is to choose the slot machines that will give you the most points.
You will receive feedback about the outcome after making a choice.
The environment may change unpredictably, and past success does not guarantee future results.
You’ll need to adapt to these changes to keep finding the better machine.
You will play 1 game in total, consisting of 100 trials.
<|eot_id|>
<|start_header_id|>user<|end_header_id|>
# Task Parameters
- Trial 15 of 100
- Choose between: 'U' or 'P'
- Possible outcomes: 1 (success) or 0 (failure)

# History
Trial 11:Choice P  → 1 points, Trial 12:Choice P  → 1 points, Trial 13:Choice P  → 0 points, Trial 14:Choice P  → 0 points, Trial 15:Choice U  →  points, 

# Instructions
Respond with **only** one character: 'U' or 'P'. No punctuation, no quotes, no explanation.

Answer:<|start_header_id|>assistant<|end_header_id|>
"
choice,196,U,0.83203125,0.1640625,-0.15625,0.15435791015625,"<|begin_of_text|>
<|start_header_id|>system<|end_header_id|>
You are participating in multiple games involving two slot machines, labeled U and P.
Your goal is to choose the slot machines that will give you the most points.
You will receive feedback about the outcome after making a choice.
The environment may change unpredictably, and past success does not guarantee future results.
You’ll need to adapt to these changes to keep finding the better machine.
You will play 1 game in total, consisting of 100 trials.
<|eot_id|>
<|start_header_id|>user<|end_header_id|>
# Task Parameters
- Trial 16 of 100
- Choose between: 'U' or 'P'
- Possible outcomes: 1 (success) or 0 (failure)

# History
Trial 12:Choice P  → 1 points, Trial 13:Choice P  → 0 points, Trial 14:Choice P  → 0 points, Trial 15:Choice U  → 1 points, Trial 16:Choice  → 1 points, 

# Instructions
Respond with **only** one character: 'U' or 'P'. No punctuation, no quotes, no explanation.

Answer:<|start_header_id|>assistant<|end_header_id|>
",16,97197,0.98828125,0.00970458984375,
reward,200,1,0.8671875,0.1328125,-0.12109375,0.12310791015625,,16,97197,0.98828125,0.00970458984375,"<|begin_of_text|>
<|start_header_id|>system<|end_header_id|>
You are participating in multiple games involving two slot machines, labeled U and P.
Your goal is to choose the slot machines that will give you the most points.
You will receive feedback about the outcome after making a choice.
The environment may change unpredictably, and past success does not guarantee future results.
You’ll need to adapt to these changes to keep finding the better machine.
You will play 1 game in total, consisting of 100 trials.
<|eot_id|>
<|start_header_id|>user<|end_header_id|>
# Task Parameters
- Trial 16 of 100
- Choose between: 'U' or 'P'
- Possible outcomes: 1 (success) or 0 (failure)

# History
Trial 12:Choice P  → 1 points, Trial 13:Choice P  → 0 points, Trial 14:Choice P  → 0 points, Trial 15:Choice U  → 1 points, Trial 16:Choice U  →  points, 

# Instructions
Respond with **only** one character: 'U' or 'P'. No punctuation, no quotes, no explanation.

Answer:<|start_header_id|>assistant<|end_header_id|>
"
choice,196,U,0.99609375,0.0031585693359375,0.00390625,-0.0009002685546875,"<|begin_of_text|>
<|start_header_id|>system<|end_header_id|>
You are participating in multiple games involving two slot machines, labeled U and P.
Your goal is to choose the slot machines that will give you the most points.
You will receive feedback about the outcome after making a choice.
The environment may change unpredictably, and past success does not guarantee future results.
You’ll need to adapt to these changes to keep finding the better machine.
You will play 1 game in total, consisting of 100 trials.
<|eot_id|>
<|start_header_id|>user<|end_header_id|>
# Task Parameters
- Trial 17 of 100
- Choose between: 'U' or 'P'
- Possible outcomes: 1 (success) or 0 (failure)

# History
Trial 13:Choice P  → 0 points, Trial 14:Choice P  → 0 points, Trial 15:Choice U  → 1 points, Trial 16:Choice U  → 1 points, Trial 17:Choice  → 1 points, 

# Instructions
Respond with **only** one character: 'U' or 'P'. No punctuation, no quotes, no explanation.

Answer:<|start_header_id|>assistant<|end_header_id|>
",17,97197,0.9921875,0.004058837890625,
reward,200,1,0.9921875,0.005218505859375,0.0,0.00115966796875,,17,97197,0.9921875,0.004058837890625,"<|begin_of_text|>
<|start_header_id|>system<|end_header_id|>
You are participating in multiple games involving two slot machines, labeled U and P.
Your goal is to choose the slot machines that will give you the most points.
You will receive feedback about the outcome after making a choice.
The environment may change unpredictably, and past success does not guarantee future results.
You’ll need to adapt to these changes to keep finding the better machine.
You will play 1 game in total, consisting of 100 trials.
<|eot_id|>
<|start_header_id|>user<|end_header_id|>
# Task Parameters
- Trial 17 of 100
- Choose between: 'U' or 'P'
- Possible outcomes: 1 (success) or 0 (failure)

# History
Trial 13:Choice P  → 0 points, Trial 14:Choice P  → 0 points, Trial 15:Choice U  → 1 points, Trial 16:Choice U  → 1 points, Trial 17:Choice U  →  points, 

# Instructions
Respond with **only** one character: 'U' or 'P'. No punctuation, no quotes, no explanation.

Answer:<|start_header_id|>assistant<|end_header_id|>
"
choice,196,U,0.99609375,0.001495361328125,0.00390625,-0.003692626953125,"<|begin_of_text|>
<|start_header_id|>system<|end_header_id|>
You are participating in multiple games involving two slot machines, labeled U and P.
Your goal is to choose the slot machines that will give you the most points.
You will receive feedback about the outcome after making a choice.
The environment may change unpredictably, and past success does not guarantee future results.
You’ll need to adapt to these changes to keep finding the better machine.
You will play 1 game in total, consisting of 100 trials.
<|eot_id|>
<|start_header_id|>user<|end_header_id|>
# Task Parameters
- Trial 18 of 100
- Choose between: 'U' or 'P'
- Possible outcomes: 1 (success) or 0 (failure)

# History
Trial 14:Choice P  → 0 points, Trial 15:Choice U  → 1 points, Trial 16:Choice U  → 1 points, Trial 17:Choice U  → 1 points, Trial 18:Choice  → 1 points, 

# Instructions
Respond with **only** one character: 'U' or 'P'. No punctuation, no quotes, no explanation.

Answer:<|start_header_id|>assistant<|end_header_id|>
",18,97197,0.9921875,0.00518798828125,
reward,200,1,0.984375,0.01239013671875,-0.0078125,0.0072021484375,,18,97197,0.9921875,0.00518798828125,"<|begin_of_text|>
<|start_header_id|>system<|end_header_id|>
You are participating in multiple games involving two slot machines, labeled U and P.
Your goal is to choose the slot machines that will give you the most points.
You will receive feedback about the outcome after making a choice.
The environment may change unpredictably, and past success does not guarantee future results.
You’ll need to adapt to these changes to keep finding the better machine.
You will play 1 game in total, consisting of 100 trials.
<|eot_id|>
<|start_header_id|>user<|end_header_id|>
# Task Parameters
- Trial 18 of 100
- Choose between: 'U' or 'P'
- Possible outcomes: 1 (success) or 0 (failure)

# History
Trial 14:Choice P  → 0 points, Trial 15:Choice U  → 1 points, Trial 16:Choice U  → 1 points, Trial 17:Choice U  → 1 points, Trial 18:Choice U  →  points, 

# Instructions
Respond with **only** one character: 'U' or 'P'. No punctuation, no quotes, no explanation.

Answer:<|start_header_id|>assistant<|end_header_id|>
"
choice,196,U,0.9921875,0.0024566650390625,0.0078125,-0.0071868896484375,"<|begin_of_text|>
<|start_header_id|>system<|end_header_id|>
You are participating in multiple games involving two slot machines, labeled U and P.
Your goal is to choose the slot machines that will give you the most points.
You will receive feedback about the outcome after making a choice.
The environment may change unpredictably, and past success does not guarantee future results.
You’ll need to adapt to these changes to keep finding the better machine.
You will play 1 game in total, consisting of 100 trials.
<|eot_id|>
<|start_header_id|>user<|end_header_id|>
# Task Parameters
- Trial 19 of 100
- Choose between: 'U' or 'P'
- Possible outcomes: 1 (success) or 0 (failure)

# History
Trial 15:Choice U  → 1 points, Trial 16:Choice U  → 1 points, Trial 17:Choice U  → 1 points, Trial 18:Choice U  → 1 points, Trial 19:Choice  → 1 points, 

# Instructions
Respond with **only** one character: 'U' or 'P'. No punctuation, no quotes, no explanation.

Answer:<|start_header_id|>assistant<|end_header_id|>
",19,97197,0.984375,0.0096435546875,
reward,200,1,0.94921875,0.04736328125,-0.03515625,0.0377197265625,,19,97197,0.984375,0.0096435546875,"<|begin_of_text|>
<|start_header_id|>system<|end_header_id|>
You are participating in multiple games involving two slot machines, labeled U and P.
Your goal is to choose the slot machines that will give you the most points.
You will receive feedback about the outcome after making a choice.
The environment may change unpredictably, and past success does not guarantee future results.
You’ll need to adapt to these changes to keep finding the better machine.
You will play 1 game in total, consisting of 100 trials.
<|eot_id|>
<|start_header_id|>user<|end_header_id|>
# Task Parameters
- Trial 19 of 100
- Choose between: 'U' or 'P'
- Possible outcomes: 1 (success) or 0 (failure)

# History
Trial 15:Choice U  → 1 points, Trial 16:Choice U  → 1 points, Trial 17:Choice U  → 1 points, Trial 18:Choice U  → 1 points, Trial 19:Choice U  →  points, 

# Instructions
Respond with **only** one character: 'U' or 'P'. No punctuation, no quotes, no explanation.

Answer:<|start_header_id|>assistant<|end_header_id|>
"
choice,196,U,0.99609375,0.001495361328125,0.00390625,-0.00439453125,"<|begin_of_text|>
<|start_header_id|>system<|end_header_id|>
You are participating in multiple games involving two slot machines, labeled U and P.
Your goal is to choose the slot machines that will give you the most points.
You will receive feedback about the outcome after making a choice.
The environment may change unpredictably, and past success does not guarantee future results.
You’ll need to adapt to these changes to keep finding the better machine.
You will play 1 game in total, consisting of 100 trials.
<|eot_id|>
<|start_header_id|>user<|end_header_id|>
# Task Parameters
- Trial 20 of 100
- Choose between: 'U' or 'P'
- Possible outcomes: 1 (success) or 0 (failure)

# History
Trial 16:Choice U  → 1 points, Trial 17:Choice U  → 1 points, Trial 18:Choice U  → 1 points, Trial 19:Choice U  → 1 points, Trial 20:Choice  → 1 points, 

# Instructions
Respond with **only** one character: 'U' or 'P'. No punctuation, no quotes, no explanation.

Answer:<|start_header_id|>assistant<|end_header_id|>
",20,97197,0.9921875,0.005889892578125,
reward,200,1,0.9453125,0.05322265625,-0.046875,0.047332763671875,,20,97197,0.9921875,0.005889892578125,"<|begin_of_text|>
<|start_header_id|>system<|end_header_id|>
You are participating in multiple games involving two slot machines, labeled U and P.
Your goal is to choose the slot machines that will give you the most points.
You will receive feedback about the outcome after making a choice.
The environment may change unpredictably, and past success does not guarantee future results.
You’ll need to adapt to these changes to keep finding the better machine.
You will play 1 game in total, consisting of 100 trials.
<|eot_id|>
<|start_header_id|>user<|end_header_id|>
# Task Parameters
- Trial 20 of 100
- Choose between: 'U' or 'P'
- Possible outcomes: 1 (success) or 0 (failure)

# History
Trial 16:Choice U  → 1 points, Trial 17:Choice U  → 1 points, Trial 18:Choice U  → 1 points, Trial 19:Choice U  → 1 points, Trial 20:Choice U  →  points, 

# Instructions
Respond with **only** one character: 'U' or 'P'. No punctuation, no quotes, no explanation.

Answer:<|start_header_id|>assistant<|end_header_id|>
"
choice,196,P,0.796875,0.201171875,-0.18359375,0.1832275390625,"<|begin_of_text|>
<|start_header_id|>system<|end_header_id|>
You are participating in multiple games involving two slot machines, labeled U and P.
Your goal is to choose the slot machines that will give you the most points.
You will receive feedback about the outcome after making a choice.
The environment may change unpredictably, and past success does not guarantee future results.
You’ll need to adapt to these changes to keep finding the better machine.
You will play 1 game in total, consisting of 100 trials.
<|eot_id|>
<|start_header_id|>user<|end_header_id|>
# Task Parameters
- Trial 21 of 100
- Choose between: 'U' or 'P'
- Possible outcomes: 1 (success) or 0 (failure)

# History
Trial 17:Choice U  → 1 points, Trial 18:Choice U  → 1 points, Trial 19:Choice U  → 1 points, Trial 20:Choice U  → 1 points, Trial 21:Choice  → 0 points, 

# Instructions
Respond with **only** one character: 'U' or 'P'. No punctuation, no quotes, no explanation.

Answer:<|start_header_id|>assistant<|end_header_id|>
",21,97197,0.98046875,0.0179443359375,
reward,200,0,0.703125,0.29296875,-0.27734375,0.2750244140625,,21,97197,0.98046875,0.0179443359375,"<|begin_of_text|>
<|start_header_id|>system<|end_header_id|>
You are participating in multiple games involving two slot machines, labeled U and P.
Your goal is to choose the slot machines that will give you the most points.
You will receive feedback about the outcome after making a choice.
The environment may change unpredictably, and past success does not guarantee future results.
You’ll need to adapt to these changes to keep finding the better machine.
You will play 1 game in total, consisting of 100 trials.
<|eot_id|>
<|start_header_id|>user<|end_header_id|>
# Task Parameters
- Trial 21 of 100
- Choose between: 'U' or 'P'
- Possible outcomes: 1 (success) or 0 (failure)

# History
Trial 17:Choice U  → 1 points, Trial 18:Choice U  → 1 points, Trial 19:Choice U  → 1 points, Trial 20:Choice U  → 1 points, Trial 21:Choice P  →  points, 

# Instructions
Respond with **only** one character: 'U' or 'P'. No punctuation, no quotes, no explanation.

Answer:<|start_header_id|>assistant<|end_header_id|>
"
choice,196,U,0.984375,0.0140380859375,0.01171875,-0.0062255859375,"<|begin_of_text|>
<|start_header_id|>system<|end_header_id|>
You are participating in multiple games involving two slot machines, labeled U and P.
Your goal is to choose the slot machines that will give you the most points.
You will receive feedback about the outcome after making a choice.
The environment may change unpredictably, and past success does not guarantee future results.
You’ll need to adapt to these changes to keep finding the better machine.
You will play 1 game in total, consisting of 100 trials.
<|eot_id|>
<|start_header_id|>user<|end_header_id|>
# Task Parameters
- Trial 22 of 100
- Choose between: 'U' or 'P'
- Possible outcomes: 1 (success) or 0 (failure)

# History
Trial 18:Choice U  → 1 points, Trial 19:Choice U  → 1 points, Trial 20:Choice U  → 1 points, Trial 21:Choice P  → 0 points, Trial 22:Choice  → 1 points, 

# Instructions
Respond with **only** one character: 'U' or 'P'. No punctuation, no quotes, no explanation.

Answer:<|start_header_id|>assistant<|end_header_id|>
",22,97197,0.97265625,0.020263671875,
reward,200,1,0.87890625,0.11865234375,-0.09375,0.098388671875,,22,97197,0.97265625,0.020263671875,"<|begin_of_text|>
<|start_header_id|>system<|end_header_id|>
You are participating in multiple games involving two slot machines, labeled U and P.
Your goal is to choose the slot machines that will give you the most points.
You will receive feedback about the outcome after making a choice.
The environment may change unpredictably, and past success does not guarantee future results.
You’ll need to adapt to these changes to keep finding the better machine.
You will play 1 game in total, consisting of 100 trials.
<|eot_id|>
<|start_header_id|>user<|end_header_id|>
# Task Parameters
- Trial 22 of 100
- Choose between: 'U' or 'P'
- Possible outcomes: 1 (success) or 0 (failure)

# History
Trial 18:Choice U  → 1 points, Trial 19:Choice U  → 1 points, Trial 20:Choice U  → 1 points, Trial 21:Choice P  → 0 points, Trial 22:Choice U  →  points, 

# Instructions
Respond with **only** one character: 'U' or 'P'. No punctuation, no quotes, no explanation.

Answer:<|start_header_id|>assistant<|end_header_id|>
"
choice,196,U,0.984375,0.01092529296875,0.0234375,-0.02203369140625,"<|begin_of_text|>
<|start_header_id|>system<|end_header_id|>
You are participating in multiple games involving two slot machines, labeled U and P.
Your goal is to choose the slot machines that will give you the most points.
You will receive feedback about the outcome after making a choice.
The environment may change unpredictably, and past success does not guarantee future results.
You’ll need to adapt to these changes to keep finding the better machine.
You will play 1 game in total, consisting of 100 trials.
<|eot_id|>
<|start_header_id|>user<|end_header_id|>
# Task Parameters
- Trial 23 of 100
- Choose between: 'U' or 'P'
- Possible outcomes: 1 (success) or 0 (failure)

# History
Trial 19:Choice U  → 1 points, Trial 20:Choice U  → 1 points, Trial 21:Choice P  → 0 points, Trial 22:Choice U  → 1 points, Trial 23:Choice  → 1 points, 

# Instructions
Respond with **only** one character: 'U' or 'P'. No punctuation, no quotes, no explanation.

Answer:<|start_header_id|>assistant<|end_header_id|>
",23,97197,0.9609375,0.032958984375,
reward,200,1,0.95703125,0.0419921875,-0.00390625,0.009033203125,,23,97197,0.9609375,0.032958984375,"<|begin_of_text|>
<|start_header_id|>system<|end_header_id|>
You are participating in multiple games involving two slot machines, labeled U and P.
Your goal is to choose the slot machines that will give you the most points.
You will receive feedback about the outcome after making a choice.
The environment may change unpredictably, and past success does not guarantee future results.
You’ll need to adapt to these changes to keep finding the better machine.
You will play 1 game in total, consisting of 100 trials.
<|eot_id|>
<|start_header_id|>user<|end_header_id|>
# Task Parameters
- Trial 23 of 100
- Choose between: 'U' or 'P'
- Possible outcomes: 1 (success) or 0 (failure)

# History
Trial 19:Choice U  → 1 points, Trial 20:Choice U  → 1 points, Trial 21:Choice P  → 0 points, Trial 22:Choice U  → 1 points, Trial 23:Choice U  →  points, 

# Instructions
Respond with **only** one character: 'U' or 'P'. No punctuation, no quotes, no explanation.

Answer:<|start_header_id|>assistant<|end_header_id|>
"
choice,196,U,0.99609375,0.001922607421875,0.0078125,-0.00396728515625,"<|begin_of_text|>
<|start_header_id|>system<|end_header_id|>
You are participating in multiple games involving two slot machines, labeled U and P.
Your goal is to choose the slot machines that will give you the most points.
You will receive feedback about the outcome after making a choice.
The environment may change unpredictably, and past success does not guarantee future results.
You’ll need to adapt to these changes to keep finding the better machine.
You will play 1 game in total, consisting of 100 trials.
<|eot_id|>
<|start_header_id|>user<|end_header_id|>
# Task Parameters
- Trial 24 of 100
- Choose between: 'U' or 'P'
- Possible outcomes: 1 (success) or 0 (failure)

# History
Trial 20:Choice U  → 1 points, Trial 21:Choice P  → 0 points, Trial 22:Choice U  → 1 points, Trial 23:Choice U  → 1 points, Trial 24:Choice  → 1 points, 

# Instructions
Respond with **only** one character: 'U' or 'P'. No punctuation, no quotes, no explanation.

Answer:<|start_header_id|>assistant<|end_header_id|>
",24,97197,0.98828125,0.005889892578125,
reward,200,1,0.9765625,0.020263671875,-0.01171875,0.014373779296875,,24,97197,0.98828125,0.005889892578125,"<|begin_of_text|>
<|start_header_id|>system<|end_header_id|>
You are participating in multiple games involving two slot machines, labeled U and P.
Your goal is to choose the slot machines that will give you the most points.
You will receive feedback about the outcome after making a choice.
The environment may change unpredictably, and past success does not guarantee future results.
You’ll need to adapt to these changes to keep finding the better machine.
You will play 1 game in total, consisting of 100 trials.
<|eot_id|>
<|start_header_id|>user<|end_header_id|>
# Task Parameters
- Trial 24 of 100
- Choose between: 'U' or 'P'
- Possible outcomes: 1 (success) or 0 (failure)

# History
Trial 20:Choice U  → 1 points, Trial 21:Choice P  → 0 points, Trial 22:Choice U  → 1 points, Trial 23:Choice U  → 1 points, Trial 24:Choice U  →  points, 

# Instructions
Respond with **only** one character: 'U' or 'P'. No punctuation, no quotes, no explanation.

Answer:<|start_header_id|>assistant<|end_header_id|>
"
choice,196,U,0.99609375,0.00090789794921875,0.0,-0.00225067138671875,"<|begin_of_text|>
<|start_header_id|>system<|end_header_id|>
You are participating in multiple games involving two slot machines, labeled U and P.
Your goal is to choose the slot machines that will give you the most points.
You will receive feedback about the outcome after making a choice.
The environment may change unpredictably, and past success does not guarantee future results.
You’ll need to adapt to these changes to keep finding the better machine.
You will play 1 game in total, consisting of 100 trials.
<|eot_id|>
<|start_header_id|>user<|end_header_id|>
# Task Parameters
- Trial 25 of 100
- Choose between: 'U' or 'P'
- Possible outcomes: 1 (success) or 0 (failure)

# History
Trial 21:Choice P  → 0 points, Trial 22:Choice U  → 1 points, Trial 23:Choice U  → 1 points, Trial 24:Choice U  → 1 points, Trial 25:Choice  → 1 points, 

# Instructions
Respond with **only** one character: 'U' or 'P'. No punctuation, no quotes, no explanation.

Answer:<|start_header_id|>assistant<|end_header_id|>
",25,97197,0.99609375,0.0031585693359375,
reward,200,1,0.9921875,0.004608154296875,-0.00390625,0.0014495849609375,,25,97197,0.99609375,0.0031585693359375,"<|begin_of_text|>
<|start_header_id|>system<|end_header_id|>
You are participating in multiple games involving two slot machines, labeled U and P.
Your goal is to choose the slot machines that will give you the most points.
You will receive feedback about the outcome after making a choice.
The environment may change unpredictably, and past success does not guarantee future results.
You’ll need to adapt to these changes to keep finding the better machine.
You will play 1 game in total, consisting of 100 trials.
<|eot_id|>
<|start_header_id|>user<|end_header_id|>
# Task Parameters
- Trial 25 of 100
- Choose between: 'U' or 'P'
- Possible outcomes: 1 (success) or 0 (failure)

# History
Trial 21:Choice P  → 0 points, Trial 22:Choice U  → 1 points, Trial 23:Choice U  → 1 points, Trial 24:Choice U  → 1 points, Trial 25:Choice U  →  points, 

# Instructions
Respond with **only** one character: 'U' or 'P'. No punctuation, no quotes, no explanation.

Answer:<|start_header_id|>assistant<|end_header_id|>
"
choice,196,U,0.99609375,0.00131988525390625,0.0078125,-0.00621795654296875,"<|begin_of_text|>
<|start_header_id|>system<|end_header_id|>
You are participating in multiple games involving two slot machines, labeled U and P.
Your goal is to choose the slot machines that will give you the most points.
You will receive feedback about the outcome after making a choice.
The environment may change unpredictably, and past success does not guarantee future results.
You’ll need to adapt to these changes to keep finding the better machine.
You will play 1 game in total, consisting of 100 trials.
<|eot_id|>
<|start_header_id|>user<|end_header_id|>
# Task Parameters
- Trial 26 of 100
- Choose between: 'U' or 'P'
- Possible outcomes: 1 (success) or 0 (failure)

# History
Trial 22:Choice U  → 1 points, Trial 23:Choice U  → 1 points, Trial 24:Choice U  → 1 points, Trial 25:Choice U  → 1 points, Trial 26:Choice  → 1 points, 

# Instructions
Respond with **only** one character: 'U' or 'P'. No punctuation, no quotes, no explanation.

Answer:<|start_header_id|>assistant<|end_header_id|>
",26,97197,0.98828125,0.007537841796875,
reward,200,1,0.95703125,0.0419921875,-0.03125,0.034454345703125,,26,97197,0.98828125,0.007537841796875,"<|begin_of_text|>
<|start_header_id|>system<|end_header_id|>
You are participating in multiple games involving two slot machines, labeled U and P.
Your goal is to choose the slot machines that will give you the most points.
You will receive feedback about the outcome after making a choice.
The environment may change unpredictably, and past success does not guarantee future results.
You’ll need to adapt to these changes to keep finding the better machine.
You will play 1 game in total, consisting of 100 trials.
<|eot_id|>
<|start_header_id|>user<|end_header_id|>
# Task Parameters
- Trial 26 of 100
- Choose between: 'U' or 'P'
- Possible outcomes: 1 (success) or 0 (failure)

# History
Trial 22:Choice U  → 1 points, Trial 23:Choice U  → 1 points, Trial 24:Choice U  → 1 points, Trial 25:Choice U  → 1 points, Trial 26:Choice U  →  points, 

# Instructions
Respond with **only** one character: 'U' or 'P'. No punctuation, no quotes, no explanation.

Answer:<|start_header_id|>assistant<|end_header_id|>
"
choice,196,U,0.99609375,0.0016937255859375,0.01171875,-0.0068511962890625,"<|begin_of_text|>
<|start_header_id|>system<|end_header_id|>
You are participating in multiple games involving two slot machines, labeled U and P.
Your goal is to choose the slot machines that will give you the most points.
You will receive feedback about the outcome after making a choice.
The environment may change unpredictably, and past success does not guarantee future results.
You’ll need to adapt to these changes to keep finding the better machine.
You will play 1 game in total, consisting of 100 trials.
<|eot_id|>
<|start_header_id|>user<|end_header_id|>
# Task Parameters
- Trial 27 of 100
- Choose between: 'U' or 'P'
- Possible outcomes: 1 (success) or 0 (failure)

# History
Trial 23:Choice U  → 1 points, Trial 24:Choice U  → 1 points, Trial 25:Choice U  → 1 points, Trial 26:Choice U  → 1 points, Trial 27:Choice  → 1 points, 

# Instructions
Respond with **only** one character: 'U' or 'P'. No punctuation, no quotes, no explanation.

Answer:<|start_header_id|>assistant<|end_header_id|>
",27,97197,0.984375,0.008544921875,
reward,200,1,0.94921875,0.04736328125,-0.03515625,0.038818359375,,27,97197,0.984375,0.008544921875,"<|begin_of_text|>
<|start_header_id|>system<|end_header_id|>
You are participating in multiple games involving two slot machines, labeled U and P.
Your goal is to choose the slot machines that will give you the most points.
You will receive feedback about the outcome after making a choice.
The environment may change unpredictably, and past success does not guarantee future results.
You’ll need to adapt to these changes to keep finding the better machine.
You will play 1 game in total, consisting of 100 trials.
<|eot_id|>
<|start_header_id|>user<|end_header_id|>
# Task Parameters
- Trial 27 of 100
- Choose between: 'U' or 'P'
- Possible outcomes: 1 (success) or 0 (failure)

# History
Trial 23:Choice U  → 1 points, Trial 24:Choice U  → 1 points, Trial 25:Choice U  → 1 points, Trial 26:Choice U  → 1 points, Trial 27:Choice U  →  points, 

# Instructions
Respond with **only** one character: 'U' or 'P'. No punctuation, no quotes, no explanation.

Answer:<|start_header_id|>assistant<|end_header_id|>
"
choice,196,P,0.73046875,0.267578125,-0.25390625,0.2535400390625,"<|begin_of_text|>
<|start_header_id|>system<|end_header_id|>
You are participating in multiple games involving two slot machines, labeled U and P.
Your goal is to choose the slot machines that will give you the most points.
You will receive feedback about the outcome after making a choice.
The environment may change unpredictably, and past success does not guarantee future results.
You’ll need to adapt to these changes to keep finding the better machine.
You will play 1 game in total, consisting of 100 trials.
<|eot_id|>
<|start_header_id|>user<|end_header_id|>
# Task Parameters
- Trial 28 of 100
- Choose between: 'U' or 'P'
- Possible outcomes: 1 (success) or 0 (failure)

# History
Trial 24:Choice U  → 1 points, Trial 25:Choice U  → 1 points, Trial 26:Choice U  → 1 points, Trial 27:Choice U  → 1 points, Trial 28:Choice  → 0 points, 

# Instructions
Respond with **only** one character: 'U' or 'P'. No punctuation, no quotes, no explanation.

Answer:<|start_header_id|>assistant<|end_header_id|>
",28,97197,0.984375,0.0140380859375,
reward,200,0,0.7734375,0.2216796875,-0.2109375,0.2076416015625,,28,97197,0.984375,0.0140380859375,"<|begin_of_text|>
<|start_header_id|>system<|end_header_id|>
You are participating in multiple games involving two slot machines, labeled U and P.
Your goal is to choose the slot machines that will give you the most points.
You will receive feedback about the outcome after making a choice.
The environment may change unpredictably, and past success does not guarantee future results.
You’ll need to adapt to these changes to keep finding the better machine.
You will play 1 game in total, consisting of 100 trials.
<|eot_id|>
<|start_header_id|>user<|end_header_id|>
# Task Parameters
- Trial 28 of 100
- Choose between: 'U' or 'P'
- Possible outcomes: 1 (success) or 0 (failure)

# History
Trial 24:Choice U  → 1 points, Trial 25:Choice U  → 1 points, Trial 26:Choice U  → 1 points, Trial 27:Choice U  → 1 points, Trial 28:Choice P  →  points, 

# Instructions
Respond with **only** one character: 'U' or 'P'. No punctuation, no quotes, no explanation.

Answer:<|start_header_id|>assistant<|end_header_id|>
"
choice,196,U,0.98828125,0.007568359375,0.015625,-0.0126953125,"<|begin_of_text|>
<|start_header_id|>system<|end_header_id|>
You are participating in multiple games involving two slot machines, labeled U and P.
Your goal is to choose the slot machines that will give you the most points.
You will receive feedback about the outcome after making a choice.
The environment may change unpredictably, and past success does not guarantee future results.
You’ll need to adapt to these changes to keep finding the better machine.
You will play 1 game in total, consisting of 100 trials.
<|eot_id|>
<|start_header_id|>user<|end_header_id|>
# Task Parameters
- Trial 29 of 100
- Choose between: 'U' or 'P'
- Possible outcomes: 1 (success) or 0 (failure)

# History
Trial 25:Choice U  → 1 points, Trial 26:Choice U  → 1 points, Trial 27:Choice U  → 1 points, Trial 28:Choice P  → 0 points, Trial 29:Choice  → 1 points, 

# Instructions
Respond with **only** one character: 'U' or 'P'. No punctuation, no quotes, no explanation.

Answer:<|start_header_id|>assistant<|end_header_id|>
",29,97197,0.97265625,0.020263671875,
reward,200,1,0.94921875,0.04736328125,-0.0234375,0.027099609375,,29,97197,0.97265625,0.020263671875,"<|begin_of_text|>
<|start_header_id|>system<|end_header_id|>
You are participating in multiple games involving two slot machines, labeled U and P.
Your goal is to choose the slot machines that will give you the most points.
You will receive feedback about the outcome after making a choice.
The environment may change unpredictably, and past success does not guarantee future results.
You’ll need to adapt to these changes to keep finding the better machine.
You will play 1 game in total, consisting of 100 trials.
<|eot_id|>
<|start_header_id|>user<|end_header_id|>
# Task Parameters
- Trial 29 of 100
- Choose between: 'U' or 'P'
- Possible outcomes: 1 (success) or 0 (failure)

# History
Trial 25:Choice U  → 1 points, Trial 26:Choice U  → 1 points, Trial 27:Choice U  → 1 points, Trial 28:Choice P  → 0 points, Trial 29:Choice U  →  points, 

# Instructions
Respond with **only** one character: 'U' or 'P'. No punctuation, no quotes, no explanation.

Answer:<|start_header_id|>assistant<|end_header_id|>
"
choice,196,U,0.9921875,0.004058837890625,0.0078125,-0.006927490234375,"<|begin_of_text|>
<|start_header_id|>system<|end_header_id|>
You are participating in multiple games involving two slot machines, labeled U and P.
Your goal is to choose the slot machines that will give you the most points.
You will receive feedback about the outcome after making a choice.
The environment may change unpredictably, and past success does not guarantee future results.
You’ll need to adapt to these changes to keep finding the better machine.
You will play 1 game in total, consisting of 100 trials.
<|eot_id|>
<|start_header_id|>user<|end_header_id|>
# Task Parameters
- Trial 30 of 100
- Choose between: 'U' or 'P'
- Possible outcomes: 1 (success) or 0 (failure)

# History
Trial 26:Choice U  → 1 points, Trial 27:Choice U  → 1 points, Trial 28:Choice P  → 0 points, Trial 29:Choice U  → 1 points, Trial 30:Choice  → 1 points, 

# Instructions
Respond with **only** one character: 'U' or 'P'. No punctuation, no quotes, no explanation.

Answer:<|start_header_id|>assistant<|end_header_id|>
",30,97197,0.984375,0.010986328125,
reward,200,1,0.9765625,0.020263671875,-0.0078125,0.00927734375,,30,97197,0.984375,0.010986328125,"<|begin_of_text|>
<|start_header_id|>system<|end_header_id|>
You are participating in multiple games involving two slot machines, labeled U and P.
Your goal is to choose the slot machines that will give you the most points.
You will receive feedback about the outcome after making a choice.
The environment may change unpredictably, and past success does not guarantee future results.
You’ll need to adapt to these changes to keep finding the better machine.
You will play 1 game in total, consisting of 100 trials.
<|eot_id|>
<|start_header_id|>user<|end_header_id|>
# Task Parameters
- Trial 30 of 100
- Choose between: 'U' or 'P'
- Possible outcomes: 1 (success) or 0 (failure)

# History
Trial 26:Choice U  → 1 points, Trial 27:Choice U  → 1 points, Trial 28:Choice P  → 0 points, Trial 29:Choice U  → 1 points, Trial 30:Choice U  →  points, 

# Instructions
Respond with **only** one character: 'U' or 'P'. No punctuation, no quotes, no explanation.

Answer:<|start_header_id|>assistant<|end_header_id|>
"
choice,196,U,0.99609375,0.00116729736328125,0.0078125,-0.00548553466796875,"<|begin_of_text|>
<|start_header_id|>system<|end_header_id|>
You are participating in multiple games involving two slot machines, labeled U and P.
Your goal is to choose the slot machines that will give you the most points.
You will receive feedback about the outcome after making a choice.
The environment may change unpredictably, and past success does not guarantee future results.
You’ll need to adapt to these changes to keep finding the better machine.
You will play 1 game in total, consisting of 100 trials.
<|eot_id|>
<|start_header_id|>user<|end_header_id|>
# Task Parameters
- Trial 31 of 100
- Choose between: 'U' or 'P'
- Possible outcomes: 1 (success) or 0 (failure)

# History
Trial 27:Choice U  → 1 points, Trial 28:Choice P  → 0 points, Trial 29:Choice U  → 1 points, Trial 30:Choice U  → 1 points, Trial 31:Choice  → 1 points, 

# Instructions
Respond with **only** one character: 'U' or 'P'. No punctuation, no quotes, no explanation.

Answer:<|start_header_id|>assistant<|end_header_id|>
",31,97197,0.98828125,0.00665283203125,
reward,200,1,0.9921875,0.007568359375,0.00390625,0.00091552734375,,31,97197,0.98828125,0.00665283203125,"<|begin_of_text|>
<|start_header_id|>system<|end_header_id|>
You are participating in multiple games involving two slot machines, labeled U and P.
Your goal is to choose the slot machines that will give you the most points.
You will receive feedback about the outcome after making a choice.
The environment may change unpredictably, and past success does not guarantee future results.
You’ll need to adapt to these changes to keep finding the better machine.
You will play 1 game in total, consisting of 100 trials.
<|eot_id|>
<|start_header_id|>user<|end_header_id|>
# Task Parameters
- Trial 31 of 100
- Choose between: 'U' or 'P'
- Possible outcomes: 1 (success) or 0 (failure)

# History
Trial 27:Choice U  → 1 points, Trial 28:Choice P  → 0 points, Trial 29:Choice U  → 1 points, Trial 30:Choice U  → 1 points, Trial 31:Choice U  →  points, 

# Instructions
Respond with **only** one character: 'U' or 'P'. No punctuation, no quotes, no explanation.

Answer:<|start_header_id|>assistant<|end_header_id|>
"
choice,196,U,0.99609375,0.00116729736328125,0.00390625,-0.00241851806640625,"<|begin_of_text|>
<|start_header_id|>system<|end_header_id|>
You are participating in multiple games involving two slot machines, labeled U and P.
Your goal is to choose the slot machines that will give you the most points.
You will receive feedback about the outcome after making a choice.
The environment may change unpredictably, and past success does not guarantee future results.
You’ll need to adapt to these changes to keep finding the better machine.
You will play 1 game in total, consisting of 100 trials.
<|eot_id|>
<|start_header_id|>user<|end_header_id|>
# Task Parameters
- Trial 32 of 100
- Choose between: 'U' or 'P'
- Possible outcomes: 1 (success) or 0 (failure)

# History
Trial 28:Choice P  → 0 points, Trial 29:Choice U  → 1 points, Trial 30:Choice U  → 1 points, Trial 31:Choice U  → 1 points, Trial 32:Choice  → 1 points, 

# Instructions
Respond with **only** one character: 'U' or 'P'. No punctuation, no quotes, no explanation.

Answer:<|start_header_id|>assistant<|end_header_id|>
",32,97197,0.9921875,0.0035858154296875,
reward,200,1,0.9921875,0.006683349609375,0.0,0.0030975341796875,,32,97197,0.9921875,0.0035858154296875,"<|begin_of_text|>
<|start_header_id|>system<|end_header_id|>
You are participating in multiple games involving two slot machines, labeled U and P.
Your goal is to choose the slot machines that will give you the most points.
You will receive feedback about the outcome after making a choice.
The environment may change unpredictably, and past success does not guarantee future results.
You’ll need to adapt to these changes to keep finding the better machine.
You will play 1 game in total, consisting of 100 trials.
<|eot_id|>
<|start_header_id|>user<|end_header_id|>
# Task Parameters
- Trial 32 of 100
- Choose between: 'U' or 'P'
- Possible outcomes: 1 (success) or 0 (failure)

# History
Trial 28:Choice P  → 0 points, Trial 29:Choice U  → 1 points, Trial 30:Choice U  → 1 points, Trial 31:Choice U  → 1 points, Trial 32:Choice U  →  points, 

# Instructions
Respond with **only** one character: 'U' or 'P'. No punctuation, no quotes, no explanation.

Answer:<|start_header_id|>assistant<|end_header_id|>
"
choice,196,U,0.99609375,0.00116729736328125,0.01171875,-0.00975799560546875,"<|begin_of_text|>
<|start_header_id|>system<|end_header_id|>
You are participating in multiple games involving two slot machines, labeled U and P.
Your goal is to choose the slot machines that will give you the most points.
You will receive feedback about the outcome after making a choice.
The environment may change unpredictably, and past success does not guarantee future results.
You’ll need to adapt to these changes to keep finding the better machine.
You will play 1 game in total, consisting of 100 trials.
<|eot_id|>
<|start_header_id|>user<|end_header_id|>
# Task Parameters
- Trial 33 of 100
- Choose between: 'U' or 'P'
- Possible outcomes: 1 (success) or 0 (failure)

# History
Trial 29:Choice U  → 1 points, Trial 30:Choice U  → 1 points, Trial 31:Choice U  → 1 points, Trial 32:Choice U  → 1 points, Trial 33:Choice  → 1 points, 

# Instructions
Respond with **only** one character: 'U' or 'P'. No punctuation, no quotes, no explanation.

Answer:<|start_header_id|>assistant<|end_header_id|>
",33,97197,0.984375,0.01092529296875,
reward,200,1,0.96484375,0.032958984375,-0.01953125,0.02203369140625,,33,97197,0.984375,0.01092529296875,"<|begin_of_text|>
<|start_header_id|>system<|end_header_id|>
You are participating in multiple games involving two slot machines, labeled U and P.
Your goal is to choose the slot machines that will give you the most points.
You will receive feedback about the outcome after making a choice.
The environment may change unpredictably, and past success does not guarantee future results.
You’ll need to adapt to these changes to keep finding the better machine.
You will play 1 game in total, consisting of 100 trials.
<|eot_id|>
<|start_header_id|>user<|end_header_id|>
# Task Parameters
- Trial 33 of 100
- Choose between: 'U' or 'P'
- Possible outcomes: 1 (success) or 0 (failure)

# History
Trial 29:Choice U  → 1 points, Trial 30:Choice U  → 1 points, Trial 31:Choice U  → 1 points, Trial 32:Choice U  → 1 points, Trial 33:Choice U  →  points, 

# Instructions
Respond with **only** one character: 'U' or 'P'. No punctuation, no quotes, no explanation.

Answer:<|start_header_id|>assistant<|end_header_id|>
"
choice,196,U,0.99609375,0.00116729736328125,0.01171875,-0.00847625732421875,"<|begin_of_text|>
<|start_header_id|>system<|end_header_id|>
You are participating in multiple games involving two slot machines, labeled U and P.
Your goal is to choose the slot machines that will give you the most points.
You will receive feedback about the outcome after making a choice.
The environment may change unpredictably, and past success does not guarantee future results.
You’ll need to adapt to these changes to keep finding the better machine.
You will play 1 game in total, consisting of 100 trials.
<|eot_id|>
<|start_header_id|>user<|end_header_id|>
# Task Parameters
- Trial 34 of 100
- Choose between: 'U' or 'P'
- Possible outcomes: 1 (success) or 0 (failure)

# History
Trial 30:Choice U  → 1 points, Trial 31:Choice U  → 1 points, Trial 32:Choice U  → 1 points, Trial 33:Choice U  → 1 points, Trial 34:Choice  → 1 points, 

# Instructions
Respond with **only** one character: 'U' or 'P'. No punctuation, no quotes, no explanation.

Answer:<|start_header_id|>assistant<|end_header_id|>
",34,97197,0.984375,0.0096435546875,
reward,200,1,0.94921875,0.04736328125,-0.03515625,0.0377197265625,,34,97197,0.984375,0.0096435546875,"<|begin_of_text|>
<|start_header_id|>system<|end_header_id|>
You are participating in multiple games involving two slot machines, labeled U and P.
Your goal is to choose the slot machines that will give you the most points.
You will receive feedback about the outcome after making a choice.
The environment may change unpredictably, and past success does not guarantee future results.
You’ll need to adapt to these changes to keep finding the better machine.
You will play 1 game in total, consisting of 100 trials.
<|eot_id|>
<|start_header_id|>user<|end_header_id|>
# Task Parameters
- Trial 34 of 100
- Choose between: 'U' or 'P'
- Possible outcomes: 1 (success) or 0 (failure)

# History
Trial 30:Choice U  → 1 points, Trial 31:Choice U  → 1 points, Trial 32:Choice U  → 1 points, Trial 33:Choice U  → 1 points, Trial 34:Choice U  →  points, 

# Instructions
Respond with **only** one character: 'U' or 'P'. No punctuation, no quotes, no explanation.

Answer:<|start_header_id|>assistant<|end_header_id|>
"
choice,196,U,0.99609375,0.001495361328125,0.0078125,-0.007049560546875,"<|begin_of_text|>
<|start_header_id|>system<|end_header_id|>
You are participating in multiple games involving two slot machines, labeled U and P.
Your goal is to choose the slot machines that will give you the most points.
You will receive feedback about the outcome after making a choice.
The environment may change unpredictably, and past success does not guarantee future results.
You’ll need to adapt to these changes to keep finding the better machine.
You will play 1 game in total, consisting of 100 trials.
<|eot_id|>
<|start_header_id|>user<|end_header_id|>
# Task Parameters
- Trial 35 of 100
- Choose between: 'U' or 'P'
- Possible outcomes: 1 (success) or 0 (failure)

# History
Trial 31:Choice U  → 1 points, Trial 32:Choice U  → 1 points, Trial 33:Choice U  → 1 points, Trial 34:Choice U  → 1 points, Trial 35:Choice  → 1 points, 

# Instructions
Respond with **only** one character: 'U' or 'P'. No punctuation, no quotes, no explanation.

Answer:<|start_header_id|>assistant<|end_header_id|>
",35,97197,0.98828125,0.008544921875,
reward,200,1,0.96875,0.029296875,-0.01953125,0.020751953125,,35,97197,0.98828125,0.008544921875,"<|begin_of_text|>
<|start_header_id|>system<|end_header_id|>
You are participating in multiple games involving two slot machines, labeled U and P.
Your goal is to choose the slot machines that will give you the most points.
You will receive feedback about the outcome after making a choice.
The environment may change unpredictably, and past success does not guarantee future results.
You’ll need to adapt to these changes to keep finding the better machine.
You will play 1 game in total, consisting of 100 trials.
<|eot_id|>
<|start_header_id|>user<|end_header_id|>
# Task Parameters
- Trial 35 of 100
- Choose between: 'U' or 'P'
- Possible outcomes: 1 (success) or 0 (failure)

# History
Trial 31:Choice U  → 1 points, Trial 32:Choice U  → 1 points, Trial 33:Choice U  → 1 points, Trial 34:Choice U  → 1 points, Trial 35:Choice U  →  points, 

# Instructions
Respond with **only** one character: 'U' or 'P'. No punctuation, no quotes, no explanation.

Answer:<|start_header_id|>assistant<|end_header_id|>
"
choice,196,U,0.99609375,0.00131988525390625,0.0078125,-0.00621795654296875,"<|begin_of_text|>
<|start_header_id|>system<|end_header_id|>
You are participating in multiple games involving two slot machines, labeled U and P.
Your goal is to choose the slot machines that will give you the most points.
You will receive feedback about the outcome after making a choice.
The environment may change unpredictably, and past success does not guarantee future results.
You’ll need to adapt to these changes to keep finding the better machine.
You will play 1 game in total, consisting of 100 trials.
<|eot_id|>
<|start_header_id|>user<|end_header_id|>
# Task Parameters
- Trial 36 of 100
- Choose between: 'U' or 'P'
- Possible outcomes: 1 (success) or 0 (failure)

# History
Trial 32:Choice U  → 1 points, Trial 33:Choice U  → 1 points, Trial 34:Choice U  → 1 points, Trial 35:Choice U  → 1 points, Trial 36:Choice  → 1 points, 

# Instructions
Respond with **only** one character: 'U' or 'P'. No punctuation, no quotes, no explanation.

Answer:<|start_header_id|>assistant<|end_header_id|>
",36,97197,0.98828125,0.007537841796875,
reward,200,1,0.9453125,0.05322265625,-0.04296875,0.045684814453125,,36,97197,0.98828125,0.007537841796875,"<|begin_of_text|>
<|start_header_id|>system<|end_header_id|>
You are participating in multiple games involving two slot machines, labeled U and P.
Your goal is to choose the slot machines that will give you the most points.
You will receive feedback about the outcome after making a choice.
The environment may change unpredictably, and past success does not guarantee future results.
You’ll need to adapt to these changes to keep finding the better machine.
You will play 1 game in total, consisting of 100 trials.
<|eot_id|>
<|start_header_id|>user<|end_header_id|>
# Task Parameters
- Trial 36 of 100
- Choose between: 'U' or 'P'
- Possible outcomes: 1 (success) or 0 (failure)

# History
Trial 32:Choice U  → 1 points, Trial 33:Choice U  → 1 points, Trial 34:Choice U  → 1 points, Trial 35:Choice U  → 1 points, Trial 36:Choice U  →  points, 

# Instructions
Respond with **only** one character: 'U' or 'P'. No punctuation, no quotes, no explanation.

Answer:<|start_header_id|>assistant<|end_header_id|>
"
choice,196,U,0.99609375,0.001495361328125,0.0078125,-0.00604248046875,"<|begin_of_text|>
<|start_header_id|>system<|end_header_id|>
You are participating in multiple games involving two slot machines, labeled U and P.
Your goal is to choose the slot machines that will give you the most points.
You will receive feedback about the outcome after making a choice.
The environment may change unpredictably, and past success does not guarantee future results.
You’ll need to adapt to these changes to keep finding the better machine.
You will play 1 game in total, consisting of 100 trials.
<|eot_id|>
<|start_header_id|>user<|end_header_id|>
# Task Parameters
- Trial 37 of 100
- Choose between: 'U' or 'P'
- Possible outcomes: 1 (success) or 0 (failure)

# History
Trial 33:Choice U  → 1 points, Trial 34:Choice U  → 1 points, Trial 35:Choice U  → 1 points, Trial 36:Choice U  → 1 points, Trial 37:Choice  → 1 points, 

# Instructions
Respond with **only** one character: 'U' or 'P'. No punctuation, no quotes, no explanation.

Answer:<|start_header_id|>assistant<|end_header_id|>
",37,97197,0.98828125,0.007537841796875,
reward,200,1,0.96484375,0.032958984375,-0.0234375,0.025421142578125,,37,97197,0.98828125,0.007537841796875,"<|begin_of_text|>
<|start_header_id|>system<|end_header_id|>
You are participating in multiple games involving two slot machines, labeled U and P.
Your goal is to choose the slot machines that will give you the most points.
You will receive feedback about the outcome after making a choice.
The environment may change unpredictably, and past success does not guarantee future results.
You’ll need to adapt to these changes to keep finding the better machine.
You will play 1 game in total, consisting of 100 trials.
<|eot_id|>
<|start_header_id|>user<|end_header_id|>
# Task Parameters
- Trial 37 of 100
- Choose between: 'U' or 'P'
- Possible outcomes: 1 (success) or 0 (failure)

# History
Trial 33:Choice U  → 1 points, Trial 34:Choice U  → 1 points, Trial 35:Choice U  → 1 points, Trial 36:Choice U  → 1 points, Trial 37:Choice U  →  points, 

# Instructions
Respond with **only** one character: 'U' or 'P'. No punctuation, no quotes, no explanation.

Answer:<|start_header_id|>assistant<|end_header_id|>
"
choice,196,U,0.99609375,0.0016937255859375,0.00390625,-0.0023651123046875,"<|begin_of_text|>
<|start_header_id|>system<|end_header_id|>
You are participating in multiple games involving two slot machines, labeled U and P.
Your goal is to choose the slot machines that will give you the most points.
You will receive feedback about the outcome after making a choice.
The environment may change unpredictably, and past success does not guarantee future results.
You’ll need to adapt to these changes to keep finding the better machine.
You will play 1 game in total, consisting of 100 trials.
<|eot_id|>
<|start_header_id|>user<|end_header_id|>
# Task Parameters
- Trial 38 of 100
- Choose between: 'U' or 'P'
- Possible outcomes: 1 (success) or 0 (failure)

# History
Trial 34:Choice U  → 1 points, Trial 35:Choice U  → 1 points, Trial 36:Choice U  → 1 points, Trial 37:Choice U  → 1 points, Trial 38:Choice  → 1 points, 

# Instructions
Respond with **only** one character: 'U' or 'P'. No punctuation, no quotes, no explanation.

Answer:<|start_header_id|>assistant<|end_header_id|>
",38,97197,0.9921875,0.004058837890625,
reward,200,1,0.94921875,0.04736328125,-0.04296875,0.043304443359375,,38,97197,0.9921875,0.004058837890625,"<|begin_of_text|>
<|start_header_id|>system<|end_header_id|>
You are participating in multiple games involving two slot machines, labeled U and P.
Your goal is to choose the slot machines that will give you the most points.
You will receive feedback about the outcome after making a choice.
The environment may change unpredictably, and past success does not guarantee future results.
You’ll need to adapt to these changes to keep finding the better machine.
You will play 1 game in total, consisting of 100 trials.
<|eot_id|>
<|start_header_id|>user<|end_header_id|>
# Task Parameters
- Trial 38 of 100
- Choose between: 'U' or 'P'
- Possible outcomes: 1 (success) or 0 (failure)

# History
Trial 34:Choice U  → 1 points, Trial 35:Choice U  → 1 points, Trial 36:Choice U  → 1 points, Trial 37:Choice U  → 1 points, Trial 38:Choice U  →  points, 

# Instructions
Respond with **only** one character: 'U' or 'P'. No punctuation, no quotes, no explanation.

Answer:<|start_header_id|>assistant<|end_header_id|>
"
choice,196,U,0.99609375,0.00116729736328125,0.00390625,-0.00472259521484375,"<|begin_of_text|>
<|start_header_id|>system<|end_header_id|>
You are participating in multiple games involving two slot machines, labeled U and P.
Your goal is to choose the slot machines that will give you the most points.
You will receive feedback about the outcome after making a choice.
The environment may change unpredictably, and past success does not guarantee future results.
You’ll need to adapt to these changes to keep finding the better machine.
You will play 1 game in total, consisting of 100 trials.
<|eot_id|>
<|start_header_id|>user<|end_header_id|>
# Task Parameters
- Trial 39 of 100
- Choose between: 'U' or 'P'
- Possible outcomes: 1 (success) or 0 (failure)

# History
Trial 35:Choice U  → 1 points, Trial 36:Choice U  → 1 points, Trial 37:Choice U  → 1 points, Trial 38:Choice U  → 1 points, Trial 39:Choice  → 1 points, 

# Instructions
Respond with **only** one character: 'U' or 'P'. No punctuation, no quotes, no explanation.

Answer:<|start_header_id|>assistant<|end_header_id|>
",39,97197,0.9921875,0.005889892578125,
reward,200,1,0.96875,0.029296875,-0.0234375,0.023406982421875,,39,97197,0.9921875,0.005889892578125,"<|begin_of_text|>
<|start_header_id|>system<|end_header_id|>
You are participating in multiple games involving two slot machines, labeled U and P.
Your goal is to choose the slot machines that will give you the most points.
You will receive feedback about the outcome after making a choice.
The environment may change unpredictably, and past success does not guarantee future results.
You’ll need to adapt to these changes to keep finding the better machine.
You will play 1 game in total, consisting of 100 trials.
<|eot_id|>
<|start_header_id|>user<|end_header_id|>
# Task Parameters
- Trial 39 of 100
- Choose between: 'U' or 'P'
- Possible outcomes: 1 (success) or 0 (failure)

# History
Trial 35:Choice U  → 1 points, Trial 36:Choice U  → 1 points, Trial 37:Choice U  → 1 points, Trial 38:Choice U  → 1 points, Trial 39:Choice U  →  points, 

# Instructions
Respond with **only** one character: 'U' or 'P'. No punctuation, no quotes, no explanation.

Answer:<|start_header_id|>assistant<|end_header_id|>
"
choice,196,U,0.99609375,0.001495361328125,0.00390625,-0.00439453125,"<|begin_of_text|>
<|start_header_id|>system<|end_header_id|>
You are participating in multiple games involving two slot machines, labeled U and P.
Your goal is to choose the slot machines that will give you the most points.
You will receive feedback about the outcome after making a choice.
The environment may change unpredictably, and past success does not guarantee future results.
You’ll need to adapt to these changes to keep finding the better machine.
You will play 1 game in total, consisting of 100 trials.
<|eot_id|>
<|start_header_id|>user<|end_header_id|>
# Task Parameters
- Trial 40 of 100
- Choose between: 'U' or 'P'
- Possible outcomes: 1 (success) or 0 (failure)

# History
Trial 36:Choice U  → 1 points, Trial 37:Choice U  → 1 points, Trial 38:Choice U  → 1 points, Trial 39:Choice U  → 1 points, Trial 40:Choice  → 1 points, 

# Instructions
Respond with **only** one character: 'U' or 'P'. No punctuation, no quotes, no explanation.

Answer:<|start_header_id|>assistant<|end_header_id|>
",40,97197,0.9921875,0.005889892578125,
reward,200,1,0.9609375,0.037353515625,-0.03125,0.031463623046875,,40,97197,0.9921875,0.005889892578125,"<|begin_of_text|>
<|start_header_id|>system<|end_header_id|>
You are participating in multiple games involving two slot machines, labeled U and P.
Your goal is to choose the slot machines that will give you the most points.
You will receive feedback about the outcome after making a choice.
The environment may change unpredictably, and past success does not guarantee future results.
You’ll need to adapt to these changes to keep finding the better machine.
You will play 1 game in total, consisting of 100 trials.
<|eot_id|>
<|start_header_id|>user<|end_header_id|>
# Task Parameters
- Trial 40 of 100
- Choose between: 'U' or 'P'
- Possible outcomes: 1 (success) or 0 (failure)

# History
Trial 36:Choice U  → 1 points, Trial 37:Choice U  → 1 points, Trial 38:Choice U  → 1 points, Trial 39:Choice U  → 1 points, Trial 40:Choice U  →  points, 

# Instructions
Respond with **only** one character: 'U' or 'P'. No punctuation, no quotes, no explanation.

Answer:<|start_header_id|>assistant<|end_header_id|>
"
choice,196,U,0.99609375,0.001495361328125,0.0078125,-0.00604248046875,"<|begin_of_text|>
<|start_header_id|>system<|end_header_id|>
You are participating in multiple games involving two slot machines, labeled U and P.
Your goal is to choose the slot machines that will give you the most points.
You will receive feedback about the outcome after making a choice.
The environment may change unpredictably, and past success does not guarantee future results.
You’ll need to adapt to these changes to keep finding the better machine.
You will play 1 game in total, consisting of 100 trials.
<|eot_id|>
<|start_header_id|>user<|end_header_id|>
# Task Parameters
- Trial 41 of 100
- Choose between: 'U' or 'P'
- Possible outcomes: 1 (success) or 0 (failure)

# History
Trial 37:Choice U  → 1 points, Trial 38:Choice U  → 1 points, Trial 39:Choice U  → 1 points, Trial 40:Choice U  → 1 points, Trial 41:Choice  → 1 points, 

# Instructions
Respond with **only** one character: 'U' or 'P'. No punctuation, no quotes, no explanation.

Answer:<|start_header_id|>assistant<|end_header_id|>
",41,97197,0.98828125,0.007537841796875,
reward,200,1,0.96484375,0.032958984375,-0.0234375,0.025421142578125,,41,97197,0.98828125,0.007537841796875,"<|begin_of_text|>
<|start_header_id|>system<|end_header_id|>
You are participating in multiple games involving two slot machines, labeled U and P.
Your goal is to choose the slot machines that will give you the most points.
You will receive feedback about the outcome after making a choice.
The environment may change unpredictably, and past success does not guarantee future results.
You’ll need to adapt to these changes to keep finding the better machine.
You will play 1 game in total, consisting of 100 trials.
<|eot_id|>
<|start_header_id|>user<|end_header_id|>
# Task Parameters
- Trial 41 of 100
- Choose between: 'U' or 'P'
- Possible outcomes: 1 (success) or 0 (failure)

# History
Trial 37:Choice U  → 1 points, Trial 38:Choice U  → 1 points, Trial 39:Choice U  → 1 points, Trial 40:Choice U  → 1 points, Trial 41:Choice U  →  points, 

# Instructions
Respond with **only** one character: 'U' or 'P'. No punctuation, no quotes, no explanation.

Answer:<|start_header_id|>assistant<|end_header_id|>
"
choice,196,U,0.99609375,0.001922607421875,0.0078125,-0.006622314453125,"<|begin_of_text|>
<|start_header_id|>system<|end_header_id|>
You are participating in multiple games involving two slot machines, labeled U and P.
Your goal is to choose the slot machines that will give you the most points.
You will receive feedback about the outcome after making a choice.
The environment may change unpredictably, and past success does not guarantee future results.
You’ll need to adapt to these changes to keep finding the better machine.
You will play 1 game in total, consisting of 100 trials.
<|eot_id|>
<|start_header_id|>user<|end_header_id|>
# Task Parameters
- Trial 42 of 100
- Choose between: 'U' or 'P'
- Possible outcomes: 1 (success) or 0 (failure)

# History
Trial 38:Choice U  → 1 points, Trial 39:Choice U  → 1 points, Trial 40:Choice U  → 1 points, Trial 41:Choice U  → 1 points, Trial 42:Choice  → 1 points, 

# Instructions
Respond with **only** one character: 'U' or 'P'. No punctuation, no quotes, no explanation.

Answer:<|start_header_id|>assistant<|end_header_id|>
",42,97197,0.98828125,0.008544921875,
reward,200,1,0.9140625,0.0849609375,-0.07421875,0.076416015625,,42,97197,0.98828125,0.008544921875,"<|begin_of_text|>
<|start_header_id|>system<|end_header_id|>
You are participating in multiple games involving two slot machines, labeled U and P.
Your goal is to choose the slot machines that will give you the most points.
You will receive feedback about the outcome after making a choice.
The environment may change unpredictably, and past success does not guarantee future results.
You’ll need to adapt to these changes to keep finding the better machine.
You will play 1 game in total, consisting of 100 trials.
<|eot_id|>
<|start_header_id|>user<|end_header_id|>
# Task Parameters
- Trial 42 of 100
- Choose between: 'U' or 'P'
- Possible outcomes: 1 (success) or 0 (failure)

# History
Trial 38:Choice U  → 1 points, Trial 39:Choice U  → 1 points, Trial 40:Choice U  → 1 points, Trial 41:Choice U  → 1 points, Trial 42:Choice U  →  points, 

# Instructions
Respond with **only** one character: 'U' or 'P'. No punctuation, no quotes, no explanation.

Answer:<|start_header_id|>assistant<|end_header_id|>
"
choice,196,U,0.99609375,0.0021820068359375,0.0078125,-0.0037078857421875,"<|begin_of_text|>
<|start_header_id|>system<|end_header_id|>
You are participating in multiple games involving two slot machines, labeled U and P.
Your goal is to choose the slot machines that will give you the most points.
You will receive feedback about the outcome after making a choice.
The environment may change unpredictably, and past success does not guarantee future results.
You’ll need to adapt to these changes to keep finding the better machine.
You will play 1 game in total, consisting of 100 trials.
<|eot_id|>
<|start_header_id|>user<|end_header_id|>
# Task Parameters
- Trial 43 of 100
- Choose between: 'U' or 'P'
- Possible outcomes: 1 (success) or 0 (failure)

# History
Trial 39:Choice U  → 1 points, Trial 40:Choice U  → 1 points, Trial 41:Choice U  → 1 points, Trial 42:Choice U  → 1 points, Trial 43:Choice  → 1 points, 

# Instructions
Respond with **only** one character: 'U' or 'P'. No punctuation, no quotes, no explanation.

Answer:<|start_header_id|>assistant<|end_header_id|>
",43,97197,0.98828125,0.005889892578125,
reward,200,1,0.9609375,0.037353515625,-0.02734375,0.031463623046875,,43,97197,0.98828125,0.005889892578125,"<|begin_of_text|>
<|start_header_id|>system<|end_header_id|>
You are participating in multiple games involving two slot machines, labeled U and P.
Your goal is to choose the slot machines that will give you the most points.
You will receive feedback about the outcome after making a choice.
The environment may change unpredictably, and past success does not guarantee future results.
You’ll need to adapt to these changes to keep finding the better machine.
You will play 1 game in total, consisting of 100 trials.
<|eot_id|>
<|start_header_id|>user<|end_header_id|>
# Task Parameters
- Trial 43 of 100
- Choose between: 'U' or 'P'
- Possible outcomes: 1 (success) or 0 (failure)

# History
Trial 39:Choice U  → 1 points, Trial 40:Choice U  → 1 points, Trial 41:Choice U  → 1 points, Trial 42:Choice U  → 1 points, Trial 43:Choice U  →  points, 

# Instructions
Respond with **only** one character: 'U' or 'P'. No punctuation, no quotes, no explanation.

Answer:<|start_header_id|>assistant<|end_header_id|>
"
choice,196,U,0.99609375,0.001495361328125,0.0078125,-0.007049560546875,"<|begin_of_text|>
<|start_header_id|>system<|end_header_id|>
You are participating in multiple games involving two slot machines, labeled U and P.
Your goal is to choose the slot machines that will give you the most points.
You will receive feedback about the outcome after making a choice.
The environment may change unpredictably, and past success does not guarantee future results.
You’ll need to adapt to these changes to keep finding the better machine.
You will play 1 game in total, consisting of 100 trials.
<|eot_id|>
<|start_header_id|>user<|end_header_id|>
# Task Parameters
- Trial 44 of 100
- Choose between: 'U' or 'P'
- Possible outcomes: 1 (success) or 0 (failure)

# History
Trial 40:Choice U  → 1 points, Trial 41:Choice U  → 1 points, Trial 42:Choice U  → 1 points, Trial 43:Choice U  → 1 points, Trial 44:Choice  → 1 points, 

# Instructions
Respond with **only** one character: 'U' or 'P'. No punctuation, no quotes, no explanation.

Answer:<|start_header_id|>assistant<|end_header_id|>
",44,97197,0.98828125,0.008544921875,
reward,200,1,0.95703125,0.0419921875,-0.03125,0.033447265625,,44,97197,0.98828125,0.008544921875,"<|begin_of_text|>
<|start_header_id|>system<|end_header_id|>
You are participating in multiple games involving two slot machines, labeled U and P.
Your goal is to choose the slot machines that will give you the most points.
You will receive feedback about the outcome after making a choice.
The environment may change unpredictably, and past success does not guarantee future results.
You’ll need to adapt to these changes to keep finding the better machine.
You will play 1 game in total, consisting of 100 trials.
<|eot_id|>
<|start_header_id|>user<|end_header_id|>
# Task Parameters
- Trial 44 of 100
- Choose between: 'U' or 'P'
- Possible outcomes: 1 (success) or 0 (failure)

# History
Trial 40:Choice U  → 1 points, Trial 41:Choice U  → 1 points, Trial 42:Choice U  → 1 points, Trial 43:Choice U  → 1 points, Trial 44:Choice U  →  points, 

# Instructions
Respond with **only** one character: 'U' or 'P'. No punctuation, no quotes, no explanation.

Answer:<|start_header_id|>assistant<|end_header_id|>
"
choice,196,U,0.99609375,0.0016937255859375,0.0078125,-0.0068511962890625,"<|begin_of_text|>
<|start_header_id|>system<|end_header_id|>
You are participating in multiple games involving two slot machines, labeled U and P.
Your goal is to choose the slot machines that will give you the most points.
You will receive feedback about the outcome after making a choice.
The environment may change unpredictably, and past success does not guarantee future results.
You’ll need to adapt to these changes to keep finding the better machine.
You will play 1 game in total, consisting of 100 trials.
<|eot_id|>
<|start_header_id|>user<|end_header_id|>
# Task Parameters
- Trial 45 of 100
- Choose between: 'U' or 'P'
- Possible outcomes: 1 (success) or 0 (failure)

# History
Trial 41:Choice U  → 1 points, Trial 42:Choice U  → 1 points, Trial 43:Choice U  → 1 points, Trial 44:Choice U  → 1 points, Trial 45:Choice  → 1 points, 

# Instructions
Respond with **only** one character: 'U' or 'P'. No punctuation, no quotes, no explanation.

Answer:<|start_header_id|>assistant<|end_header_id|>
",45,97197,0.98828125,0.008544921875,
reward,200,1,0.96875,0.029296875,-0.01953125,0.020751953125,,45,97197,0.98828125,0.008544921875,"<|begin_of_text|>
<|start_header_id|>system<|end_header_id|>
You are participating in multiple games involving two slot machines, labeled U and P.
Your goal is to choose the slot machines that will give you the most points.
You will receive feedback about the outcome after making a choice.
The environment may change unpredictably, and past success does not guarantee future results.
You’ll need to adapt to these changes to keep finding the better machine.
You will play 1 game in total, consisting of 100 trials.
<|eot_id|>
<|start_header_id|>user<|end_header_id|>
# Task Parameters
- Trial 45 of 100
- Choose between: 'U' or 'P'
- Possible outcomes: 1 (success) or 0 (failure)

# History
Trial 41:Choice U  → 1 points, Trial 42:Choice U  → 1 points, Trial 43:Choice U  → 1 points, Trial 44:Choice U  → 1 points, Trial 45:Choice U  →  points, 

# Instructions
Respond with **only** one character: 'U' or 'P'. No punctuation, no quotes, no explanation.

Answer:<|start_header_id|>assistant<|end_header_id|>
"
choice,196,U,0.99609375,0.001922607421875,0.0078125,-0.0047607421875,"<|begin_of_text|>
<|start_header_id|>system<|end_header_id|>
You are participating in multiple games involving two slot machines, labeled U and P.
Your goal is to choose the slot machines that will give you the most points.
You will receive feedback about the outcome after making a choice.
The environment may change unpredictably, and past success does not guarantee future results.
You’ll need to adapt to these changes to keep finding the better machine.
You will play 1 game in total, consisting of 100 trials.
<|eot_id|>
<|start_header_id|>user<|end_header_id|>
# Task Parameters
- Trial 46 of 100
- Choose between: 'U' or 'P'
- Possible outcomes: 1 (success) or 0 (failure)

# History
Trial 42:Choice U  → 1 points, Trial 43:Choice U  → 1 points, Trial 44:Choice U  → 1 points, Trial 45:Choice U  → 1 points, Trial 46:Choice  → 1 points, 

# Instructions
Respond with **only** one character: 'U' or 'P'. No punctuation, no quotes, no explanation.

Answer:<|start_header_id|>assistant<|end_header_id|>
",46,97197,0.98828125,0.006683349609375,
reward,200,1,0.9453125,0.05322265625,-0.04296875,0.046539306640625,,46,97197,0.98828125,0.006683349609375,"<|begin_of_text|>
<|start_header_id|>system<|end_header_id|>
You are participating in multiple games involving two slot machines, labeled U and P.
Your goal is to choose the slot machines that will give you the most points.
You will receive feedback about the outcome after making a choice.
The environment may change unpredictably, and past success does not guarantee future results.
You’ll need to adapt to these changes to keep finding the better machine.
You will play 1 game in total, consisting of 100 trials.
<|eot_id|>
<|start_header_id|>user<|end_header_id|>
# Task Parameters
- Trial 46 of 100
- Choose between: 'U' or 'P'
- Possible outcomes: 1 (success) or 0 (failure)

# History
Trial 42:Choice U  → 1 points, Trial 43:Choice U  → 1 points, Trial 44:Choice U  → 1 points, Trial 45:Choice U  → 1 points, Trial 46:Choice U  →  points, 

# Instructions
Respond with **only** one character: 'U' or 'P'. No punctuation, no quotes, no explanation.

Answer:<|start_header_id|>assistant<|end_header_id|>
"
choice,196,U,0.99609375,0.001922607421875,0.0078125,-0.00396728515625,"<|begin_of_text|>
<|start_header_id|>system<|end_header_id|>
You are participating in multiple games involving two slot machines, labeled U and P.
Your goal is to choose the slot machines that will give you the most points.
You will receive feedback about the outcome after making a choice.
The environment may change unpredictably, and past success does not guarantee future results.
You’ll need to adapt to these changes to keep finding the better machine.
You will play 1 game in total, consisting of 100 trials.
<|eot_id|>
<|start_header_id|>user<|end_header_id|>
# Task Parameters
- Trial 47 of 100
- Choose between: 'U' or 'P'
- Possible outcomes: 1 (success) or 0 (failure)

# History
Trial 43:Choice U  → 1 points, Trial 44:Choice U  → 1 points, Trial 45:Choice U  → 1 points, Trial 46:Choice U  → 1 points, Trial 47:Choice  → 1 points, 

# Instructions
Respond with **only** one character: 'U' or 'P'. No punctuation, no quotes, no explanation.

Answer:<|start_header_id|>assistant<|end_header_id|>
",47,97197,0.98828125,0.005889892578125,
reward,200,1,0.96875,0.029296875,-0.01953125,0.023406982421875,,47,97197,0.98828125,0.005889892578125,"<|begin_of_text|>
<|start_header_id|>system<|end_header_id|>
You are participating in multiple games involving two slot machines, labeled U and P.
Your goal is to choose the slot machines that will give you the most points.
You will receive feedback about the outcome after making a choice.
The environment may change unpredictably, and past success does not guarantee future results.
You’ll need to adapt to these changes to keep finding the better machine.
You will play 1 game in total, consisting of 100 trials.
<|eot_id|>
<|start_header_id|>user<|end_header_id|>
# Task Parameters
- Trial 47 of 100
- Choose between: 'U' or 'P'
- Possible outcomes: 1 (success) or 0 (failure)

# History
Trial 43:Choice U  → 1 points, Trial 44:Choice U  → 1 points, Trial 45:Choice U  → 1 points, Trial 46:Choice U  → 1 points, Trial 47:Choice U  →  points, 

# Instructions
Respond with **only** one character: 'U' or 'P'. No punctuation, no quotes, no explanation.

Answer:<|start_header_id|>assistant<|end_header_id|>
"
choice,196,U,0.99609375,0.001495361328125,0.00390625,-0.003692626953125,"<|begin_of_text|>
<|start_header_id|>system<|end_header_id|>
You are participating in multiple games involving two slot machines, labeled U and P.
Your goal is to choose the slot machines that will give you the most points.
You will receive feedback about the outcome after making a choice.
The environment may change unpredictably, and past success does not guarantee future results.
You’ll need to adapt to these changes to keep finding the better machine.
You will play 1 game in total, consisting of 100 trials.
<|eot_id|>
<|start_header_id|>user<|end_header_id|>
# Task Parameters
- Trial 48 of 100
- Choose between: 'U' or 'P'
- Possible outcomes: 1 (success) or 0 (failure)

# History
Trial 44:Choice U  → 1 points, Trial 45:Choice U  → 1 points, Trial 46:Choice U  → 1 points, Trial 47:Choice U  → 1 points, Trial 48:Choice  → 1 points, 

# Instructions
Respond with **only** one character: 'U' or 'P'. No punctuation, no quotes, no explanation.

Answer:<|start_header_id|>assistant<|end_header_id|>
",48,97197,0.9921875,0.00518798828125,
reward,200,1,0.97265625,0.02587890625,-0.01953125,0.02069091796875,,48,97197,0.9921875,0.00518798828125,"<|begin_of_text|>
<|start_header_id|>system<|end_header_id|>
You are participating in multiple games involving two slot machines, labeled U and P.
Your goal is to choose the slot machines that will give you the most points.
You will receive feedback about the outcome after making a choice.
The environment may change unpredictably, and past success does not guarantee future results.
You’ll need to adapt to these changes to keep finding the better machine.
You will play 1 game in total, consisting of 100 trials.
<|eot_id|>
<|start_header_id|>user<|end_header_id|>
# Task Parameters
- Trial 48 of 100
- Choose between: 'U' or 'P'
- Possible outcomes: 1 (success) or 0 (failure)

# History
Trial 44:Choice U  → 1 points, Trial 45:Choice U  → 1 points, Trial 46:Choice U  → 1 points, Trial 47:Choice U  → 1 points, Trial 48:Choice U  →  points, 

# Instructions
Respond with **only** one character: 'U' or 'P'. No punctuation, no quotes, no explanation.

Answer:<|start_header_id|>assistant<|end_header_id|>
"
choice,196,U,0.99609375,0.0021820068359375,0.0078125,-0.0074615478515625,"<|begin_of_text|>
<|start_header_id|>system<|end_header_id|>
You are participating in multiple games involving two slot machines, labeled U and P.
Your goal is to choose the slot machines that will give you the most points.
You will receive feedback about the outcome after making a choice.
The environment may change unpredictably, and past success does not guarantee future results.
You’ll need to adapt to these changes to keep finding the better machine.
You will play 1 game in total, consisting of 100 trials.
<|eot_id|>
<|start_header_id|>user<|end_header_id|>
# Task Parameters
- Trial 49 of 100
- Choose between: 'U' or 'P'
- Possible outcomes: 1 (success) or 0 (failure)

# History
Trial 45:Choice U  → 1 points, Trial 46:Choice U  → 1 points, Trial 47:Choice U  → 1 points, Trial 48:Choice U  → 1 points, Trial 49:Choice  → 1 points, 

# Instructions
Respond with **only** one character: 'U' or 'P'. No punctuation, no quotes, no explanation.

Answer:<|start_header_id|>assistant<|end_header_id|>
",49,97197,0.98828125,0.0096435546875,
reward,200,1,0.9765625,0.02294921875,-0.01171875,0.0133056640625,,49,97197,0.98828125,0.0096435546875,"<|begin_of_text|>
<|start_header_id|>system<|end_header_id|>
You are participating in multiple games involving two slot machines, labeled U and P.
Your goal is to choose the slot machines that will give you the most points.
You will receive feedback about the outcome after making a choice.
The environment may change unpredictably, and past success does not guarantee future results.
You’ll need to adapt to these changes to keep finding the better machine.
You will play 1 game in total, consisting of 100 trials.
<|eot_id|>
<|start_header_id|>user<|end_header_id|>
# Task Parameters
- Trial 49 of 100
- Choose between: 'U' or 'P'
- Possible outcomes: 1 (success) or 0 (failure)

# History
Trial 45:Choice U  → 1 points, Trial 46:Choice U  → 1 points, Trial 47:Choice U  → 1 points, Trial 48:Choice U  → 1 points, Trial 49:Choice U  →  points, 

# Instructions
Respond with **only** one character: 'U' or 'P'. No punctuation, no quotes, no explanation.

Answer:<|start_header_id|>assistant<|end_header_id|>
"
choice,196,P,0.99609375,0.001495361328125,0.794921875,-0.795379638671875,"<|begin_of_text|>
<|start_header_id|>system<|end_header_id|>
You are participating in multiple games involving two slot machines, labeled U and P.
Your goal is to choose the slot machines that will give you the most points.
You will receive feedback about the outcome after making a choice.
The environment may change unpredictably, and past success does not guarantee future results.
You’ll need to adapt to these changes to keep finding the better machine.
You will play 1 game in total, consisting of 100 trials.
<|eot_id|>
<|start_header_id|>user<|end_header_id|>
# Task Parameters
- Trial 50 of 100
- Choose between: 'U' or 'P'
- Possible outcomes: 1 (success) or 0 (failure)

# History
Trial 46:Choice U  → 1 points, Trial 47:Choice U  → 1 points, Trial 48:Choice U  → 1 points, Trial 49:Choice U  → 1 points, Trial 50:Choice  → 1 points, 

# Instructions
Respond with **only** one character: 'U' or 'P'. No punctuation, no quotes, no explanation.

Answer:<|start_header_id|>assistant<|end_header_id|>
",50,97197,0.201171875,0.796875,
reward,200,1,0.796875,0.201171875,0.595703125,-0.595703125,,50,97197,0.201171875,0.796875,"<|begin_of_text|>
<|start_header_id|>system<|end_header_id|>
You are participating in multiple games involving two slot machines, labeled U and P.
Your goal is to choose the slot machines that will give you the most points.
You will receive feedback about the outcome after making a choice.
The environment may change unpredictably, and past success does not guarantee future results.
You’ll need to adapt to these changes to keep finding the better machine.
You will play 1 game in total, consisting of 100 trials.
<|eot_id|>
<|start_header_id|>user<|end_header_id|>
# Task Parameters
- Trial 50 of 100
- Choose between: 'U' or 'P'
- Possible outcomes: 1 (success) or 0 (failure)

# History
Trial 46:Choice U  → 1 points, Trial 47:Choice U  → 1 points, Trial 48:Choice U  → 1 points, Trial 49:Choice U  → 1 points, Trial 50:Choice P  →  points, 

# Instructions
Respond with **only** one character: 'U' or 'P'. No punctuation, no quotes, no explanation.

Answer:<|start_header_id|>assistant<|end_header_id|>
"
choice,196,U,0.58984375,0.40625,-0.28515625,0.28759765625,"<|begin_of_text|>
<|start_header_id|>system<|end_header_id|>
You are participating in multiple games involving two slot machines, labeled U and P.
Your goal is to choose the slot machines that will give you the most points.
You will receive feedback about the outcome after making a choice.
The environment may change unpredictably, and past success does not guarantee future results.
You’ll need to adapt to these changes to keep finding the better machine.
You will play 1 game in total, consisting of 100 trials.
<|eot_id|>
<|start_header_id|>user<|end_header_id|>
# Task Parameters
- Trial 51 of 100
- Choose between: 'U' or 'P'
- Possible outcomes: 1 (success) or 0 (failure)

# History
Trial 47:Choice U  → 1 points, Trial 48:Choice U  → 1 points, Trial 49:Choice U  → 1 points, Trial 50:Choice P  → 1 points, Trial 51:Choice  → 1 points, 

# Instructions
Respond with **only** one character: 'U' or 'P'. No punctuation, no quotes, no explanation.

Answer:<|start_header_id|>assistant<|end_header_id|>
",51,97197,0.875,0.11865234375,
reward,200,1,0.62109375,0.376953125,-0.25390625,0.25830078125,,51,97197,0.875,0.11865234375,"<|begin_of_text|>
<|start_header_id|>system<|end_header_id|>
You are participating in multiple games involving two slot machines, labeled U and P.
Your goal is to choose the slot machines that will give you the most points.
You will receive feedback about the outcome after making a choice.
The environment may change unpredictably, and past success does not guarantee future results.
You’ll need to adapt to these changes to keep finding the better machine.
You will play 1 game in total, consisting of 100 trials.
<|eot_id|>
<|start_header_id|>user<|end_header_id|>
# Task Parameters
- Trial 51 of 100
- Choose between: 'U' or 'P'
- Possible outcomes: 1 (success) or 0 (failure)

# History
Trial 47:Choice U  → 1 points, Trial 48:Choice U  → 1 points, Trial 49:Choice U  → 1 points, Trial 50:Choice P  → 1 points, Trial 51:Choice U  →  points, 

# Instructions
Respond with **only** one character: 'U' or 'P'. No punctuation, no quotes, no explanation.

Answer:<|start_header_id|>assistant<|end_header_id|>
"
choice,196,U,0.86328125,0.1328125,-0.0546875,0.05712890625,"<|begin_of_text|>
<|start_header_id|>system<|end_header_id|>
You are participating in multiple games involving two slot machines, labeled U and P.
Your goal is to choose the slot machines that will give you the most points.
You will receive feedback about the outcome after making a choice.
The environment may change unpredictably, and past success does not guarantee future results.
You’ll need to adapt to these changes to keep finding the better machine.
You will play 1 game in total, consisting of 100 trials.
<|eot_id|>
<|start_header_id|>user<|end_header_id|>
# Task Parameters
- Trial 52 of 100
- Choose between: 'U' or 'P'
- Possible outcomes: 1 (success) or 0 (failure)

# History
Trial 48:Choice U  → 1 points, Trial 49:Choice U  → 1 points, Trial 50:Choice P  → 1 points, Trial 51:Choice U  → 1 points, Trial 52:Choice  → 1 points, 

# Instructions
Respond with **only** one character: 'U' or 'P'. No punctuation, no quotes, no explanation.

Answer:<|start_header_id|>assistant<|end_header_id|>
",52,97197,0.91796875,0.07568359375,
reward,200,1,0.6796875,0.3203125,-0.23828125,0.24462890625,,52,97197,0.91796875,0.07568359375,"<|begin_of_text|>
<|start_header_id|>system<|end_header_id|>
You are participating in multiple games involving two slot machines, labeled U and P.
Your goal is to choose the slot machines that will give you the most points.
You will receive feedback about the outcome after making a choice.
The environment may change unpredictably, and past success does not guarantee future results.
You’ll need to adapt to these changes to keep finding the better machine.
You will play 1 game in total, consisting of 100 trials.
<|eot_id|>
<|start_header_id|>user<|end_header_id|>
# Task Parameters
- Trial 52 of 100
- Choose between: 'U' or 'P'
- Possible outcomes: 1 (success) or 0 (failure)

# History
Trial 48:Choice U  → 1 points, Trial 49:Choice U  → 1 points, Trial 50:Choice P  → 1 points, Trial 51:Choice U  → 1 points, Trial 52:Choice U  →  points, 

# Instructions
Respond with **only** one character: 'U' or 'P'. No punctuation, no quotes, no explanation.

Answer:<|start_header_id|>assistant<|end_header_id|>
"
choice,196,U,0.53125,0.46875,0.263671875,-0.26171875,"<|begin_of_text|>
<|start_header_id|>system<|end_header_id|>
You are participating in multiple games involving two slot machines, labeled U and P.
Your goal is to choose the slot machines that will give you the most points.
You will receive feedback about the outcome after making a choice.
The environment may change unpredictably, and past success does not guarantee future results.
You’ll need to adapt to these changes to keep finding the better machine.
You will play 1 game in total, consisting of 100 trials.
<|eot_id|>
<|start_header_id|>user<|end_header_id|>
# Task Parameters
- Trial 53 of 100
- Choose between: 'U' or 'P'
- Possible outcomes: 1 (success) or 0 (failure)

# History
Trial 49:Choice U  → 1 points, Trial 50:Choice P  → 1 points, Trial 51:Choice U  → 1 points, Trial 52:Choice U  → 1 points, Trial 53:Choice  → 0 points, 

# Instructions
Respond with **only** one character: 'U' or 'P'. No punctuation, no quotes, no explanation.

Answer:<|start_header_id|>assistant<|end_header_id|>
",53,97197,0.267578125,0.73046875,
reward,200,0,0.90234375,0.09521484375,0.634765625,-0.63525390625,,53,97197,0.267578125,0.73046875,"<|begin_of_text|>
<|start_header_id|>system<|end_header_id|>
You are participating in multiple games involving two slot machines, labeled U and P.
Your goal is to choose the slot machines that will give you the most points.
You will receive feedback about the outcome after making a choice.
The environment may change unpredictably, and past success does not guarantee future results.
You’ll need to adapt to these changes to keep finding the better machine.
You will play 1 game in total, consisting of 100 trials.
<|eot_id|>
<|start_header_id|>user<|end_header_id|>
# Task Parameters
- Trial 53 of 100
- Choose between: 'U' or 'P'
- Possible outcomes: 1 (success) or 0 (failure)

# History
Trial 49:Choice U  → 1 points, Trial 50:Choice P  → 1 points, Trial 51:Choice U  → 1 points, Trial 52:Choice U  → 1 points, Trial 53:Choice U  →  points, 

# Instructions
Respond with **only** one character: 'U' or 'P'. No punctuation, no quotes, no explanation.

Answer:<|start_header_id|>assistant<|end_header_id|>
"
choice,196,U,0.26953125,0.73046875,0.236572265625,-0.234375,"<|begin_of_text|>
<|start_header_id|>system<|end_header_id|>
You are participating in multiple games involving two slot machines, labeled U and P.
Your goal is to choose the slot machines that will give you the most points.
You will receive feedback about the outcome after making a choice.
The environment may change unpredictably, and past success does not guarantee future results.
You’ll need to adapt to these changes to keep finding the better machine.
You will play 1 game in total, consisting of 100 trials.
<|eot_id|>
<|start_header_id|>user<|end_header_id|>
# Task Parameters
- Trial 54 of 100
- Choose between: 'U' or 'P'
- Possible outcomes: 1 (success) or 0 (failure)

# History
Trial 50:Choice P  → 1 points, Trial 51:Choice U  → 1 points, Trial 52:Choice U  → 1 points, Trial 53:Choice U  → 0 points, Trial 54:Choice  → 0 points, 

# Instructions
Respond with **only** one character: 'U' or 'P'. No punctuation, no quotes, no explanation.

Answer:<|start_header_id|>assistant<|end_header_id|>
",54,97197,0.032958984375,0.96484375,
reward,200,0,0.119140625,0.87890625,0.086181640625,-0.0859375,,54,97197,0.032958984375,0.96484375,"<|begin_of_text|>
<|start_header_id|>system<|end_header_id|>
You are participating in multiple games involving two slot machines, labeled U and P.
Your goal is to choose the slot machines that will give you the most points.
You will receive feedback about the outcome after making a choice.
The environment may change unpredictably, and past success does not guarantee future results.
You’ll need to adapt to these changes to keep finding the better machine.
You will play 1 game in total, consisting of 100 trials.
<|eot_id|>
<|start_header_id|>user<|end_header_id|>
# Task Parameters
- Trial 54 of 100
- Choose between: 'U' or 'P'
- Possible outcomes: 1 (success) or 0 (failure)

# History
Trial 50:Choice P  → 1 points, Trial 51:Choice U  → 1 points, Trial 52:Choice U  → 1 points, Trial 53:Choice U  → 0 points, Trial 54:Choice U  →  points, 

# Instructions
Respond with **only** one character: 'U' or 'P'. No punctuation, no quotes, no explanation.

Answer:<|start_header_id|>assistant<|end_header_id|>
"
choice,196,U,0.0419921875,0.95703125,0.036773681640625,-0.03515625,"<|begin_of_text|>
<|start_header_id|>system<|end_header_id|>
You are participating in multiple games involving two slot machines, labeled U and P.
Your goal is to choose the slot machines that will give you the most points.
You will receive feedback about the outcome after making a choice.
The environment may change unpredictably, and past success does not guarantee future results.
You’ll need to adapt to these changes to keep finding the better machine.
You will play 1 game in total, consisting of 100 trials.
<|eot_id|>
<|start_header_id|>user<|end_header_id|>
# Task Parameters
- Trial 55 of 100
- Choose between: 'U' or 'P'
- Possible outcomes: 1 (success) or 0 (failure)

# History
Trial 51:Choice U  → 1 points, Trial 52:Choice U  → 1 points, Trial 53:Choice U  → 0 points, Trial 54:Choice U  → 0 points, Trial 55:Choice  → 0 points, 

# Instructions
Respond with **only** one character: 'U' or 'P'. No punctuation, no quotes, no explanation.

Answer:<|start_header_id|>assistant<|end_header_id|>
",55,97197,0.005218505859375,0.9921875,
reward,200,0,0.02294921875,0.9765625,0.017730712890625,-0.015625,,55,97197,0.005218505859375,0.9921875,"<|begin_of_text|>
<|start_header_id|>system<|end_header_id|>
You are participating in multiple games involving two slot machines, labeled U and P.
Your goal is to choose the slot machines that will give you the most points.
You will receive feedback about the outcome after making a choice.
The environment may change unpredictably, and past success does not guarantee future results.
You’ll need to adapt to these changes to keep finding the better machine.
You will play 1 game in total, consisting of 100 trials.
<|eot_id|>
<|start_header_id|>user<|end_header_id|>
# Task Parameters
- Trial 55 of 100
- Choose between: 'U' or 'P'
- Possible outcomes: 1 (success) or 0 (failure)

# History
Trial 51:Choice U  → 1 points, Trial 52:Choice U  → 1 points, Trial 53:Choice U  → 0 points, Trial 54:Choice U  → 0 points, Trial 55:Choice U  →  points, 

# Instructions
Respond with **only** one character: 'U' or 'P'. No punctuation, no quotes, no explanation.

Answer:<|start_header_id|>assistant<|end_header_id|>
"
choice,196,P,0.0849609375,0.91015625,0.0670166015625,-0.0703125,"<|begin_of_text|>
<|start_header_id|>system<|end_header_id|>
You are participating in multiple games involving two slot machines, labeled U and P.
Your goal is to choose the slot machines that will give you the most points.
You will receive feedback about the outcome after making a choice.
The environment may change unpredictably, and past success does not guarantee future results.
You’ll need to adapt to these changes to keep finding the better machine.
You will play 1 game in total, consisting of 100 trials.
<|eot_id|>
<|start_header_id|>user<|end_header_id|>
# Task Parameters
- Trial 56 of 100
- Choose between: 'U' or 'P'
- Possible outcomes: 1 (success) or 0 (failure)

# History
Trial 52:Choice U  → 1 points, Trial 53:Choice U  → 0 points, Trial 54:Choice U  → 0 points, Trial 55:Choice U  → 0 points, Trial 56:Choice  → 1 points, 

# Instructions
Respond with **only** one character: 'U' or 'P'. No punctuation, no quotes, no explanation.

Answer:<|start_header_id|>assistant<|end_header_id|>
",56,97197,0.0179443359375,0.98046875,
reward,200,1,0.1064453125,0.890625,0.0885009765625,-0.08984375,,56,97197,0.0179443359375,0.98046875,"<|begin_of_text|>
<|start_header_id|>system<|end_header_id|>
You are participating in multiple games involving two slot machines, labeled U and P.
Your goal is to choose the slot machines that will give you the most points.
You will receive feedback about the outcome after making a choice.
The environment may change unpredictably, and past success does not guarantee future results.
You’ll need to adapt to these changes to keep finding the better machine.
You will play 1 game in total, consisting of 100 trials.
<|eot_id|>
<|start_header_id|>user<|end_header_id|>
# Task Parameters
- Trial 56 of 100
- Choose between: 'U' or 'P'
- Possible outcomes: 1 (success) or 0 (failure)

# History
Trial 52:Choice U  → 1 points, Trial 53:Choice U  → 0 points, Trial 54:Choice U  → 0 points, Trial 55:Choice U  → 0 points, Trial 56:Choice P  →  points, 

# Instructions
Respond with **only** one character: 'U' or 'P'. No punctuation, no quotes, no explanation.

Answer:<|start_header_id|>assistant<|end_header_id|>
"
choice,196,P,0.005218505859375,0.9921875,0.00115966796875,0.0,"<|begin_of_text|>
<|start_header_id|>system<|end_header_id|>
You are participating in multiple games involving two slot machines, labeled U and P.
Your goal is to choose the slot machines that will give you the most points.
You will receive feedback about the outcome after making a choice.
The environment may change unpredictably, and past success does not guarantee future results.
You’ll need to adapt to these changes to keep finding the better machine.
You will play 1 game in total, consisting of 100 trials.
<|eot_id|>
<|start_header_id|>user<|end_header_id|>
# Task Parameters
- Trial 57 of 100
- Choose between: 'U' or 'P'
- Possible outcomes: 1 (success) or 0 (failure)

# History
Trial 53:Choice U  → 0 points, Trial 54:Choice U  → 0 points, Trial 55:Choice U  → 0 points, Trial 56:Choice P  → 1 points, Trial 57:Choice  → 1 points, 

# Instructions
Respond with **only** one character: 'U' or 'P'. No punctuation, no quotes, no explanation.

Answer:<|start_header_id|>assistant<|end_header_id|>
",57,97197,0.004058837890625,0.9921875,
reward,200,1,0.007568359375,0.9921875,0.003509521484375,0.0,,57,97197,0.004058837890625,0.9921875,"<|begin_of_text|>
<|start_header_id|>system<|end_header_id|>
You are participating in multiple games involving two slot machines, labeled U and P.
Your goal is to choose the slot machines that will give you the most points.
You will receive feedback about the outcome after making a choice.
The environment may change unpredictably, and past success does not guarantee future results.
You’ll need to adapt to these changes to keep finding the better machine.
You will play 1 game in total, consisting of 100 trials.
<|eot_id|>
<|start_header_id|>user<|end_header_id|>
# Task Parameters
- Trial 57 of 100
- Choose between: 'U' or 'P'
- Possible outcomes: 1 (success) or 0 (failure)

# History
Trial 53:Choice U  → 0 points, Trial 54:Choice U  → 0 points, Trial 55:Choice U  → 0 points, Trial 56:Choice P  → 1 points, Trial 57:Choice P  →  points, 

# Instructions
Respond with **only** one character: 'U' or 'P'. No punctuation, no quotes, no explanation.

Answer:<|start_header_id|>assistant<|end_header_id|>
"
choice,196,P,0.00131988525390625,0.99609375,-0.00273895263671875,0.00390625,"<|begin_of_text|>
<|start_header_id|>system<|end_header_id|>
You are participating in multiple games involving two slot machines, labeled U and P.
Your goal is to choose the slot machines that will give you the most points.
You will receive feedback about the outcome after making a choice.
The environment may change unpredictably, and past success does not guarantee future results.
You’ll need to adapt to these changes to keep finding the better machine.
You will play 1 game in total, consisting of 100 trials.
<|eot_id|>
<|start_header_id|>user<|end_header_id|>
# Task Parameters
- Trial 58 of 100
- Choose between: 'U' or 'P'
- Possible outcomes: 1 (success) or 0 (failure)

# History
Trial 54:Choice U  → 0 points, Trial 55:Choice U  → 0 points, Trial 56:Choice P  → 1 points, Trial 57:Choice P  → 1 points, Trial 58:Choice  → 1 points, 

# Instructions
Respond with **only** one character: 'U' or 'P'. No punctuation, no quotes, no explanation.

Answer:<|start_header_id|>assistant<|end_header_id|>
",58,97197,0.004058837890625,0.9921875,
reward,200,1,0.0035858154296875,0.99609375,-0.0004730224609375,0.00390625,,58,97197,0.004058837890625,0.9921875,"<|begin_of_text|>
<|start_header_id|>system<|end_header_id|>
You are participating in multiple games involving two slot machines, labeled U and P.
Your goal is to choose the slot machines that will give you the most points.
You will receive feedback about the outcome after making a choice.
The environment may change unpredictably, and past success does not guarantee future results.
You’ll need to adapt to these changes to keep finding the better machine.
You will play 1 game in total, consisting of 100 trials.
<|eot_id|>
<|start_header_id|>user<|end_header_id|>
# Task Parameters
- Trial 58 of 100
- Choose between: 'U' or 'P'
- Possible outcomes: 1 (success) or 0 (failure)

# History
Trial 54:Choice U  → 0 points, Trial 55:Choice U  → 0 points, Trial 56:Choice P  → 1 points, Trial 57:Choice P  → 1 points, Trial 58:Choice P  →  points, 

# Instructions
Respond with **only** one character: 'U' or 'P'. No punctuation, no quotes, no explanation.

Answer:<|start_header_id|>assistant<|end_header_id|>
"
choice,196,P,0.00116729736328125,0.99609375,-0.01122283935546875,0.01171875,"<|begin_of_text|>
<|start_header_id|>system<|end_header_id|>
You are participating in multiple games involving two slot machines, labeled U and P.
Your goal is to choose the slot machines that will give you the most points.
You will receive feedback about the outcome after making a choice.
The environment may change unpredictably, and past success does not guarantee future results.
You’ll need to adapt to these changes to keep finding the better machine.
You will play 1 game in total, consisting of 100 trials.
<|eot_id|>
<|start_header_id|>user<|end_header_id|>
# Task Parameters
- Trial 59 of 100
- Choose between: 'U' or 'P'
- Possible outcomes: 1 (success) or 0 (failure)

# History
Trial 55:Choice U  → 0 points, Trial 56:Choice P  → 1 points, Trial 57:Choice P  → 1 points, Trial 58:Choice P  → 1 points, Trial 59:Choice  → 1 points, 

# Instructions
Respond with **only** one character: 'U' or 'P'. No punctuation, no quotes, no explanation.

Answer:<|start_header_id|>assistant<|end_header_id|>
",59,97197,0.01239013671875,0.984375,
reward,200,1,0.015869140625,0.984375,0.00347900390625,0.0,,59,97197,0.01239013671875,0.984375,"<|begin_of_text|>
<|start_header_id|>system<|end_header_id|>
You are participating in multiple games involving two slot machines, labeled U and P.
Your goal is to choose the slot machines that will give you the most points.
You will receive feedback about the outcome after making a choice.
The environment may change unpredictably, and past success does not guarantee future results.
You’ll need to adapt to these changes to keep finding the better machine.
You will play 1 game in total, consisting of 100 trials.
<|eot_id|>
<|start_header_id|>user<|end_header_id|>
# Task Parameters
- Trial 59 of 100
- Choose between: 'U' or 'P'
- Possible outcomes: 1 (success) or 0 (failure)

# History
Trial 55:Choice U  → 0 points, Trial 56:Choice P  → 1 points, Trial 57:Choice P  → 1 points, Trial 58:Choice P  → 1 points, Trial 59:Choice P  →  points, 

# Instructions
Respond with **only** one character: 'U' or 'P'. No punctuation, no quotes, no explanation.

Answer:<|start_header_id|>assistant<|end_header_id|>
"
choice,196,U,0.0140380859375,0.984375,-0.6890869140625,0.69140625,"<|begin_of_text|>
<|start_header_id|>system<|end_header_id|>
You are participating in multiple games involving two slot machines, labeled U and P.
Your goal is to choose the slot machines that will give you the most points.
You will receive feedback about the outcome after making a choice.
The environment may change unpredictably, and past success does not guarantee future results.
You’ll need to adapt to these changes to keep finding the better machine.
You will play 1 game in total, consisting of 100 trials.
<|eot_id|>
<|start_header_id|>user<|end_header_id|>
# Task Parameters
- Trial 60 of 100
- Choose between: 'U' or 'P'
- Possible outcomes: 1 (success) or 0 (failure)

# History
Trial 56:Choice P  → 1 points, Trial 57:Choice P  → 1 points, Trial 58:Choice P  → 1 points, Trial 59:Choice P  → 1 points, Trial 60:Choice  → 1 points, 

# Instructions
Respond with **only** one character: 'U' or 'P'. No punctuation, no quotes, no explanation.

Answer:<|start_header_id|>assistant<|end_header_id|>
",60,97197,0.703125,0.29296875,
reward,200,1,0.1328125,0.8671875,-0.5703125,0.57421875,,60,97197,0.703125,0.29296875,"<|begin_of_text|>
<|start_header_id|>system<|end_header_id|>
You are participating in multiple games involving two slot machines, labeled U and P.
Your goal is to choose the slot machines that will give you the most points.
You will receive feedback about the outcome after making a choice.
The environment may change unpredictably, and past success does not guarantee future results.
You’ll need to adapt to these changes to keep finding the better machine.
You will play 1 game in total, consisting of 100 trials.
<|eot_id|>
<|start_header_id|>user<|end_header_id|>
# Task Parameters
- Trial 60 of 100
- Choose between: 'U' or 'P'
- Possible outcomes: 1 (success) or 0 (failure)

# History
Trial 56:Choice P  → 1 points, Trial 57:Choice P  → 1 points, Trial 58:Choice P  → 1 points, Trial 59:Choice P  → 1 points, Trial 60:Choice U  →  points, 

# Instructions
Respond with **only** one character: 'U' or 'P'. No punctuation, no quotes, no explanation.

Answer:<|start_header_id|>assistant<|end_header_id|>
"
choice,196,U,0.201171875,0.796875,0.0947265625,-0.09375,"<|begin_of_text|>
<|start_header_id|>system<|end_header_id|>
You are participating in multiple games involving two slot machines, labeled U and P.
Your goal is to choose the slot machines that will give you the most points.
You will receive feedback about the outcome after making a choice.
The environment may change unpredictably, and past success does not guarantee future results.
You’ll need to adapt to these changes to keep finding the better machine.
You will play 1 game in total, consisting of 100 trials.
<|eot_id|>
<|start_header_id|>user<|end_header_id|>
# Task Parameters
- Trial 61 of 100
- Choose between: 'U' or 'P'
- Possible outcomes: 1 (success) or 0 (failure)

# History
Trial 57:Choice P  → 1 points, Trial 58:Choice P  → 1 points, Trial 59:Choice P  → 1 points, Trial 60:Choice U  → 1 points, Trial 61:Choice  → 0 points, 

# Instructions
Respond with **only** one character: 'U' or 'P'. No punctuation, no quotes, no explanation.

Answer:<|start_header_id|>assistant<|end_header_id|>
",61,97197,0.1064453125,0.890625,
reward,200,0,0.46875,0.53125,0.3623046875,-0.359375,,61,97197,0.1064453125,0.890625,"<|begin_of_text|>
<|start_header_id|>system<|end_header_id|>
You are participating in multiple games involving two slot machines, labeled U and P.
Your goal is to choose the slot machines that will give you the most points.
You will receive feedback about the outcome after making a choice.
The environment may change unpredictably, and past success does not guarantee future results.
You’ll need to adapt to these changes to keep finding the better machine.
You will play 1 game in total, consisting of 100 trials.
<|eot_id|>
<|start_header_id|>user<|end_header_id|>
# Task Parameters
- Trial 61 of 100
- Choose between: 'U' or 'P'
- Possible outcomes: 1 (success) or 0 (failure)

# History
Trial 57:Choice P  → 1 points, Trial 58:Choice P  → 1 points, Trial 59:Choice P  → 1 points, Trial 60:Choice U  → 1 points, Trial 61:Choice U  →  points, 

# Instructions
Respond with **only** one character: 'U' or 'P'. No punctuation, no quotes, no explanation.

Answer:<|start_header_id|>assistant<|end_header_id|>
"
choice,196,U,0.2451171875,0.75390625,0.19775390625,-0.19921875,"<|begin_of_text|>
<|start_header_id|>system<|end_header_id|>
You are participating in multiple games involving two slot machines, labeled U and P.
Your goal is to choose the slot machines that will give you the most points.
You will receive feedback about the outcome after making a choice.
The environment may change unpredictably, and past success does not guarantee future results.
You’ll need to adapt to these changes to keep finding the better machine.
You will play 1 game in total, consisting of 100 trials.
<|eot_id|>
<|start_header_id|>user<|end_header_id|>
# Task Parameters
- Trial 62 of 100
- Choose between: 'U' or 'P'
- Possible outcomes: 1 (success) or 0 (failure)

# History
Trial 58:Choice P  → 1 points, Trial 59:Choice P  → 1 points, Trial 60:Choice U  → 1 points, Trial 61:Choice U  → 0 points, Trial 62:Choice  → 0 points, 

# Instructions
Respond with **only** one character: 'U' or 'P'. No punctuation, no quotes, no explanation.

Answer:<|start_header_id|>assistant<|end_header_id|>
",62,97197,0.04736328125,0.953125,
reward,200,0,0.1064453125,0.89453125,0.05908203125,-0.05859375,,62,97197,0.04736328125,0.953125,"<|begin_of_text|>
<|start_header_id|>system<|end_header_id|>
You are participating in multiple games involving two slot machines, labeled U and P.
Your goal is to choose the slot machines that will give you the most points.
You will receive feedback about the outcome after making a choice.
The environment may change unpredictably, and past success does not guarantee future results.
You’ll need to adapt to these changes to keep finding the better machine.
You will play 1 game in total, consisting of 100 trials.
<|eot_id|>
<|start_header_id|>user<|end_header_id|>
# Task Parameters
- Trial 62 of 100
- Choose between: 'U' or 'P'
- Possible outcomes: 1 (success) or 0 (failure)

# History
Trial 58:Choice P  → 1 points, Trial 59:Choice P  → 1 points, Trial 60:Choice U  → 1 points, Trial 61:Choice U  → 0 points, Trial 62:Choice U  →  points, 

# Instructions
Respond with **only** one character: 'U' or 'P'. No punctuation, no quotes, no explanation.

Answer:<|start_header_id|>assistant<|end_header_id|>
"
choice,196,P,0.0419921875,0.95703125,-0.05322265625,0.0546875,"<|begin_of_text|>
<|start_header_id|>system<|end_header_id|>
You are participating in multiple games involving two slot machines, labeled U and P.
Your goal is to choose the slot machines that will give you the most points.
You will receive feedback about the outcome after making a choice.
The environment may change unpredictably, and past success does not guarantee future results.
You’ll need to adapt to these changes to keep finding the better machine.
You will play 1 game in total, consisting of 100 trials.
<|eot_id|>
<|start_header_id|>user<|end_header_id|>
# Task Parameters
- Trial 63 of 100
- Choose between: 'U' or 'P'
- Possible outcomes: 1 (success) or 0 (failure)

# History
Trial 59:Choice P  → 1 points, Trial 60:Choice U  → 1 points, Trial 61:Choice U  → 0 points, Trial 62:Choice U  → 0 points, Trial 63:Choice  → 1 points, 

# Instructions
Respond with **only** one character: 'U' or 'P'. No punctuation, no quotes, no explanation.

Answer:<|start_header_id|>assistant<|end_header_id|>
",63,97197,0.09521484375,0.90234375,
reward,200,1,0.1474609375,0.8515625,0.05224609375,-0.05078125,,63,97197,0.09521484375,0.90234375,"<|begin_of_text|>
<|start_header_id|>system<|end_header_id|>
You are participating in multiple games involving two slot machines, labeled U and P.
Your goal is to choose the slot machines that will give you the most points.
You will receive feedback about the outcome after making a choice.
The environment may change unpredictably, and past success does not guarantee future results.
You’ll need to adapt to these changes to keep finding the better machine.
You will play 1 game in total, consisting of 100 trials.
<|eot_id|>
<|start_header_id|>user<|end_header_id|>
# Task Parameters
- Trial 63 of 100
- Choose between: 'U' or 'P'
- Possible outcomes: 1 (success) or 0 (failure)

# History
Trial 59:Choice P  → 1 points, Trial 60:Choice U  → 1 points, Trial 61:Choice U  → 0 points, Trial 62:Choice U  → 0 points, Trial 63:Choice P  →  points, 

# Instructions
Respond with **only** one character: 'U' or 'P'. No punctuation, no quotes, no explanation.

Answer:<|start_header_id|>assistant<|end_header_id|>
"
choice,196,P,0.05322265625,0.9453125,0.04351806640625,-0.04296875,"<|begin_of_text|>
<|start_header_id|>system<|end_header_id|>
You are participating in multiple games involving two slot machines, labeled U and P.
Your goal is to choose the slot machines that will give you the most points.
You will receive feedback about the outcome after making a choice.
The environment may change unpredictably, and past success does not guarantee future results.
You’ll need to adapt to these changes to keep finding the better machine.
You will play 1 game in total, consisting of 100 trials.
<|eot_id|>
<|start_header_id|>user<|end_header_id|>
# Task Parameters
- Trial 64 of 100
- Choose between: 'U' or 'P'
- Possible outcomes: 1 (success) or 0 (failure)

# History
Trial 60:Choice U  → 1 points, Trial 61:Choice U  → 0 points, Trial 62:Choice U  → 0 points, Trial 63:Choice P  → 1 points, Trial 64:Choice  → 1 points, 

# Instructions
Respond with **only** one character: 'U' or 'P'. No punctuation, no quotes, no explanation.

Answer:<|start_header_id|>assistant<|end_header_id|>
",64,97197,0.00970458984375,0.98828125,
reward,200,1,0.119140625,0.87890625,0.10943603515625,-0.109375,,64,97197,0.00970458984375,0.98828125,"<|begin_of_text|>
<|start_header_id|>system<|end_header_id|>
You are participating in multiple games involving two slot machines, labeled U and P.
Your goal is to choose the slot machines that will give you the most points.
You will receive feedback about the outcome after making a choice.
The environment may change unpredictably, and past success does not guarantee future results.
You’ll need to adapt to these changes to keep finding the better machine.
You will play 1 game in total, consisting of 100 trials.
<|eot_id|>
<|start_header_id|>user<|end_header_id|>
# Task Parameters
- Trial 64 of 100
- Choose between: 'U' or 'P'
- Possible outcomes: 1 (success) or 0 (failure)

# History
Trial 60:Choice U  → 1 points, Trial 61:Choice U  → 0 points, Trial 62:Choice U  → 0 points, Trial 63:Choice P  → 1 points, Trial 64:Choice P  →  points, 

# Instructions
Respond with **only** one character: 'U' or 'P'. No punctuation, no quotes, no explanation.

Answer:<|start_header_id|>assistant<|end_header_id|>
"
choice,196,P,0.0021820068359375,0.99609375,-0.0045013427734375,0.00390625,"<|begin_of_text|>
<|start_header_id|>system<|end_header_id|>
You are participating in multiple games involving two slot machines, labeled U and P.
Your goal is to choose the slot machines that will give you the most points.
You will receive feedback about the outcome after making a choice.
The environment may change unpredictably, and past success does not guarantee future results.
You’ll need to adapt to these changes to keep finding the better machine.
You will play 1 game in total, consisting of 100 trials.
<|eot_id|>
<|start_header_id|>user<|end_header_id|>
# Task Parameters
- Trial 65 of 100
- Choose between: 'U' or 'P'
- Possible outcomes: 1 (success) or 0 (failure)

# History
Trial 61:Choice U  → 0 points, Trial 62:Choice U  → 0 points, Trial 63:Choice P  → 1 points, Trial 64:Choice P  → 1 points, Trial 65:Choice  → 1 points, 

# Instructions
Respond with **only** one character: 'U' or 'P'. No punctuation, no quotes, no explanation.

Answer:<|start_header_id|>assistant<|end_header_id|>
",65,97197,0.006683349609375,0.9921875,
reward,200,1,0.007568359375,0.9921875,0.000885009765625,0.0,,65,97197,0.006683349609375,0.9921875,"<|begin_of_text|>
<|start_header_id|>system<|end_header_id|>
You are participating in multiple games involving two slot machines, labeled U and P.
Your goal is to choose the slot machines that will give you the most points.
You will receive feedback about the outcome after making a choice.
The environment may change unpredictably, and past success does not guarantee future results.
You’ll need to adapt to these changes to keep finding the better machine.
You will play 1 game in total, consisting of 100 trials.
<|eot_id|>
<|start_header_id|>user<|end_header_id|>
# Task Parameters
- Trial 65 of 100
- Choose between: 'U' or 'P'
- Possible outcomes: 1 (success) or 0 (failure)

# History
Trial 61:Choice U  → 0 points, Trial 62:Choice U  → 0 points, Trial 63:Choice P  → 1 points, Trial 64:Choice P  → 1 points, Trial 65:Choice P  →  points, 

# Instructions
Respond with **only** one character: 'U' or 'P'. No punctuation, no quotes, no explanation.

Answer:<|start_header_id|>assistant<|end_header_id|>
"
choice,196,U,0.09521484375,0.90234375,0.087646484375,-0.08984375,"<|begin_of_text|>
<|start_header_id|>system<|end_header_id|>
You are participating in multiple games involving two slot machines, labeled U and P.
Your goal is to choose the slot machines that will give you the most points.
You will receive feedback about the outcome after making a choice.
The environment may change unpredictably, and past success does not guarantee future results.
You’ll need to adapt to these changes to keep finding the better machine.
You will play 1 game in total, consisting of 100 trials.
<|eot_id|>
<|start_header_id|>user<|end_header_id|>
# Task Parameters
- Trial 66 of 100
- Choose between: 'U' or 'P'
- Possible outcomes: 1 (success) or 0 (failure)

# History
Trial 62:Choice U  → 0 points, Trial 63:Choice P  → 1 points, Trial 64:Choice P  → 1 points, Trial 65:Choice P  → 1 points, Trial 66:Choice  → 0 points, 

# Instructions
Respond with **only** one character: 'U' or 'P'. No punctuation, no quotes, no explanation.

Answer:<|start_header_id|>assistant<|end_header_id|>
",66,97197,0.007568359375,0.9921875,
reward,200,0,0.020263671875,0.98046875,0.0126953125,-0.01171875,,66,97197,0.007568359375,0.9921875,"<|begin_of_text|>
<|start_header_id|>system<|end_header_id|>
You are participating in multiple games involving two slot machines, labeled U and P.
Your goal is to choose the slot machines that will give you the most points.
You will receive feedback about the outcome after making a choice.
The environment may change unpredictably, and past success does not guarantee future results.
You’ll need to adapt to these changes to keep finding the better machine.
You will play 1 game in total, consisting of 100 trials.
<|eot_id|>
<|start_header_id|>user<|end_header_id|>
# Task Parameters
- Trial 66 of 100
- Choose between: 'U' or 'P'
- Possible outcomes: 1 (success) or 0 (failure)

# History
Trial 62:Choice U  → 0 points, Trial 63:Choice P  → 1 points, Trial 64:Choice P  → 1 points, Trial 65:Choice P  → 1 points, Trial 66:Choice U  →  points, 

# Instructions
Respond with **only** one character: 'U' or 'P'. No punctuation, no quotes, no explanation.

Answer:<|start_header_id|>assistant<|end_header_id|>
"
choice,196,P,0.02294921875,0.9765625,-0.01904296875,0.01953125,"<|begin_of_text|>
<|start_header_id|>system<|end_header_id|>
You are participating in multiple games involving two slot machines, labeled U and P.
Your goal is to choose the slot machines that will give you the most points.
You will receive feedback about the outcome after making a choice.
The environment may change unpredictably, and past success does not guarantee future results.
You’ll need to adapt to these changes to keep finding the better machine.
You will play 1 game in total, consisting of 100 trials.
<|eot_id|>
<|start_header_id|>user<|end_header_id|>
# Task Parameters
- Trial 67 of 100
- Choose between: 'U' or 'P'
- Possible outcomes: 1 (success) or 0 (failure)

# History
Trial 63:Choice P  → 1 points, Trial 64:Choice P  → 1 points, Trial 65:Choice P  → 1 points, Trial 66:Choice U  → 0 points, Trial 67:Choice  → 1 points, 

# Instructions
Respond with **only** one character: 'U' or 'P'. No punctuation, no quotes, no explanation.

Answer:<|start_header_id|>assistant<|end_header_id|>
",67,97197,0.0419921875,0.95703125,
reward,200,1,0.1064453125,0.890625,0.064453125,-0.06640625,,67,97197,0.0419921875,0.95703125,"<|begin_of_text|>
<|start_header_id|>system<|end_header_id|>
You are participating in multiple games involving two slot machines, labeled U and P.
Your goal is to choose the slot machines that will give you the most points.
You will receive feedback about the outcome after making a choice.
The environment may change unpredictably, and past success does not guarantee future results.
You’ll need to adapt to these changes to keep finding the better machine.
You will play 1 game in total, consisting of 100 trials.
<|eot_id|>
<|start_header_id|>user<|end_header_id|>
# Task Parameters
- Trial 67 of 100
- Choose between: 'U' or 'P'
- Possible outcomes: 1 (success) or 0 (failure)

# History
Trial 63:Choice P  → 1 points, Trial 64:Choice P  → 1 points, Trial 65:Choice P  → 1 points, Trial 66:Choice U  → 0 points, Trial 67:Choice P  →  points, 

# Instructions
Respond with **only** one character: 'U' or 'P'. No punctuation, no quotes, no explanation.

Answer:<|start_header_id|>assistant<|end_header_id|>
"
choice,196,P,0.005889892578125,0.9921875,-0.017059326171875,0.015625,"<|begin_of_text|>
<|start_header_id|>system<|end_header_id|>
You are participating in multiple games involving two slot machines, labeled U and P.
Your goal is to choose the slot machines that will give you the most points.
You will receive feedback about the outcome after making a choice.
The environment may change unpredictably, and past success does not guarantee future results.
You’ll need to adapt to these changes to keep finding the better machine.
You will play 1 game in total, consisting of 100 trials.
<|eot_id|>
<|start_header_id|>user<|end_header_id|>
# Task Parameters
- Trial 68 of 100
- Choose between: 'U' or 'P'
- Possible outcomes: 1 (success) or 0 (failure)

# History
Trial 64:Choice P  → 1 points, Trial 65:Choice P  → 1 points, Trial 66:Choice U  → 0 points, Trial 67:Choice P  → 1 points, Trial 68:Choice  → 1 points, 

# Instructions
Respond with **only** one character: 'U' or 'P'. No punctuation, no quotes, no explanation.

Answer:<|start_header_id|>assistant<|end_header_id|>
",68,97197,0.02294921875,0.9765625,
reward,200,1,0.0673828125,0.9296875,0.04443359375,-0.046875,,68,97197,0.02294921875,0.9765625,"<|begin_of_text|>
<|start_header_id|>system<|end_header_id|>
You are participating in multiple games involving two slot machines, labeled U and P.
Your goal is to choose the slot machines that will give you the most points.
You will receive feedback about the outcome after making a choice.
The environment may change unpredictably, and past success does not guarantee future results.
You’ll need to adapt to these changes to keep finding the better machine.
You will play 1 game in total, consisting of 100 trials.
<|eot_id|>
<|start_header_id|>user<|end_header_id|>
# Task Parameters
- Trial 68 of 100
- Choose between: 'U' or 'P'
- Possible outcomes: 1 (success) or 0 (failure)

# History
Trial 64:Choice P  → 1 points, Trial 65:Choice P  → 1 points, Trial 66:Choice U  → 0 points, Trial 67:Choice P  → 1 points, Trial 68:Choice P  →  points, 

# Instructions
Respond with **only** one character: 'U' or 'P'. No punctuation, no quotes, no explanation.

Answer:<|start_header_id|>assistant<|end_header_id|>
"
choice,196,U,0.06005859375,0.9375,0.055450439453125,-0.0546875,"<|begin_of_text|>
<|start_header_id|>system<|end_header_id|>
You are participating in multiple games involving two slot machines, labeled U and P.
Your goal is to choose the slot machines that will give you the most points.
You will receive feedback about the outcome after making a choice.
The environment may change unpredictably, and past success does not guarantee future results.
You’ll need to adapt to these changes to keep finding the better machine.
You will play 1 game in total, consisting of 100 trials.
<|eot_id|>
<|start_header_id|>user<|end_header_id|>
# Task Parameters
- Trial 69 of 100
- Choose between: 'U' or 'P'
- Possible outcomes: 1 (success) or 0 (failure)

# History
Trial 65:Choice P  → 1 points, Trial 66:Choice U  → 0 points, Trial 67:Choice P  → 1 points, Trial 68:Choice P  → 1 points, Trial 69:Choice  → 0 points, 

# Instructions
Respond with **only** one character: 'U' or 'P'. No punctuation, no quotes, no explanation.

Answer:<|start_header_id|>assistant<|end_header_id|>
",69,97197,0.004608154296875,0.9921875,
reward,200,0,0.015869140625,0.984375,0.011260986328125,-0.0078125,,69,97197,0.004608154296875,0.9921875,"<|begin_of_text|>
<|start_header_id|>system<|end_header_id|>
You are participating in multiple games involving two slot machines, labeled U and P.
Your goal is to choose the slot machines that will give you the most points.
You will receive feedback about the outcome after making a choice.
The environment may change unpredictably, and past success does not guarantee future results.
You’ll need to adapt to these changes to keep finding the better machine.
You will play 1 game in total, consisting of 100 trials.
<|eot_id|>
<|start_header_id|>user<|end_header_id|>
# Task Parameters
- Trial 69 of 100
- Choose between: 'U' or 'P'
- Possible outcomes: 1 (success) or 0 (failure)

# History
Trial 65:Choice P  → 1 points, Trial 66:Choice U  → 0 points, Trial 67:Choice P  → 1 points, Trial 68:Choice P  → 1 points, Trial 69:Choice U  →  points, 

# Instructions
Respond with **only** one character: 'U' or 'P'. No punctuation, no quotes, no explanation.

Answer:<|start_header_id|>assistant<|end_header_id|>
"
choice,196,P,0.0021820068359375,0.99609375,-0.0037078857421875,0.00390625,"<|begin_of_text|>
<|start_header_id|>system<|end_header_id|>
You are participating in multiple games involving two slot machines, labeled U and P.
Your goal is to choose the slot machines that will give you the most points.
You will receive feedback about the outcome after making a choice.
The environment may change unpredictably, and past success does not guarantee future results.
You’ll need to adapt to these changes to keep finding the better machine.
You will play 1 game in total, consisting of 100 trials.
<|eot_id|>
<|start_header_id|>user<|end_header_id|>
# Task Parameters
- Trial 70 of 100
- Choose between: 'U' or 'P'
- Possible outcomes: 1 (success) or 0 (failure)

# History
Trial 66:Choice U  → 0 points, Trial 67:Choice P  → 1 points, Trial 68:Choice P  → 1 points, Trial 69:Choice U  → 0 points, Trial 70:Choice  → 1 points, 

# Instructions
Respond with **only** one character: 'U' or 'P'. No punctuation, no quotes, no explanation.

Answer:<|start_header_id|>assistant<|end_header_id|>
",70,97197,0.005889892578125,0.9921875,
reward,200,1,0.010986328125,0.98828125,0.005096435546875,-0.00390625,,70,97197,0.005889892578125,0.9921875,"<|begin_of_text|>
<|start_header_id|>system<|end_header_id|>
You are participating in multiple games involving two slot machines, labeled U and P.
Your goal is to choose the slot machines that will give you the most points.
You will receive feedback about the outcome after making a choice.
The environment may change unpredictably, and past success does not guarantee future results.
You’ll need to adapt to these changes to keep finding the better machine.
You will play 1 game in total, consisting of 100 trials.
<|eot_id|>
<|start_header_id|>user<|end_header_id|>
# Task Parameters
- Trial 70 of 100
- Choose between: 'U' or 'P'
- Possible outcomes: 1 (success) or 0 (failure)

# History
Trial 66:Choice U  → 0 points, Trial 67:Choice P  → 1 points, Trial 68:Choice P  → 1 points, Trial 69:Choice U  → 0 points, Trial 70:Choice P  →  points, 

# Instructions
Respond with **only** one character: 'U' or 'P'. No punctuation, no quotes, no explanation.

Answer:<|start_header_id|>assistant<|end_header_id|>
"
choice,196,P,0.005218505859375,0.9921875,-0.032135009765625,0.03125,"<|begin_of_text|>
<|start_header_id|>system<|end_header_id|>
You are participating in multiple games involving two slot machines, labeled U and P.
Your goal is to choose the slot machines that will give you the most points.
You will receive feedback about the outcome after making a choice.
The environment may change unpredictably, and past success does not guarantee future results.
You’ll need to adapt to these changes to keep finding the better machine.
You will play 1 game in total, consisting of 100 trials.
<|eot_id|>
<|start_header_id|>user<|end_header_id|>
# Task Parameters
- Trial 71 of 100
- Choose between: 'U' or 'P'
- Possible outcomes: 1 (success) or 0 (failure)

# History
Trial 67:Choice P  → 1 points, Trial 68:Choice P  → 1 points, Trial 69:Choice U  → 0 points, Trial 70:Choice P  → 1 points, Trial 71:Choice  → 1 points, 

# Instructions
Respond with **only** one character: 'U' or 'P'. No punctuation, no quotes, no explanation.

Answer:<|start_header_id|>assistant<|end_header_id|>
",71,97197,0.037353515625,0.9609375,
reward,200,1,0.07568359375,0.921875,0.038330078125,-0.0390625,,71,97197,0.037353515625,0.9609375,"<|begin_of_text|>
<|start_header_id|>system<|end_header_id|>
You are participating in multiple games involving two slot machines, labeled U and P.
Your goal is to choose the slot machines that will give you the most points.
You will receive feedback about the outcome after making a choice.
The environment may change unpredictably, and past success does not guarantee future results.
You’ll need to adapt to these changes to keep finding the better machine.
You will play 1 game in total, consisting of 100 trials.
<|eot_id|>
<|start_header_id|>user<|end_header_id|>
# Task Parameters
- Trial 71 of 100
- Choose between: 'U' or 'P'
- Possible outcomes: 1 (success) or 0 (failure)

# History
Trial 67:Choice P  → 1 points, Trial 68:Choice P  → 1 points, Trial 69:Choice U  → 0 points, Trial 70:Choice P  → 1 points, Trial 71:Choice P  →  points, 

# Instructions
Respond with **only** one character: 'U' or 'P'. No punctuation, no quotes, no explanation.

Answer:<|start_header_id|>assistant<|end_header_id|>
"
choice,196,P,0.0027923583984375,0.99609375,-0.0151519775390625,0.015625,"<|begin_of_text|>
<|start_header_id|>system<|end_header_id|>
You are participating in multiple games involving two slot machines, labeled U and P.
Your goal is to choose the slot machines that will give you the most points.
You will receive feedback about the outcome after making a choice.
The environment may change unpredictably, and past success does not guarantee future results.
You’ll need to adapt to these changes to keep finding the better machine.
You will play 1 game in total, consisting of 100 trials.
<|eot_id|>
<|start_header_id|>user<|end_header_id|>
# Task Parameters
- Trial 72 of 100
- Choose between: 'U' or 'P'
- Possible outcomes: 1 (success) or 0 (failure)

# History
Trial 68:Choice P  → 1 points, Trial 69:Choice U  → 0 points, Trial 70:Choice P  → 1 points, Trial 71:Choice P  → 1 points, Trial 72:Choice  → 1 points, 

# Instructions
Respond with **only** one character: 'U' or 'P'. No punctuation, no quotes, no explanation.

Answer:<|start_header_id|>assistant<|end_header_id|>
",72,97197,0.0179443359375,0.98046875,
reward,200,1,0.029296875,0.96875,0.0113525390625,-0.01171875,,72,97197,0.0179443359375,0.98046875,"<|begin_of_text|>
<|start_header_id|>system<|end_header_id|>
You are participating in multiple games involving two slot machines, labeled U and P.
Your goal is to choose the slot machines that will give you the most points.
You will receive feedback about the outcome after making a choice.
The environment may change unpredictably, and past success does not guarantee future results.
You’ll need to adapt to these changes to keep finding the better machine.
You will play 1 game in total, consisting of 100 trials.
<|eot_id|>
<|start_header_id|>user<|end_header_id|>
# Task Parameters
- Trial 72 of 100
- Choose between: 'U' or 'P'
- Possible outcomes: 1 (success) or 0 (failure)

# History
Trial 68:Choice P  → 1 points, Trial 69:Choice U  → 0 points, Trial 70:Choice P  → 1 points, Trial 71:Choice P  → 1 points, Trial 72:Choice P  →  points, 

# Instructions
Respond with **only** one character: 'U' or 'P'. No punctuation, no quotes, no explanation.

Answer:<|start_header_id|>assistant<|end_header_id|>
"
choice,196,P,0.00102996826171875,0.99609375,-0.01136016845703125,0.01171875,"<|begin_of_text|>
<|start_header_id|>system<|end_header_id|>
You are participating in multiple games involving two slot machines, labeled U and P.
Your goal is to choose the slot machines that will give you the most points.
You will receive feedback about the outcome after making a choice.
The environment may change unpredictably, and past success does not guarantee future results.
You’ll need to adapt to these changes to keep finding the better machine.
You will play 1 game in total, consisting of 100 trials.
<|eot_id|>
<|start_header_id|>user<|end_header_id|>
# Task Parameters
- Trial 73 of 100
- Choose between: 'U' or 'P'
- Possible outcomes: 1 (success) or 0 (failure)

# History
Trial 69:Choice U  → 0 points, Trial 70:Choice P  → 1 points, Trial 71:Choice P  → 1 points, Trial 72:Choice P  → 1 points, Trial 73:Choice  → 1 points, 

# Instructions
Respond with **only** one character: 'U' or 'P'. No punctuation, no quotes, no explanation.

Answer:<|start_header_id|>assistant<|end_header_id|>
",73,97197,0.01239013671875,0.984375,
reward,200,1,0.010986328125,0.98828125,-0.00140380859375,0.00390625,,73,97197,0.01239013671875,0.984375,"<|begin_of_text|>
<|start_header_id|>system<|end_header_id|>
You are participating in multiple games involving two slot machines, labeled U and P.
Your goal is to choose the slot machines that will give you the most points.
You will receive feedback about the outcome after making a choice.
The environment may change unpredictably, and past success does not guarantee future results.
You’ll need to adapt to these changes to keep finding the better machine.
You will play 1 game in total, consisting of 100 trials.
<|eot_id|>
<|start_header_id|>user<|end_header_id|>
# Task Parameters
- Trial 73 of 100
- Choose between: 'U' or 'P'
- Possible outcomes: 1 (success) or 0 (failure)

# History
Trial 69:Choice U  → 0 points, Trial 70:Choice P  → 1 points, Trial 71:Choice P  → 1 points, Trial 72:Choice P  → 1 points, Trial 73:Choice P  →  points, 

# Instructions
Respond with **only** one character: 'U' or 'P'. No punctuation, no quotes, no explanation.

Answer:<|start_header_id|>assistant<|end_header_id|>
"
choice,196,U,0.29296875,0.703125,0.277099609375,-0.28125,"<|begin_of_text|>
<|start_header_id|>system<|end_header_id|>
You are participating in multiple games involving two slot machines, labeled U and P.
Your goal is to choose the slot machines that will give you the most points.
You will receive feedback about the outcome after making a choice.
The environment may change unpredictably, and past success does not guarantee future results.
You’ll need to adapt to these changes to keep finding the better machine.
You will play 1 game in total, consisting of 100 trials.
<|eot_id|>
<|start_header_id|>user<|end_header_id|>
# Task Parameters
- Trial 74 of 100
- Choose between: 'U' or 'P'
- Possible outcomes: 1 (success) or 0 (failure)

# History
Trial 70:Choice P  → 1 points, Trial 71:Choice P  → 1 points, Trial 72:Choice P  → 1 points, Trial 73:Choice P  → 1 points, Trial 74:Choice  → 0 points, 

# Instructions
Respond with **only** one character: 'U' or 'P'. No punctuation, no quotes, no explanation.

Answer:<|start_header_id|>assistant<|end_header_id|>
",74,97197,0.015869140625,0.984375,
reward,200,0,0.1328125,0.8671875,0.116943359375,-0.1171875,,74,97197,0.015869140625,0.984375,"<|begin_of_text|>
<|start_header_id|>system<|end_header_id|>
You are participating in multiple games involving two slot machines, labeled U and P.
Your goal is to choose the slot machines that will give you the most points.
You will receive feedback about the outcome after making a choice.
The environment may change unpredictably, and past success does not guarantee future results.
You’ll need to adapt to these changes to keep finding the better machine.
You will play 1 game in total, consisting of 100 trials.
<|eot_id|>
<|start_header_id|>user<|end_header_id|>
# Task Parameters
- Trial 74 of 100
- Choose between: 'U' or 'P'
- Possible outcomes: 1 (success) or 0 (failure)

# History
Trial 70:Choice P  → 1 points, Trial 71:Choice P  → 1 points, Trial 72:Choice P  → 1 points, Trial 73:Choice P  → 1 points, Trial 74:Choice U  →  points, 

# Instructions
Respond with **only** one character: 'U' or 'P'. No punctuation, no quotes, no explanation.

Answer:<|start_header_id|>assistant<|end_header_id|>
"
choice,196,P,0.010986328125,0.98828125,-0.00927734375,0.01171875,"<|begin_of_text|>
<|start_header_id|>system<|end_header_id|>
You are participating in multiple games involving two slot machines, labeled U and P.
Your goal is to choose the slot machines that will give you the most points.
You will receive feedback about the outcome after making a choice.
The environment may change unpredictably, and past success does not guarantee future results.
You’ll need to adapt to these changes to keep finding the better machine.
You will play 1 game in total, consisting of 100 trials.
<|eot_id|>
<|start_header_id|>user<|end_header_id|>
# Task Parameters
- Trial 75 of 100
- Choose between: 'U' or 'P'
- Possible outcomes: 1 (success) or 0 (failure)

# History
Trial 71:Choice P  → 1 points, Trial 72:Choice P  → 1 points, Trial 73:Choice P  → 1 points, Trial 74:Choice U  → 0 points, Trial 75:Choice  → 1 points, 

# Instructions
Respond with **only** one character: 'U' or 'P'. No punctuation, no quotes, no explanation.

Answer:<|start_header_id|>assistant<|end_header_id|>
",75,97197,0.020263671875,0.9765625,
reward,200,1,0.0419921875,0.95703125,0.021728515625,-0.01953125,,75,97197,0.020263671875,0.9765625,"<|begin_of_text|>
<|start_header_id|>system<|end_header_id|>
You are participating in multiple games involving two slot machines, labeled U and P.
Your goal is to choose the slot machines that will give you the most points.
You will receive feedback about the outcome after making a choice.
The environment may change unpredictably, and past success does not guarantee future results.
You’ll need to adapt to these changes to keep finding the better machine.
You will play 1 game in total, consisting of 100 trials.
<|eot_id|>
<|start_header_id|>user<|end_header_id|>
# Task Parameters
- Trial 75 of 100
- Choose between: 'U' or 'P'
- Possible outcomes: 1 (success) or 0 (failure)

# History
Trial 71:Choice P  → 1 points, Trial 72:Choice P  → 1 points, Trial 73:Choice P  → 1 points, Trial 74:Choice U  → 0 points, Trial 75:Choice P  →  points, 

# Instructions
Respond with **only** one character: 'U' or 'P'. No punctuation, no quotes, no explanation.

Answer:<|start_header_id|>assistant<|end_header_id|>
"
choice,196,P,0.005889892578125,0.9921875,-0.014373779296875,0.015625,"<|begin_of_text|>
<|start_header_id|>system<|end_header_id|>
You are participating in multiple games involving two slot machines, labeled U and P.
Your goal is to choose the slot machines that will give you the most points.
You will receive feedback about the outcome after making a choice.
The environment may change unpredictably, and past success does not guarantee future results.
You’ll need to adapt to these changes to keep finding the better machine.
You will play 1 game in total, consisting of 100 trials.
<|eot_id|>
<|start_header_id|>user<|end_header_id|>
# Task Parameters
- Trial 76 of 100
- Choose between: 'U' or 'P'
- Possible outcomes: 1 (success) or 0 (failure)

# History
Trial 72:Choice P  → 1 points, Trial 73:Choice P  → 1 points, Trial 74:Choice U  → 0 points, Trial 75:Choice P  → 1 points, Trial 76:Choice  → 1 points, 

# Instructions
Respond with **only** one character: 'U' or 'P'. No punctuation, no quotes, no explanation.

Answer:<|start_header_id|>assistant<|end_header_id|>
",76,97197,0.020263671875,0.9765625,
reward,200,1,0.029296875,0.96875,0.009033203125,-0.0078125,,76,97197,0.020263671875,0.9765625,"<|begin_of_text|>
<|start_header_id|>system<|end_header_id|>
You are participating in multiple games involving two slot machines, labeled U and P.
Your goal is to choose the slot machines that will give you the most points.
You will receive feedback about the outcome after making a choice.
The environment may change unpredictably, and past success does not guarantee future results.
You’ll need to adapt to these changes to keep finding the better machine.
You will play 1 game in total, consisting of 100 trials.
<|eot_id|>
<|start_header_id|>user<|end_header_id|>
# Task Parameters
- Trial 76 of 100
- Choose between: 'U' or 'P'
- Possible outcomes: 1 (success) or 0 (failure)

# History
Trial 72:Choice P  → 1 points, Trial 73:Choice P  → 1 points, Trial 74:Choice U  → 0 points, Trial 75:Choice P  → 1 points, Trial 76:Choice P  →  points, 

# Instructions
Respond with **only** one character: 'U' or 'P'. No punctuation, no quotes, no explanation.

Answer:<|start_header_id|>assistant<|end_header_id|>
"
choice,196,P,0.002471923828125,0.99609375,-0.015472412109375,0.015625,"<|begin_of_text|>
<|start_header_id|>system<|end_header_id|>
You are participating in multiple games involving two slot machines, labeled U and P.
Your goal is to choose the slot machines that will give you the most points.
You will receive feedback about the outcome after making a choice.
The environment may change unpredictably, and past success does not guarantee future results.
You’ll need to adapt to these changes to keep finding the better machine.
You will play 1 game in total, consisting of 100 trials.
<|eot_id|>
<|start_header_id|>user<|end_header_id|>
# Task Parameters
- Trial 77 of 100
- Choose between: 'U' or 'P'
- Possible outcomes: 1 (success) or 0 (failure)

# History
Trial 73:Choice P  → 1 points, Trial 74:Choice U  → 0 points, Trial 75:Choice P  → 1 points, Trial 76:Choice P  → 1 points, Trial 77:Choice  → 1 points, 

# Instructions
Respond with **only** one character: 'U' or 'P'. No punctuation, no quotes, no explanation.

Answer:<|start_header_id|>assistant<|end_header_id|>
",77,97197,0.0179443359375,0.98046875,
reward,200,1,0.029296875,0.96875,0.0113525390625,-0.01171875,,77,97197,0.0179443359375,0.98046875,"<|begin_of_text|>
<|start_header_id|>system<|end_header_id|>
You are participating in multiple games involving two slot machines, labeled U and P.
Your goal is to choose the slot machines that will give you the most points.
You will receive feedback about the outcome after making a choice.
The environment may change unpredictably, and past success does not guarantee future results.
You’ll need to adapt to these changes to keep finding the better machine.
You will play 1 game in total, consisting of 100 trials.
<|eot_id|>
<|start_header_id|>user<|end_header_id|>
# Task Parameters
- Trial 77 of 100
- Choose between: 'U' or 'P'
- Possible outcomes: 1 (success) or 0 (failure)

# History
Trial 73:Choice P  → 1 points, Trial 74:Choice U  → 0 points, Trial 75:Choice P  → 1 points, Trial 76:Choice P  → 1 points, Trial 77:Choice P  →  points, 

# Instructions
Respond with **only** one character: 'U' or 'P'. No punctuation, no quotes, no explanation.

Answer:<|start_header_id|>assistant<|end_header_id|>
"
choice,196,P,0.00131988525390625,0.99609375,-0.00536346435546875,0.00390625,"<|begin_of_text|>
<|start_header_id|>system<|end_header_id|>
You are participating in multiple games involving two slot machines, labeled U and P.
Your goal is to choose the slot machines that will give you the most points.
You will receive feedback about the outcome after making a choice.
The environment may change unpredictably, and past success does not guarantee future results.
You’ll need to adapt to these changes to keep finding the better machine.
You will play 1 game in total, consisting of 100 trials.
<|eot_id|>
<|start_header_id|>user<|end_header_id|>
# Task Parameters
- Trial 78 of 100
- Choose between: 'U' or 'P'
- Possible outcomes: 1 (success) or 0 (failure)

# History
Trial 74:Choice U  → 0 points, Trial 75:Choice P  → 1 points, Trial 76:Choice P  → 1 points, Trial 77:Choice P  → 1 points, Trial 78:Choice  → 1 points, 

# Instructions
Respond with **only** one character: 'U' or 'P'. No punctuation, no quotes, no explanation.

Answer:<|start_header_id|>assistant<|end_header_id|>
",78,97197,0.006683349609375,0.9921875,
reward,200,1,0.007568359375,0.9921875,0.000885009765625,0.0,,78,97197,0.006683349609375,0.9921875,"<|begin_of_text|>
<|start_header_id|>system<|end_header_id|>
You are participating in multiple games involving two slot machines, labeled U and P.
Your goal is to choose the slot machines that will give you the most points.
You will receive feedback about the outcome after making a choice.
The environment may change unpredictably, and past success does not guarantee future results.
You’ll need to adapt to these changes to keep finding the better machine.
You will play 1 game in total, consisting of 100 trials.
<|eot_id|>
<|start_header_id|>user<|end_header_id|>
# Task Parameters
- Trial 78 of 100
- Choose between: 'U' or 'P'
- Possible outcomes: 1 (success) or 0 (failure)

# History
Trial 74:Choice U  → 0 points, Trial 75:Choice P  → 1 points, Trial 76:Choice P  → 1 points, Trial 77:Choice P  → 1 points, Trial 78:Choice P  →  points, 

# Instructions
Respond with **only** one character: 'U' or 'P'. No punctuation, no quotes, no explanation.

Answer:<|start_header_id|>assistant<|end_header_id|>
"
choice,196,P,0.0140380859375,0.984375,-0.0533447265625,0.0546875,"<|begin_of_text|>
<|start_header_id|>system<|end_header_id|>
You are participating in multiple games involving two slot machines, labeled U and P.
Your goal is to choose the slot machines that will give you the most points.
You will receive feedback about the outcome after making a choice.
The environment may change unpredictably, and past success does not guarantee future results.
You’ll need to adapt to these changes to keep finding the better machine.
You will play 1 game in total, consisting of 100 trials.
<|eot_id|>
<|start_header_id|>user<|end_header_id|>
# Task Parameters
- Trial 79 of 100
- Choose between: 'U' or 'P'
- Possible outcomes: 1 (success) or 0 (failure)

# History
Trial 75:Choice P  → 1 points, Trial 76:Choice P  → 1 points, Trial 77:Choice P  → 1 points, Trial 78:Choice P  → 1 points, Trial 79:Choice  → 1 points, 

# Instructions
Respond with **only** one character: 'U' or 'P'. No punctuation, no quotes, no explanation.

Answer:<|start_header_id|>assistant<|end_header_id|>
",79,97197,0.0673828125,0.9296875,
reward,200,1,0.0849609375,0.9140625,0.017578125,-0.015625,,79,97197,0.0673828125,0.9296875,"<|begin_of_text|>
<|start_header_id|>system<|end_header_id|>
You are participating in multiple games involving two slot machines, labeled U and P.
Your goal is to choose the slot machines that will give you the most points.
You will receive feedback about the outcome after making a choice.
The environment may change unpredictably, and past success does not guarantee future results.
You’ll need to adapt to these changes to keep finding the better machine.
You will play 1 game in total, consisting of 100 trials.
<|eot_id|>
<|start_header_id|>user<|end_header_id|>
# Task Parameters
- Trial 79 of 100
- Choose between: 'U' or 'P'
- Possible outcomes: 1 (success) or 0 (failure)

# History
Trial 75:Choice P  → 1 points, Trial 76:Choice P  → 1 points, Trial 77:Choice P  → 1 points, Trial 78:Choice P  → 1 points, Trial 79:Choice P  →  points, 

# Instructions
Respond with **only** one character: 'U' or 'P'. No punctuation, no quotes, no explanation.

Answer:<|start_header_id|>assistant<|end_header_id|>
"
choice,196,P,0.01239013671875,0.984375,-0.00347900390625,0.0,"<|begin_of_text|>
<|start_header_id|>system<|end_header_id|>
You are participating in multiple games involving two slot machines, labeled U and P.
Your goal is to choose the slot machines that will give you the most points.
You will receive feedback about the outcome after making a choice.
The environment may change unpredictably, and past success does not guarantee future results.
You’ll need to adapt to these changes to keep finding the better machine.
You will play 1 game in total, consisting of 100 trials.
<|eot_id|>
<|start_header_id|>user<|end_header_id|>
# Task Parameters
- Trial 80 of 100
- Choose between: 'U' or 'P'
- Possible outcomes: 1 (success) or 0 (failure)

# History
Trial 76:Choice P  → 1 points, Trial 77:Choice P  → 1 points, Trial 78:Choice P  → 1 points, Trial 79:Choice P  → 1 points, Trial 80:Choice  → 1 points, 

# Instructions
Respond with **only** one character: 'U' or 'P'. No punctuation, no quotes, no explanation.

Answer:<|start_header_id|>assistant<|end_header_id|>
",80,97197,0.015869140625,0.984375,
reward,200,1,0.07568359375,0.921875,0.059814453125,-0.0625,,80,97197,0.015869140625,0.984375,"<|begin_of_text|>
<|start_header_id|>system<|end_header_id|>
You are participating in multiple games involving two slot machines, labeled U and P.
Your goal is to choose the slot machines that will give you the most points.
You will receive feedback about the outcome after making a choice.
The environment may change unpredictably, and past success does not guarantee future results.
You’ll need to adapt to these changes to keep finding the better machine.
You will play 1 game in total, consisting of 100 trials.
<|eot_id|>
<|start_header_id|>user<|end_header_id|>
# Task Parameters
- Trial 80 of 100
- Choose between: 'U' or 'P'
- Possible outcomes: 1 (success) or 0 (failure)

# History
Trial 76:Choice P  → 1 points, Trial 77:Choice P  → 1 points, Trial 78:Choice P  → 1 points, Trial 79:Choice P  → 1 points, Trial 80:Choice P  →  points, 

# Instructions
Respond with **only** one character: 'U' or 'P'. No punctuation, no quotes, no explanation.

Answer:<|start_header_id|>assistant<|end_header_id|>
"
choice,196,P,0.0140380859375,0.984375,-0.0233154296875,0.0234375,"<|begin_of_text|>
<|start_header_id|>system<|end_header_id|>
You are participating in multiple games involving two slot machines, labeled U and P.
Your goal is to choose the slot machines that will give you the most points.
You will receive feedback about the outcome after making a choice.
The environment may change unpredictably, and past success does not guarantee future results.
You’ll need to adapt to these changes to keep finding the better machine.
You will play 1 game in total, consisting of 100 trials.
<|eot_id|>
<|start_header_id|>user<|end_header_id|>
# Task Parameters
- Trial 81 of 100
- Choose between: 'U' or 'P'
- Possible outcomes: 1 (success) or 0 (failure)

# History
Trial 77:Choice P  → 1 points, Trial 78:Choice P  → 1 points, Trial 79:Choice P  → 1 points, Trial 80:Choice P  → 1 points, Trial 81:Choice  → 1 points, 

# Instructions
Respond with **only** one character: 'U' or 'P'. No punctuation, no quotes, no explanation.

Answer:<|start_header_id|>assistant<|end_header_id|>
",81,97197,0.037353515625,0.9609375,
reward,200,1,0.06005859375,0.9375,0.022705078125,-0.0234375,,81,97197,0.037353515625,0.9609375,"<|begin_of_text|>
<|start_header_id|>system<|end_header_id|>
You are participating in multiple games involving two slot machines, labeled U and P.
Your goal is to choose the slot machines that will give you the most points.
You will receive feedback about the outcome after making a choice.
The environment may change unpredictably, and past success does not guarantee future results.
You’ll need to adapt to these changes to keep finding the better machine.
You will play 1 game in total, consisting of 100 trials.
<|eot_id|>
<|start_header_id|>user<|end_header_id|>
# Task Parameters
- Trial 81 of 100
- Choose between: 'U' or 'P'
- Possible outcomes: 1 (success) or 0 (failure)

# History
Trial 77:Choice P  → 1 points, Trial 78:Choice P  → 1 points, Trial 79:Choice P  → 1 points, Trial 80:Choice P  → 1 points, Trial 81:Choice P  →  points, 

# Instructions
Respond with **only** one character: 'U' or 'P'. No punctuation, no quotes, no explanation.

Answer:<|start_header_id|>assistant<|end_header_id|>
"
choice,196,U,0.29296875,0.703125,0.277099609375,-0.28125,"<|begin_of_text|>
<|start_header_id|>system<|end_header_id|>
You are participating in multiple games involving two slot machines, labeled U and P.
Your goal is to choose the slot machines that will give you the most points.
You will receive feedback about the outcome after making a choice.
The environment may change unpredictably, and past success does not guarantee future results.
You’ll need to adapt to these changes to keep finding the better machine.
You will play 1 game in total, consisting of 100 trials.
<|eot_id|>
<|start_header_id|>user<|end_header_id|>
# Task Parameters
- Trial 82 of 100
- Choose between: 'U' or 'P'
- Possible outcomes: 1 (success) or 0 (failure)

# History
Trial 78:Choice P  → 1 points, Trial 79:Choice P  → 1 points, Trial 80:Choice P  → 1 points, Trial 81:Choice P  → 1 points, Trial 82:Choice  → 0 points, 

# Instructions
Respond with **only** one character: 'U' or 'P'. No punctuation, no quotes, no explanation.

Answer:<|start_header_id|>assistant<|end_header_id|>
",82,97197,0.015869140625,0.984375,
reward,200,0,0.1064453125,0.890625,0.090576171875,-0.09375,,82,97197,0.015869140625,0.984375,"<|begin_of_text|>
<|start_header_id|>system<|end_header_id|>
You are participating in multiple games involving two slot machines, labeled U and P.
Your goal is to choose the slot machines that will give you the most points.
You will receive feedback about the outcome after making a choice.
The environment may change unpredictably, and past success does not guarantee future results.
You’ll need to adapt to these changes to keep finding the better machine.
You will play 1 game in total, consisting of 100 trials.
<|eot_id|>
<|start_header_id|>user<|end_header_id|>
# Task Parameters
- Trial 82 of 100
- Choose between: 'U' or 'P'
- Possible outcomes: 1 (success) or 0 (failure)

# History
Trial 78:Choice P  → 1 points, Trial 79:Choice P  → 1 points, Trial 80:Choice P  → 1 points, Trial 81:Choice P  → 1 points, Trial 82:Choice U  →  points, 

# Instructions
Respond with **only** one character: 'U' or 'P'. No punctuation, no quotes, no explanation.

Answer:<|start_header_id|>assistant<|end_header_id|>
"
choice,196,U,0.037353515625,0.9609375,0.02496337890625,-0.0234375,"<|begin_of_text|>
<|start_header_id|>system<|end_header_id|>
You are participating in multiple games involving two slot machines, labeled U and P.
Your goal is to choose the slot machines that will give you the most points.
You will receive feedback about the outcome after making a choice.
The environment may change unpredictably, and past success does not guarantee future results.
You’ll need to adapt to these changes to keep finding the better machine.
You will play 1 game in total, consisting of 100 trials.
<|eot_id|>
<|start_header_id|>user<|end_header_id|>
# Task Parameters
- Trial 83 of 100
- Choose between: 'U' or 'P'
- Possible outcomes: 1 (success) or 0 (failure)

# History
Trial 79:Choice P  → 1 points, Trial 80:Choice P  → 1 points, Trial 81:Choice P  → 1 points, Trial 82:Choice U  → 0 points, Trial 83:Choice  → 0 points, 

# Instructions
Respond with **only** one character: 'U' or 'P'. No punctuation, no quotes, no explanation.

Answer:<|start_header_id|>assistant<|end_header_id|>
",83,97197,0.01239013671875,0.984375,
reward,200,0,0.015869140625,0.984375,0.00347900390625,0.0,,83,97197,0.01239013671875,0.984375,"<|begin_of_text|>
<|start_header_id|>system<|end_header_id|>
You are participating in multiple games involving two slot machines, labeled U and P.
Your goal is to choose the slot machines that will give you the most points.
You will receive feedback about the outcome after making a choice.
The environment may change unpredictably, and past success does not guarantee future results.
You’ll need to adapt to these changes to keep finding the better machine.
You will play 1 game in total, consisting of 100 trials.
<|eot_id|>
<|start_header_id|>user<|end_header_id|>
# Task Parameters
- Trial 83 of 100
- Choose between: 'U' or 'P'
- Possible outcomes: 1 (success) or 0 (failure)

# History
Trial 79:Choice P  → 1 points, Trial 80:Choice P  → 1 points, Trial 81:Choice P  → 1 points, Trial 82:Choice U  → 0 points, Trial 83:Choice U  →  points, 

# Instructions
Respond with **only** one character: 'U' or 'P'. No punctuation, no quotes, no explanation.

Answer:<|start_header_id|>assistant<|end_header_id|>
"
choice,196,P,0.02294921875,0.9765625,-0.0029296875,0.00390625,"<|begin_of_text|>
<|start_header_id|>system<|end_header_id|>
You are participating in multiple games involving two slot machines, labeled U and P.
Your goal is to choose the slot machines that will give you the most points.
You will receive feedback about the outcome after making a choice.
The environment may change unpredictably, and past success does not guarantee future results.
You’ll need to adapt to these changes to keep finding the better machine.
You will play 1 game in total, consisting of 100 trials.
<|eot_id|>
<|start_header_id|>user<|end_header_id|>
# Task Parameters
- Trial 84 of 100
- Choose between: 'U' or 'P'
- Possible outcomes: 1 (success) or 0 (failure)

# History
Trial 80:Choice P  → 1 points, Trial 81:Choice P  → 1 points, Trial 82:Choice U  → 0 points, Trial 83:Choice U  → 0 points, Trial 84:Choice  → 1 points, 

# Instructions
Respond with **only** one character: 'U' or 'P'. No punctuation, no quotes, no explanation.

Answer:<|start_header_id|>assistant<|end_header_id|>
",84,97197,0.02587890625,0.97265625,
reward,200,1,0.1064453125,0.890625,0.08056640625,-0.08203125,,84,97197,0.02587890625,0.97265625,"<|begin_of_text|>
<|start_header_id|>system<|end_header_id|>
You are participating in multiple games involving two slot machines, labeled U and P.
Your goal is to choose the slot machines that will give you the most points.
You will receive feedback about the outcome after making a choice.
The environment may change unpredictably, and past success does not guarantee future results.
You’ll need to adapt to these changes to keep finding the better machine.
You will play 1 game in total, consisting of 100 trials.
<|eot_id|>
<|start_header_id|>user<|end_header_id|>
# Task Parameters
- Trial 84 of 100
- Choose between: 'U' or 'P'
- Possible outcomes: 1 (success) or 0 (failure)

# History
Trial 80:Choice P  → 1 points, Trial 81:Choice P  → 1 points, Trial 82:Choice U  → 0 points, Trial 83:Choice U  → 0 points, Trial 84:Choice P  →  points, 

# Instructions
Respond with **only** one character: 'U' or 'P'. No punctuation, no quotes, no explanation.

Answer:<|start_header_id|>assistant<|end_header_id|>
"
choice,196,P,0.008544921875,0.98828125,-0.0093994140625,0.0078125,"<|begin_of_text|>
<|start_header_id|>system<|end_header_id|>
You are participating in multiple games involving two slot machines, labeled U and P.
Your goal is to choose the slot machines that will give you the most points.
You will receive feedback about the outcome after making a choice.
The environment may change unpredictably, and past success does not guarantee future results.
You’ll need to adapt to these changes to keep finding the better machine.
You will play 1 game in total, consisting of 100 trials.
<|eot_id|>
<|start_header_id|>user<|end_header_id|>
# Task Parameters
- Trial 85 of 100
- Choose between: 'U' or 'P'
- Possible outcomes: 1 (success) or 0 (failure)

# History
Trial 81:Choice P  → 1 points, Trial 82:Choice U  → 0 points, Trial 83:Choice U  → 0 points, Trial 84:Choice P  → 1 points, Trial 85:Choice  → 1 points, 

# Instructions
Respond with **only** one character: 'U' or 'P'. No punctuation, no quotes, no explanation.

Answer:<|start_header_id|>assistant<|end_header_id|>
",85,97197,0.0179443359375,0.98046875,
reward,200,1,0.0673828125,0.9296875,0.0494384765625,-0.05078125,,85,97197,0.0179443359375,0.98046875,"<|begin_of_text|>
<|start_header_id|>system<|end_header_id|>
You are participating in multiple games involving two slot machines, labeled U and P.
Your goal is to choose the slot machines that will give you the most points.
You will receive feedback about the outcome after making a choice.
The environment may change unpredictably, and past success does not guarantee future results.
You’ll need to adapt to these changes to keep finding the better machine.
You will play 1 game in total, consisting of 100 trials.
<|eot_id|>
<|start_header_id|>user<|end_header_id|>
# Task Parameters
- Trial 85 of 100
- Choose between: 'U' or 'P'
- Possible outcomes: 1 (success) or 0 (failure)

# History
Trial 81:Choice P  → 1 points, Trial 82:Choice U  → 0 points, Trial 83:Choice U  → 0 points, Trial 84:Choice P  → 1 points, Trial 85:Choice P  →  points, 

# Instructions
Respond with **only** one character: 'U' or 'P'. No punctuation, no quotes, no explanation.

Answer:<|start_header_id|>assistant<|end_header_id|>
"
choice,196,P,0.00150299072265625,0.99609375,-0.00255584716796875,0.0,"<|begin_of_text|>
<|start_header_id|>system<|end_header_id|>
You are participating in multiple games involving two slot machines, labeled U and P.
Your goal is to choose the slot machines that will give you the most points.
You will receive feedback about the outcome after making a choice.
The environment may change unpredictably, and past success does not guarantee future results.
You’ll need to adapt to these changes to keep finding the better machine.
You will play 1 game in total, consisting of 100 trials.
<|eot_id|>
<|start_header_id|>user<|end_header_id|>
# Task Parameters
- Trial 86 of 100
- Choose between: 'U' or 'P'
- Possible outcomes: 1 (success) or 0 (failure)

# History
Trial 82:Choice U  → 0 points, Trial 83:Choice U  → 0 points, Trial 84:Choice P  → 1 points, Trial 85:Choice P  → 1 points, Trial 86:Choice  → 1 points, 

# Instructions
Respond with **only** one character: 'U' or 'P'. No punctuation, no quotes, no explanation.

Answer:<|start_header_id|>assistant<|end_header_id|>
",86,97197,0.004058837890625,0.99609375,
reward,200,1,0.004058837890625,0.99609375,0.0,0.0,,86,97197,0.004058837890625,0.99609375,"<|begin_of_text|>
<|start_header_id|>system<|end_header_id|>
You are participating in multiple games involving two slot machines, labeled U and P.
Your goal is to choose the slot machines that will give you the most points.
You will receive feedback about the outcome after making a choice.
The environment may change unpredictably, and past success does not guarantee future results.
You’ll need to adapt to these changes to keep finding the better machine.
You will play 1 game in total, consisting of 100 trials.
<|eot_id|>
<|start_header_id|>user<|end_header_id|>
# Task Parameters
- Trial 86 of 100
- Choose between: 'U' or 'P'
- Possible outcomes: 1 (success) or 0 (failure)

# History
Trial 82:Choice U  → 0 points, Trial 83:Choice U  → 0 points, Trial 84:Choice P  → 1 points, Trial 85:Choice P  → 1 points, Trial 86:Choice P  →  points, 

# Instructions
Respond with **only** one character: 'U' or 'P'. No punctuation, no quotes, no explanation.

Answer:<|start_header_id|>assistant<|end_header_id|>
"
choice,196,P,0.00131988525390625,0.99609375,-0.00722503662109375,0.0078125,"<|begin_of_text|>
<|start_header_id|>system<|end_header_id|>
You are participating in multiple games involving two slot machines, labeled U and P.
Your goal is to choose the slot machines that will give you the most points.
You will receive feedback about the outcome after making a choice.
The environment may change unpredictably, and past success does not guarantee future results.
You’ll need to adapt to these changes to keep finding the better machine.
You will play 1 game in total, consisting of 100 trials.
<|eot_id|>
<|start_header_id|>user<|end_header_id|>
# Task Parameters
- Trial 87 of 100
- Choose between: 'U' or 'P'
- Possible outcomes: 1 (success) or 0 (failure)

# History
Trial 83:Choice U  → 0 points, Trial 84:Choice P  → 1 points, Trial 85:Choice P  → 1 points, Trial 86:Choice P  → 1 points, Trial 87:Choice  → 1 points, 

# Instructions
Respond with **only** one character: 'U' or 'P'. No punctuation, no quotes, no explanation.

Answer:<|start_header_id|>assistant<|end_header_id|>
",87,97197,0.008544921875,0.98828125,
reward,200,1,0.00970458984375,0.98828125,0.00115966796875,0.0,,87,97197,0.008544921875,0.98828125,"<|begin_of_text|>
<|start_header_id|>system<|end_header_id|>
You are participating in multiple games involving two slot machines, labeled U and P.
Your goal is to choose the slot machines that will give you the most points.
You will receive feedback about the outcome after making a choice.
The environment may change unpredictably, and past success does not guarantee future results.
You’ll need to adapt to these changes to keep finding the better machine.
You will play 1 game in total, consisting of 100 trials.
<|eot_id|>
<|start_header_id|>user<|end_header_id|>
# Task Parameters
- Trial 87 of 100
- Choose between: 'U' or 'P'
- Possible outcomes: 1 (success) or 0 (failure)

# History
Trial 83:Choice U  → 0 points, Trial 84:Choice P  → 1 points, Trial 85:Choice P  → 1 points, Trial 86:Choice P  → 1 points, Trial 87:Choice P  →  points, 

# Instructions
Respond with **only** one character: 'U' or 'P'. No punctuation, no quotes, no explanation.

Answer:<|start_header_id|>assistant<|end_header_id|>
"
choice,196,P,0.008544921875,0.98828125,-0.0244140625,0.0234375,"<|begin_of_text|>
<|start_header_id|>system<|end_header_id|>
You are participating in multiple games involving two slot machines, labeled U and P.
Your goal is to choose the slot machines that will give you the most points.
You will receive feedback about the outcome after making a choice.
The environment may change unpredictably, and past success does not guarantee future results.
You’ll need to adapt to these changes to keep finding the better machine.
You will play 1 game in total, consisting of 100 trials.
<|eot_id|>
<|start_header_id|>user<|end_header_id|>
# Task Parameters
- Trial 88 of 100
- Choose between: 'U' or 'P'
- Possible outcomes: 1 (success) or 0 (failure)

# History
Trial 84:Choice P  → 1 points, Trial 85:Choice P  → 1 points, Trial 86:Choice P  → 1 points, Trial 87:Choice P  → 1 points, Trial 88:Choice  → 1 points, 

# Instructions
Respond with **only** one character: 'U' or 'P'. No punctuation, no quotes, no explanation.

Answer:<|start_header_id|>assistant<|end_header_id|>
",88,97197,0.032958984375,0.96484375,
reward,200,1,0.06005859375,0.9375,0.027099609375,-0.02734375,,88,97197,0.032958984375,0.96484375,"<|begin_of_text|>
<|start_header_id|>system<|end_header_id|>
You are participating in multiple games involving two slot machines, labeled U and P.
Your goal is to choose the slot machines that will give you the most points.
You will receive feedback about the outcome after making a choice.
The environment may change unpredictably, and past success does not guarantee future results.
You’ll need to adapt to these changes to keep finding the better machine.
You will play 1 game in total, consisting of 100 trials.
<|eot_id|>
<|start_header_id|>user<|end_header_id|>
# Task Parameters
- Trial 88 of 100
- Choose between: 'U' or 'P'
- Possible outcomes: 1 (success) or 0 (failure)

# History
Trial 84:Choice P  → 1 points, Trial 85:Choice P  → 1 points, Trial 86:Choice P  → 1 points, Trial 87:Choice P  → 1 points, Trial 88:Choice P  →  points, 

# Instructions
Respond with **only** one character: 'U' or 'P'. No punctuation, no quotes, no explanation.

Answer:<|start_header_id|>assistant<|end_header_id|>
"
choice,196,P,0.3203125,0.6796875,-0.30078125,0.302734375,"<|begin_of_text|>
<|start_header_id|>system<|end_header_id|>
You are participating in multiple games involving two slot machines, labeled U and P.
Your goal is to choose the slot machines that will give you the most points.
You will receive feedback about the outcome after making a choice.
The environment may change unpredictably, and past success does not guarantee future results.
You’ll need to adapt to these changes to keep finding the better machine.
You will play 1 game in total, consisting of 100 trials.
<|eot_id|>
<|start_header_id|>user<|end_header_id|>
# Task Parameters
- Trial 89 of 100
- Choose between: 'U' or 'P'
- Possible outcomes: 1 (success) or 0 (failure)

# History
Trial 85:Choice P  → 1 points, Trial 86:Choice P  → 1 points, Trial 87:Choice P  → 1 points, Trial 88:Choice P  → 1 points, Trial 89:Choice  → 0 points, 

# Instructions
Respond with **only** one character: 'U' or 'P'. No punctuation, no quotes, no explanation.

Answer:<|start_header_id|>assistant<|end_header_id|>
",89,97197,0.62109375,0.376953125,
reward,200,0,0.07568359375,0.921875,-0.54541015625,0.544921875,,89,97197,0.62109375,0.376953125,"<|begin_of_text|>
<|start_header_id|>system<|end_header_id|>
You are participating in multiple games involving two slot machines, labeled U and P.
Your goal is to choose the slot machines that will give you the most points.
You will receive feedback about the outcome after making a choice.
The environment may change unpredictably, and past success does not guarantee future results.
You’ll need to adapt to these changes to keep finding the better machine.
You will play 1 game in total, consisting of 100 trials.
<|eot_id|>
<|start_header_id|>user<|end_header_id|>
# Task Parameters
- Trial 89 of 100
- Choose between: 'U' or 'P'
- Possible outcomes: 1 (success) or 0 (failure)

# History
Trial 85:Choice P  → 1 points, Trial 86:Choice P  → 1 points, Trial 87:Choice P  → 1 points, Trial 88:Choice P  → 1 points, Trial 89:Choice P  →  points, 

# Instructions
Respond with **only** one character: 'U' or 'P'. No punctuation, no quotes, no explanation.

Answer:<|start_header_id|>assistant<|end_header_id|>
"
choice,196,P,0.0849609375,0.9140625,0.047607421875,-0.046875,"<|begin_of_text|>
<|start_header_id|>system<|end_header_id|>
You are participating in multiple games involving two slot machines, labeled U and P.
Your goal is to choose the slot machines that will give you the most points.
You will receive feedback about the outcome after making a choice.
The environment may change unpredictably, and past success does not guarantee future results.
You’ll need to adapt to these changes to keep finding the better machine.
You will play 1 game in total, consisting of 100 trials.
<|eot_id|>
<|start_header_id|>user<|end_header_id|>
# Task Parameters
- Trial 90 of 100
- Choose between: 'U' or 'P'
- Possible outcomes: 1 (success) or 0 (failure)

# History
Trial 86:Choice P  → 1 points, Trial 87:Choice P  → 1 points, Trial 88:Choice P  → 1 points, Trial 89:Choice P  → 0 points, Trial 90:Choice  → 1 points, 

# Instructions
Respond with **only** one character: 'U' or 'P'. No punctuation, no quotes, no explanation.

Answer:<|start_header_id|>assistant<|end_header_id|>
",90,97197,0.037353515625,0.9609375,
reward,200,1,0.53125,0.46875,0.493896484375,-0.4921875,,90,97197,0.037353515625,0.9609375,"<|begin_of_text|>
<|start_header_id|>system<|end_header_id|>
You are participating in multiple games involving two slot machines, labeled U and P.
Your goal is to choose the slot machines that will give you the most points.
You will receive feedback about the outcome after making a choice.
The environment may change unpredictably, and past success does not guarantee future results.
You’ll need to adapt to these changes to keep finding the better machine.
You will play 1 game in total, consisting of 100 trials.
<|eot_id|>
<|start_header_id|>user<|end_header_id|>
# Task Parameters
- Trial 90 of 100
- Choose between: 'U' or 'P'
- Possible outcomes: 1 (success) or 0 (failure)

# History
Trial 86:Choice P  → 1 points, Trial 87:Choice P  → 1 points, Trial 88:Choice P  → 1 points, Trial 89:Choice P  → 0 points, Trial 90:Choice P  →  points, 

# Instructions
Respond with **only** one character: 'U' or 'P'. No punctuation, no quotes, no explanation.

Answer:<|start_header_id|>assistant<|end_header_id|>
"
choice,196,P,0.032958984375,0.96484375,-0.062255859375,0.0625,"<|begin_of_text|>
<|start_header_id|>system<|end_header_id|>
You are participating in multiple games involving two slot machines, labeled U and P.
Your goal is to choose the slot machines that will give you the most points.
You will receive feedback about the outcome after making a choice.
The environment may change unpredictably, and past success does not guarantee future results.
You’ll need to adapt to these changes to keep finding the better machine.
You will play 1 game in total, consisting of 100 trials.
<|eot_id|>
<|start_header_id|>user<|end_header_id|>
# Task Parameters
- Trial 91 of 100
- Choose between: 'U' or 'P'
- Possible outcomes: 1 (success) or 0 (failure)

# History
Trial 87:Choice P  → 1 points, Trial 88:Choice P  → 1 points, Trial 89:Choice P  → 0 points, Trial 90:Choice P  → 1 points, Trial 91:Choice  → 1 points, 

# Instructions
Respond with **only** one character: 'U' or 'P'. No punctuation, no quotes, no explanation.

Answer:<|start_header_id|>assistant<|end_header_id|>
",91,97197,0.09521484375,0.90234375,
reward,200,1,0.201171875,0.796875,0.10595703125,-0.10546875,,91,97197,0.09521484375,0.90234375,"<|begin_of_text|>
<|start_header_id|>system<|end_header_id|>
You are participating in multiple games involving two slot machines, labeled U and P.
Your goal is to choose the slot machines that will give you the most points.
You will receive feedback about the outcome after making a choice.
The environment may change unpredictably, and past success does not guarantee future results.
You’ll need to adapt to these changes to keep finding the better machine.
You will play 1 game in total, consisting of 100 trials.
<|eot_id|>
<|start_header_id|>user<|end_header_id|>
# Task Parameters
- Trial 91 of 100
- Choose between: 'U' or 'P'
- Possible outcomes: 1 (success) or 0 (failure)

# History
Trial 87:Choice P  → 1 points, Trial 88:Choice P  → 1 points, Trial 89:Choice P  → 0 points, Trial 90:Choice P  → 1 points, Trial 91:Choice P  →  points, 

# Instructions
Respond with **only** one character: 'U' or 'P'. No punctuation, no quotes, no explanation.

Answer:<|start_header_id|>assistant<|end_header_id|>
"
choice,196,P,0.029296875,0.96875,-0.03076171875,0.03125,"<|begin_of_text|>
<|start_header_id|>system<|end_header_id|>
You are participating in multiple games involving two slot machines, labeled U and P.
Your goal is to choose the slot machines that will give you the most points.
You will receive feedback about the outcome after making a choice.
The environment may change unpredictably, and past success does not guarantee future results.
You’ll need to adapt to these changes to keep finding the better machine.
You will play 1 game in total, consisting of 100 trials.
<|eot_id|>
<|start_header_id|>user<|end_header_id|>
# Task Parameters
- Trial 92 of 100
- Choose between: 'U' or 'P'
- Possible outcomes: 1 (success) or 0 (failure)

# History
Trial 88:Choice P  → 1 points, Trial 89:Choice P  → 0 points, Trial 90:Choice P  → 1 points, Trial 91:Choice P  → 1 points, Trial 92:Choice  → 1 points, 

# Instructions
Respond with **only** one character: 'U' or 'P'. No punctuation, no quotes, no explanation.

Answer:<|start_header_id|>assistant<|end_header_id|>
",92,97197,0.06005859375,0.9375,
reward,200,1,0.1826171875,0.81640625,0.12255859375,-0.12109375,,92,97197,0.06005859375,0.9375,"<|begin_of_text|>
<|start_header_id|>system<|end_header_id|>
You are participating in multiple games involving two slot machines, labeled U and P.
Your goal is to choose the slot machines that will give you the most points.
You will receive feedback about the outcome after making a choice.
The environment may change unpredictably, and past success does not guarantee future results.
You’ll need to adapt to these changes to keep finding the better machine.
You will play 1 game in total, consisting of 100 trials.
<|eot_id|>
<|start_header_id|>user<|end_header_id|>
# Task Parameters
- Trial 92 of 100
- Choose between: 'U' or 'P'
- Possible outcomes: 1 (success) or 0 (failure)

# History
Trial 88:Choice P  → 1 points, Trial 89:Choice P  → 0 points, Trial 90:Choice P  → 1 points, Trial 91:Choice P  → 1 points, Trial 92:Choice P  →  points, 

# Instructions
Respond with **only** one character: 'U' or 'P'. No punctuation, no quotes, no explanation.

Answer:<|start_header_id|>assistant<|end_header_id|>
"
choice,196,P,0.01239013671875,0.984375,-0.04083251953125,0.0390625,"<|begin_of_text|>
<|start_header_id|>system<|end_header_id|>
You are participating in multiple games involving two slot machines, labeled U and P.
Your goal is to choose the slot machines that will give you the most points.
You will receive feedback about the outcome after making a choice.
The environment may change unpredictably, and past success does not guarantee future results.
You’ll need to adapt to these changes to keep finding the better machine.
You will play 1 game in total, consisting of 100 trials.
<|eot_id|>
<|start_header_id|>user<|end_header_id|>
# Task Parameters
- Trial 93 of 100
- Choose between: 'U' or 'P'
- Possible outcomes: 1 (success) or 0 (failure)

# History
Trial 89:Choice P  → 0 points, Trial 90:Choice P  → 1 points, Trial 91:Choice P  → 1 points, Trial 92:Choice P  → 1 points, Trial 93:Choice  → 1 points, 

# Instructions
Respond with **only** one character: 'U' or 'P'. No punctuation, no quotes, no explanation.

Answer:<|start_header_id|>assistant<|end_header_id|>
",93,97197,0.05322265625,0.9453125,
reward,200,1,0.1064453125,0.890625,0.05322265625,-0.0546875,,93,97197,0.05322265625,0.9453125,"<|begin_of_text|>
<|start_header_id|>system<|end_header_id|>
You are participating in multiple games involving two slot machines, labeled U and P.
Your goal is to choose the slot machines that will give you the most points.
You will receive feedback about the outcome after making a choice.
The environment may change unpredictably, and past success does not guarantee future results.
You’ll need to adapt to these changes to keep finding the better machine.
You will play 1 game in total, consisting of 100 trials.
<|eot_id|>
<|start_header_id|>user<|end_header_id|>
# Task Parameters
- Trial 93 of 100
- Choose between: 'U' or 'P'
- Possible outcomes: 1 (success) or 0 (failure)

# History
Trial 89:Choice P  → 0 points, Trial 90:Choice P  → 1 points, Trial 91:Choice P  → 1 points, Trial 92:Choice P  → 1 points, Trial 93:Choice P  →  points, 

# Instructions
Respond with **only** one character: 'U' or 'P'. No punctuation, no quotes, no explanation.

Answer:<|start_header_id|>assistant<|end_header_id|>
"
choice,196,P,0.020263671875,0.9765625,-0.027099609375,0.02734375,"<|begin_of_text|>
<|start_header_id|>system<|end_header_id|>
You are participating in multiple games involving two slot machines, labeled U and P.
Your goal is to choose the slot machines that will give you the most points.
You will receive feedback about the outcome after making a choice.
The environment may change unpredictably, and past success does not guarantee future results.
You’ll need to adapt to these changes to keep finding the better machine.
You will play 1 game in total, consisting of 100 trials.
<|eot_id|>
<|start_header_id|>user<|end_header_id|>
# Task Parameters
- Trial 94 of 100
- Choose between: 'U' or 'P'
- Possible outcomes: 1 (success) or 0 (failure)

# History
Trial 90:Choice P  → 1 points, Trial 91:Choice P  → 1 points, Trial 92:Choice P  → 1 points, Trial 93:Choice P  → 1 points, Trial 94:Choice  → 1 points, 

# Instructions
Respond with **only** one character: 'U' or 'P'. No punctuation, no quotes, no explanation.

Answer:<|start_header_id|>assistant<|end_header_id|>
",94,97197,0.04736328125,0.94921875,
reward,200,1,0.119140625,0.87890625,0.07177734375,-0.0703125,,94,97197,0.04736328125,0.94921875,"<|begin_of_text|>
<|start_header_id|>system<|end_header_id|>
You are participating in multiple games involving two slot machines, labeled U and P.
Your goal is to choose the slot machines that will give you the most points.
You will receive feedback about the outcome after making a choice.
The environment may change unpredictably, and past success does not guarantee future results.
You’ll need to adapt to these changes to keep finding the better machine.
You will play 1 game in total, consisting of 100 trials.
<|eot_id|>
<|start_header_id|>user<|end_header_id|>
# Task Parameters
- Trial 94 of 100
- Choose between: 'U' or 'P'
- Possible outcomes: 1 (success) or 0 (failure)

# History
Trial 90:Choice P  → 1 points, Trial 91:Choice P  → 1 points, Trial 92:Choice P  → 1 points, Trial 93:Choice P  → 1 points, Trial 94:Choice P  →  points, 

# Instructions
Respond with **only** one character: 'U' or 'P'. No punctuation, no quotes, no explanation.

Answer:<|start_header_id|>assistant<|end_header_id|>
"
choice,196,P,0.01239013671875,0.984375,-0.01055908203125,0.0078125,"<|begin_of_text|>
<|start_header_id|>system<|end_header_id|>
You are participating in multiple games involving two slot machines, labeled U and P.
Your goal is to choose the slot machines that will give you the most points.
You will receive feedback about the outcome after making a choice.
The environment may change unpredictably, and past success does not guarantee future results.
You’ll need to adapt to these changes to keep finding the better machine.
You will play 1 game in total, consisting of 100 trials.
<|eot_id|>
<|start_header_id|>user<|end_header_id|>
# Task Parameters
- Trial 95 of 100
- Choose between: 'U' or 'P'
- Possible outcomes: 1 (success) or 0 (failure)

# History
Trial 91:Choice P  → 1 points, Trial 92:Choice P  → 1 points, Trial 93:Choice P  → 1 points, Trial 94:Choice P  → 1 points, Trial 95:Choice  → 1 points, 

# Instructions
Respond with **only** one character: 'U' or 'P'. No punctuation, no quotes, no explanation.

Answer:<|start_header_id|>assistant<|end_header_id|>
",95,97197,0.02294921875,0.9765625,
reward,200,1,0.05322265625,0.9453125,0.0302734375,-0.03125,,95,97197,0.02294921875,0.9765625,"<|begin_of_text|>
<|start_header_id|>system<|end_header_id|>
You are participating in multiple games involving two slot machines, labeled U and P.
Your goal is to choose the slot machines that will give you the most points.
You will receive feedback about the outcome after making a choice.
The environment may change unpredictably, and past success does not guarantee future results.
You’ll need to adapt to these changes to keep finding the better machine.
You will play 1 game in total, consisting of 100 trials.
<|eot_id|>
<|start_header_id|>user<|end_header_id|>
# Task Parameters
- Trial 95 of 100
- Choose between: 'U' or 'P'
- Possible outcomes: 1 (success) or 0 (failure)

# History
Trial 91:Choice P  → 1 points, Trial 92:Choice P  → 1 points, Trial 93:Choice P  → 1 points, Trial 94:Choice P  → 1 points, Trial 95:Choice P  →  points, 

# Instructions
Respond with **only** one character: 'U' or 'P'. No punctuation, no quotes, no explanation.

Answer:<|start_header_id|>assistant<|end_header_id|>
"
choice,196,P,0.010986328125,0.98828125,-0.014892578125,0.015625,"<|begin_of_text|>
<|start_header_id|>system<|end_header_id|>
You are participating in multiple games involving two slot machines, labeled U and P.
Your goal is to choose the slot machines that will give you the most points.
You will receive feedback about the outcome after making a choice.
The environment may change unpredictably, and past success does not guarantee future results.
You’ll need to adapt to these changes to keep finding the better machine.
You will play 1 game in total, consisting of 100 trials.
<|eot_id|>
<|start_header_id|>user<|end_header_id|>
# Task Parameters
- Trial 96 of 100
- Choose between: 'U' or 'P'
- Possible outcomes: 1 (success) or 0 (failure)

# History
Trial 92:Choice P  → 1 points, Trial 93:Choice P  → 1 points, Trial 94:Choice P  → 1 points, Trial 95:Choice P  → 1 points, Trial 96:Choice  → 1 points, 

# Instructions
Respond with **only** one character: 'U' or 'P'. No punctuation, no quotes, no explanation.

Answer:<|start_header_id|>assistant<|end_header_id|>
",96,97197,0.02587890625,0.97265625,
reward,200,1,0.06005859375,0.9375,0.0341796875,-0.03515625,,96,97197,0.02587890625,0.97265625,"<|begin_of_text|>
<|start_header_id|>system<|end_header_id|>
You are participating in multiple games involving two slot machines, labeled U and P.
Your goal is to choose the slot machines that will give you the most points.
You will receive feedback about the outcome after making a choice.
The environment may change unpredictably, and past success does not guarantee future results.
You’ll need to adapt to these changes to keep finding the better machine.
You will play 1 game in total, consisting of 100 trials.
<|eot_id|>
<|start_header_id|>user<|end_header_id|>
# Task Parameters
- Trial 96 of 100
- Choose between: 'U' or 'P'
- Possible outcomes: 1 (success) or 0 (failure)

# History
Trial 92:Choice P  → 1 points, Trial 93:Choice P  → 1 points, Trial 94:Choice P  → 1 points, Trial 95:Choice P  → 1 points, Trial 96:Choice P  →  points, 

# Instructions
Respond with **only** one character: 'U' or 'P'. No punctuation, no quotes, no explanation.

Answer:<|start_header_id|>assistant<|end_header_id|>
"
choice,196,P,0.015869140625,0.98046875,-0.026123046875,0.0234375,"<|begin_of_text|>
<|start_header_id|>system<|end_header_id|>
You are participating in multiple games involving two slot machines, labeled U and P.
Your goal is to choose the slot machines that will give you the most points.
You will receive feedback about the outcome after making a choice.
The environment may change unpredictably, and past success does not guarantee future results.
You’ll need to adapt to these changes to keep finding the better machine.
You will play 1 game in total, consisting of 100 trials.
<|eot_id|>
<|start_header_id|>user<|end_header_id|>
# Task Parameters
- Trial 97 of 100
- Choose between: 'U' or 'P'
- Possible outcomes: 1 (success) or 0 (failure)

# History
Trial 93:Choice P  → 1 points, Trial 94:Choice P  → 1 points, Trial 95:Choice P  → 1 points, Trial 96:Choice P  → 1 points, Trial 97:Choice  → 1 points, 

# Instructions
Respond with **only** one character: 'U' or 'P'. No punctuation, no quotes, no explanation.

Answer:<|start_header_id|>assistant<|end_header_id|>
",97,97197,0.0419921875,0.95703125,
reward,200,1,0.06005859375,0.9375,0.01806640625,-0.01953125,,97,97197,0.0419921875,0.95703125,"<|begin_of_text|>
<|start_header_id|>system<|end_header_id|>
You are participating in multiple games involving two slot machines, labeled U and P.
Your goal is to choose the slot machines that will give you the most points.
You will receive feedback about the outcome after making a choice.
The environment may change unpredictably, and past success does not guarantee future results.
You’ll need to adapt to these changes to keep finding the better machine.
You will play 1 game in total, consisting of 100 trials.
<|eot_id|>
<|start_header_id|>user<|end_header_id|>
# Task Parameters
- Trial 97 of 100
- Choose between: 'U' or 'P'
- Possible outcomes: 1 (success) or 0 (failure)

# History
Trial 93:Choice P  → 1 points, Trial 94:Choice P  → 1 points, Trial 95:Choice P  → 1 points, Trial 96:Choice P  → 1 points, Trial 97:Choice P  →  points, 

# Instructions
Respond with **only** one character: 'U' or 'P'. No punctuation, no quotes, no explanation.

Answer:<|start_header_id|>assistant<|end_header_id|>
"
choice,196,P,0.010986328125,0.98828125,-0.011962890625,0.01171875,"<|begin_of_text|>
<|start_header_id|>system<|end_header_id|>
You are participating in multiple games involving two slot machines, labeled U and P.
Your goal is to choose the slot machines that will give you the most points.
You will receive feedback about the outcome after making a choice.
The environment may change unpredictably, and past success does not guarantee future results.
You’ll need to adapt to these changes to keep finding the better machine.
You will play 1 game in total, consisting of 100 trials.
<|eot_id|>
<|start_header_id|>user<|end_header_id|>
# Task Parameters
- Trial 98 of 100
- Choose between: 'U' or 'P'
- Possible outcomes: 1 (success) or 0 (failure)

# History
Trial 94:Choice P  → 1 points, Trial 95:Choice P  → 1 points, Trial 96:Choice P  → 1 points, Trial 97:Choice P  → 1 points, Trial 98:Choice  → 1 points, 

# Instructions
Respond with **only** one character: 'U' or 'P'. No punctuation, no quotes, no explanation.

Answer:<|start_header_id|>assistant<|end_header_id|>
",98,97197,0.02294921875,0.9765625,
reward,200,1,0.06005859375,0.9375,0.037109375,-0.0390625,,98,97197,0.02294921875,0.9765625,"<|begin_of_text|>
<|start_header_id|>system<|end_header_id|>
You are participating in multiple games involving two slot machines, labeled U and P.
Your goal is to choose the slot machines that will give you the most points.
You will receive feedback about the outcome after making a choice.
The environment may change unpredictably, and past success does not guarantee future results.
You’ll need to adapt to these changes to keep finding the better machine.
You will play 1 game in total, consisting of 100 trials.
<|eot_id|>
<|start_header_id|>user<|end_header_id|>
# Task Parameters
- Trial 98 of 100
- Choose between: 'U' or 'P'
- Possible outcomes: 1 (success) or 0 (failure)

# History
Trial 94:Choice P  → 1 points, Trial 95:Choice P  → 1 points, Trial 96:Choice P  → 1 points, Trial 97:Choice P  → 1 points, Trial 98:Choice P  →  points, 

# Instructions
Respond with **only** one character: 'U' or 'P'. No punctuation, no quotes, no explanation.

Answer:<|start_header_id|>assistant<|end_header_id|>
"
choice,196,P,0.010986328125,0.98828125,-0.0069580078125,0.0078125,"<|begin_of_text|>
<|start_header_id|>system<|end_header_id|>
You are participating in multiple games involving two slot machines, labeled U and P.
Your goal is to choose the slot machines that will give you the most points.
You will receive feedback about the outcome after making a choice.
The environment may change unpredictably, and past success does not guarantee future results.
You’ll need to adapt to these changes to keep finding the better machine.
You will play 1 game in total, consisting of 100 trials.
<|eot_id|>
<|start_header_id|>user<|end_header_id|>
# Task Parameters
- Trial 99 of 100
- Choose between: 'U' or 'P'
- Possible outcomes: 1 (success) or 0 (failure)

# History
Trial 95:Choice P  → 1 points, Trial 96:Choice P  → 1 points, Trial 97:Choice P  → 1 points, Trial 98:Choice P  → 1 points, Trial 99:Choice  → 1 points, 

# Instructions
Respond with **only** one character: 'U' or 'P'. No punctuation, no quotes, no explanation.

Answer:<|start_header_id|>assistant<|end_header_id|>
",99,97197,0.0179443359375,0.98046875,
reward,200,1,0.06005859375,0.9375,0.0421142578125,-0.04296875,,99,97197,0.0179443359375,0.98046875,"<|begin_of_text|>
<|start_header_id|>system<|end_header_id|>
You are participating in multiple games involving two slot machines, labeled U and P.
Your goal is to choose the slot machines that will give you the most points.
You will receive feedback about the outcome after making a choice.
The environment may change unpredictably, and past success does not guarantee future results.
You’ll need to adapt to these changes to keep finding the better machine.
You will play 1 game in total, consisting of 100 trials.
<|eot_id|>
<|start_header_id|>user<|end_header_id|>
# Task Parameters
- Trial 99 of 100
- Choose between: 'U' or 'P'
- Possible outcomes: 1 (success) or 0 (failure)

# History
Trial 95:Choice P  → 1 points, Trial 96:Choice P  → 1 points, Trial 97:Choice P  → 1 points, Trial 98:Choice P  → 1 points, Trial 99:Choice P  →  points, 

# Instructions
Respond with **only** one character: 'U' or 'P'. No punctuation, no quotes, no explanation.

Answer:<|start_header_id|>assistant<|end_header_id|>
"
