masked_position,mask_type,masked_input,masked_token,prob_U_masked,prob_P_masked,delta_U,delta_P,trial_num,model_id,baseline_U,baseline_P
16,choice,"In this task, you have to repeatedly choose between two slot machines labeled U and.
You can choose a slot machine by pressing its corresponding key.When you select one of the machines, you will win 1 or 0 points.Your goal is to choose the slot machines that will give you the most points.You will receive feedback about the outcome after making a choice.
The environment may change unpredictably, and past success does not guarantee future results. You’ll need to adapt to these changes to keep finding the better machine.You will play 1 game in total, consisting of 100 trials. Game 1:You press <<",P,1.0,2.4318695068359375e-05,0.46875,-0.46872568130493164,0,78908,0.53125,0.46875
121,reward,"In this task, you have to repeatedly choose between two slot machines labeled U and P.
You can choose a slot machine by pressing its corresponding key.When you select one of the machines, you will win 1 or 0 points.Your goal is to choose the slot machines that will give you the most points.You will receive feedback about the outcome after making a choice.
The environment may change unpredictably, and past success does not guarantee future results. You’ll need to adapt to these changes to keep finding the better machine.You will play 1 game in total, consisting of 100 trials. Game :You press <<",1,0.53125,0.46875,0.0,0.0,0,78908,0.53125,0.46875
126,choice,"In this task, you have to repeatedly choose between two slot machines labeled U and P.
You can choose a slot machine by pressing its corresponding key.When you select one of the machines, you will win 1 or 0 points.Your goal is to choose the slot machines that will give you the most points.You will receive feedback about the outcome after making a choice.
The environment may change unpredictably, and past success does not guarantee future results. You’ll need to adapt to these changes to keep finding the better machine.You will play 1 game in total, consisting of 100 trials. Game 1:You press <<>> and get 1 points.
You press <<",U,0.3984375,0.58203125,-0.0390625,0.01953125,1,78908,0.4375,0.5625
131,reward,"In this task, you have to repeatedly choose between two slot machines labeled U and P.
You can choose a slot machine by pressing its corresponding key.When you select one of the machines, you will win 1 or 0 points.Your goal is to choose the slot machines that will give you the most points.You will receive feedback about the outcome after making a choice.
The environment may change unpredictably, and past success does not guarantee future results. You’ll need to adapt to these changes to keep finding the better machine.You will play 1 game in total, consisting of 100 trials. Game 1:You press <<U>> and get  points.
You press <<",1,0.376953125,0.62109375,-0.060546875,0.05859375,1,78908,0.4375,0.5625
137,choice,"In this task, you have to repeatedly choose between two slot machines labeled U and P.
You can choose a slot machine by pressing its corresponding key.When you select one of the machines, you will win 1 or 0 points.Your goal is to choose the slot machines that will give you the most points.You will receive feedback about the outcome after making a choice.
The environment may change unpredictably, and past success does not guarantee future results. You’ll need to adapt to these changes to keep finding the better machine.You will play 1 game in total, consisting of 100 trials. Game 1:You press <<U>> and get 1 points.
You press <<>> and get 1 points.
You press <<",U,0.5234375,0.462890625,-0.0390625,0.025390625,2,78908,0.5625,0.4375
142,reward,"In this task, you have to repeatedly choose between two slot machines labeled U and P.
You can choose a slot machine by pressing its corresponding key.When you select one of the machines, you will win 1 or 0 points.Your goal is to choose the slot machines that will give you the most points.You will receive feedback about the outcome after making a choice.
The environment may change unpredictably, and past success does not guarantee future results. You’ll need to adapt to these changes to keep finding the better machine.You will play 1 game in total, consisting of 100 trials. Game 1:You press <<U>> and get 1 points.
You press <<U>> and get  points.
You press <<",1,0.46875,0.53125,-0.09375,0.09375,2,78908,0.5625,0.4375
148,choice,"In this task, you have to repeatedly choose between two slot machines labeled U and P.
You can choose a slot machine by pressing its corresponding key.When you select one of the machines, you will win 1 or 0 points.Your goal is to choose the slot machines that will give you the most points.You will receive feedback about the outcome after making a choice.
The environment may change unpredictably, and past success does not guarantee future results. You’ll need to adapt to these changes to keep finding the better machine.You will play 1 game in total, consisting of 100 trials. Game 1:You press <<U>> and get 1 points.
You press <<U>> and get 1 points.
You press <<>> and get 1 points.
You press <<",U,0.55859375,0.43359375,-0.1484375,0.138671875,3,78908,0.70703125,0.294921875
153,reward,"In this task, you have to repeatedly choose between two slot machines labeled U and P.
You can choose a slot machine by pressing its corresponding key.When you select one of the machines, you will win 1 or 0 points.Your goal is to choose the slot machines that will give you the most points.You will receive feedback about the outcome after making a choice.
The environment may change unpredictably, and past success does not guarantee future results. You’ll need to adapt to these changes to keep finding the better machine.You will play 1 game in total, consisting of 100 trials. Game 1:You press <<U>> and get 1 points.
You press <<U>> and get 1 points.
You press <<U>> and get  points.
You press <<",1,0.62109375,0.376953125,-0.0859375,0.08203125,3,78908,0.70703125,0.294921875
159,choice,"In this task, you have to repeatedly choose between two slot machines labeled U and P.
You can choose a slot machine by pressing its corresponding key.When you select one of the machines, you will win 1 or 0 points.Your goal is to choose the slot machines that will give you the most points.You will receive feedback about the outcome after making a choice.
The environment may change unpredictably, and past success does not guarantee future results. You’ll need to adapt to these changes to keep finding the better machine.You will play 1 game in total, consisting of 100 trials. Game 1:You press <<U>> and get 1 points.
You press <<U>> and get 1 points.
You press <<U>> and get 1 points.
You press <<>> and get 0 points.
You press <<",U,0.7265625,0.267578125,0.10546875,-0.109375,4,78908,0.62109375,0.376953125
164,reward,"In this task, you have to repeatedly choose between two slot machines labeled U and P.
You can choose a slot machine by pressing its corresponding key.When you select one of the machines, you will win 1 or 0 points.Your goal is to choose the slot machines that will give you the most points.You will receive feedback about the outcome after making a choice.
The environment may change unpredictably, and past success does not guarantee future results. You’ll need to adapt to these changes to keep finding the better machine.You will play 1 game in total, consisting of 100 trials. Game 1:You press <<U>> and get 1 points.
You press <<U>> and get 1 points.
You press <<U>> and get 1 points.
You press <<U>> and get  points.
You press <<",0,0.65234375,0.34765625,0.03125,-0.029296875,4,78908,0.62109375,0.376953125
170,choice,"In this task, you have to repeatedly choose between two slot machines labeled U and P.
You can choose a slot machine by pressing its corresponding key.When you select one of the machines, you will win 1 or 0 points.Your goal is to choose the slot machines that will give you the most points.You will receive feedback about the outcome after making a choice.
The environment may change unpredictably, and past success does not guarantee future results. You’ll need to adapt to these changes to keep finding the better machine.You will play 1 game in total, consisting of 100 trials. Game 1:You press <<U>> and get 1 points.
You press <<U>> and get 1 points.
You press <<U>> and get 1 points.
You press <<U>> and get 0 points.
You press <<>> and get 1 points.
You press <<",U,0.5234375,0.462890625,-0.25390625,0.240234375,5,78908,0.77734375,0.22265625
175,reward,"In this task, you have to repeatedly choose between two slot machines labeled U and P.
You can choose a slot machine by pressing its corresponding key.When you select one of the machines, you will win 1 or 0 points.Your goal is to choose the slot machines that will give you the most points.You will receive feedback about the outcome after making a choice.
The environment may change unpredictably, and past success does not guarantee future results. You’ll need to adapt to these changes to keep finding the better machine.You will play 1 game in total, consisting of 100 trials. Game 1:You press <<U>> and get 1 points.
You press <<U>> and get 1 points.
You press <<U>> and get 1 points.
You press <<U>> and get 0 points.
You press <<U>> and get  points.
You press <<",1,0.70703125,0.294921875,-0.0703125,0.072265625,5,78908,0.77734375,0.22265625
181,choice,"In this task, you have to repeatedly choose between two slot machines labeled U and P.
You can choose a slot machine by pressing its corresponding key.When you select one of the machines, you will win 1 or 0 points.Your goal is to choose the slot machines that will give you the most points.You will receive feedback about the outcome after making a choice.
The environment may change unpredictably, and past success does not guarantee future results. You’ll need to adapt to these changes to keep finding the better machine.You will play 1 game in total, consisting of 100 trials. Game 1:You press <<U>> and get 1 points.
You press <<U>> and get 1 points.
You press <<U>> and get 1 points.
You press <<U>> and get 0 points.
You press <<U>> and get 1 points.
You press <<>> and get 0 points.
You press <<",P,0.75,0.244140625,0.04296875,-0.05078125,6,78908,0.70703125,0.294921875
186,reward,"In this task, you have to repeatedly choose between two slot machines labeled U and P.
You can choose a slot machine by pressing its corresponding key.When you select one of the machines, you will win 1 or 0 points.Your goal is to choose the slot machines that will give you the most points.You will receive feedback about the outcome after making a choice.
The environment may change unpredictably, and past success does not guarantee future results. You’ll need to adapt to these changes to keep finding the better machine.You will play 1 game in total, consisting of 100 trials. Game 1:You press <<U>> and get 1 points.
You press <<U>> and get 1 points.
You press <<U>> and get 1 points.
You press <<U>> and get 0 points.
You press <<U>> and get 1 points.
You press <<P>> and get  points.
You press <<",0,0.5,0.5,-0.20703125,0.205078125,6,78908,0.70703125,0.294921875
192,choice,"In this task, you have to repeatedly choose between two slot machines labeled U and P.
You can choose a slot machine by pressing its corresponding key.When you select one of the machines, you will win 1 or 0 points.Your goal is to choose the slot machines that will give you the most points.You will receive feedback about the outcome after making a choice.
The environment may change unpredictably, and past success does not guarantee future results. You’ll need to adapt to these changes to keep finding the better machine.You will play 1 game in total, consisting of 100 trials. Game 1:You press <<U>> and get 1 points.
You press <<U>> and get 1 points.
You press <<U>> and get 1 points.
You press <<U>> and get 0 points.
You press <<U>> and get 1 points.
You press <<P>> and get 0 points.
You press <<>> and get 1 points.
You press <<",U,0.69921875,0.291015625,-0.0546875,0.0458984375,7,78908,0.75390625,0.2451171875
197,reward,"In this task, you have to repeatedly choose between two slot machines labeled U and P.
You can choose a slot machine by pressing its corresponding key.When you select one of the machines, you will win 1 or 0 points.Your goal is to choose the slot machines that will give you the most points.You will receive feedback about the outcome after making a choice.
The environment may change unpredictably, and past success does not guarantee future results. You’ll need to adapt to these changes to keep finding the better machine.You will play 1 game in total, consisting of 100 trials. Game 1:You press <<U>> and get 1 points.
You press <<U>> and get 1 points.
You press <<U>> and get 1 points.
You press <<U>> and get 0 points.
You press <<U>> and get 1 points.
You press <<P>> and get 0 points.
You press <<U>> and get  points.
You press <<",1,0.6796875,0.3203125,-0.07421875,0.0751953125,7,78908,0.75390625,0.2451171875
203,choice,"In this task, you have to repeatedly choose between two slot machines labeled U and P.
You can choose a slot machine by pressing its corresponding key.When you select one of the machines, you will win 1 or 0 points.Your goal is to choose the slot machines that will give you the most points.You will receive feedback about the outcome after making a choice.
The environment may change unpredictably, and past success does not guarantee future results. You’ll need to adapt to these changes to keep finding the better machine.You will play 1 game in total, consisting of 100 trials. Game 1:You press <<U>> and get 1 points.
You press <<U>> and get 1 points.
You press <<U>> and get 1 points.
You press <<U>> and get 0 points.
You press <<U>> and get 1 points.
You press <<P>> and get 0 points.
You press <<U>> and get 1 points.
You press <<>> and get 0 points.
You press <<",P,0.7265625,0.267578125,-0.0703125,0.0654296875,8,78908,0.796875,0.2021484375
208,reward,"In this task, you have to repeatedly choose between two slot machines labeled U and P.
You can choose a slot machine by pressing its corresponding key.When you select one of the machines, you will win 1 or 0 points.Your goal is to choose the slot machines that will give you the most points.You will receive feedback about the outcome after making a choice.
The environment may change unpredictably, and past success does not guarantee future results. You’ll need to adapt to these changes to keep finding the better machine.You will play 1 game in total, consisting of 100 trials. Game 1:You press <<U>> and get 1 points.
You press <<U>> and get 1 points.
You press <<U>> and get 1 points.
You press <<U>> and get 0 points.
You press <<U>> and get 1 points.
You press <<P>> and get 0 points.
You press <<U>> and get 1 points.
You press <<P>> and get  points.
You press <<",0,0.62109375,0.376953125,-0.17578125,0.1748046875,8,78908,0.796875,0.2021484375
214,choice,"In this task, you have to repeatedly choose between two slot machines labeled U and P.
You can choose a slot machine by pressing its corresponding key.When you select one of the machines, you will win 1 or 0 points.Your goal is to choose the slot machines that will give you the most points.You will receive feedback about the outcome after making a choice.
The environment may change unpredictably, and past success does not guarantee future results. You’ll need to adapt to these changes to keep finding the better machine.You will play 1 game in total, consisting of 100 trials. Game 1:You press <<U>> and get 1 points.
You press <<U>> and get 1 points.
You press <<U>> and get 1 points.
You press <<U>> and get 0 points.
You press <<U>> and get 1 points.
You press <<P>> and get 0 points.
You press <<U>> and get 1 points.
You press <<P>> and get 0 points.
You press <<>> and get 1 points.
You press <<",U,0.671875,0.31640625,-0.0078125,-0.00390625,9,78908,0.6796875,0.3203125
219,reward,"In this task, you have to repeatedly choose between two slot machines labeled U and P.
You can choose a slot machine by pressing its corresponding key.When you select one of the machines, you will win 1 or 0 points.Your goal is to choose the slot machines that will give you the most points.You will receive feedback about the outcome after making a choice.
The environment may change unpredictably, and past success does not guarantee future results. You’ll need to adapt to these changes to keep finding the better machine.You will play 1 game in total, consisting of 100 trials. Game 1:You press <<U>> and get 1 points.
You press <<U>> and get 1 points.
You press <<U>> and get 1 points.
You press <<U>> and get 0 points.
You press <<U>> and get 1 points.
You press <<P>> and get 0 points.
You press <<U>> and get 1 points.
You press <<P>> and get 0 points.
You press <<U>> and get  points.
You press <<",1,0.59375,0.40625,-0.0859375,0.0859375,9,78908,0.6796875,0.3203125
225,choice,"In this task, you have to repeatedly choose between two slot machines labeled U and P.
You can choose a slot machine by pressing its corresponding key.When you select one of the machines, you will win 1 or 0 points.Your goal is to choose the slot machines that will give you the most points.You will receive feedback about the outcome after making a choice.
The environment may change unpredictably, and past success does not guarantee future results. You’ll need to adapt to these changes to keep finding the better machine.You will play 1 game in total, consisting of 100 trials. Game 1:You press <<U>> and get 1 points.
You press <<U>> and get 1 points.
You press <<U>> and get 1 points.
You press <<U>> and get 0 points.
You press <<U>> and get 1 points.
You press <<P>> and get 0 points.
You press <<U>> and get 1 points.
You press <<P>> and get 0 points.
You press <<U>> and get 1 points.
You press <<>> and get 0 points.
You press <<",U,0.75,0.244140625,0.12890625,-0.1328125,10,78908,0.62109375,0.376953125
230,reward,"In this task, you have to repeatedly choose between two slot machines labeled U and P.
You can choose a slot machine by pressing its corresponding key.When you select one of the machines, you will win 1 or 0 points.Your goal is to choose the slot machines that will give you the most points.You will receive feedback about the outcome after making a choice.
The environment may change unpredictably, and past success does not guarantee future results. You’ll need to adapt to these changes to keep finding the better machine.You will play 1 game in total, consisting of 100 trials. Game 1:You press <<U>> and get 1 points.
You press <<U>> and get 1 points.
You press <<U>> and get 1 points.
You press <<U>> and get 0 points.
You press <<U>> and get 1 points.
You press <<P>> and get 0 points.
You press <<U>> and get 1 points.
You press <<P>> and get 0 points.
You press <<U>> and get 1 points.
You press <<U>> and get  points.
You press <<",0,0.6796875,0.3203125,0.05859375,-0.056640625,10,78908,0.62109375,0.376953125
236,choice,"In this task, you have to repeatedly choose between two slot machines labeled U and P.
You can choose a slot machine by pressing its corresponding key.When you select one of the machines, you will win 1 or 0 points.Your goal is to choose the slot machines that will give you the most points.You will receive feedback about the outcome after making a choice.
The environment may change unpredictably, and past success does not guarantee future results. You’ll need to adapt to these changes to keep finding the better machine.You will play 1 game in total, consisting of 100 trials. Game 1:You press <<U>> and get 1 points.
You press <<U>> and get 1 points.
You press <<U>> and get 1 points.
You press <<U>> and get 0 points.
You press <<U>> and get 1 points.
You press <<P>> and get 0 points.
You press <<U>> and get 1 points.
You press <<P>> and get 0 points.
You press <<U>> and get 1 points.
You press <<U>> and get 0 points.
You press <<>> and get 1 points.
You press <<",U,0.6171875,0.373046875,-0.08984375,0.078125,11,78908,0.70703125,0.294921875
241,reward,"In this task, you have to repeatedly choose between two slot machines labeled U and P.
You can choose a slot machine by pressing its corresponding key.When you select one of the machines, you will win 1 or 0 points.Your goal is to choose the slot machines that will give you the most points.You will receive feedback about the outcome after making a choice.
The environment may change unpredictably, and past success does not guarantee future results. You’ll need to adapt to these changes to keep finding the better machine.You will play 1 game in total, consisting of 100 trials. Game 1:You press <<U>> and get 1 points.
You press <<U>> and get 1 points.
You press <<U>> and get 1 points.
You press <<U>> and get 0 points.
You press <<U>> and get 1 points.
You press <<P>> and get 0 points.
You press <<U>> and get 1 points.
You press <<P>> and get 0 points.
You press <<U>> and get 1 points.
You press <<U>> and get 0 points.
You press <<U>> and get  points.
You press <<",1,0.62109375,0.376953125,-0.0859375,0.08203125,11,78908,0.70703125,0.294921875
247,choice,"In this task, you have to repeatedly choose between two slot machines labeled U and P.
You can choose a slot machine by pressing its corresponding key.When you select one of the machines, you will win 1 or 0 points.Your goal is to choose the slot machines that will give you the most points.You will receive feedback about the outcome after making a choice.
The environment may change unpredictably, and past success does not guarantee future results. You’ll need to adapt to these changes to keep finding the better machine.You will play 1 game in total, consisting of 100 trials. Game 1:You press <<U>> and get 1 points.
You press <<U>> and get 1 points.
You press <<U>> and get 1 points.
You press <<U>> and get 0 points.
You press <<U>> and get 1 points.
You press <<P>> and get 0 points.
You press <<U>> and get 1 points.
You press <<P>> and get 0 points.
You press <<U>> and get 1 points.
You press <<U>> and get 0 points.
You press <<U>> and get 1 points.
You press <<>> and get 1 points.
You press <<",U,0.640625,0.34375,-0.13671875,0.12109375,12,78908,0.77734375,0.22265625
252,reward,"In this task, you have to repeatedly choose between two slot machines labeled U and P.
You can choose a slot machine by pressing its corresponding key.When you select one of the machines, you will win 1 or 0 points.Your goal is to choose the slot machines that will give you the most points.You will receive feedback about the outcome after making a choice.
The environment may change unpredictably, and past success does not guarantee future results. You’ll need to adapt to these changes to keep finding the better machine.You will play 1 game in total, consisting of 100 trials. Game 1:You press <<U>> and get 1 points.
You press <<U>> and get 1 points.
You press <<U>> and get 1 points.
You press <<U>> and get 0 points.
You press <<U>> and get 1 points.
You press <<P>> and get 0 points.
You press <<U>> and get 1 points.
You press <<P>> and get 0 points.
You press <<U>> and get 1 points.
You press <<U>> and get 0 points.
You press <<U>> and get 1 points.
You press <<U>> and get  points.
You press <<",1,0.6796875,0.3203125,-0.09765625,0.09765625,12,78908,0.77734375,0.22265625
258,choice,"In this task, you have to repeatedly choose between two slot machines labeled U and P.
You can choose a slot machine by pressing its corresponding key.When you select one of the machines, you will win 1 or 0 points.Your goal is to choose the slot machines that will give you the most points.You will receive feedback about the outcome after making a choice.
The environment may change unpredictably, and past success does not guarantee future results. You’ll need to adapt to these changes to keep finding the better machine.You will play 1 game in total, consisting of 100 trials. Game 1:You press <<U>> and get 1 points.
You press <<U>> and get 1 points.
You press <<U>> and get 1 points.
You press <<U>> and get 0 points.
You press <<U>> and get 1 points.
You press <<P>> and get 0 points.
You press <<U>> and get 1 points.
You press <<P>> and get 0 points.
You press <<U>> and get 1 points.
You press <<U>> and get 0 points.
You press <<U>> and get 1 points.
You press <<U>> and get 1 points.
You press <<>> and get 1 points.
You press <<",U,0.72265625,0.265625,-0.09375,0.0830078125,13,78908,0.81640625,0.1826171875
263,reward,"In this task, you have to repeatedly choose between two slot machines labeled U and P.
You can choose a slot machine by pressing its corresponding key.When you select one of the machines, you will win 1 or 0 points.Your goal is to choose the slot machines that will give you the most points.You will receive feedback about the outcome after making a choice.
The environment may change unpredictably, and past success does not guarantee future results. You’ll need to adapt to these changes to keep finding the better machine.You will play 1 game in total, consisting of 100 trials. Game 1:You press <<U>> and get 1 points.
You press <<U>> and get 1 points.
You press <<U>> and get 1 points.
You press <<U>> and get 0 points.
You press <<U>> and get 1 points.
You press <<P>> and get 0 points.
You press <<U>> and get 1 points.
You press <<P>> and get 0 points.
You press <<U>> and get 1 points.
You press <<U>> and get 0 points.
You press <<U>> and get 1 points.
You press <<U>> and get 1 points.
You press <<U>> and get  points.
You press <<",1,0.73046875,0.26953125,-0.0859375,0.0869140625,13,78908,0.81640625,0.1826171875
269,choice,"In this task, you have to repeatedly choose between two slot machines labeled U and P.
You can choose a slot machine by pressing its corresponding key.When you select one of the machines, you will win 1 or 0 points.Your goal is to choose the slot machines that will give you the most points.You will receive feedback about the outcome after making a choice.
The environment may change unpredictably, and past success does not guarantee future results. You’ll need to adapt to these changes to keep finding the better machine.You will play 1 game in total, consisting of 100 trials. Game 1:You press <<U>> and get 1 points.
You press <<U>> and get 1 points.
You press <<U>> and get 1 points.
You press <<U>> and get 0 points.
You press <<U>> and get 1 points.
You press <<P>> and get 0 points.
You press <<U>> and get 1 points.
You press <<P>> and get 0 points.
You press <<U>> and get 1 points.
You press <<U>> and get 0 points.
You press <<U>> and get 1 points.
You press <<U>> and get 1 points.
You press <<U>> and get 1 points.
You press <<>> and get 0 points.
You press <<",P,0.7734375,0.2216796875,-0.04296875,0.0390625,14,78908,0.81640625,0.1826171875
274,reward,"In this task, you have to repeatedly choose between two slot machines labeled U and P.
You can choose a slot machine by pressing its corresponding key.When you select one of the machines, you will win 1 or 0 points.Your goal is to choose the slot machines that will give you the most points.You will receive feedback about the outcome after making a choice.
The environment may change unpredictably, and past success does not guarantee future results. You’ll need to adapt to these changes to keep finding the better machine.You will play 1 game in total, consisting of 100 trials. Game 1:You press <<U>> and get 1 points.
You press <<U>> and get 1 points.
You press <<U>> and get 1 points.
You press <<U>> and get 0 points.
You press <<U>> and get 1 points.
You press <<P>> and get 0 points.
You press <<U>> and get 1 points.
You press <<P>> and get 0 points.
You press <<U>> and get 1 points.
You press <<U>> and get 0 points.
You press <<U>> and get 1 points.
You press <<U>> and get 1 points.
You press <<U>> and get 1 points.
You press <<P>> and get  points.
You press <<",0,0.73046875,0.26953125,-0.0859375,0.0869140625,14,78908,0.81640625,0.1826171875
280,choice,"In this task, you have to repeatedly choose between two slot machines labeled U and P.
You can choose a slot machine by pressing its corresponding key.When you select one of the machines, you will win 1 or 0 points.Your goal is to choose the slot machines that will give you the most points.You will receive feedback about the outcome after making a choice.
The environment may change unpredictably, and past success does not guarantee future results. You’ll need to adapt to these changes to keep finding the better machine.You will play 1 game in total, consisting of 100 trials. Game 1:You press <<U>> and get 1 points.
You press <<U>> and get 1 points.
You press <<U>> and get 1 points.
You press <<U>> and get 0 points.
You press <<U>> and get 1 points.
You press <<P>> and get 0 points.
You press <<U>> and get 1 points.
You press <<P>> and get 0 points.
You press <<U>> and get 1 points.
You press <<U>> and get 0 points.
You press <<U>> and get 1 points.
You press <<U>> and get 1 points.
You press <<U>> and get 1 points.
You press <<P>> and get 0 points.
You press <<>> and get 1 points.
You press <<",U,0.74609375,0.2431640625,-0.05078125,0.041015625,15,78908,0.796875,0.2021484375
285,reward,"In this task, you have to repeatedly choose between two slot machines labeled U and P.
You can choose a slot machine by pressing its corresponding key.When you select one of the machines, you will win 1 or 0 points.Your goal is to choose the slot machines that will give you the most points.You will receive feedback about the outcome after making a choice.
The environment may change unpredictably, and past success does not guarantee future results. You’ll need to adapt to these changes to keep finding the better machine.You will play 1 game in total, consisting of 100 trials. Game 1:You press <<U>> and get 1 points.
You press <<U>> and get 1 points.
You press <<U>> and get 1 points.
You press <<U>> and get 0 points.
You press <<U>> and get 1 points.
You press <<P>> and get 0 points.
You press <<U>> and get 1 points.
You press <<P>> and get 0 points.
You press <<U>> and get 1 points.
You press <<U>> and get 0 points.
You press <<U>> and get 1 points.
You press <<U>> and get 1 points.
You press <<U>> and get 1 points.
You press <<P>> and get 0 points.
You press <<U>> and get  points.
You press <<",1,0.75390625,0.2451171875,-0.04296875,0.04296875,15,78908,0.796875,0.2021484375
291,choice,"In this task, you have to repeatedly choose between two slot machines labeled U and P.
You can choose a slot machine by pressing its corresponding key.When you select one of the machines, you will win 1 or 0 points.Your goal is to choose the slot machines that will give you the most points.You will receive feedback about the outcome after making a choice.
The environment may change unpredictably, and past success does not guarantee future results. You’ll need to adapt to these changes to keep finding the better machine.You will play 1 game in total, consisting of 100 trials. Game 1:You press <<U>> and get 1 points.
You press <<U>> and get 1 points.
You press <<U>> and get 1 points.
You press <<U>> and get 0 points.
You press <<U>> and get 1 points.
You press <<P>> and get 0 points.
You press <<U>> and get 1 points.
You press <<P>> and get 0 points.
You press <<U>> and get 1 points.
You press <<U>> and get 0 points.
You press <<U>> and get 1 points.
You press <<U>> and get 1 points.
You press <<U>> and get 1 points.
You press <<P>> and get 0 points.
You press <<U>> and get 1 points.
You press <<>> and get 1 points.
You press <<",U,0.74609375,0.2421875,-0.08984375,0.078125,16,78908,0.8359375,0.1640625
296,reward,"In this task, you have to repeatedly choose between two slot machines labeled U and P.
You can choose a slot machine by pressing its corresponding key.When you select one of the machines, you will win 1 or 0 points.Your goal is to choose the slot machines that will give you the most points.You will receive feedback about the outcome after making a choice.
The environment may change unpredictably, and past success does not guarantee future results. You’ll need to adapt to these changes to keep finding the better machine.You will play 1 game in total, consisting of 100 trials. Game 1:You press <<U>> and get 1 points.
You press <<U>> and get 1 points.
You press <<U>> and get 1 points.
You press <<U>> and get 0 points.
You press <<U>> and get 1 points.
You press <<P>> and get 0 points.
You press <<U>> and get 1 points.
You press <<P>> and get 0 points.
You press <<U>> and get 1 points.
You press <<U>> and get 0 points.
You press <<U>> and get 1 points.
You press <<U>> and get 1 points.
You press <<U>> and get 1 points.
You press <<P>> and get 0 points.
You press <<U>> and get 1 points.
You press <<U>> and get  points.
You press <<",1,0.75390625,0.2451171875,-0.08203125,0.0810546875,16,78908,0.8359375,0.1640625
302,choice,"In this task, you have to repeatedly choose between two slot machines labeled U and P.
You can choose a slot machine by pressing its corresponding key.When you select one of the machines, you will win 1 or 0 points.Your goal is to choose the slot machines that will give you the most points.You will receive feedback about the outcome after making a choice.
The environment may change unpredictably, and past success does not guarantee future results. You’ll need to adapt to these changes to keep finding the better machine.You will play 1 game in total, consisting of 100 trials. Game 1:You press <<U>> and get 1 points.
You press <<U>> and get 1 points.
You press <<U>> and get 1 points.
You press <<U>> and get 0 points.
You press <<U>> and get 1 points.
You press <<P>> and get 0 points.
You press <<U>> and get 1 points.
You press <<P>> and get 0 points.
You press <<U>> and get 1 points.
You press <<U>> and get 0 points.
You press <<U>> and get 1 points.
You press <<U>> and get 1 points.
You press <<U>> and get 1 points.
You press <<P>> and get 0 points.
You press <<U>> and get 1 points.
You press <<U>> and get 1 points.
You press <<>> and get 1 points.
You press <<",U,0.765625,0.2197265625,-0.0703125,0.0556640625,17,78908,0.8359375,0.1640625
307,reward,"In this task, you have to repeatedly choose between two slot machines labeled U and P.
You can choose a slot machine by pressing its corresponding key.When you select one of the machines, you will win 1 or 0 points.Your goal is to choose the slot machines that will give you the most points.You will receive feedback about the outcome after making a choice.
The environment may change unpredictably, and past success does not guarantee future results. You’ll need to adapt to these changes to keep finding the better machine.You will play 1 game in total, consisting of 100 trials. Game 1:You press <<U>> and get 1 points.
You press <<U>> and get 1 points.
You press <<U>> and get 1 points.
You press <<U>> and get 0 points.
You press <<U>> and get 1 points.
You press <<P>> and get 0 points.
You press <<U>> and get 1 points.
You press <<P>> and get 0 points.
You press <<U>> and get 1 points.
You press <<U>> and get 0 points.
You press <<U>> and get 1 points.
You press <<U>> and get 1 points.
You press <<U>> and get 1 points.
You press <<P>> and get 0 points.
You press <<U>> and get 1 points.
You press <<U>> and get 1 points.
You press <<U>> and get  points.
You press <<",1,0.75390625,0.2451171875,-0.08203125,0.0810546875,17,78908,0.8359375,0.1640625
313,choice,"In this task, you have to repeatedly choose between two slot machines labeled U and P.
You can choose a slot machine by pressing its corresponding key.When you select one of the machines, you will win 1 or 0 points.Your goal is to choose the slot machines that will give you the most points.You will receive feedback about the outcome after making a choice.
The environment may change unpredictably, and past success does not guarantee future results. You’ll need to adapt to these changes to keep finding the better machine.You will play 1 game in total, consisting of 100 trials. Game 1:You press <<U>> and get 1 points.
You press <<U>> and get 1 points.
You press <<U>> and get 1 points.
You press <<U>> and get 0 points.
You press <<U>> and get 1 points.
You press <<P>> and get 0 points.
You press <<U>> and get 1 points.
You press <<P>> and get 0 points.
You press <<U>> and get 1 points.
You press <<U>> and get 0 points.
You press <<U>> and get 1 points.
You press <<U>> and get 1 points.
You press <<U>> and get 1 points.
You press <<P>> and get 0 points.
You press <<U>> and get 1 points.
You press <<U>> and get 1 points.
You press <<U>> and get 1 points.
You press <<>> and get 1 points.
You press <<",U,0.78515625,0.19921875,-0.05078125,0.03515625,18,78908,0.8359375,0.1640625
318,reward,"In this task, you have to repeatedly choose between two slot machines labeled U and P.
You can choose a slot machine by pressing its corresponding key.When you select one of the machines, you will win 1 or 0 points.Your goal is to choose the slot machines that will give you the most points.You will receive feedback about the outcome after making a choice.
The environment may change unpredictably, and past success does not guarantee future results. You’ll need to adapt to these changes to keep finding the better machine.You will play 1 game in total, consisting of 100 trials. Game 1:You press <<U>> and get 1 points.
You press <<U>> and get 1 points.
You press <<U>> and get 1 points.
You press <<U>> and get 0 points.
You press <<U>> and get 1 points.
You press <<P>> and get 0 points.
You press <<U>> and get 1 points.
You press <<P>> and get 0 points.
You press <<U>> and get 1 points.
You press <<U>> and get 0 points.
You press <<U>> and get 1 points.
You press <<U>> and get 1 points.
You press <<U>> and get 1 points.
You press <<P>> and get 0 points.
You press <<U>> and get 1 points.
You press <<U>> and get 1 points.
You press <<U>> and get 1 points.
You press <<U>> and get  points.
You press <<",1,0.75390625,0.2451171875,-0.08203125,0.0810546875,18,78908,0.8359375,0.1640625
324,choice,"In this task, you have to repeatedly choose between two slot machines labeled U and P.
You can choose a slot machine by pressing its corresponding key.When you select one of the machines, you will win 1 or 0 points.Your goal is to choose the slot machines that will give you the most points.You will receive feedback about the outcome after making a choice.
The environment may change unpredictably, and past success does not guarantee future results. You’ll need to adapt to these changes to keep finding the better machine.You will play 1 game in total, consisting of 100 trials. Game 1:You press <<U>> and get 1 points.
You press <<U>> and get 1 points.
You press <<U>> and get 1 points.
You press <<U>> and get 0 points.
You press <<U>> and get 1 points.
You press <<P>> and get 0 points.
You press <<U>> and get 1 points.
You press <<P>> and get 0 points.
You press <<U>> and get 1 points.
You press <<U>> and get 0 points.
You press <<U>> and get 1 points.
You press <<U>> and get 1 points.
You press <<U>> and get 1 points.
You press <<P>> and get 0 points.
You press <<U>> and get 1 points.
You press <<U>> and get 1 points.
You press <<U>> and get 1 points.
You press <<U>> and get 1 points.
You press <<>> and get 1 points.
You press <<",U,0.80859375,0.1806640625,-0.04296875,0.0322265625,19,78908,0.8515625,0.1484375
329,reward,"In this task, you have to repeatedly choose between two slot machines labeled U and P.
You can choose a slot machine by pressing its corresponding key.When you select one of the machines, you will win 1 or 0 points.Your goal is to choose the slot machines that will give you the most points.You will receive feedback about the outcome after making a choice.
The environment may change unpredictably, and past success does not guarantee future results. You’ll need to adapt to these changes to keep finding the better machine.You will play 1 game in total, consisting of 100 trials. Game 1:You press <<U>> and get 1 points.
You press <<U>> and get 1 points.
You press <<U>> and get 1 points.
You press <<U>> and get 0 points.
You press <<U>> and get 1 points.
You press <<P>> and get 0 points.
You press <<U>> and get 1 points.
You press <<P>> and get 0 points.
You press <<U>> and get 1 points.
You press <<U>> and get 0 points.
You press <<U>> and get 1 points.
You press <<U>> and get 1 points.
You press <<U>> and get 1 points.
You press <<P>> and get 0 points.
You press <<U>> and get 1 points.
You press <<U>> and get 1 points.
You press <<U>> and get 1 points.
You press <<U>> and get 1 points.
You press <<U>> and get  points.
You press <<",1,0.77734375,0.22265625,-0.07421875,0.07421875,19,78908,0.8515625,0.1484375
335,choice,"In this task, you have to repeatedly choose between two slot machines labeled U and P.
You can choose a slot machine by pressing its corresponding key.When you select one of the machines, you will win 1 or 0 points.Your goal is to choose the slot machines that will give you the most points.You will receive feedback about the outcome after making a choice.
The environment may change unpredictably, and past success does not guarantee future results. You’ll need to adapt to these changes to keep finding the better machine.You will play 1 game in total, consisting of 100 trials. Game 1:You press <<U>> and get 1 points.
You press <<U>> and get 1 points.
You press <<U>> and get 1 points.
You press <<U>> and get 0 points.
You press <<U>> and get 1 points.
You press <<P>> and get 0 points.
You press <<U>> and get 1 points.
You press <<P>> and get 0 points.
You press <<U>> and get 1 points.
You press <<U>> and get 0 points.
You press <<U>> and get 1 points.
You press <<U>> and get 1 points.
You press <<U>> and get 1 points.
You press <<P>> and get 0 points.
You press <<U>> and get 1 points.
You press <<U>> and get 1 points.
You press <<U>> and get 1 points.
You press <<U>> and get 1 points.
You press <<U>> and get 1 points.
You press <<>> and get 1 points.
You press <<",U,0.8046875,0.1796875,-0.0625,0.046875,20,78908,0.8671875,0.1328125
340,reward,"In this task, you have to repeatedly choose between two slot machines labeled U and P.
You can choose a slot machine by pressing its corresponding key.When you select one of the machines, you will win 1 or 0 points.Your goal is to choose the slot machines that will give you the most points.You will receive feedback about the outcome after making a choice.
The environment may change unpredictably, and past success does not guarantee future results. You’ll need to adapt to these changes to keep finding the better machine.You will play 1 game in total, consisting of 100 trials. Game 1:You press <<U>> and get 1 points.
You press <<U>> and get 1 points.
You press <<U>> and get 1 points.
You press <<U>> and get 0 points.
You press <<U>> and get 1 points.
You press <<P>> and get 0 points.
You press <<U>> and get 1 points.
You press <<P>> and get 0 points.
You press <<U>> and get 1 points.
You press <<U>> and get 0 points.
You press <<U>> and get 1 points.
You press <<U>> and get 1 points.
You press <<U>> and get 1 points.
You press <<P>> and get 0 points.
You press <<U>> and get 1 points.
You press <<U>> and get 1 points.
You press <<U>> and get 1 points.
You press <<U>> and get 1 points.
You press <<U>> and get 1 points.
You press <<U>> and get  points.
You press <<",1,0.77734375,0.22265625,-0.08984375,0.08984375,20,78908,0.8671875,0.1328125
346,choice,"In this task, you have to repeatedly choose between two slot machines labeled U and P.
You can choose a slot machine by pressing its corresponding key.When you select one of the machines, you will win 1 or 0 points.Your goal is to choose the slot machines that will give you the most points.You will receive feedback about the outcome after making a choice.
The environment may change unpredictably, and past success does not guarantee future results. You’ll need to adapt to these changes to keep finding the better machine.You will play 1 game in total, consisting of 100 trials. Game 1:You press <<U>> and get 1 points.
You press <<U>> and get 1 points.
You press <<U>> and get 1 points.
You press <<U>> and get 0 points.
You press <<U>> and get 1 points.
You press <<P>> and get 0 points.
You press <<U>> and get 1 points.
You press <<P>> and get 0 points.
You press <<U>> and get 1 points.
You press <<U>> and get 0 points.
You press <<U>> and get 1 points.
You press <<U>> and get 1 points.
You press <<U>> and get 1 points.
You press <<P>> and get 0 points.
You press <<U>> and get 1 points.
You press <<U>> and get 1 points.
You press <<U>> and get 1 points.
You press <<U>> and get 1 points.
You press <<U>> and get 1 points.
You press <<U>> and get 1 points.
You press <<>> and get 1 points.
You press <<",U,0.82421875,0.162109375,-0.04296875,0.029296875,21,78908,0.8671875,0.1328125
351,reward,"In this task, you have to repeatedly choose between two slot machines labeled U and P.
You can choose a slot machine by pressing its corresponding key.When you select one of the machines, you will win 1 or 0 points.Your goal is to choose the slot machines that will give you the most points.You will receive feedback about the outcome after making a choice.
The environment may change unpredictably, and past success does not guarantee future results. You’ll need to adapt to these changes to keep finding the better machine.You will play 1 game in total, consisting of 100 trials. Game 1:You press <<U>> and get 1 points.
You press <<U>> and get 1 points.
You press <<U>> and get 1 points.
You press <<U>> and get 0 points.
You press <<U>> and get 1 points.
You press <<P>> and get 0 points.
You press <<U>> and get 1 points.
You press <<P>> and get 0 points.
You press <<U>> and get 1 points.
You press <<U>> and get 0 points.
You press <<U>> and get 1 points.
You press <<U>> and get 1 points.
You press <<U>> and get 1 points.
You press <<P>> and get 0 points.
You press <<U>> and get 1 points.
You press <<U>> and get 1 points.
You press <<U>> and get 1 points.
You press <<U>> and get 1 points.
You press <<U>> and get 1 points.
You press <<U>> and get 1 points.
You press <<U>> and get  points.
You press <<",1,0.796875,0.2021484375,-0.0703125,0.0693359375,21,78908,0.8671875,0.1328125
357,choice,"In this task, you have to repeatedly choose between two slot machines labeled U and P.
You can choose a slot machine by pressing its corresponding key.When you select one of the machines, you will win 1 or 0 points.Your goal is to choose the slot machines that will give you the most points.You will receive feedback about the outcome after making a choice.
The environment may change unpredictably, and past success does not guarantee future results. You’ll need to adapt to these changes to keep finding the better machine.You will play 1 game in total, consisting of 100 trials. Game 1:You press <<U>> and get 1 points.
You press <<U>> and get 1 points.
You press <<U>> and get 1 points.
You press <<U>> and get 0 points.
You press <<U>> and get 1 points.
You press <<P>> and get 0 points.
You press <<U>> and get 1 points.
You press <<P>> and get 0 points.
You press <<U>> and get 1 points.
You press <<U>> and get 0 points.
You press <<U>> and get 1 points.
You press <<U>> and get 1 points.
You press <<U>> and get 1 points.
You press <<P>> and get 0 points.
You press <<U>> and get 1 points.
You press <<U>> and get 1 points.
You press <<U>> and get 1 points.
You press <<U>> and get 1 points.
You press <<U>> and get 1 points.
You press <<U>> and get 1 points.
You press <<U>> and get 1 points.
You press <<>> and get 0 points.
You press <<",P,0.83203125,0.1640625,-0.03515625,0.03125,22,78908,0.8671875,0.1328125
362,reward,"In this task, you have to repeatedly choose between two slot machines labeled U and P.
You can choose a slot machine by pressing its corresponding key.When you select one of the machines, you will win 1 or 0 points.Your goal is to choose the slot machines that will give you the most points.You will receive feedback about the outcome after making a choice.
The environment may change unpredictably, and past success does not guarantee future results. You’ll need to adapt to these changes to keep finding the better machine.You will play 1 game in total, consisting of 100 trials. Game 1:You press <<U>> and get 1 points.
You press <<U>> and get 1 points.
You press <<U>> and get 1 points.
You press <<U>> and get 0 points.
You press <<U>> and get 1 points.
You press <<P>> and get 0 points.
You press <<U>> and get 1 points.
You press <<P>> and get 0 points.
You press <<U>> and get 1 points.
You press <<U>> and get 0 points.
You press <<U>> and get 1 points.
You press <<U>> and get 1 points.
You press <<U>> and get 1 points.
You press <<P>> and get 0 points.
You press <<U>> and get 1 points.
You press <<U>> and get 1 points.
You press <<U>> and get 1 points.
You press <<U>> and get 1 points.
You press <<U>> and get 1 points.
You press <<U>> and get 1 points.
You press <<U>> and get 1 points.
You press <<P>> and get  points.
You press <<",0,0.796875,0.2021484375,-0.0703125,0.0693359375,22,78908,0.8671875,0.1328125
368,choice,"In this task, you have to repeatedly choose between two slot machines labeled U and P.
You can choose a slot machine by pressing its corresponding key.When you select one of the machines, you will win 1 or 0 points.Your goal is to choose the slot machines that will give you the most points.You will receive feedback about the outcome after making a choice.
The environment may change unpredictably, and past success does not guarantee future results. You’ll need to adapt to these changes to keep finding the better machine.You will play 1 game in total, consisting of 100 trials. Game 1:You press <<U>> and get 1 points.
You press <<U>> and get 1 points.
You press <<U>> and get 1 points.
You press <<U>> and get 0 points.
You press <<U>> and get 1 points.
You press <<P>> and get 0 points.
You press <<U>> and get 1 points.
You press <<P>> and get 0 points.
You press <<U>> and get 1 points.
You press <<U>> and get 0 points.
You press <<U>> and get 1 points.
You press <<U>> and get 1 points.
You press <<U>> and get 1 points.
You press <<P>> and get 0 points.
You press <<U>> and get 1 points.
You press <<U>> and get 1 points.
You press <<U>> and get 1 points.
You press <<U>> and get 1 points.
You press <<U>> and get 1 points.
You press <<U>> and get 1 points.
You press <<U>> and get 1 points.
You press <<P>> and get 0 points.
You press <<>> and get 0 points.
You press <<",P,0.74609375,0.2421875,0.27734375,-0.2890625,23,78908,0.46875,0.53125
373,reward,"In this task, you have to repeatedly choose between two slot machines labeled U and P.
You can choose a slot machine by pressing its corresponding key.When you select one of the machines, you will win 1 or 0 points.Your goal is to choose the slot machines that will give you the most points.You will receive feedback about the outcome after making a choice.
The environment may change unpredictably, and past success does not guarantee future results. You’ll need to adapt to these changes to keep finding the better machine.You will play 1 game in total, consisting of 100 trials. Game 1:You press <<U>> and get 1 points.
You press <<U>> and get 1 points.
You press <<U>> and get 1 points.
You press <<U>> and get 0 points.
You press <<U>> and get 1 points.
You press <<P>> and get 0 points.
You press <<U>> and get 1 points.
You press <<P>> and get 0 points.
You press <<U>> and get 1 points.
You press <<U>> and get 0 points.
You press <<U>> and get 1 points.
You press <<U>> and get 1 points.
You press <<U>> and get 1 points.
You press <<P>> and get 0 points.
You press <<U>> and get 1 points.
You press <<U>> and get 1 points.
You press <<U>> and get 1 points.
You press <<U>> and get 1 points.
You press <<U>> and get 1 points.
You press <<U>> and get 1 points.
You press <<U>> and get 1 points.
You press <<P>> and get 0 points.
You press <<P>> and get  points.
You press <<",0,0.4375,0.5625,-0.03125,0.03125,23,78908,0.46875,0.53125
379,choice,"In this task, you have to repeatedly choose between two slot machines labeled U and P.
You can choose a slot machine by pressing its corresponding key.When you select one of the machines, you will win 1 or 0 points.Your goal is to choose the slot machines that will give you the most points.You will receive feedback about the outcome after making a choice.
The environment may change unpredictably, and past success does not guarantee future results. You’ll need to adapt to these changes to keep finding the better machine.You will play 1 game in total, consisting of 100 trials. Game 1:You press <<U>> and get 1 points.
You press <<U>> and get 1 points.
You press <<U>> and get 1 points.
You press <<U>> and get 0 points.
You press <<U>> and get 1 points.
You press <<P>> and get 0 points.
You press <<U>> and get 1 points.
You press <<P>> and get 0 points.
You press <<U>> and get 1 points.
You press <<U>> and get 0 points.
You press <<U>> and get 1 points.
You press <<U>> and get 1 points.
You press <<U>> and get 1 points.
You press <<P>> and get 0 points.
You press <<U>> and get 1 points.
You press <<U>> and get 1 points.
You press <<U>> and get 1 points.
You press <<U>> and get 1 points.
You press <<U>> and get 1 points.
You press <<U>> and get 1 points.
You press <<U>> and get 1 points.
You press <<P>> and get 0 points.
You press <<P>> and get 0 points.
You press <<>> and get 1 points.
You press <<",U,0.69921875,0.291015625,-0.1171875,0.1083984375,24,78908,0.81640625,0.1826171875
384,reward,"In this task, you have to repeatedly choose between two slot machines labeled U and P.
You can choose a slot machine by pressing its corresponding key.When you select one of the machines, you will win 1 or 0 points.Your goal is to choose the slot machines that will give you the most points.You will receive feedback about the outcome after making a choice.
The environment may change unpredictably, and past success does not guarantee future results. You’ll need to adapt to these changes to keep finding the better machine.You will play 1 game in total, consisting of 100 trials. Game 1:You press <<U>> and get 1 points.
You press <<U>> and get 1 points.
You press <<U>> and get 1 points.
You press <<U>> and get 0 points.
You press <<U>> and get 1 points.
You press <<P>> and get 0 points.
You press <<U>> and get 1 points.
You press <<P>> and get 0 points.
You press <<U>> and get 1 points.
You press <<U>> and get 0 points.
You press <<U>> and get 1 points.
You press <<U>> and get 1 points.
You press <<U>> and get 1 points.
You press <<P>> and get 0 points.
You press <<U>> and get 1 points.
You press <<U>> and get 1 points.
You press <<U>> and get 1 points.
You press <<U>> and get 1 points.
You press <<U>> and get 1 points.
You press <<U>> and get 1 points.
You press <<U>> and get 1 points.
You press <<P>> and get 0 points.
You press <<P>> and get 0 points.
You press <<U>> and get  points.
You press <<",1,0.75390625,0.2451171875,-0.0625,0.0625,24,78908,0.81640625,0.1826171875
390,choice,"In this task, you have to repeatedly choose between two slot machines labeled U and P.
You can choose a slot machine by pressing its corresponding key.When you select one of the machines, you will win 1 or 0 points.Your goal is to choose the slot machines that will give you the most points.You will receive feedback about the outcome after making a choice.
The environment may change unpredictably, and past success does not guarantee future results. You’ll need to adapt to these changes to keep finding the better machine.You will play 1 game in total, consisting of 100 trials. Game 1:You press <<U>> and get 1 points.
You press <<U>> and get 1 points.
You press <<U>> and get 1 points.
You press <<U>> and get 0 points.
You press <<U>> and get 1 points.
You press <<P>> and get 0 points.
You press <<U>> and get 1 points.
You press <<P>> and get 0 points.
You press <<U>> and get 1 points.
You press <<U>> and get 0 points.
You press <<U>> and get 1 points.
You press <<U>> and get 1 points.
You press <<U>> and get 1 points.
You press <<P>> and get 0 points.
You press <<U>> and get 1 points.
You press <<U>> and get 1 points.
You press <<U>> and get 1 points.
You press <<U>> and get 1 points.
You press <<U>> and get 1 points.
You press <<U>> and get 1 points.
You press <<U>> and get 1 points.
You press <<P>> and get 0 points.
You press <<P>> and get 0 points.
You press <<U>> and get 1 points.
You press <<>> and get 1 points.
You press <<",U,0.78515625,0.19921875,-0.06640625,0.05078125,25,78908,0.8515625,0.1484375
395,reward,"In this task, you have to repeatedly choose between two slot machines labeled U and P.
You can choose a slot machine by pressing its corresponding key.When you select one of the machines, you will win 1 or 0 points.Your goal is to choose the slot machines that will give you the most points.You will receive feedback about the outcome after making a choice.
The environment may change unpredictably, and past success does not guarantee future results. You’ll need to adapt to these changes to keep finding the better machine.You will play 1 game in total, consisting of 100 trials. Game 1:You press <<U>> and get 1 points.
You press <<U>> and get 1 points.
You press <<U>> and get 1 points.
You press <<U>> and get 0 points.
You press <<U>> and get 1 points.
You press <<P>> and get 0 points.
You press <<U>> and get 1 points.
You press <<P>> and get 0 points.
You press <<U>> and get 1 points.
You press <<U>> and get 0 points.
You press <<U>> and get 1 points.
You press <<U>> and get 1 points.
You press <<U>> and get 1 points.
You press <<P>> and get 0 points.
You press <<U>> and get 1 points.
You press <<U>> and get 1 points.
You press <<U>> and get 1 points.
You press <<U>> and get 1 points.
You press <<U>> and get 1 points.
You press <<U>> and get 1 points.
You press <<U>> and get 1 points.
You press <<P>> and get 0 points.
You press <<P>> and get 0 points.
You press <<U>> and get 1 points.
You press <<U>> and get  points.
You press <<",1,0.796875,0.2021484375,-0.0546875,0.0537109375,25,78908,0.8515625,0.1484375
401,choice,"In this task, you have to repeatedly choose between two slot machines labeled U and P.
You can choose a slot machine by pressing its corresponding key.When you select one of the machines, you will win 1 or 0 points.Your goal is to choose the slot machines that will give you the most points.You will receive feedback about the outcome after making a choice.
The environment may change unpredictably, and past success does not guarantee future results. You’ll need to adapt to these changes to keep finding the better machine.You will play 1 game in total, consisting of 100 trials. Game 1:You press <<U>> and get 1 points.
You press <<U>> and get 1 points.
You press <<U>> and get 1 points.
You press <<U>> and get 0 points.
You press <<U>> and get 1 points.
You press <<P>> and get 0 points.
You press <<U>> and get 1 points.
You press <<P>> and get 0 points.
You press <<U>> and get 1 points.
You press <<U>> and get 0 points.
You press <<U>> and get 1 points.
You press <<U>> and get 1 points.
You press <<U>> and get 1 points.
You press <<P>> and get 0 points.
You press <<U>> and get 1 points.
You press <<U>> and get 1 points.
You press <<U>> and get 1 points.
You press <<U>> and get 1 points.
You press <<U>> and get 1 points.
You press <<U>> and get 1 points.
You press <<U>> and get 1 points.
You press <<P>> and get 0 points.
You press <<P>> and get 0 points.
You press <<U>> and get 1 points.
You press <<U>> and get 1 points.
You press <<>> and get 1 points.
You press <<",P,0.8046875,0.1796875,0.3671875,-0.3828125,26,78908,0.4375,0.5625
406,reward,"In this task, you have to repeatedly choose between two slot machines labeled U and P.
You can choose a slot machine by pressing its corresponding key.When you select one of the machines, you will win 1 or 0 points.Your goal is to choose the slot machines that will give you the most points.You will receive feedback about the outcome after making a choice.
The environment may change unpredictably, and past success does not guarantee future results. You’ll need to adapt to these changes to keep finding the better machine.You will play 1 game in total, consisting of 100 trials. Game 1:You press <<U>> and get 1 points.
You press <<U>> and get 1 points.
You press <<U>> and get 1 points.
You press <<U>> and get 0 points.
You press <<U>> and get 1 points.
You press <<P>> and get 0 points.
You press <<U>> and get 1 points.
You press <<P>> and get 0 points.
You press <<U>> and get 1 points.
You press <<U>> and get 0 points.
You press <<U>> and get 1 points.
You press <<U>> and get 1 points.
You press <<U>> and get 1 points.
You press <<P>> and get 0 points.
You press <<U>> and get 1 points.
You press <<U>> and get 1 points.
You press <<U>> and get 1 points.
You press <<U>> and get 1 points.
You press <<U>> and get 1 points.
You press <<U>> and get 1 points.
You press <<U>> and get 1 points.
You press <<P>> and get 0 points.
You press <<P>> and get 0 points.
You press <<U>> and get 1 points.
You press <<U>> and get 1 points.
You press <<P>> and get  points.
You press <<",1,0.6796875,0.3203125,0.2421875,-0.2421875,26,78908,0.4375,0.5625
412,choice,"In this task, you have to repeatedly choose between two slot machines labeled U and P.
You can choose a slot machine by pressing its corresponding key.When you select one of the machines, you will win 1 or 0 points.Your goal is to choose the slot machines that will give you the most points.You will receive feedback about the outcome after making a choice.
The environment may change unpredictably, and past success does not guarantee future results. You’ll need to adapt to these changes to keep finding the better machine.You will play 1 game in total, consisting of 100 trials. Game 1:You press <<U>> and get 1 points.
You press <<U>> and get 1 points.
You press <<U>> and get 1 points.
You press <<U>> and get 0 points.
You press <<U>> and get 1 points.
You press <<P>> and get 0 points.
You press <<U>> and get 1 points.
You press <<P>> and get 0 points.
You press <<U>> and get 1 points.
You press <<U>> and get 0 points.
You press <<U>> and get 1 points.
You press <<U>> and get 1 points.
You press <<U>> and get 1 points.
You press <<P>> and get 0 points.
You press <<U>> and get 1 points.
You press <<U>> and get 1 points.
You press <<U>> and get 1 points.
You press <<U>> and get 1 points.
You press <<U>> and get 1 points.
You press <<U>> and get 1 points.
You press <<U>> and get 1 points.
You press <<P>> and get 0 points.
You press <<P>> and get 0 points.
You press <<U>> and get 1 points.
You press <<U>> and get 1 points.
You press <<P>> and get 1 points.
You press <<>> and get 1 points.
You press <<",U,0.4609375,0.5234375,-0.0390625,0.0234375,27,78908,0.5,0.5
417,reward,"In this task, you have to repeatedly choose between two slot machines labeled U and P.
You can choose a slot machine by pressing its corresponding key.When you select one of the machines, you will win 1 or 0 points.Your goal is to choose the slot machines that will give you the most points.You will receive feedback about the outcome after making a choice.
The environment may change unpredictably, and past success does not guarantee future results. You’ll need to adapt to these changes to keep finding the better machine.You will play 1 game in total, consisting of 100 trials. Game 1:You press <<U>> and get 1 points.
You press <<U>> and get 1 points.
You press <<U>> and get 1 points.
You press <<U>> and get 0 points.
You press <<U>> and get 1 points.
You press <<P>> and get 0 points.
You press <<U>> and get 1 points.
You press <<P>> and get 0 points.
You press <<U>> and get 1 points.
You press <<U>> and get 0 points.
You press <<U>> and get 1 points.
You press <<U>> and get 1 points.
You press <<U>> and get 1 points.
You press <<P>> and get 0 points.
You press <<U>> and get 1 points.
You press <<U>> and get 1 points.
You press <<U>> and get 1 points.
You press <<U>> and get 1 points.
You press <<U>> and get 1 points.
You press <<U>> and get 1 points.
You press <<U>> and get 1 points.
You press <<P>> and get 0 points.
You press <<P>> and get 0 points.
You press <<U>> and get 1 points.
You press <<U>> and get 1 points.
You press <<P>> and get 1 points.
You press <<U>> and get  points.
You press <<",1,0.376953125,0.62109375,-0.123046875,0.12109375,27,78908,0.5,0.5
423,choice,"In this task, you have to repeatedly choose between two slot machines labeled U and P.
You can choose a slot machine by pressing its corresponding key.When you select one of the machines, you will win 1 or 0 points.Your goal is to choose the slot machines that will give you the most points.You will receive feedback about the outcome after making a choice.
The environment may change unpredictably, and past success does not guarantee future results. You’ll need to adapt to these changes to keep finding the better machine.You will play 1 game in total, consisting of 100 trials. Game 1:You press <<U>> and get 1 points.
You press <<U>> and get 1 points.
You press <<U>> and get 1 points.
You press <<U>> and get 0 points.
You press <<U>> and get 1 points.
You press <<P>> and get 0 points.
You press <<U>> and get 1 points.
You press <<P>> and get 0 points.
You press <<U>> and get 1 points.
You press <<U>> and get 0 points.
You press <<U>> and get 1 points.
You press <<U>> and get 1 points.
You press <<U>> and get 1 points.
You press <<P>> and get 0 points.
You press <<U>> and get 1 points.
You press <<U>> and get 1 points.
You press <<U>> and get 1 points.
You press <<U>> and get 1 points.
You press <<U>> and get 1 points.
You press <<U>> and get 1 points.
You press <<U>> and get 1 points.
You press <<P>> and get 0 points.
You press <<P>> and get 0 points.
You press <<U>> and get 1 points.
You press <<U>> and get 1 points.
You press <<P>> and get 1 points.
You press <<U>> and get 1 points.
You press <<>> and get 1 points.
You press <<",U,0.5859375,0.40234375,-0.06640625,0.0546875,28,78908,0.65234375,0.34765625
428,reward,"In this task, you have to repeatedly choose between two slot machines labeled U and P.
You can choose a slot machine by pressing its corresponding key.When you select one of the machines, you will win 1 or 0 points.Your goal is to choose the slot machines that will give you the most points.You will receive feedback about the outcome after making a choice.
The environment may change unpredictably, and past success does not guarantee future results. You’ll need to adapt to these changes to keep finding the better machine.You will play 1 game in total, consisting of 100 trials. Game 1:You press <<U>> and get 1 points.
You press <<U>> and get 1 points.
You press <<U>> and get 1 points.
You press <<U>> and get 0 points.
You press <<U>> and get 1 points.
You press <<P>> and get 0 points.
You press <<U>> and get 1 points.
You press <<P>> and get 0 points.
You press <<U>> and get 1 points.
You press <<U>> and get 0 points.
You press <<U>> and get 1 points.
You press <<U>> and get 1 points.
You press <<U>> and get 1 points.
You press <<P>> and get 0 points.
You press <<U>> and get 1 points.
You press <<U>> and get 1 points.
You press <<U>> and get 1 points.
You press <<U>> and get 1 points.
You press <<U>> and get 1 points.
You press <<U>> and get 1 points.
You press <<U>> and get 1 points.
You press <<P>> and get 0 points.
You press <<P>> and get 0 points.
You press <<U>> and get 1 points.
You press <<U>> and get 1 points.
You press <<P>> and get 1 points.
You press <<U>> and get 1 points.
You press <<U>> and get  points.
You press <<",1,0.59375,0.40625,-0.05859375,0.05859375,28,78908,0.65234375,0.34765625
434,choice,"In this task, you have to repeatedly choose between two slot machines labeled U and P.
You can choose a slot machine by pressing its corresponding key.When you select one of the machines, you will win 1 or 0 points.Your goal is to choose the slot machines that will give you the most points.You will receive feedback about the outcome after making a choice.
The environment may change unpredictably, and past success does not guarantee future results. You’ll need to adapt to these changes to keep finding the better machine.You will play 1 game in total, consisting of 100 trials. Game 1:You press <<U>> and get 1 points.
You press <<U>> and get 1 points.
You press <<U>> and get 1 points.
You press <<U>> and get 0 points.
You press <<U>> and get 1 points.
You press <<P>> and get 0 points.
You press <<U>> and get 1 points.
You press <<P>> and get 0 points.
You press <<U>> and get 1 points.
You press <<U>> and get 0 points.
You press <<U>> and get 1 points.
You press <<U>> and get 1 points.
You press <<U>> and get 1 points.
You press <<P>> and get 0 points.
You press <<U>> and get 1 points.
You press <<U>> and get 1 points.
You press <<U>> and get 1 points.
You press <<U>> and get 1 points.
You press <<U>> and get 1 points.
You press <<U>> and get 1 points.
You press <<U>> and get 1 points.
You press <<P>> and get 0 points.
You press <<P>> and get 0 points.
You press <<U>> and get 1 points.
You press <<U>> and get 1 points.
You press <<P>> and get 1 points.
You press <<U>> and get 1 points.
You press <<U>> and get 1 points.
You press <<>> and get 1 points.
You press <<",U,0.64453125,0.34375,-0.03515625,0.0234375,29,78908,0.6796875,0.3203125
439,reward,"In this task, you have to repeatedly choose between two slot machines labeled U and P.
You can choose a slot machine by pressing its corresponding key.When you select one of the machines, you will win 1 or 0 points.Your goal is to choose the slot machines that will give you the most points.You will receive feedback about the outcome after making a choice.
The environment may change unpredictably, and past success does not guarantee future results. You’ll need to adapt to these changes to keep finding the better machine.You will play 1 game in total, consisting of 100 trials. Game 1:You press <<U>> and get 1 points.
You press <<U>> and get 1 points.
You press <<U>> and get 1 points.
You press <<U>> and get 0 points.
You press <<U>> and get 1 points.
You press <<P>> and get 0 points.
You press <<U>> and get 1 points.
You press <<P>> and get 0 points.
You press <<U>> and get 1 points.
You press <<U>> and get 0 points.
You press <<U>> and get 1 points.
You press <<U>> and get 1 points.
You press <<U>> and get 1 points.
You press <<P>> and get 0 points.
You press <<U>> and get 1 points.
You press <<U>> and get 1 points.
You press <<U>> and get 1 points.
You press <<U>> and get 1 points.
You press <<U>> and get 1 points.
You press <<U>> and get 1 points.
You press <<U>> and get 1 points.
You press <<P>> and get 0 points.
You press <<P>> and get 0 points.
You press <<U>> and get 1 points.
You press <<U>> and get 1 points.
You press <<P>> and get 1 points.
You press <<U>> and get 1 points.
You press <<U>> and get 1 points.
You press <<U>> and get  points.
You press <<",1,0.62109375,0.376953125,-0.05859375,0.056640625,29,78908,0.6796875,0.3203125
445,choice,"In this task, you have to repeatedly choose between two slot machines labeled U and P.
You can choose a slot machine by pressing its corresponding key.When you select one of the machines, you will win 1 or 0 points.Your goal is to choose the slot machines that will give you the most points.You will receive feedback about the outcome after making a choice.
The environment may change unpredictably, and past success does not guarantee future results. You’ll need to adapt to these changes to keep finding the better machine.You will play 1 game in total, consisting of 100 trials. Game 1:You press <<U>> and get 1 points.
You press <<U>> and get 1 points.
You press <<U>> and get 1 points.
You press <<U>> and get 0 points.
You press <<U>> and get 1 points.
You press <<P>> and get 0 points.
You press <<U>> and get 1 points.
You press <<P>> and get 0 points.
You press <<U>> and get 1 points.
You press <<U>> and get 0 points.
You press <<U>> and get 1 points.
You press <<U>> and get 1 points.
You press <<U>> and get 1 points.
You press <<P>> and get 0 points.
You press <<U>> and get 1 points.
You press <<U>> and get 1 points.
You press <<U>> and get 1 points.
You press <<U>> and get 1 points.
You press <<U>> and get 1 points.
You press <<U>> and get 1 points.
You press <<U>> and get 1 points.
You press <<P>> and get 0 points.
You press <<P>> and get 0 points.
You press <<U>> and get 1 points.
You press <<U>> and get 1 points.
You press <<P>> and get 1 points.
You press <<U>> and get 1 points.
You press <<U>> and get 1 points.
You press <<U>> and get 1 points.
You press <<>> and get 1 points.
You press <<",U,0.66796875,0.31640625,-0.0625,0.046875,30,78908,0.73046875,0.26953125
450,reward,"In this task, you have to repeatedly choose between two slot machines labeled U and P.
You can choose a slot machine by pressing its corresponding key.When you select one of the machines, you will win 1 or 0 points.Your goal is to choose the slot machines that will give you the most points.You will receive feedback about the outcome after making a choice.
The environment may change unpredictably, and past success does not guarantee future results. You’ll need to adapt to these changes to keep finding the better machine.You will play 1 game in total, consisting of 100 trials. Game 1:You press <<U>> and get 1 points.
You press <<U>> and get 1 points.
You press <<U>> and get 1 points.
You press <<U>> and get 0 points.
You press <<U>> and get 1 points.
You press <<P>> and get 0 points.
You press <<U>> and get 1 points.
You press <<P>> and get 0 points.
You press <<U>> and get 1 points.
You press <<U>> and get 0 points.
You press <<U>> and get 1 points.
You press <<U>> and get 1 points.
You press <<U>> and get 1 points.
You press <<P>> and get 0 points.
You press <<U>> and get 1 points.
You press <<U>> and get 1 points.
You press <<U>> and get 1 points.
You press <<U>> and get 1 points.
You press <<U>> and get 1 points.
You press <<U>> and get 1 points.
You press <<U>> and get 1 points.
You press <<P>> and get 0 points.
You press <<P>> and get 0 points.
You press <<U>> and get 1 points.
You press <<U>> and get 1 points.
You press <<P>> and get 1 points.
You press <<U>> and get 1 points.
You press <<U>> and get 1 points.
You press <<U>> and get 1 points.
You press <<U>> and get  points.
You press <<",1,0.65234375,0.34765625,-0.078125,0.078125,30,78908,0.73046875,0.26953125
456,choice,"In this task, you have to repeatedly choose between two slot machines labeled U and P.
You can choose a slot machine by pressing its corresponding key.When you select one of the machines, you will win 1 or 0 points.Your goal is to choose the slot machines that will give you the most points.You will receive feedback about the outcome after making a choice.
The environment may change unpredictably, and past success does not guarantee future results. You’ll need to adapt to these changes to keep finding the better machine.You will play 1 game in total, consisting of 100 trials. Game 1:You press <<U>> and get 1 points.
You press <<U>> and get 1 points.
You press <<U>> and get 1 points.
You press <<U>> and get 0 points.
You press <<U>> and get 1 points.
You press <<P>> and get 0 points.
You press <<U>> and get 1 points.
You press <<P>> and get 0 points.
You press <<U>> and get 1 points.
You press <<U>> and get 0 points.
You press <<U>> and get 1 points.
You press <<U>> and get 1 points.
You press <<U>> and get 1 points.
You press <<P>> and get 0 points.
You press <<U>> and get 1 points.
You press <<U>> and get 1 points.
You press <<U>> and get 1 points.
You press <<U>> and get 1 points.
You press <<U>> and get 1 points.
You press <<U>> and get 1 points.
You press <<U>> and get 1 points.
You press <<P>> and get 0 points.
You press <<P>> and get 0 points.
You press <<U>> and get 1 points.
You press <<U>> and get 1 points.
You press <<P>> and get 1 points.
You press <<U>> and get 1 points.
You press <<U>> and get 1 points.
You press <<U>> and get 1 points.
You press <<U>> and get 1 points.
You press <<>> and get 1 points.
You press <<",U,0.6953125,0.291015625,-0.05859375,0.0458984375,31,78908,0.75390625,0.2451171875
461,reward,"In this task, you have to repeatedly choose between two slot machines labeled U and P.
You can choose a slot machine by pressing its corresponding key.When you select one of the machines, you will win 1 or 0 points.Your goal is to choose the slot machines that will give you the most points.You will receive feedback about the outcome after making a choice.
The environment may change unpredictably, and past success does not guarantee future results. You’ll need to adapt to these changes to keep finding the better machine.You will play 1 game in total, consisting of 100 trials. Game 1:You press <<U>> and get 1 points.
You press <<U>> and get 1 points.
You press <<U>> and get 1 points.
You press <<U>> and get 0 points.
You press <<U>> and get 1 points.
You press <<P>> and get 0 points.
You press <<U>> and get 1 points.
You press <<P>> and get 0 points.
You press <<U>> and get 1 points.
You press <<U>> and get 0 points.
You press <<U>> and get 1 points.
You press <<U>> and get 1 points.
You press <<U>> and get 1 points.
You press <<P>> and get 0 points.
You press <<U>> and get 1 points.
You press <<U>> and get 1 points.
You press <<U>> and get 1 points.
You press <<U>> and get 1 points.
You press <<U>> and get 1 points.
You press <<U>> and get 1 points.
You press <<U>> and get 1 points.
You press <<P>> and get 0 points.
You press <<P>> and get 0 points.
You press <<U>> and get 1 points.
You press <<U>> and get 1 points.
You press <<P>> and get 1 points.
You press <<U>> and get 1 points.
You press <<U>> and get 1 points.
You press <<U>> and get 1 points.
You press <<U>> and get 1 points.
You press <<U>> and get  points.
You press <<",1,0.65234375,0.34765625,-0.1015625,0.1025390625,31,78908,0.75390625,0.2451171875
467,choice,"In this task, you have to repeatedly choose between two slot machines labeled U and P.
You can choose a slot machine by pressing its corresponding key.When you select one of the machines, you will win 1 or 0 points.Your goal is to choose the slot machines that will give you the most points.You will receive feedback about the outcome after making a choice.
The environment may change unpredictably, and past success does not guarantee future results. You’ll need to adapt to these changes to keep finding the better machine.You will play 1 game in total, consisting of 100 trials. Game 1:You press <<U>> and get 1 points.
You press <<U>> and get 1 points.
You press <<U>> and get 1 points.
You press <<U>> and get 0 points.
You press <<U>> and get 1 points.
You press <<P>> and get 0 points.
You press <<U>> and get 1 points.
You press <<P>> and get 0 points.
You press <<U>> and get 1 points.
You press <<U>> and get 0 points.
You press <<U>> and get 1 points.
You press <<U>> and get 1 points.
You press <<U>> and get 1 points.
You press <<P>> and get 0 points.
You press <<U>> and get 1 points.
You press <<U>> and get 1 points.
You press <<U>> and get 1 points.
You press <<U>> and get 1 points.
You press <<U>> and get 1 points.
You press <<U>> and get 1 points.
You press <<U>> and get 1 points.
You press <<P>> and get 0 points.
You press <<P>> and get 0 points.
You press <<U>> and get 1 points.
You press <<U>> and get 1 points.
You press <<P>> and get 1 points.
You press <<U>> and get 1 points.
You press <<U>> and get 1 points.
You press <<U>> and get 1 points.
You press <<U>> and get 1 points.
You press <<U>> and get 1 points.
You press <<>> and get 1 points.
You press <<",U,0.72265625,0.265625,-0.03125,0.0205078125,32,78908,0.75390625,0.2451171875
472,reward,"In this task, you have to repeatedly choose between two slot machines labeled U and P.
You can choose a slot machine by pressing its corresponding key.When you select one of the machines, you will win 1 or 0 points.Your goal is to choose the slot machines that will give you the most points.You will receive feedback about the outcome after making a choice.
The environment may change unpredictably, and past success does not guarantee future results. You’ll need to adapt to these changes to keep finding the better machine.You will play 1 game in total, consisting of 100 trials. Game 1:You press <<U>> and get 1 points.
You press <<U>> and get 1 points.
You press <<U>> and get 1 points.
You press <<U>> and get 0 points.
You press <<U>> and get 1 points.
You press <<P>> and get 0 points.
You press <<U>> and get 1 points.
You press <<P>> and get 0 points.
You press <<U>> and get 1 points.
You press <<U>> and get 0 points.
You press <<U>> and get 1 points.
You press <<U>> and get 1 points.
You press <<U>> and get 1 points.
You press <<P>> and get 0 points.
You press <<U>> and get 1 points.
You press <<U>> and get 1 points.
You press <<U>> and get 1 points.
You press <<U>> and get 1 points.
You press <<U>> and get 1 points.
You press <<U>> and get 1 points.
You press <<U>> and get 1 points.
You press <<P>> and get 0 points.
You press <<P>> and get 0 points.
You press <<U>> and get 1 points.
You press <<U>> and get 1 points.
You press <<P>> and get 1 points.
You press <<U>> and get 1 points.
You press <<U>> and get 1 points.
You press <<U>> and get 1 points.
You press <<U>> and get 1 points.
You press <<U>> and get 1 points.
You press <<U>> and get  points.
You press <<",1,0.70703125,0.294921875,-0.046875,0.0498046875,32,78908,0.75390625,0.2451171875
478,choice,"In this task, you have to repeatedly choose between two slot machines labeled U and P.
You can choose a slot machine by pressing its corresponding key.When you select one of the machines, you will win 1 or 0 points.Your goal is to choose the slot machines that will give you the most points.You will receive feedback about the outcome after making a choice.
The environment may change unpredictably, and past success does not guarantee future results. You’ll need to adapt to these changes to keep finding the better machine.You will play 1 game in total, consisting of 100 trials. Game 1:You press <<U>> and get 1 points.
You press <<U>> and get 1 points.
You press <<U>> and get 1 points.
You press <<U>> and get 0 points.
You press <<U>> and get 1 points.
You press <<P>> and get 0 points.
You press <<U>> and get 1 points.
You press <<P>> and get 0 points.
You press <<U>> and get 1 points.
You press <<U>> and get 0 points.
You press <<U>> and get 1 points.
You press <<U>> and get 1 points.
You press <<U>> and get 1 points.
You press <<P>> and get 0 points.
You press <<U>> and get 1 points.
You press <<U>> and get 1 points.
You press <<U>> and get 1 points.
You press <<U>> and get 1 points.
You press <<U>> and get 1 points.
You press <<U>> and get 1 points.
You press <<U>> and get 1 points.
You press <<P>> and get 0 points.
You press <<P>> and get 0 points.
You press <<U>> and get 1 points.
You press <<U>> and get 1 points.
You press <<P>> and get 1 points.
You press <<U>> and get 1 points.
You press <<U>> and get 1 points.
You press <<U>> and get 1 points.
You press <<U>> and get 1 points.
You press <<U>> and get 1 points.
You press <<U>> and get 1 points.
You press <<>> and get 0 points.
You press <<",P,0.75,0.244140625,-0.02734375,0.021484375,33,78908,0.77734375,0.22265625
483,reward,"In this task, you have to repeatedly choose between two slot machines labeled U and P.
You can choose a slot machine by pressing its corresponding key.When you select one of the machines, you will win 1 or 0 points.Your goal is to choose the slot machines that will give you the most points.You will receive feedback about the outcome after making a choice.
The environment may change unpredictably, and past success does not guarantee future results. You’ll need to adapt to these changes to keep finding the better machine.You will play 1 game in total, consisting of 100 trials. Game 1:You press <<U>> and get 1 points.
You press <<U>> and get 1 points.
You press <<U>> and get 1 points.
You press <<U>> and get 0 points.
You press <<U>> and get 1 points.
You press <<P>> and get 0 points.
You press <<U>> and get 1 points.
You press <<P>> and get 0 points.
You press <<U>> and get 1 points.
You press <<U>> and get 0 points.
You press <<U>> and get 1 points.
You press <<U>> and get 1 points.
You press <<U>> and get 1 points.
You press <<P>> and get 0 points.
You press <<U>> and get 1 points.
You press <<U>> and get 1 points.
You press <<U>> and get 1 points.
You press <<U>> and get 1 points.
You press <<U>> and get 1 points.
You press <<U>> and get 1 points.
You press <<U>> and get 1 points.
You press <<P>> and get 0 points.
You press <<P>> and get 0 points.
You press <<U>> and get 1 points.
You press <<U>> and get 1 points.
You press <<P>> and get 1 points.
You press <<U>> and get 1 points.
You press <<U>> and get 1 points.
You press <<U>> and get 1 points.
You press <<U>> and get 1 points.
You press <<U>> and get 1 points.
You press <<U>> and get 1 points.
You press <<P>> and get  points.
You press <<",0,0.70703125,0.294921875,-0.0703125,0.072265625,33,78908,0.77734375,0.22265625
489,choice,"In this task, you have to repeatedly choose between two slot machines labeled U and P.
You can choose a slot machine by pressing its corresponding key.When you select one of the machines, you will win 1 or 0 points.Your goal is to choose the slot machines that will give you the most points.You will receive feedback about the outcome after making a choice.
The environment may change unpredictably, and past success does not guarantee future results. You’ll need to adapt to these changes to keep finding the better machine.You will play 1 game in total, consisting of 100 trials. Game 1:You press <<U>> and get 1 points.
You press <<U>> and get 1 points.
You press <<U>> and get 1 points.
You press <<U>> and get 0 points.
You press <<U>> and get 1 points.
You press <<P>> and get 0 points.
You press <<U>> and get 1 points.
You press <<P>> and get 0 points.
You press <<U>> and get 1 points.
You press <<U>> and get 0 points.
You press <<U>> and get 1 points.
You press <<U>> and get 1 points.
You press <<U>> and get 1 points.
You press <<P>> and get 0 points.
You press <<U>> and get 1 points.
You press <<U>> and get 1 points.
You press <<U>> and get 1 points.
You press <<U>> and get 1 points.
You press <<U>> and get 1 points.
You press <<U>> and get 1 points.
You press <<U>> and get 1 points.
You press <<P>> and get 0 points.
You press <<P>> and get 0 points.
You press <<U>> and get 1 points.
You press <<U>> and get 1 points.
You press <<P>> and get 1 points.
You press <<U>> and get 1 points.
You press <<U>> and get 1 points.
You press <<U>> and get 1 points.
You press <<U>> and get 1 points.
You press <<U>> and get 1 points.
You press <<U>> and get 1 points.
You press <<P>> and get 0 points.
You press <<>> and get 1 points.
You press <<",U,0.76953125,0.2197265625,-0.08203125,0.0712890625,34,78908,0.8515625,0.1484375
494,reward,"In this task, you have to repeatedly choose between two slot machines labeled U and P.
You can choose a slot machine by pressing its corresponding key.When you select one of the machines, you will win 1 or 0 points.Your goal is to choose the slot machines that will give you the most points.You will receive feedback about the outcome after making a choice.
The environment may change unpredictably, and past success does not guarantee future results. You’ll need to adapt to these changes to keep finding the better machine.You will play 1 game in total, consisting of 100 trials. Game 1:You press <<U>> and get 1 points.
You press <<U>> and get 1 points.
You press <<U>> and get 1 points.
You press <<U>> and get 0 points.
You press <<U>> and get 1 points.
You press <<P>> and get 0 points.
You press <<U>> and get 1 points.
You press <<P>> and get 0 points.
You press <<U>> and get 1 points.
You press <<U>> and get 0 points.
You press <<U>> and get 1 points.
You press <<U>> and get 1 points.
You press <<U>> and get 1 points.
You press <<P>> and get 0 points.
You press <<U>> and get 1 points.
You press <<U>> and get 1 points.
You press <<U>> and get 1 points.
You press <<U>> and get 1 points.
You press <<U>> and get 1 points.
You press <<U>> and get 1 points.
You press <<U>> and get 1 points.
You press <<P>> and get 0 points.
You press <<P>> and get 0 points.
You press <<U>> and get 1 points.
You press <<U>> and get 1 points.
You press <<P>> and get 1 points.
You press <<U>> and get 1 points.
You press <<U>> and get 1 points.
You press <<U>> and get 1 points.
You press <<U>> and get 1 points.
You press <<U>> and get 1 points.
You press <<U>> and get 1 points.
You press <<P>> and get 0 points.
You press <<U>> and get  points.
You press <<",1,0.81640625,0.1826171875,-0.03515625,0.0341796875,34,78908,0.8515625,0.1484375
500,choice,"In this task, you have to repeatedly choose between two slot machines labeled U and P.
You can choose a slot machine by pressing its corresponding key.When you select one of the machines, you will win 1 or 0 points.Your goal is to choose the slot machines that will give you the most points.You will receive feedback about the outcome after making a choice.
The environment may change unpredictably, and past success does not guarantee future results. You’ll need to adapt to these changes to keep finding the better machine.You will play 1 game in total, consisting of 100 trials. Game 1:You press <<U>> and get 1 points.
You press <<U>> and get 1 points.
You press <<U>> and get 1 points.
You press <<U>> and get 0 points.
You press <<U>> and get 1 points.
You press <<P>> and get 0 points.
You press <<U>> and get 1 points.
You press <<P>> and get 0 points.
You press <<U>> and get 1 points.
You press <<U>> and get 0 points.
You press <<U>> and get 1 points.
You press <<U>> and get 1 points.
You press <<U>> and get 1 points.
You press <<P>> and get 0 points.
You press <<U>> and get 1 points.
You press <<U>> and get 1 points.
You press <<U>> and get 1 points.
You press <<U>> and get 1 points.
You press <<U>> and get 1 points.
You press <<U>> and get 1 points.
You press <<U>> and get 1 points.
You press <<P>> and get 0 points.
You press <<P>> and get 0 points.
You press <<U>> and get 1 points.
You press <<U>> and get 1 points.
You press <<P>> and get 1 points.
You press <<U>> and get 1 points.
You press <<U>> and get 1 points.
You press <<U>> and get 1 points.
You press <<U>> and get 1 points.
You press <<U>> and get 1 points.
You press <<U>> and get 1 points.
You press <<P>> and get 0 points.
You press <<U>> and get 1 points.
You press <<>> and get 1 points.
You press <<",U,0.80859375,0.1796875,-0.04296875,0.03125,35,78908,0.8515625,0.1484375
505,reward,"In this task, you have to repeatedly choose between two slot machines labeled U and P.
You can choose a slot machine by pressing its corresponding key.When you select one of the machines, you will win 1 or 0 points.Your goal is to choose the slot machines that will give you the most points.You will receive feedback about the outcome after making a choice.
The environment may change unpredictably, and past success does not guarantee future results. You’ll need to adapt to these changes to keep finding the better machine.You will play 1 game in total, consisting of 100 trials. Game 1:You press <<U>> and get 1 points.
You press <<U>> and get 1 points.
You press <<U>> and get 1 points.
You press <<U>> and get 0 points.
You press <<U>> and get 1 points.
You press <<P>> and get 0 points.
You press <<U>> and get 1 points.
You press <<P>> and get 0 points.
You press <<U>> and get 1 points.
You press <<U>> and get 0 points.
You press <<U>> and get 1 points.
You press <<U>> and get 1 points.
You press <<U>> and get 1 points.
You press <<P>> and get 0 points.
You press <<U>> and get 1 points.
You press <<U>> and get 1 points.
You press <<U>> and get 1 points.
You press <<U>> and get 1 points.
You press <<U>> and get 1 points.
You press <<U>> and get 1 points.
You press <<U>> and get 1 points.
You press <<P>> and get 0 points.
You press <<P>> and get 0 points.
You press <<U>> and get 1 points.
You press <<U>> and get 1 points.
You press <<P>> and get 1 points.
You press <<U>> and get 1 points.
You press <<U>> and get 1 points.
You press <<U>> and get 1 points.
You press <<U>> and get 1 points.
You press <<U>> and get 1 points.
You press <<U>> and get 1 points.
You press <<P>> and get 0 points.
You press <<U>> and get 1 points.
You press <<U>> and get  points.
You press <<",1,0.81640625,0.1826171875,-0.03515625,0.0341796875,35,78908,0.8515625,0.1484375
511,choice,"In this task, you have to repeatedly choose between two slot machines labeled U and P.
You can choose a slot machine by pressing its corresponding key.When you select one of the machines, you will win 1 or 0 points.Your goal is to choose the slot machines that will give you the most points.You will receive feedback about the outcome after making a choice.
The environment may change unpredictably, and past success does not guarantee future results. You’ll need to adapt to these changes to keep finding the better machine.You will play 1 game in total, consisting of 100 trials. Game 1:You press <<U>> and get 1 points.
You press <<U>> and get 1 points.
You press <<U>> and get 1 points.
You press <<U>> and get 0 points.
You press <<U>> and get 1 points.
You press <<P>> and get 0 points.
You press <<U>> and get 1 points.
You press <<P>> and get 0 points.
You press <<U>> and get 1 points.
You press <<U>> and get 0 points.
You press <<U>> and get 1 points.
You press <<U>> and get 1 points.
You press <<U>> and get 1 points.
You press <<P>> and get 0 points.
You press <<U>> and get 1 points.
You press <<U>> and get 1 points.
You press <<U>> and get 1 points.
You press <<U>> and get 1 points.
You press <<U>> and get 1 points.
You press <<U>> and get 1 points.
You press <<U>> and get 1 points.
You press <<P>> and get 0 points.
You press <<P>> and get 0 points.
You press <<U>> and get 1 points.
You press <<U>> and get 1 points.
You press <<P>> and get 1 points.
You press <<U>> and get 1 points.
You press <<U>> and get 1 points.
You press <<U>> and get 1 points.
You press <<U>> and get 1 points.
You press <<U>> and get 1 points.
You press <<U>> and get 1 points.
You press <<P>> and get 0 points.
You press <<U>> and get 1 points.
You press <<U>> and get 1 points.
You press <<>> and get 1 points.
You press <<",U,0.80859375,0.1796875,-0.04296875,0.03125,36,78908,0.8515625,0.1484375
516,reward,"In this task, you have to repeatedly choose between two slot machines labeled U and P.
You can choose a slot machine by pressing its corresponding key.When you select one of the machines, you will win 1 or 0 points.Your goal is to choose the slot machines that will give you the most points.You will receive feedback about the outcome after making a choice.
The environment may change unpredictably, and past success does not guarantee future results. You’ll need to adapt to these changes to keep finding the better machine.You will play 1 game in total, consisting of 100 trials. Game 1:You press <<U>> and get 1 points.
You press <<U>> and get 1 points.
You press <<U>> and get 1 points.
You press <<U>> and get 0 points.
You press <<U>> and get 1 points.
You press <<P>> and get 0 points.
You press <<U>> and get 1 points.
You press <<P>> and get 0 points.
You press <<U>> and get 1 points.
You press <<U>> and get 0 points.
You press <<U>> and get 1 points.
You press <<U>> and get 1 points.
You press <<U>> and get 1 points.
You press <<P>> and get 0 points.
You press <<U>> and get 1 points.
You press <<U>> and get 1 points.
You press <<U>> and get 1 points.
You press <<U>> and get 1 points.
You press <<U>> and get 1 points.
You press <<U>> and get 1 points.
You press <<U>> and get 1 points.
You press <<P>> and get 0 points.
You press <<P>> and get 0 points.
You press <<U>> and get 1 points.
You press <<U>> and get 1 points.
You press <<P>> and get 1 points.
You press <<U>> and get 1 points.
You press <<U>> and get 1 points.
You press <<U>> and get 1 points.
You press <<U>> and get 1 points.
You press <<U>> and get 1 points.
You press <<U>> and get 1 points.
You press <<P>> and get 0 points.
You press <<U>> and get 1 points.
You press <<U>> and get 1 points.
You press <<U>> and get  points.
You press <<",1,0.796875,0.2021484375,-0.0546875,0.0537109375,36,78908,0.8515625,0.1484375
522,choice,"In this task, you have to repeatedly choose between two slot machines labeled U and P.
You can choose a slot machine by pressing its corresponding key.When you select one of the machines, you will win 1 or 0 points.Your goal is to choose the slot machines that will give you the most points.You will receive feedback about the outcome after making a choice.
The environment may change unpredictably, and past success does not guarantee future results. You’ll need to adapt to these changes to keep finding the better machine.You will play 1 game in total, consisting of 100 trials. Game 1:You press <<U>> and get 1 points.
You press <<U>> and get 1 points.
You press <<U>> and get 1 points.
You press <<U>> and get 0 points.
You press <<U>> and get 1 points.
You press <<P>> and get 0 points.
You press <<U>> and get 1 points.
You press <<P>> and get 0 points.
You press <<U>> and get 1 points.
You press <<U>> and get 0 points.
You press <<U>> and get 1 points.
You press <<U>> and get 1 points.
You press <<U>> and get 1 points.
You press <<P>> and get 0 points.
You press <<U>> and get 1 points.
You press <<U>> and get 1 points.
You press <<U>> and get 1 points.
You press <<U>> and get 1 points.
You press <<U>> and get 1 points.
You press <<U>> and get 1 points.
You press <<U>> and get 1 points.
You press <<P>> and get 0 points.
You press <<P>> and get 0 points.
You press <<U>> and get 1 points.
You press <<U>> and get 1 points.
You press <<P>> and get 1 points.
You press <<U>> and get 1 points.
You press <<U>> and get 1 points.
You press <<U>> and get 1 points.
You press <<U>> and get 1 points.
You press <<U>> and get 1 points.
You press <<U>> and get 1 points.
You press <<P>> and get 0 points.
You press <<U>> and get 1 points.
You press <<U>> and get 1 points.
You press <<U>> and get 1 points.
You press <<>> and get 1 points.
You press <<",U,0.8046875,0.1796875,-0.046875,0.03125,37,78908,0.8515625,0.1484375
527,reward,"In this task, you have to repeatedly choose between two slot machines labeled U and P.
You can choose a slot machine by pressing its corresponding key.When you select one of the machines, you will win 1 or 0 points.Your goal is to choose the slot machines that will give you the most points.You will receive feedback about the outcome after making a choice.
The environment may change unpredictably, and past success does not guarantee future results. You’ll need to adapt to these changes to keep finding the better machine.You will play 1 game in total, consisting of 100 trials. Game 1:You press <<U>> and get 1 points.
You press <<U>> and get 1 points.
You press <<U>> and get 1 points.
You press <<U>> and get 0 points.
You press <<U>> and get 1 points.
You press <<P>> and get 0 points.
You press <<U>> and get 1 points.
You press <<P>> and get 0 points.
You press <<U>> and get 1 points.
You press <<U>> and get 0 points.
You press <<U>> and get 1 points.
You press <<U>> and get 1 points.
You press <<U>> and get 1 points.
You press <<P>> and get 0 points.
You press <<U>> and get 1 points.
You press <<U>> and get 1 points.
You press <<U>> and get 1 points.
You press <<U>> and get 1 points.
You press <<U>> and get 1 points.
You press <<U>> and get 1 points.
You press <<U>> and get 1 points.
You press <<P>> and get 0 points.
You press <<P>> and get 0 points.
You press <<U>> and get 1 points.
You press <<U>> and get 1 points.
You press <<P>> and get 1 points.
You press <<U>> and get 1 points.
You press <<U>> and get 1 points.
You press <<U>> and get 1 points.
You press <<U>> and get 1 points.
You press <<U>> and get 1 points.
You press <<U>> and get 1 points.
You press <<P>> and get 0 points.
You press <<U>> and get 1 points.
You press <<U>> and get 1 points.
You press <<U>> and get 1 points.
You press <<U>> and get  points.
You press <<",1,0.796875,0.2021484375,-0.0546875,0.0537109375,37,78908,0.8515625,0.1484375
533,choice,"In this task, you have to repeatedly choose between two slot machines labeled U and P.
You can choose a slot machine by pressing its corresponding key.When you select one of the machines, you will win 1 or 0 points.Your goal is to choose the slot machines that will give you the most points.You will receive feedback about the outcome after making a choice.
The environment may change unpredictably, and past success does not guarantee future results. You’ll need to adapt to these changes to keep finding the better machine.You will play 1 game in total, consisting of 100 trials. Game 1:You press <<U>> and get 1 points.
You press <<U>> and get 1 points.
You press <<U>> and get 1 points.
You press <<U>> and get 0 points.
You press <<U>> and get 1 points.
You press <<P>> and get 0 points.
You press <<U>> and get 1 points.
You press <<P>> and get 0 points.
You press <<U>> and get 1 points.
You press <<U>> and get 0 points.
You press <<U>> and get 1 points.
You press <<U>> and get 1 points.
You press <<U>> and get 1 points.
You press <<P>> and get 0 points.
You press <<U>> and get 1 points.
You press <<U>> and get 1 points.
You press <<U>> and get 1 points.
You press <<U>> and get 1 points.
You press <<U>> and get 1 points.
You press <<U>> and get 1 points.
You press <<U>> and get 1 points.
You press <<P>> and get 0 points.
You press <<P>> and get 0 points.
You press <<U>> and get 1 points.
You press <<U>> and get 1 points.
You press <<P>> and get 1 points.
You press <<U>> and get 1 points.
You press <<U>> and get 1 points.
You press <<U>> and get 1 points.
You press <<U>> and get 1 points.
You press <<U>> and get 1 points.
You press <<U>> and get 1 points.
You press <<P>> and get 0 points.
You press <<U>> and get 1 points.
You press <<U>> and get 1 points.
You press <<U>> and get 1 points.
You press <<U>> and get 1 points.
You press <<>> and get 0 points.
You press <<",P,0.83203125,0.1640625,-0.00390625,0.0,38,78908,0.8359375,0.1640625
538,reward,"In this task, you have to repeatedly choose between two slot machines labeled U and P.
You can choose a slot machine by pressing its corresponding key.When you select one of the machines, you will win 1 or 0 points.Your goal is to choose the slot machines that will give you the most points.You will receive feedback about the outcome after making a choice.
The environment may change unpredictably, and past success does not guarantee future results. You’ll need to adapt to these changes to keep finding the better machine.You will play 1 game in total, consisting of 100 trials. Game 1:You press <<U>> and get 1 points.
You press <<U>> and get 1 points.
You press <<U>> and get 1 points.
You press <<U>> and get 0 points.
You press <<U>> and get 1 points.
You press <<P>> and get 0 points.
You press <<U>> and get 1 points.
You press <<P>> and get 0 points.
You press <<U>> and get 1 points.
You press <<U>> and get 0 points.
You press <<U>> and get 1 points.
You press <<U>> and get 1 points.
You press <<U>> and get 1 points.
You press <<P>> and get 0 points.
You press <<U>> and get 1 points.
You press <<U>> and get 1 points.
You press <<U>> and get 1 points.
You press <<U>> and get 1 points.
You press <<U>> and get 1 points.
You press <<U>> and get 1 points.
You press <<U>> and get 1 points.
You press <<P>> and get 0 points.
You press <<P>> and get 0 points.
You press <<U>> and get 1 points.
You press <<U>> and get 1 points.
You press <<P>> and get 1 points.
You press <<U>> and get 1 points.
You press <<U>> and get 1 points.
You press <<U>> and get 1 points.
You press <<U>> and get 1 points.
You press <<U>> and get 1 points.
You press <<U>> and get 1 points.
You press <<P>> and get 0 points.
You press <<U>> and get 1 points.
You press <<U>> and get 1 points.
You press <<U>> and get 1 points.
You press <<U>> and get 1 points.
You press <<P>> and get  points.
You press <<",0,0.75390625,0.2451171875,-0.08203125,0.0810546875,38,78908,0.8359375,0.1640625
544,choice,"In this task, you have to repeatedly choose between two slot machines labeled U and P.
You can choose a slot machine by pressing its corresponding key.When you select one of the machines, you will win 1 or 0 points.Your goal is to choose the slot machines that will give you the most points.You will receive feedback about the outcome after making a choice.
The environment may change unpredictably, and past success does not guarantee future results. You’ll need to adapt to these changes to keep finding the better machine.You will play 1 game in total, consisting of 100 trials. Game 1:You press <<U>> and get 1 points.
You press <<U>> and get 1 points.
You press <<U>> and get 1 points.
You press <<U>> and get 0 points.
You press <<U>> and get 1 points.
You press <<P>> and get 0 points.
You press <<U>> and get 1 points.
You press <<P>> and get 0 points.
You press <<U>> and get 1 points.
You press <<U>> and get 0 points.
You press <<U>> and get 1 points.
You press <<U>> and get 1 points.
You press <<U>> and get 1 points.
You press <<P>> and get 0 points.
You press <<U>> and get 1 points.
You press <<U>> and get 1 points.
You press <<U>> and get 1 points.
You press <<U>> and get 1 points.
You press <<U>> and get 1 points.
You press <<U>> and get 1 points.
You press <<U>> and get 1 points.
You press <<P>> and get 0 points.
You press <<P>> and get 0 points.
You press <<U>> and get 1 points.
You press <<U>> and get 1 points.
You press <<P>> and get 1 points.
You press <<U>> and get 1 points.
You press <<U>> and get 1 points.
You press <<U>> and get 1 points.
You press <<U>> and get 1 points.
You press <<U>> and get 1 points.
You press <<U>> and get 1 points.
You press <<P>> and get 0 points.
You press <<U>> and get 1 points.
You press <<U>> and get 1 points.
You press <<U>> and get 1 points.
You press <<U>> and get 1 points.
You press <<P>> and get 0 points.
You press <<>> and get 0 points.
You press <<",P,0.69921875,0.291015625,0.13671875,-0.146484375,39,78908,0.5625,0.4375
549,reward,"In this task, you have to repeatedly choose between two slot machines labeled U and P.
You can choose a slot machine by pressing its corresponding key.When you select one of the machines, you will win 1 or 0 points.Your goal is to choose the slot machines that will give you the most points.You will receive feedback about the outcome after making a choice.
The environment may change unpredictably, and past success does not guarantee future results. You’ll need to adapt to these changes to keep finding the better machine.You will play 1 game in total, consisting of 100 trials. Game 1:You press <<U>> and get 1 points.
You press <<U>> and get 1 points.
You press <<U>> and get 1 points.
You press <<U>> and get 0 points.
You press <<U>> and get 1 points.
You press <<P>> and get 0 points.
You press <<U>> and get 1 points.
You press <<P>> and get 0 points.
You press <<U>> and get 1 points.
You press <<U>> and get 0 points.
You press <<U>> and get 1 points.
You press <<U>> and get 1 points.
You press <<U>> and get 1 points.
You press <<P>> and get 0 points.
You press <<U>> and get 1 points.
You press <<U>> and get 1 points.
You press <<U>> and get 1 points.
You press <<U>> and get 1 points.
You press <<U>> and get 1 points.
You press <<U>> and get 1 points.
You press <<U>> and get 1 points.
You press <<P>> and get 0 points.
You press <<P>> and get 0 points.
You press <<U>> and get 1 points.
You press <<U>> and get 1 points.
You press <<P>> and get 1 points.
You press <<U>> and get 1 points.
You press <<U>> and get 1 points.
You press <<U>> and get 1 points.
You press <<U>> and get 1 points.
You press <<U>> and get 1 points.
You press <<U>> and get 1 points.
You press <<P>> and get 0 points.
You press <<U>> and get 1 points.
You press <<U>> and get 1 points.
You press <<U>> and get 1 points.
You press <<U>> and get 1 points.
You press <<P>> and get 0 points.
You press <<P>> and get  points.
You press <<",0,0.53125,0.46875,-0.03125,0.03125,39,78908,0.5625,0.4375
555,choice,"In this task, you have to repeatedly choose between two slot machines labeled U and P.
You can choose a slot machine by pressing its corresponding key.When you select one of the machines, you will win 1 or 0 points.Your goal is to choose the slot machines that will give you the most points.You will receive feedback about the outcome after making a choice.
The environment may change unpredictably, and past success does not guarantee future results. You’ll need to adapt to these changes to keep finding the better machine.You will play 1 game in total, consisting of 100 trials. Game 1:You press <<U>> and get 1 points.
You press <<U>> and get 1 points.
You press <<U>> and get 1 points.
You press <<U>> and get 0 points.
You press <<U>> and get 1 points.
You press <<P>> and get 0 points.
You press <<U>> and get 1 points.
You press <<P>> and get 0 points.
You press <<U>> and get 1 points.
You press <<U>> and get 0 points.
You press <<U>> and get 1 points.
You press <<U>> and get 1 points.
You press <<U>> and get 1 points.
You press <<P>> and get 0 points.
You press <<U>> and get 1 points.
You press <<U>> and get 1 points.
You press <<U>> and get 1 points.
You press <<U>> and get 1 points.
You press <<U>> and get 1 points.
You press <<U>> and get 1 points.
You press <<U>> and get 1 points.
You press <<P>> and get 0 points.
You press <<P>> and get 0 points.
You press <<U>> and get 1 points.
You press <<U>> and get 1 points.
You press <<P>> and get 1 points.
You press <<U>> and get 1 points.
You press <<U>> and get 1 points.
You press <<U>> and get 1 points.
You press <<U>> and get 1 points.
You press <<U>> and get 1 points.
You press <<U>> and get 1 points.
You press <<P>> and get 0 points.
You press <<U>> and get 1 points.
You press <<U>> and get 1 points.
You press <<U>> and get 1 points.
You press <<U>> and get 1 points.
You press <<P>> and get 0 points.
You press <<P>> and get 0 points.
You press <<>> and get 1 points.
You press <<",U,0.6953125,0.291015625,-0.1015625,0.0888671875,40,78908,0.796875,0.2021484375
560,reward,"In this task, you have to repeatedly choose between two slot machines labeled U and P.
You can choose a slot machine by pressing its corresponding key.When you select one of the machines, you will win 1 or 0 points.Your goal is to choose the slot machines that will give you the most points.You will receive feedback about the outcome after making a choice.
The environment may change unpredictably, and past success does not guarantee future results. You’ll need to adapt to these changes to keep finding the better machine.You will play 1 game in total, consisting of 100 trials. Game 1:You press <<U>> and get 1 points.
You press <<U>> and get 1 points.
You press <<U>> and get 1 points.
You press <<U>> and get 0 points.
You press <<U>> and get 1 points.
You press <<P>> and get 0 points.
You press <<U>> and get 1 points.
You press <<P>> and get 0 points.
You press <<U>> and get 1 points.
You press <<U>> and get 0 points.
You press <<U>> and get 1 points.
You press <<U>> and get 1 points.
You press <<U>> and get 1 points.
You press <<P>> and get 0 points.
You press <<U>> and get 1 points.
You press <<U>> and get 1 points.
You press <<U>> and get 1 points.
You press <<U>> and get 1 points.
You press <<U>> and get 1 points.
You press <<U>> and get 1 points.
You press <<U>> and get 1 points.
You press <<P>> and get 0 points.
You press <<P>> and get 0 points.
You press <<U>> and get 1 points.
You press <<U>> and get 1 points.
You press <<P>> and get 1 points.
You press <<U>> and get 1 points.
You press <<U>> and get 1 points.
You press <<U>> and get 1 points.
You press <<U>> and get 1 points.
You press <<U>> and get 1 points.
You press <<U>> and get 1 points.
You press <<P>> and get 0 points.
You press <<U>> and get 1 points.
You press <<U>> and get 1 points.
You press <<U>> and get 1 points.
You press <<U>> and get 1 points.
You press <<P>> and get 0 points.
You press <<P>> and get 0 points.
You press <<U>> and get  points.
You press <<",1,0.75390625,0.2451171875,-0.04296875,0.04296875,40,78908,0.796875,0.2021484375
566,choice,"In this task, you have to repeatedly choose between two slot machines labeled U and P.
You can choose a slot machine by pressing its corresponding key.When you select one of the machines, you will win 1 or 0 points.Your goal is to choose the slot machines that will give you the most points.You will receive feedback about the outcome after making a choice.
The environment may change unpredictably, and past success does not guarantee future results. You’ll need to adapt to these changes to keep finding the better machine.You will play 1 game in total, consisting of 100 trials. Game 1:You press <<U>> and get 1 points.
You press <<U>> and get 1 points.
You press <<U>> and get 1 points.
You press <<U>> and get 0 points.
You press <<U>> and get 1 points.
You press <<P>> and get 0 points.
You press <<U>> and get 1 points.
You press <<P>> and get 0 points.
You press <<U>> and get 1 points.
You press <<U>> and get 0 points.
You press <<U>> and get 1 points.
You press <<U>> and get 1 points.
You press <<U>> and get 1 points.
You press <<P>> and get 0 points.
You press <<U>> and get 1 points.
You press <<U>> and get 1 points.
You press <<U>> and get 1 points.
You press <<U>> and get 1 points.
You press <<U>> and get 1 points.
You press <<U>> and get 1 points.
You press <<U>> and get 1 points.
You press <<P>> and get 0 points.
You press <<P>> and get 0 points.
You press <<U>> and get 1 points.
You press <<U>> and get 1 points.
You press <<P>> and get 1 points.
You press <<U>> and get 1 points.
You press <<U>> and get 1 points.
You press <<U>> and get 1 points.
You press <<U>> and get 1 points.
You press <<U>> and get 1 points.
You press <<U>> and get 1 points.
You press <<P>> and get 0 points.
You press <<U>> and get 1 points.
You press <<U>> and get 1 points.
You press <<U>> and get 1 points.
You press <<U>> and get 1 points.
You press <<P>> and get 0 points.
You press <<P>> and get 0 points.
You press <<U>> and get 1 points.
You press <<>> and get 1 points.
You press <<",U,0.76953125,0.2197265625,-0.06640625,0.0556640625,41,78908,0.8359375,0.1640625
571,reward,"In this task, you have to repeatedly choose between two slot machines labeled U and P.
You can choose a slot machine by pressing its corresponding key.When you select one of the machines, you will win 1 or 0 points.Your goal is to choose the slot machines that will give you the most points.You will receive feedback about the outcome after making a choice.
The environment may change unpredictably, and past success does not guarantee future results. You’ll need to adapt to these changes to keep finding the better machine.You will play 1 game in total, consisting of 100 trials. Game 1:You press <<U>> and get 1 points.
You press <<U>> and get 1 points.
You press <<U>> and get 1 points.
You press <<U>> and get 0 points.
You press <<U>> and get 1 points.
You press <<P>> and get 0 points.
You press <<U>> and get 1 points.
You press <<P>> and get 0 points.
You press <<U>> and get 1 points.
You press <<U>> and get 0 points.
You press <<U>> and get 1 points.
You press <<U>> and get 1 points.
You press <<U>> and get 1 points.
You press <<P>> and get 0 points.
You press <<U>> and get 1 points.
You press <<U>> and get 1 points.
You press <<U>> and get 1 points.
You press <<U>> and get 1 points.
You press <<U>> and get 1 points.
You press <<U>> and get 1 points.
You press <<U>> and get 1 points.
You press <<P>> and get 0 points.
You press <<P>> and get 0 points.
You press <<U>> and get 1 points.
You press <<U>> and get 1 points.
You press <<P>> and get 1 points.
You press <<U>> and get 1 points.
You press <<U>> and get 1 points.
You press <<U>> and get 1 points.
You press <<U>> and get 1 points.
You press <<U>> and get 1 points.
You press <<U>> and get 1 points.
You press <<P>> and get 0 points.
You press <<U>> and get 1 points.
You press <<U>> and get 1 points.
You press <<U>> and get 1 points.
You press <<U>> and get 1 points.
You press <<P>> and get 0 points.
You press <<P>> and get 0 points.
You press <<U>> and get 1 points.
You press <<U>> and get  points.
You press <<",1,0.77734375,0.22265625,-0.05859375,0.05859375,41,78908,0.8359375,0.1640625
577,choice,"In this task, you have to repeatedly choose between two slot machines labeled U and P.
You can choose a slot machine by pressing its corresponding key.When you select one of the machines, you will win 1 or 0 points.Your goal is to choose the slot machines that will give you the most points.You will receive feedback about the outcome after making a choice.
The environment may change unpredictably, and past success does not guarantee future results. You’ll need to adapt to these changes to keep finding the better machine.You will play 1 game in total, consisting of 100 trials. Game 1:You press <<U>> and get 1 points.
You press <<U>> and get 1 points.
You press <<U>> and get 1 points.
You press <<U>> and get 0 points.
You press <<U>> and get 1 points.
You press <<P>> and get 0 points.
You press <<U>> and get 1 points.
You press <<P>> and get 0 points.
You press <<U>> and get 1 points.
You press <<U>> and get 0 points.
You press <<U>> and get 1 points.
You press <<U>> and get 1 points.
You press <<U>> and get 1 points.
You press <<P>> and get 0 points.
You press <<U>> and get 1 points.
You press <<U>> and get 1 points.
You press <<U>> and get 1 points.
You press <<U>> and get 1 points.
You press <<U>> and get 1 points.
You press <<U>> and get 1 points.
You press <<U>> and get 1 points.
You press <<P>> and get 0 points.
You press <<P>> and get 0 points.
You press <<U>> and get 1 points.
You press <<U>> and get 1 points.
You press <<P>> and get 1 points.
You press <<U>> and get 1 points.
You press <<U>> and get 1 points.
You press <<U>> and get 1 points.
You press <<U>> and get 1 points.
You press <<U>> and get 1 points.
You press <<U>> and get 1 points.
You press <<P>> and get 0 points.
You press <<U>> and get 1 points.
You press <<U>> and get 1 points.
You press <<U>> and get 1 points.
You press <<U>> and get 1 points.
You press <<P>> and get 0 points.
You press <<P>> and get 0 points.
You press <<U>> and get 1 points.
You press <<U>> and get 1 points.
You press <<>> and get 1 points.
You press <<",U,0.765625,0.2197265625,-0.0703125,0.0556640625,42,78908,0.8359375,0.1640625
582,reward,"In this task, you have to repeatedly choose between two slot machines labeled U and P.
You can choose a slot machine by pressing its corresponding key.When you select one of the machines, you will win 1 or 0 points.Your goal is to choose the slot machines that will give you the most points.You will receive feedback about the outcome after making a choice.
The environment may change unpredictably, and past success does not guarantee future results. You’ll need to adapt to these changes to keep finding the better machine.You will play 1 game in total, consisting of 100 trials. Game 1:You press <<U>> and get 1 points.
You press <<U>> and get 1 points.
You press <<U>> and get 1 points.
You press <<U>> and get 0 points.
You press <<U>> and get 1 points.
You press <<P>> and get 0 points.
You press <<U>> and get 1 points.
You press <<P>> and get 0 points.
You press <<U>> and get 1 points.
You press <<U>> and get 0 points.
You press <<U>> and get 1 points.
You press <<U>> and get 1 points.
You press <<U>> and get 1 points.
You press <<P>> and get 0 points.
You press <<U>> and get 1 points.
You press <<U>> and get 1 points.
You press <<U>> and get 1 points.
You press <<U>> and get 1 points.
You press <<U>> and get 1 points.
You press <<U>> and get 1 points.
You press <<U>> and get 1 points.
You press <<P>> and get 0 points.
You press <<P>> and get 0 points.
You press <<U>> and get 1 points.
You press <<U>> and get 1 points.
You press <<P>> and get 1 points.
You press <<U>> and get 1 points.
You press <<U>> and get 1 points.
You press <<U>> and get 1 points.
You press <<U>> and get 1 points.
You press <<U>> and get 1 points.
You press <<U>> and get 1 points.
You press <<P>> and get 0 points.
You press <<U>> and get 1 points.
You press <<U>> and get 1 points.
You press <<U>> and get 1 points.
You press <<U>> and get 1 points.
You press <<P>> and get 0 points.
You press <<P>> and get 0 points.
You press <<U>> and get 1 points.
You press <<U>> and get 1 points.
You press <<U>> and get  points.
You press <<",1,0.77734375,0.22265625,-0.05859375,0.05859375,42,78908,0.8359375,0.1640625
588,choice,"In this task, you have to repeatedly choose between two slot machines labeled U and P.
You can choose a slot machine by pressing its corresponding key.When you select one of the machines, you will win 1 or 0 points.Your goal is to choose the slot machines that will give you the most points.You will receive feedback about the outcome after making a choice.
The environment may change unpredictably, and past success does not guarantee future results. You’ll need to adapt to these changes to keep finding the better machine.You will play 1 game in total, consisting of 100 trials. Game 1:You press <<U>> and get 1 points.
You press <<U>> and get 1 points.
You press <<U>> and get 1 points.
You press <<U>> and get 0 points.
You press <<U>> and get 1 points.
You press <<P>> and get 0 points.
You press <<U>> and get 1 points.
You press <<P>> and get 0 points.
You press <<U>> and get 1 points.
You press <<U>> and get 0 points.
You press <<U>> and get 1 points.
You press <<U>> and get 1 points.
You press <<U>> and get 1 points.
You press <<P>> and get 0 points.
You press <<U>> and get 1 points.
You press <<U>> and get 1 points.
You press <<U>> and get 1 points.
You press <<U>> and get 1 points.
You press <<U>> and get 1 points.
You press <<U>> and get 1 points.
You press <<U>> and get 1 points.
You press <<P>> and get 0 points.
You press <<P>> and get 0 points.
You press <<U>> and get 1 points.
You press <<U>> and get 1 points.
You press <<P>> and get 1 points.
You press <<U>> and get 1 points.
You press <<U>> and get 1 points.
You press <<U>> and get 1 points.
You press <<U>> and get 1 points.
You press <<U>> and get 1 points.
You press <<U>> and get 1 points.
You press <<P>> and get 0 points.
You press <<U>> and get 1 points.
You press <<U>> and get 1 points.
You press <<U>> and get 1 points.
You press <<U>> and get 1 points.
You press <<P>> and get 0 points.
You press <<P>> and get 0 points.
You press <<U>> and get 1 points.
You press <<U>> and get 1 points.
You press <<U>> and get 1 points.
You press <<>> and get 1 points.
You press <<",U,0.7890625,0.19921875,0.01171875,-0.0234375,43,78908,0.77734375,0.22265625
593,reward,"In this task, you have to repeatedly choose between two slot machines labeled U and P.
You can choose a slot machine by pressing its corresponding key.When you select one of the machines, you will win 1 or 0 points.Your goal is to choose the slot machines that will give you the most points.You will receive feedback about the outcome after making a choice.
The environment may change unpredictably, and past success does not guarantee future results. You’ll need to adapt to these changes to keep finding the better machine.You will play 1 game in total, consisting of 100 trials. Game 1:You press <<U>> and get 1 points.
You press <<U>> and get 1 points.
You press <<U>> and get 1 points.
You press <<U>> and get 0 points.
You press <<U>> and get 1 points.
You press <<P>> and get 0 points.
You press <<U>> and get 1 points.
You press <<P>> and get 0 points.
You press <<U>> and get 1 points.
You press <<U>> and get 0 points.
You press <<U>> and get 1 points.
You press <<U>> and get 1 points.
You press <<U>> and get 1 points.
You press <<P>> and get 0 points.
You press <<U>> and get 1 points.
You press <<U>> and get 1 points.
You press <<U>> and get 1 points.
You press <<U>> and get 1 points.
You press <<U>> and get 1 points.
You press <<U>> and get 1 points.
You press <<U>> and get 1 points.
You press <<P>> and get 0 points.
You press <<P>> and get 0 points.
You press <<U>> and get 1 points.
You press <<U>> and get 1 points.
You press <<P>> and get 1 points.
You press <<U>> and get 1 points.
You press <<U>> and get 1 points.
You press <<U>> and get 1 points.
You press <<U>> and get 1 points.
You press <<U>> and get 1 points.
You press <<U>> and get 1 points.
You press <<P>> and get 0 points.
You press <<U>> and get 1 points.
You press <<U>> and get 1 points.
You press <<U>> and get 1 points.
You press <<U>> and get 1 points.
You press <<P>> and get 0 points.
You press <<P>> and get 0 points.
You press <<U>> and get 1 points.
You press <<U>> and get 1 points.
You press <<U>> and get 1 points.
You press <<U>> and get  points.
You press <<",1,0.75390625,0.2451171875,-0.0234375,0.0224609375,43,78908,0.77734375,0.22265625
599,choice,"In this task, you have to repeatedly choose between two slot machines labeled U and P.
You can choose a slot machine by pressing its corresponding key.When you select one of the machines, you will win 1 or 0 points.Your goal is to choose the slot machines that will give you the most points.You will receive feedback about the outcome after making a choice.
The environment may change unpredictably, and past success does not guarantee future results. You’ll need to adapt to these changes to keep finding the better machine.You will play 1 game in total, consisting of 100 trials. Game 1:You press <<U>> and get 1 points.
You press <<U>> and get 1 points.
You press <<U>> and get 1 points.
You press <<U>> and get 0 points.
You press <<U>> and get 1 points.
You press <<P>> and get 0 points.
You press <<U>> and get 1 points.
You press <<P>> and get 0 points.
You press <<U>> and get 1 points.
You press <<U>> and get 0 points.
You press <<U>> and get 1 points.
You press <<U>> and get 1 points.
You press <<U>> and get 1 points.
You press <<P>> and get 0 points.
You press <<U>> and get 1 points.
You press <<U>> and get 1 points.
You press <<U>> and get 1 points.
You press <<U>> and get 1 points.
You press <<U>> and get 1 points.
You press <<U>> and get 1 points.
You press <<U>> and get 1 points.
You press <<P>> and get 0 points.
You press <<P>> and get 0 points.
You press <<U>> and get 1 points.
You press <<U>> and get 1 points.
You press <<P>> and get 1 points.
You press <<U>> and get 1 points.
You press <<U>> and get 1 points.
You press <<U>> and get 1 points.
You press <<U>> and get 1 points.
You press <<U>> and get 1 points.
You press <<U>> and get 1 points.
You press <<P>> and get 0 points.
You press <<U>> and get 1 points.
You press <<U>> and get 1 points.
You press <<U>> and get 1 points.
You press <<U>> and get 1 points.
You press <<P>> and get 0 points.
You press <<P>> and get 0 points.
You press <<U>> and get 1 points.
You press <<U>> and get 1 points.
You press <<U>> and get 1 points.
You press <<U>> and get 1 points.
You press <<>> and get 1 points.
You press <<",U,0.78515625,0.19921875,0.0078125,-0.0234375,44,78908,0.77734375,0.22265625
604,reward,"In this task, you have to repeatedly choose between two slot machines labeled U and P.
You can choose a slot machine by pressing its corresponding key.When you select one of the machines, you will win 1 or 0 points.Your goal is to choose the slot machines that will give you the most points.You will receive feedback about the outcome after making a choice.
The environment may change unpredictably, and past success does not guarantee future results. You’ll need to adapt to these changes to keep finding the better machine.You will play 1 game in total, consisting of 100 trials. Game 1:You press <<U>> and get 1 points.
You press <<U>> and get 1 points.
You press <<U>> and get 1 points.
You press <<U>> and get 0 points.
You press <<U>> and get 1 points.
You press <<P>> and get 0 points.
You press <<U>> and get 1 points.
You press <<P>> and get 0 points.
You press <<U>> and get 1 points.
You press <<U>> and get 0 points.
You press <<U>> and get 1 points.
You press <<U>> and get 1 points.
You press <<U>> and get 1 points.
You press <<P>> and get 0 points.
You press <<U>> and get 1 points.
You press <<U>> and get 1 points.
You press <<U>> and get 1 points.
You press <<U>> and get 1 points.
You press <<U>> and get 1 points.
You press <<U>> and get 1 points.
You press <<U>> and get 1 points.
You press <<P>> and get 0 points.
You press <<P>> and get 0 points.
You press <<U>> and get 1 points.
You press <<U>> and get 1 points.
You press <<P>> and get 1 points.
You press <<U>> and get 1 points.
You press <<U>> and get 1 points.
You press <<U>> and get 1 points.
You press <<U>> and get 1 points.
You press <<U>> and get 1 points.
You press <<U>> and get 1 points.
You press <<P>> and get 0 points.
You press <<U>> and get 1 points.
You press <<U>> and get 1 points.
You press <<U>> and get 1 points.
You press <<U>> and get 1 points.
You press <<P>> and get 0 points.
You press <<P>> and get 0 points.
You press <<U>> and get 1 points.
You press <<U>> and get 1 points.
You press <<U>> and get 1 points.
You press <<U>> and get 1 points.
You press <<U>> and get  points.
You press <<",1,0.73046875,0.26953125,-0.046875,0.046875,44,78908,0.77734375,0.22265625
610,choice,"In this task, you have to repeatedly choose between two slot machines labeled U and P.
You can choose a slot machine by pressing its corresponding key.When you select one of the machines, you will win 1 or 0 points.Your goal is to choose the slot machines that will give you the most points.You will receive feedback about the outcome after making a choice.
The environment may change unpredictably, and past success does not guarantee future results. You’ll need to adapt to these changes to keep finding the better machine.You will play 1 game in total, consisting of 100 trials. Game 1:You press <<U>> and get 1 points.
You press <<U>> and get 1 points.
You press <<U>> and get 1 points.
You press <<U>> and get 0 points.
You press <<U>> and get 1 points.
You press <<P>> and get 0 points.
You press <<U>> and get 1 points.
You press <<P>> and get 0 points.
You press <<U>> and get 1 points.
You press <<U>> and get 0 points.
You press <<U>> and get 1 points.
You press <<U>> and get 1 points.
You press <<U>> and get 1 points.
You press <<P>> and get 0 points.
You press <<U>> and get 1 points.
You press <<U>> and get 1 points.
You press <<U>> and get 1 points.
You press <<U>> and get 1 points.
You press <<U>> and get 1 points.
You press <<U>> and get 1 points.
You press <<U>> and get 1 points.
You press <<P>> and get 0 points.
You press <<P>> and get 0 points.
You press <<U>> and get 1 points.
You press <<U>> and get 1 points.
You press <<P>> and get 1 points.
You press <<U>> and get 1 points.
You press <<U>> and get 1 points.
You press <<U>> and get 1 points.
You press <<U>> and get 1 points.
You press <<U>> and get 1 points.
You press <<U>> and get 1 points.
You press <<P>> and get 0 points.
You press <<U>> and get 1 points.
You press <<U>> and get 1 points.
You press <<U>> and get 1 points.
You press <<U>> and get 1 points.
You press <<P>> and get 0 points.
You press <<P>> and get 0 points.
You press <<U>> and get 1 points.
You press <<U>> and get 1 points.
You press <<U>> and get 1 points.
You press <<U>> and get 1 points.
You press <<U>> and get 1 points.
You press <<>> and get 1 points.
You press <<",U,0.78515625,0.19921875,0.0078125,-0.0234375,45,78908,0.77734375,0.22265625
615,reward,"In this task, you have to repeatedly choose between two slot machines labeled U and P.
You can choose a slot machine by pressing its corresponding key.When you select one of the machines, you will win 1 or 0 points.Your goal is to choose the slot machines that will give you the most points.You will receive feedback about the outcome after making a choice.
The environment may change unpredictably, and past success does not guarantee future results. You’ll need to adapt to these changes to keep finding the better machine.You will play 1 game in total, consisting of 100 trials. Game 1:You press <<U>> and get 1 points.
You press <<U>> and get 1 points.
You press <<U>> and get 1 points.
You press <<U>> and get 0 points.
You press <<U>> and get 1 points.
You press <<P>> and get 0 points.
You press <<U>> and get 1 points.
You press <<P>> and get 0 points.
You press <<U>> and get 1 points.
You press <<U>> and get 0 points.
You press <<U>> and get 1 points.
You press <<U>> and get 1 points.
You press <<U>> and get 1 points.
You press <<P>> and get 0 points.
You press <<U>> and get 1 points.
You press <<U>> and get 1 points.
You press <<U>> and get 1 points.
You press <<U>> and get 1 points.
You press <<U>> and get 1 points.
You press <<U>> and get 1 points.
You press <<U>> and get 1 points.
You press <<P>> and get 0 points.
You press <<P>> and get 0 points.
You press <<U>> and get 1 points.
You press <<U>> and get 1 points.
You press <<P>> and get 1 points.
You press <<U>> and get 1 points.
You press <<U>> and get 1 points.
You press <<U>> and get 1 points.
You press <<U>> and get 1 points.
You press <<U>> and get 1 points.
You press <<U>> and get 1 points.
You press <<P>> and get 0 points.
You press <<U>> and get 1 points.
You press <<U>> and get 1 points.
You press <<U>> and get 1 points.
You press <<U>> and get 1 points.
You press <<P>> and get 0 points.
You press <<P>> and get 0 points.
You press <<U>> and get 1 points.
You press <<U>> and get 1 points.
You press <<U>> and get 1 points.
You press <<U>> and get 1 points.
You press <<U>> and get 1 points.
You press <<U>> and get  points.
You press <<",1,0.73046875,0.26953125,-0.046875,0.046875,45,78908,0.77734375,0.22265625
621,choice,"In this task, you have to repeatedly choose between two slot machines labeled U and P.
You can choose a slot machine by pressing its corresponding key.When you select one of the machines, you will win 1 or 0 points.Your goal is to choose the slot machines that will give you the most points.You will receive feedback about the outcome after making a choice.
The environment may change unpredictably, and past success does not guarantee future results. You’ll need to adapt to these changes to keep finding the better machine.You will play 1 game in total, consisting of 100 trials. Game 1:You press <<U>> and get 1 points.
You press <<U>> and get 1 points.
You press <<U>> and get 1 points.
You press <<U>> and get 0 points.
You press <<U>> and get 1 points.
You press <<P>> and get 0 points.
You press <<U>> and get 1 points.
You press <<P>> and get 0 points.
You press <<U>> and get 1 points.
You press <<U>> and get 0 points.
You press <<U>> and get 1 points.
You press <<U>> and get 1 points.
You press <<U>> and get 1 points.
You press <<P>> and get 0 points.
You press <<U>> and get 1 points.
You press <<U>> and get 1 points.
You press <<U>> and get 1 points.
You press <<U>> and get 1 points.
You press <<U>> and get 1 points.
You press <<U>> and get 1 points.
You press <<U>> and get 1 points.
You press <<P>> and get 0 points.
You press <<P>> and get 0 points.
You press <<U>> and get 1 points.
You press <<U>> and get 1 points.
You press <<P>> and get 1 points.
You press <<U>> and get 1 points.
You press <<U>> and get 1 points.
You press <<U>> and get 1 points.
You press <<U>> and get 1 points.
You press <<U>> and get 1 points.
You press <<U>> and get 1 points.
You press <<P>> and get 0 points.
You press <<U>> and get 1 points.
You press <<U>> and get 1 points.
You press <<U>> and get 1 points.
You press <<U>> and get 1 points.
You press <<P>> and get 0 points.
You press <<P>> and get 0 points.
You press <<U>> and get 1 points.
You press <<U>> and get 1 points.
You press <<U>> and get 1 points.
You press <<U>> and get 1 points.
You press <<U>> and get 1 points.
You press <<U>> and get 1 points.
You press <<>> and get 0 points.
You press <<",P,0.7734375,0.2216796875,0.04296875,-0.0478515625,46,78908,0.73046875,0.26953125
626,reward,"In this task, you have to repeatedly choose between two slot machines labeled U and P.
You can choose a slot machine by pressing its corresponding key.When you select one of the machines, you will win 1 or 0 points.Your goal is to choose the slot machines that will give you the most points.You will receive feedback about the outcome after making a choice.
The environment may change unpredictably, and past success does not guarantee future results. You’ll need to adapt to these changes to keep finding the better machine.You will play 1 game in total, consisting of 100 trials. Game 1:You press <<U>> and get 1 points.
You press <<U>> and get 1 points.
You press <<U>> and get 1 points.
You press <<U>> and get 0 points.
You press <<U>> and get 1 points.
You press <<P>> and get 0 points.
You press <<U>> and get 1 points.
You press <<P>> and get 0 points.
You press <<U>> and get 1 points.
You press <<U>> and get 0 points.
You press <<U>> and get 1 points.
You press <<U>> and get 1 points.
You press <<U>> and get 1 points.
You press <<P>> and get 0 points.
You press <<U>> and get 1 points.
You press <<U>> and get 1 points.
You press <<U>> and get 1 points.
You press <<U>> and get 1 points.
You press <<U>> and get 1 points.
You press <<U>> and get 1 points.
You press <<U>> and get 1 points.
You press <<P>> and get 0 points.
You press <<P>> and get 0 points.
You press <<U>> and get 1 points.
You press <<U>> and get 1 points.
You press <<P>> and get 1 points.
You press <<U>> and get 1 points.
You press <<U>> and get 1 points.
You press <<U>> and get 1 points.
You press <<U>> and get 1 points.
You press <<U>> and get 1 points.
You press <<U>> and get 1 points.
You press <<P>> and get 0 points.
You press <<U>> and get 1 points.
You press <<U>> and get 1 points.
You press <<U>> and get 1 points.
You press <<U>> and get 1 points.
You press <<P>> and get 0 points.
You press <<P>> and get 0 points.
You press <<U>> and get 1 points.
You press <<U>> and get 1 points.
You press <<U>> and get 1 points.
You press <<U>> and get 1 points.
You press <<U>> and get 1 points.
You press <<U>> and get 1 points.
You press <<P>> and get  points.
You press <<",0,0.70703125,0.294921875,-0.0234375,0.025390625,46,78908,0.73046875,0.26953125
632,choice,"In this task, you have to repeatedly choose between two slot machines labeled U and P.
You can choose a slot machine by pressing its corresponding key.When you select one of the machines, you will win 1 or 0 points.Your goal is to choose the slot machines that will give you the most points.You will receive feedback about the outcome after making a choice.
The environment may change unpredictably, and past success does not guarantee future results. You’ll need to adapt to these changes to keep finding the better machine.You will play 1 game in total, consisting of 100 trials. Game 1:You press <<U>> and get 1 points.
You press <<U>> and get 1 points.
You press <<U>> and get 1 points.
You press <<U>> and get 0 points.
You press <<U>> and get 1 points.
You press <<P>> and get 0 points.
You press <<U>> and get 1 points.
You press <<P>> and get 0 points.
You press <<U>> and get 1 points.
You press <<U>> and get 0 points.
You press <<U>> and get 1 points.
You press <<U>> and get 1 points.
You press <<U>> and get 1 points.
You press <<P>> and get 0 points.
You press <<U>> and get 1 points.
You press <<U>> and get 1 points.
You press <<U>> and get 1 points.
You press <<U>> and get 1 points.
You press <<U>> and get 1 points.
You press <<U>> and get 1 points.
You press <<U>> and get 1 points.
You press <<P>> and get 0 points.
You press <<P>> and get 0 points.
You press <<U>> and get 1 points.
You press <<U>> and get 1 points.
You press <<P>> and get 1 points.
You press <<U>> and get 1 points.
You press <<U>> and get 1 points.
You press <<U>> and get 1 points.
You press <<U>> and get 1 points.
You press <<U>> and get 1 points.
You press <<U>> and get 1 points.
You press <<P>> and get 0 points.
You press <<U>> and get 1 points.
You press <<U>> and get 1 points.
You press <<U>> and get 1 points.
You press <<U>> and get 1 points.
You press <<P>> and get 0 points.
You press <<P>> and get 0 points.
You press <<U>> and get 1 points.
You press <<U>> and get 1 points.
You press <<U>> and get 1 points.
You press <<U>> and get 1 points.
You press <<U>> and get 1 points.
You press <<U>> and get 1 points.
You press <<P>> and get 0 points.
You press <<>> and get 0 points.
You press <<",P,0.671875,0.318359375,0.109375,-0.119140625,47,78908,0.5625,0.4375
637,reward,"In this task, you have to repeatedly choose between two slot machines labeled U and P.
You can choose a slot machine by pressing its corresponding key.When you select one of the machines, you will win 1 or 0 points.Your goal is to choose the slot machines that will give you the most points.You will receive feedback about the outcome after making a choice.
The environment may change unpredictably, and past success does not guarantee future results. You’ll need to adapt to these changes to keep finding the better machine.You will play 1 game in total, consisting of 100 trials. Game 1:You press <<U>> and get 1 points.
You press <<U>> and get 1 points.
You press <<U>> and get 1 points.
You press <<U>> and get 0 points.
You press <<U>> and get 1 points.
You press <<P>> and get 0 points.
You press <<U>> and get 1 points.
You press <<P>> and get 0 points.
You press <<U>> and get 1 points.
You press <<U>> and get 0 points.
You press <<U>> and get 1 points.
You press <<U>> and get 1 points.
You press <<U>> and get 1 points.
You press <<P>> and get 0 points.
You press <<U>> and get 1 points.
You press <<U>> and get 1 points.
You press <<U>> and get 1 points.
You press <<U>> and get 1 points.
You press <<U>> and get 1 points.
You press <<U>> and get 1 points.
You press <<U>> and get 1 points.
You press <<P>> and get 0 points.
You press <<P>> and get 0 points.
You press <<U>> and get 1 points.
You press <<U>> and get 1 points.
You press <<P>> and get 1 points.
You press <<U>> and get 1 points.
You press <<U>> and get 1 points.
You press <<U>> and get 1 points.
You press <<U>> and get 1 points.
You press <<U>> and get 1 points.
You press <<U>> and get 1 points.
You press <<P>> and get 0 points.
You press <<U>> and get 1 points.
You press <<U>> and get 1 points.
You press <<U>> and get 1 points.
You press <<U>> and get 1 points.
You press <<P>> and get 0 points.
You press <<P>> and get 0 points.
You press <<U>> and get 1 points.
You press <<U>> and get 1 points.
You press <<U>> and get 1 points.
You press <<U>> and get 1 points.
You press <<U>> and get 1 points.
You press <<U>> and get 1 points.
You press <<P>> and get 0 points.
You press <<P>> and get  points.
You press <<",0,0.5,0.5,-0.0625,0.0625,47,78908,0.5625,0.4375
643,choice,"In this task, you have to repeatedly choose between two slot machines labeled U and P.
You can choose a slot machine by pressing its corresponding key.When you select one of the machines, you will win 1 or 0 points.Your goal is to choose the slot machines that will give you the most points.You will receive feedback about the outcome after making a choice.
The environment may change unpredictably, and past success does not guarantee future results. You’ll need to adapt to these changes to keep finding the better machine.You will play 1 game in total, consisting of 100 trials. Game 1:You press <<U>> and get 1 points.
You press <<U>> and get 1 points.
You press <<U>> and get 1 points.
You press <<U>> and get 0 points.
You press <<U>> and get 1 points.
You press <<P>> and get 0 points.
You press <<U>> and get 1 points.
You press <<P>> and get 0 points.
You press <<U>> and get 1 points.
You press <<U>> and get 0 points.
You press <<U>> and get 1 points.
You press <<U>> and get 1 points.
You press <<U>> and get 1 points.
You press <<P>> and get 0 points.
You press <<U>> and get 1 points.
You press <<U>> and get 1 points.
You press <<U>> and get 1 points.
You press <<U>> and get 1 points.
You press <<U>> and get 1 points.
You press <<U>> and get 1 points.
You press <<U>> and get 1 points.
You press <<P>> and get 0 points.
You press <<P>> and get 0 points.
You press <<U>> and get 1 points.
You press <<U>> and get 1 points.
You press <<P>> and get 1 points.
You press <<U>> and get 1 points.
You press <<U>> and get 1 points.
You press <<U>> and get 1 points.
You press <<U>> and get 1 points.
You press <<U>> and get 1 points.
You press <<U>> and get 1 points.
You press <<P>> and get 0 points.
You press <<U>> and get 1 points.
You press <<U>> and get 1 points.
You press <<U>> and get 1 points.
You press <<U>> and get 1 points.
You press <<P>> and get 0 points.
You press <<P>> and get 0 points.
You press <<U>> and get 1 points.
You press <<U>> and get 1 points.
You press <<U>> and get 1 points.
You press <<U>> and get 1 points.
You press <<U>> and get 1 points.
You press <<U>> and get 1 points.
You press <<P>> and get 0 points.
You press <<P>> and get 0 points.
You press <<>> and get 1 points.
You press <<",U,0.6953125,0.2890625,-0.15625,0.140625,48,78908,0.8515625,0.1484375
648,reward,"In this task, you have to repeatedly choose between two slot machines labeled U and P.
You can choose a slot machine by pressing its corresponding key.When you select one of the machines, you will win 1 or 0 points.Your goal is to choose the slot machines that will give you the most points.You will receive feedback about the outcome after making a choice.
The environment may change unpredictably, and past success does not guarantee future results. You’ll need to adapt to these changes to keep finding the better machine.You will play 1 game in total, consisting of 100 trials. Game 1:You press <<U>> and get 1 points.
You press <<U>> and get 1 points.
You press <<U>> and get 1 points.
You press <<U>> and get 0 points.
You press <<U>> and get 1 points.
You press <<P>> and get 0 points.
You press <<U>> and get 1 points.
You press <<P>> and get 0 points.
You press <<U>> and get 1 points.
You press <<U>> and get 0 points.
You press <<U>> and get 1 points.
You press <<U>> and get 1 points.
You press <<U>> and get 1 points.
You press <<P>> and get 0 points.
You press <<U>> and get 1 points.
You press <<U>> and get 1 points.
You press <<U>> and get 1 points.
You press <<U>> and get 1 points.
You press <<U>> and get 1 points.
You press <<U>> and get 1 points.
You press <<U>> and get 1 points.
You press <<P>> and get 0 points.
You press <<P>> and get 0 points.
You press <<U>> and get 1 points.
You press <<U>> and get 1 points.
You press <<P>> and get 1 points.
You press <<U>> and get 1 points.
You press <<U>> and get 1 points.
You press <<U>> and get 1 points.
You press <<U>> and get 1 points.
You press <<U>> and get 1 points.
You press <<U>> and get 1 points.
You press <<P>> and get 0 points.
You press <<U>> and get 1 points.
You press <<U>> and get 1 points.
You press <<U>> and get 1 points.
You press <<U>> and get 1 points.
You press <<P>> and get 0 points.
You press <<P>> and get 0 points.
You press <<U>> and get 1 points.
You press <<U>> and get 1 points.
You press <<U>> and get 1 points.
You press <<U>> and get 1 points.
You press <<U>> and get 1 points.
You press <<U>> and get 1 points.
You press <<P>> and get 0 points.
You press <<P>> and get 0 points.
You press <<U>> and get  points.
You press <<",1,0.81640625,0.1826171875,-0.03515625,0.0341796875,48,78908,0.8515625,0.1484375
654,choice,"In this task, you have to repeatedly choose between two slot machines labeled U and P.
You can choose a slot machine by pressing its corresponding key.When you select one of the machines, you will win 1 or 0 points.Your goal is to choose the slot machines that will give you the most points.You will receive feedback about the outcome after making a choice.
The environment may change unpredictably, and past success does not guarantee future results. You’ll need to adapt to these changes to keep finding the better machine.You will play 1 game in total, consisting of 100 trials. Game 1:You press <<U>> and get 1 points.
You press <<U>> and get 1 points.
You press <<U>> and get 1 points.
You press <<U>> and get 0 points.
You press <<U>> and get 1 points.
You press <<P>> and get 0 points.
You press <<U>> and get 1 points.
You press <<P>> and get 0 points.
You press <<U>> and get 1 points.
You press <<U>> and get 0 points.
You press <<U>> and get 1 points.
You press <<U>> and get 1 points.
You press <<U>> and get 1 points.
You press <<P>> and get 0 points.
You press <<U>> and get 1 points.
You press <<U>> and get 1 points.
You press <<U>> and get 1 points.
You press <<U>> and get 1 points.
You press <<U>> and get 1 points.
You press <<U>> and get 1 points.
You press <<U>> and get 1 points.
You press <<P>> and get 0 points.
You press <<P>> and get 0 points.
You press <<U>> and get 1 points.
You press <<U>> and get 1 points.
You press <<P>> and get 1 points.
You press <<U>> and get 1 points.
You press <<U>> and get 1 points.
You press <<U>> and get 1 points.
You press <<U>> and get 1 points.
You press <<U>> and get 1 points.
You press <<U>> and get 1 points.
You press <<P>> and get 0 points.
You press <<U>> and get 1 points.
You press <<U>> and get 1 points.
You press <<U>> and get 1 points.
You press <<U>> and get 1 points.
You press <<P>> and get 0 points.
You press <<P>> and get 0 points.
You press <<U>> and get 1 points.
You press <<U>> and get 1 points.
You press <<U>> and get 1 points.
You press <<U>> and get 1 points.
You press <<U>> and get 1 points.
You press <<U>> and get 1 points.
You press <<P>> and get 0 points.
You press <<P>> and get 0 points.
You press <<U>> and get 1 points.
You press <<>> and get 1 points.
You press <<",U,0.78515625,0.19921875,-0.06640625,0.05078125,49,78908,0.8515625,0.1484375
659,reward,"In this task, you have to repeatedly choose between two slot machines labeled U and P.
You can choose a slot machine by pressing its corresponding key.When you select one of the machines, you will win 1 or 0 points.Your goal is to choose the slot machines that will give you the most points.You will receive feedback about the outcome after making a choice.
The environment may change unpredictably, and past success does not guarantee future results. You’ll need to adapt to these changes to keep finding the better machine.You will play 1 game in total, consisting of 100 trials. Game 1:You press <<U>> and get 1 points.
You press <<U>> and get 1 points.
You press <<U>> and get 1 points.
You press <<U>> and get 0 points.
You press <<U>> and get 1 points.
You press <<P>> and get 0 points.
You press <<U>> and get 1 points.
You press <<P>> and get 0 points.
You press <<U>> and get 1 points.
You press <<U>> and get 0 points.
You press <<U>> and get 1 points.
You press <<U>> and get 1 points.
You press <<U>> and get 1 points.
You press <<P>> and get 0 points.
You press <<U>> and get 1 points.
You press <<U>> and get 1 points.
You press <<U>> and get 1 points.
You press <<U>> and get 1 points.
You press <<U>> and get 1 points.
You press <<U>> and get 1 points.
You press <<U>> and get 1 points.
You press <<P>> and get 0 points.
You press <<P>> and get 0 points.
You press <<U>> and get 1 points.
You press <<U>> and get 1 points.
You press <<P>> and get 1 points.
You press <<U>> and get 1 points.
You press <<U>> and get 1 points.
You press <<U>> and get 1 points.
You press <<U>> and get 1 points.
You press <<U>> and get 1 points.
You press <<U>> and get 1 points.
You press <<P>> and get 0 points.
You press <<U>> and get 1 points.
You press <<U>> and get 1 points.
You press <<U>> and get 1 points.
You press <<U>> and get 1 points.
You press <<P>> and get 0 points.
You press <<P>> and get 0 points.
You press <<U>> and get 1 points.
You press <<U>> and get 1 points.
You press <<U>> and get 1 points.
You press <<U>> and get 1 points.
You press <<U>> and get 1 points.
You press <<U>> and get 1 points.
You press <<P>> and get 0 points.
You press <<P>> and get 0 points.
You press <<U>> and get 1 points.
You press <<U>> and get  points.
You press <<",1,0.81640625,0.1826171875,-0.03515625,0.0341796875,49,78908,0.8515625,0.1484375
665,choice,"In this task, you have to repeatedly choose between two slot machines labeled U and P.
You can choose a slot machine by pressing its corresponding key.When you select one of the machines, you will win 1 or 0 points.Your goal is to choose the slot machines that will give you the most points.You will receive feedback about the outcome after making a choice.
The environment may change unpredictably, and past success does not guarantee future results. You’ll need to adapt to these changes to keep finding the better machine.You will play 1 game in total, consisting of 100 trials. Game 1:You press <<U>> and get 1 points.
You press <<U>> and get 1 points.
You press <<U>> and get 1 points.
You press <<U>> and get 0 points.
You press <<U>> and get 1 points.
You press <<P>> and get 0 points.
You press <<U>> and get 1 points.
You press <<P>> and get 0 points.
You press <<U>> and get 1 points.
You press <<U>> and get 0 points.
You press <<U>> and get 1 points.
You press <<U>> and get 1 points.
You press <<U>> and get 1 points.
You press <<P>> and get 0 points.
You press <<U>> and get 1 points.
You press <<U>> and get 1 points.
You press <<U>> and get 1 points.
You press <<U>> and get 1 points.
You press <<U>> and get 1 points.
You press <<U>> and get 1 points.
You press <<U>> and get 1 points.
You press <<P>> and get 0 points.
You press <<P>> and get 0 points.
You press <<U>> and get 1 points.
You press <<U>> and get 1 points.
You press <<P>> and get 1 points.
You press <<U>> and get 1 points.
You press <<U>> and get 1 points.
You press <<U>> and get 1 points.
You press <<U>> and get 1 points.
You press <<U>> and get 1 points.
You press <<U>> and get 1 points.
You press <<P>> and get 0 points.
You press <<U>> and get 1 points.
You press <<U>> and get 1 points.
You press <<U>> and get 1 points.
You press <<U>> and get 1 points.
You press <<P>> and get 0 points.
You press <<P>> and get 0 points.
You press <<U>> and get 1 points.
You press <<U>> and get 1 points.
You press <<U>> and get 1 points.
You press <<U>> and get 1 points.
You press <<U>> and get 1 points.
You press <<U>> and get 1 points.
You press <<P>> and get 0 points.
You press <<P>> and get 0 points.
You press <<U>> and get 1 points.
You press <<U>> and get 1 points.
You press <<>> and get 1 points.
You press <<",U,0.7890625,0.19921875,-0.0625,0.05078125,50,78908,0.8515625,0.1484375
670,reward,"In this task, you have to repeatedly choose between two slot machines labeled U and P.
You can choose a slot machine by pressing its corresponding key.When you select one of the machines, you will win 1 or 0 points.Your goal is to choose the slot machines that will give you the most points.You will receive feedback about the outcome after making a choice.
The environment may change unpredictably, and past success does not guarantee future results. You’ll need to adapt to these changes to keep finding the better machine.You will play 1 game in total, consisting of 100 trials. Game 1:You press <<U>> and get 1 points.
You press <<U>> and get 1 points.
You press <<U>> and get 1 points.
You press <<U>> and get 0 points.
You press <<U>> and get 1 points.
You press <<P>> and get 0 points.
You press <<U>> and get 1 points.
You press <<P>> and get 0 points.
You press <<U>> and get 1 points.
You press <<U>> and get 0 points.
You press <<U>> and get 1 points.
You press <<U>> and get 1 points.
You press <<U>> and get 1 points.
You press <<P>> and get 0 points.
You press <<U>> and get 1 points.
You press <<U>> and get 1 points.
You press <<U>> and get 1 points.
You press <<U>> and get 1 points.
You press <<U>> and get 1 points.
You press <<U>> and get 1 points.
You press <<U>> and get 1 points.
You press <<P>> and get 0 points.
You press <<P>> and get 0 points.
You press <<U>> and get 1 points.
You press <<U>> and get 1 points.
You press <<P>> and get 1 points.
You press <<U>> and get 1 points.
You press <<U>> and get 1 points.
You press <<U>> and get 1 points.
You press <<U>> and get 1 points.
You press <<U>> and get 1 points.
You press <<U>> and get 1 points.
You press <<P>> and get 0 points.
You press <<U>> and get 1 points.
You press <<U>> and get 1 points.
You press <<U>> and get 1 points.
You press <<U>> and get 1 points.
You press <<P>> and get 0 points.
You press <<P>> and get 0 points.
You press <<U>> and get 1 points.
You press <<U>> and get 1 points.
You press <<U>> and get 1 points.
You press <<U>> and get 1 points.
You press <<U>> and get 1 points.
You press <<U>> and get 1 points.
You press <<P>> and get 0 points.
You press <<P>> and get 0 points.
You press <<U>> and get 1 points.
You press <<U>> and get 1 points.
You press <<U>> and get  points.
You press <<",1,0.796875,0.2021484375,-0.0546875,0.0537109375,50,78908,0.8515625,0.1484375
676,choice,"In this task, you have to repeatedly choose between two slot machines labeled U and P.
You can choose a slot machine by pressing its corresponding key.When you select one of the machines, you will win 1 or 0 points.Your goal is to choose the slot machines that will give you the most points.You will receive feedback about the outcome after making a choice.
The environment may change unpredictably, and past success does not guarantee future results. You’ll need to adapt to these changes to keep finding the better machine.You will play 1 game in total, consisting of 100 trials. Game 1:You press <<U>> and get 1 points.
You press <<U>> and get 1 points.
You press <<U>> and get 1 points.
You press <<U>> and get 0 points.
You press <<U>> and get 1 points.
You press <<P>> and get 0 points.
You press <<U>> and get 1 points.
You press <<P>> and get 0 points.
You press <<U>> and get 1 points.
You press <<U>> and get 0 points.
You press <<U>> and get 1 points.
You press <<U>> and get 1 points.
You press <<U>> and get 1 points.
You press <<P>> and get 0 points.
You press <<U>> and get 1 points.
You press <<U>> and get 1 points.
You press <<U>> and get 1 points.
You press <<U>> and get 1 points.
You press <<U>> and get 1 points.
You press <<U>> and get 1 points.
You press <<U>> and get 1 points.
You press <<P>> and get 0 points.
You press <<P>> and get 0 points.
You press <<U>> and get 1 points.
You press <<U>> and get 1 points.
You press <<P>> and get 1 points.
You press <<U>> and get 1 points.
You press <<U>> and get 1 points.
You press <<U>> and get 1 points.
You press <<U>> and get 1 points.
You press <<U>> and get 1 points.
You press <<U>> and get 1 points.
You press <<P>> and get 0 points.
You press <<U>> and get 1 points.
You press <<U>> and get 1 points.
You press <<U>> and get 1 points.
You press <<U>> and get 1 points.
You press <<P>> and get 0 points.
You press <<P>> and get 0 points.
You press <<U>> and get 1 points.
You press <<U>> and get 1 points.
You press <<U>> and get 1 points.
You press <<U>> and get 1 points.
You press <<U>> and get 1 points.
You press <<U>> and get 1 points.
You press <<P>> and get 0 points.
You press <<P>> and get 0 points.
You press <<U>> and get 1 points.
You press <<U>> and get 1 points.
You press <<U>> and get 1 points.
You press <<>> and get 1 points.
You press <<",U,0.765625,0.2197265625,-0.05078125,0.037109375,51,78908,0.81640625,0.1826171875
681,reward,"In this task, you have to repeatedly choose between two slot machines labeled U and P.
You can choose a slot machine by pressing its corresponding key.When you select one of the machines, you will win 1 or 0 points.Your goal is to choose the slot machines that will give you the most points.You will receive feedback about the outcome after making a choice.
The environment may change unpredictably, and past success does not guarantee future results. You’ll need to adapt to these changes to keep finding the better machine.You will play 1 game in total, consisting of 100 trials. Game 1:You press <<U>> and get 1 points.
You press <<U>> and get 1 points.
You press <<U>> and get 1 points.
You press <<U>> and get 0 points.
You press <<U>> and get 1 points.
You press <<P>> and get 0 points.
You press <<U>> and get 1 points.
You press <<P>> and get 0 points.
You press <<U>> and get 1 points.
You press <<U>> and get 0 points.
You press <<U>> and get 1 points.
You press <<U>> and get 1 points.
You press <<U>> and get 1 points.
You press <<P>> and get 0 points.
You press <<U>> and get 1 points.
You press <<U>> and get 1 points.
You press <<U>> and get 1 points.
You press <<U>> and get 1 points.
You press <<U>> and get 1 points.
You press <<U>> and get 1 points.
You press <<U>> and get 1 points.
You press <<P>> and get 0 points.
You press <<P>> and get 0 points.
You press <<U>> and get 1 points.
You press <<U>> and get 1 points.
You press <<P>> and get 1 points.
You press <<U>> and get 1 points.
You press <<U>> and get 1 points.
You press <<U>> and get 1 points.
You press <<U>> and get 1 points.
You press <<U>> and get 1 points.
You press <<U>> and get 1 points.
You press <<P>> and get 0 points.
You press <<U>> and get 1 points.
You press <<U>> and get 1 points.
You press <<U>> and get 1 points.
You press <<U>> and get 1 points.
You press <<P>> and get 0 points.
You press <<P>> and get 0 points.
You press <<U>> and get 1 points.
You press <<U>> and get 1 points.
You press <<U>> and get 1 points.
You press <<U>> and get 1 points.
You press <<U>> and get 1 points.
You press <<U>> and get 1 points.
You press <<P>> and get 0 points.
You press <<P>> and get 0 points.
You press <<U>> and get 1 points.
You press <<U>> and get 1 points.
You press <<U>> and get 1 points.
You press <<U>> and get  points.
You press <<",1,0.75390625,0.2451171875,-0.0625,0.0625,51,78908,0.81640625,0.1826171875
687,choice,"In this task, you have to repeatedly choose between two slot machines labeled U and P.
You can choose a slot machine by pressing its corresponding key.When you select one of the machines, you will win 1 or 0 points.Your goal is to choose the slot machines that will give you the most points.You will receive feedback about the outcome after making a choice.
The environment may change unpredictably, and past success does not guarantee future results. You’ll need to adapt to these changes to keep finding the better machine.You will play 1 game in total, consisting of 100 trials. Game 1:You press <<U>> and get 1 points.
You press <<U>> and get 1 points.
You press <<U>> and get 1 points.
You press <<U>> and get 0 points.
You press <<U>> and get 1 points.
You press <<P>> and get 0 points.
You press <<U>> and get 1 points.
You press <<P>> and get 0 points.
You press <<U>> and get 1 points.
You press <<U>> and get 0 points.
You press <<U>> and get 1 points.
You press <<U>> and get 1 points.
You press <<U>> and get 1 points.
You press <<P>> and get 0 points.
You press <<U>> and get 1 points.
You press <<U>> and get 1 points.
You press <<U>> and get 1 points.
You press <<U>> and get 1 points.
You press <<U>> and get 1 points.
You press <<U>> and get 1 points.
You press <<U>> and get 1 points.
You press <<P>> and get 0 points.
You press <<P>> and get 0 points.
You press <<U>> and get 1 points.
You press <<U>> and get 1 points.
You press <<P>> and get 1 points.
You press <<U>> and get 1 points.
You press <<U>> and get 1 points.
You press <<U>> and get 1 points.
You press <<U>> and get 1 points.
You press <<U>> and get 1 points.
You press <<U>> and get 1 points.
You press <<P>> and get 0 points.
You press <<U>> and get 1 points.
You press <<U>> and get 1 points.
You press <<U>> and get 1 points.
You press <<U>> and get 1 points.
You press <<P>> and get 0 points.
You press <<P>> and get 0 points.
You press <<U>> and get 1 points.
You press <<U>> and get 1 points.
You press <<U>> and get 1 points.
You press <<U>> and get 1 points.
You press <<U>> and get 1 points.
You press <<U>> and get 1 points.
You press <<P>> and get 0 points.
You press <<P>> and get 0 points.
You press <<U>> and get 1 points.
You press <<U>> and get 1 points.
You press <<U>> and get 1 points.
You press <<U>> and get 1 points.
You press <<>> and get 1 points.
You press <<",U,0.765625,0.2197265625,-0.03125,0.017578125,52,78908,0.796875,0.2021484375
692,reward,"In this task, you have to repeatedly choose between two slot machines labeled U and P.
You can choose a slot machine by pressing its corresponding key.When you select one of the machines, you will win 1 or 0 points.Your goal is to choose the slot machines that will give you the most points.You will receive feedback about the outcome after making a choice.
The environment may change unpredictably, and past success does not guarantee future results. You’ll need to adapt to these changes to keep finding the better machine.You will play 1 game in total, consisting of 100 trials. Game 1:You press <<U>> and get 1 points.
You press <<U>> and get 1 points.
You press <<U>> and get 1 points.
You press <<U>> and get 0 points.
You press <<U>> and get 1 points.
You press <<P>> and get 0 points.
You press <<U>> and get 1 points.
You press <<P>> and get 0 points.
You press <<U>> and get 1 points.
You press <<U>> and get 0 points.
You press <<U>> and get 1 points.
You press <<U>> and get 1 points.
You press <<U>> and get 1 points.
You press <<P>> and get 0 points.
You press <<U>> and get 1 points.
You press <<U>> and get 1 points.
You press <<U>> and get 1 points.
You press <<U>> and get 1 points.
You press <<U>> and get 1 points.
You press <<U>> and get 1 points.
You press <<U>> and get 1 points.
You press <<P>> and get 0 points.
You press <<P>> and get 0 points.
You press <<U>> and get 1 points.
You press <<U>> and get 1 points.
You press <<P>> and get 1 points.
You press <<U>> and get 1 points.
You press <<U>> and get 1 points.
You press <<U>> and get 1 points.
You press <<U>> and get 1 points.
You press <<U>> and get 1 points.
You press <<U>> and get 1 points.
You press <<P>> and get 0 points.
You press <<U>> and get 1 points.
You press <<U>> and get 1 points.
You press <<U>> and get 1 points.
You press <<U>> and get 1 points.
You press <<P>> and get 0 points.
You press <<P>> and get 0 points.
You press <<U>> and get 1 points.
You press <<U>> and get 1 points.
You press <<U>> and get 1 points.
You press <<U>> and get 1 points.
You press <<U>> and get 1 points.
You press <<U>> and get 1 points.
You press <<P>> and get 0 points.
You press <<P>> and get 0 points.
You press <<U>> and get 1 points.
You press <<U>> and get 1 points.
You press <<U>> and get 1 points.
You press <<U>> and get 1 points.
You press <<U>> and get  points.
You press <<",1,0.73046875,0.26953125,-0.06640625,0.0673828125,52,78908,0.796875,0.2021484375
698,choice,"In this task, you have to repeatedly choose between two slot machines labeled U and P.
You can choose a slot machine by pressing its corresponding key.When you select one of the machines, you will win 1 or 0 points.Your goal is to choose the slot machines that will give you the most points.You will receive feedback about the outcome after making a choice.
The environment may change unpredictably, and past success does not guarantee future results. You’ll need to adapt to these changes to keep finding the better machine.You will play 1 game in total, consisting of 100 trials. Game 1:You press <<U>> and get 1 points.
You press <<U>> and get 1 points.
You press <<U>> and get 1 points.
You press <<U>> and get 0 points.
You press <<U>> and get 1 points.
You press <<P>> and get 0 points.
You press <<U>> and get 1 points.
You press <<P>> and get 0 points.
You press <<U>> and get 1 points.
You press <<U>> and get 0 points.
You press <<U>> and get 1 points.
You press <<U>> and get 1 points.
You press <<U>> and get 1 points.
You press <<P>> and get 0 points.
You press <<U>> and get 1 points.
You press <<U>> and get 1 points.
You press <<U>> and get 1 points.
You press <<U>> and get 1 points.
You press <<U>> and get 1 points.
You press <<U>> and get 1 points.
You press <<U>> and get 1 points.
You press <<P>> and get 0 points.
You press <<P>> and get 0 points.
You press <<U>> and get 1 points.
You press <<U>> and get 1 points.
You press <<P>> and get 1 points.
You press <<U>> and get 1 points.
You press <<U>> and get 1 points.
You press <<U>> and get 1 points.
You press <<U>> and get 1 points.
You press <<U>> and get 1 points.
You press <<U>> and get 1 points.
You press <<P>> and get 0 points.
You press <<U>> and get 1 points.
You press <<U>> and get 1 points.
You press <<U>> and get 1 points.
You press <<U>> and get 1 points.
You press <<P>> and get 0 points.
You press <<P>> and get 0 points.
You press <<U>> and get 1 points.
You press <<U>> and get 1 points.
You press <<U>> and get 1 points.
You press <<U>> and get 1 points.
You press <<U>> and get 1 points.
You press <<U>> and get 1 points.
You press <<P>> and get 0 points.
You press <<P>> and get 0 points.
You press <<U>> and get 1 points.
You press <<U>> and get 1 points.
You press <<U>> and get 1 points.
You press <<U>> and get 1 points.
You press <<U>> and get 1 points.
You press <<>> and get 0 points.
You press <<",U,0.74609375,0.2431640625,0.0390625,-0.0517578125,53,78908,0.70703125,0.294921875
703,reward,"In this task, you have to repeatedly choose between two slot machines labeled U and P.
You can choose a slot machine by pressing its corresponding key.When you select one of the machines, you will win 1 or 0 points.Your goal is to choose the slot machines that will give you the most points.You will receive feedback about the outcome after making a choice.
The environment may change unpredictably, and past success does not guarantee future results. You’ll need to adapt to these changes to keep finding the better machine.You will play 1 game in total, consisting of 100 trials. Game 1:You press <<U>> and get 1 points.
You press <<U>> and get 1 points.
You press <<U>> and get 1 points.
You press <<U>> and get 0 points.
You press <<U>> and get 1 points.
You press <<P>> and get 0 points.
You press <<U>> and get 1 points.
You press <<P>> and get 0 points.
You press <<U>> and get 1 points.
You press <<U>> and get 0 points.
You press <<U>> and get 1 points.
You press <<U>> and get 1 points.
You press <<U>> and get 1 points.
You press <<P>> and get 0 points.
You press <<U>> and get 1 points.
You press <<U>> and get 1 points.
You press <<U>> and get 1 points.
You press <<U>> and get 1 points.
You press <<U>> and get 1 points.
You press <<U>> and get 1 points.
You press <<U>> and get 1 points.
You press <<P>> and get 0 points.
You press <<P>> and get 0 points.
You press <<U>> and get 1 points.
You press <<U>> and get 1 points.
You press <<P>> and get 1 points.
You press <<U>> and get 1 points.
You press <<U>> and get 1 points.
You press <<U>> and get 1 points.
You press <<U>> and get 1 points.
You press <<U>> and get 1 points.
You press <<U>> and get 1 points.
You press <<P>> and get 0 points.
You press <<U>> and get 1 points.
You press <<U>> and get 1 points.
You press <<U>> and get 1 points.
You press <<U>> and get 1 points.
You press <<P>> and get 0 points.
You press <<P>> and get 0 points.
You press <<U>> and get 1 points.
You press <<U>> and get 1 points.
You press <<U>> and get 1 points.
You press <<U>> and get 1 points.
You press <<U>> and get 1 points.
You press <<U>> and get 1 points.
You press <<P>> and get 0 points.
You press <<P>> and get 0 points.
You press <<U>> and get 1 points.
You press <<U>> and get 1 points.
You press <<U>> and get 1 points.
You press <<U>> and get 1 points.
You press <<U>> and get 1 points.
You press <<U>> and get  points.
You press <<",0,0.73046875,0.26953125,0.0234375,-0.025390625,53,78908,0.70703125,0.294921875
709,choice,"In this task, you have to repeatedly choose between two slot machines labeled U and P.
You can choose a slot machine by pressing its corresponding key.When you select one of the machines, you will win 1 or 0 points.Your goal is to choose the slot machines that will give you the most points.You will receive feedback about the outcome after making a choice.
The environment may change unpredictably, and past success does not guarantee future results. You’ll need to adapt to these changes to keep finding the better machine.You will play 1 game in total, consisting of 100 trials. Game 1:You press <<U>> and get 1 points.
You press <<U>> and get 1 points.
You press <<U>> and get 1 points.
You press <<U>> and get 0 points.
You press <<U>> and get 1 points.
You press <<P>> and get 0 points.
You press <<U>> and get 1 points.
You press <<P>> and get 0 points.
You press <<U>> and get 1 points.
You press <<U>> and get 0 points.
You press <<U>> and get 1 points.
You press <<U>> and get 1 points.
You press <<U>> and get 1 points.
You press <<P>> and get 0 points.
You press <<U>> and get 1 points.
You press <<U>> and get 1 points.
You press <<U>> and get 1 points.
You press <<U>> and get 1 points.
You press <<U>> and get 1 points.
You press <<U>> and get 1 points.
You press <<U>> and get 1 points.
You press <<P>> and get 0 points.
You press <<P>> and get 0 points.
You press <<U>> and get 1 points.
You press <<U>> and get 1 points.
You press <<P>> and get 1 points.
You press <<U>> and get 1 points.
You press <<U>> and get 1 points.
You press <<U>> and get 1 points.
You press <<U>> and get 1 points.
You press <<U>> and get 1 points.
You press <<U>> and get 1 points.
You press <<P>> and get 0 points.
You press <<U>> and get 1 points.
You press <<U>> and get 1 points.
You press <<U>> and get 1 points.
You press <<U>> and get 1 points.
You press <<P>> and get 0 points.
You press <<P>> and get 0 points.
You press <<U>> and get 1 points.
You press <<U>> and get 1 points.
You press <<U>> and get 1 points.
You press <<U>> and get 1 points.
You press <<U>> and get 1 points.
You press <<U>> and get 1 points.
You press <<P>> and get 0 points.
You press <<P>> and get 0 points.
You press <<U>> and get 1 points.
You press <<U>> and get 1 points.
You press <<U>> and get 1 points.
You press <<U>> and get 1 points.
You press <<U>> and get 1 points.
You press <<U>> and get 0 points.
You press <<>> and get 1 points.
You press <<",P,0.71875,0.263671875,0.341796875,-0.357421875,54,78908,0.376953125,0.62109375
714,reward,"In this task, you have to repeatedly choose between two slot machines labeled U and P.
You can choose a slot machine by pressing its corresponding key.When you select one of the machines, you will win 1 or 0 points.Your goal is to choose the slot machines that will give you the most points.You will receive feedback about the outcome after making a choice.
The environment may change unpredictably, and past success does not guarantee future results. You’ll need to adapt to these changes to keep finding the better machine.You will play 1 game in total, consisting of 100 trials. Game 1:You press <<U>> and get 1 points.
You press <<U>> and get 1 points.
You press <<U>> and get 1 points.
You press <<U>> and get 0 points.
You press <<U>> and get 1 points.
You press <<P>> and get 0 points.
You press <<U>> and get 1 points.
You press <<P>> and get 0 points.
You press <<U>> and get 1 points.
You press <<U>> and get 0 points.
You press <<U>> and get 1 points.
You press <<U>> and get 1 points.
You press <<U>> and get 1 points.
You press <<P>> and get 0 points.
You press <<U>> and get 1 points.
You press <<U>> and get 1 points.
You press <<U>> and get 1 points.
You press <<U>> and get 1 points.
You press <<U>> and get 1 points.
You press <<U>> and get 1 points.
You press <<U>> and get 1 points.
You press <<P>> and get 0 points.
You press <<P>> and get 0 points.
You press <<U>> and get 1 points.
You press <<U>> and get 1 points.
You press <<P>> and get 1 points.
You press <<U>> and get 1 points.
You press <<U>> and get 1 points.
You press <<U>> and get 1 points.
You press <<U>> and get 1 points.
You press <<U>> and get 1 points.
You press <<U>> and get 1 points.
You press <<P>> and get 0 points.
You press <<U>> and get 1 points.
You press <<U>> and get 1 points.
You press <<U>> and get 1 points.
You press <<U>> and get 1 points.
You press <<P>> and get 0 points.
You press <<P>> and get 0 points.
You press <<U>> and get 1 points.
You press <<U>> and get 1 points.
You press <<U>> and get 1 points.
You press <<U>> and get 1 points.
You press <<U>> and get 1 points.
You press <<U>> and get 1 points.
You press <<P>> and get 0 points.
You press <<P>> and get 0 points.
You press <<U>> and get 1 points.
You press <<U>> and get 1 points.
You press <<U>> and get 1 points.
You press <<U>> and get 1 points.
You press <<U>> and get 1 points.
You press <<U>> and get 0 points.
You press <<P>> and get  points.
You press <<",1,0.53125,0.46875,0.154296875,-0.15234375,54,78908,0.376953125,0.62109375
720,choice,"In this task, you have to repeatedly choose between two slot machines labeled U and P.
You can choose a slot machine by pressing its corresponding key.When you select one of the machines, you will win 1 or 0 points.Your goal is to choose the slot machines that will give you the most points.You will receive feedback about the outcome after making a choice.
The environment may change unpredictably, and past success does not guarantee future results. You’ll need to adapt to these changes to keep finding the better machine.You will play 1 game in total, consisting of 100 trials. Game 1:You press <<U>> and get 1 points.
You press <<U>> and get 1 points.
You press <<U>> and get 1 points.
You press <<U>> and get 0 points.
You press <<U>> and get 1 points.
You press <<P>> and get 0 points.
You press <<U>> and get 1 points.
You press <<P>> and get 0 points.
You press <<U>> and get 1 points.
You press <<U>> and get 0 points.
You press <<U>> and get 1 points.
You press <<U>> and get 1 points.
You press <<U>> and get 1 points.
You press <<P>> and get 0 points.
You press <<U>> and get 1 points.
You press <<U>> and get 1 points.
You press <<U>> and get 1 points.
You press <<U>> and get 1 points.
You press <<U>> and get 1 points.
You press <<U>> and get 1 points.
You press <<U>> and get 1 points.
You press <<P>> and get 0 points.
You press <<P>> and get 0 points.
You press <<U>> and get 1 points.
You press <<U>> and get 1 points.
You press <<P>> and get 1 points.
You press <<U>> and get 1 points.
You press <<U>> and get 1 points.
You press <<U>> and get 1 points.
You press <<U>> and get 1 points.
You press <<U>> and get 1 points.
You press <<U>> and get 1 points.
You press <<P>> and get 0 points.
You press <<U>> and get 1 points.
You press <<U>> and get 1 points.
You press <<U>> and get 1 points.
You press <<U>> and get 1 points.
You press <<P>> and get 0 points.
You press <<P>> and get 0 points.
You press <<U>> and get 1 points.
You press <<U>> and get 1 points.
You press <<U>> and get 1 points.
You press <<U>> and get 1 points.
You press <<U>> and get 1 points.
You press <<U>> and get 1 points.
You press <<P>> and get 0 points.
You press <<P>> and get 0 points.
You press <<U>> and get 1 points.
You press <<U>> and get 1 points.
You press <<U>> and get 1 points.
You press <<U>> and get 1 points.
You press <<U>> and get 1 points.
You press <<U>> and get 0 points.
You press <<P>> and get 1 points.
You press <<>> and get 1 points.
You press <<",P,0.400390625,0.58203125,0.177734375,-0.1953125,55,78908,0.22265625,0.77734375
725,reward,"In this task, you have to repeatedly choose between two slot machines labeled U and P.
You can choose a slot machine by pressing its corresponding key.When you select one of the machines, you will win 1 or 0 points.Your goal is to choose the slot machines that will give you the most points.You will receive feedback about the outcome after making a choice.
The environment may change unpredictably, and past success does not guarantee future results. You’ll need to adapt to these changes to keep finding the better machine.You will play 1 game in total, consisting of 100 trials. Game 1:You press <<U>> and get 1 points.
You press <<U>> and get 1 points.
You press <<U>> and get 1 points.
You press <<U>> and get 0 points.
You press <<U>> and get 1 points.
You press <<P>> and get 0 points.
You press <<U>> and get 1 points.
You press <<P>> and get 0 points.
You press <<U>> and get 1 points.
You press <<U>> and get 0 points.
You press <<U>> and get 1 points.
You press <<U>> and get 1 points.
You press <<U>> and get 1 points.
You press <<P>> and get 0 points.
You press <<U>> and get 1 points.
You press <<U>> and get 1 points.
You press <<U>> and get 1 points.
You press <<U>> and get 1 points.
You press <<U>> and get 1 points.
You press <<U>> and get 1 points.
You press <<U>> and get 1 points.
You press <<P>> and get 0 points.
You press <<P>> and get 0 points.
You press <<U>> and get 1 points.
You press <<U>> and get 1 points.
You press <<P>> and get 1 points.
You press <<U>> and get 1 points.
You press <<U>> and get 1 points.
You press <<U>> and get 1 points.
You press <<U>> and get 1 points.
You press <<U>> and get 1 points.
You press <<U>> and get 1 points.
You press <<P>> and get 0 points.
You press <<U>> and get 1 points.
You press <<U>> and get 1 points.
You press <<U>> and get 1 points.
You press <<U>> and get 1 points.
You press <<P>> and get 0 points.
You press <<P>> and get 0 points.
You press <<U>> and get 1 points.
You press <<U>> and get 1 points.
You press <<U>> and get 1 points.
You press <<U>> and get 1 points.
You press <<U>> and get 1 points.
You press <<U>> and get 1 points.
You press <<P>> and get 0 points.
You press <<P>> and get 0 points.
You press <<U>> and get 1 points.
You press <<U>> and get 1 points.
You press <<U>> and get 1 points.
You press <<U>> and get 1 points.
You press <<U>> and get 1 points.
You press <<U>> and get 0 points.
You press <<P>> and get 1 points.
You press <<P>> and get  points.
You press <<",1,0.376953125,0.62109375,0.154296875,-0.15625,55,78908,0.22265625,0.77734375
731,choice,"In this task, you have to repeatedly choose between two slot machines labeled U and P.
You can choose a slot machine by pressing its corresponding key.When you select one of the machines, you will win 1 or 0 points.Your goal is to choose the slot machines that will give you the most points.You will receive feedback about the outcome after making a choice.
The environment may change unpredictably, and past success does not guarantee future results. You’ll need to adapt to these changes to keep finding the better machine.You will play 1 game in total, consisting of 100 trials. Game 1:You press <<U>> and get 1 points.
You press <<U>> and get 1 points.
You press <<U>> and get 1 points.
You press <<U>> and get 0 points.
You press <<U>> and get 1 points.
You press <<P>> and get 0 points.
You press <<U>> and get 1 points.
You press <<P>> and get 0 points.
You press <<U>> and get 1 points.
You press <<U>> and get 0 points.
You press <<U>> and get 1 points.
You press <<U>> and get 1 points.
You press <<U>> and get 1 points.
You press <<P>> and get 0 points.
You press <<U>> and get 1 points.
You press <<U>> and get 1 points.
You press <<U>> and get 1 points.
You press <<U>> and get 1 points.
You press <<U>> and get 1 points.
You press <<U>> and get 1 points.
You press <<U>> and get 1 points.
You press <<P>> and get 0 points.
You press <<P>> and get 0 points.
You press <<U>> and get 1 points.
You press <<U>> and get 1 points.
You press <<P>> and get 1 points.
You press <<U>> and get 1 points.
You press <<U>> and get 1 points.
You press <<U>> and get 1 points.
You press <<U>> and get 1 points.
You press <<U>> and get 1 points.
You press <<U>> and get 1 points.
You press <<P>> and get 0 points.
You press <<U>> and get 1 points.
You press <<U>> and get 1 points.
You press <<U>> and get 1 points.
You press <<U>> and get 1 points.
You press <<P>> and get 0 points.
You press <<P>> and get 0 points.
You press <<U>> and get 1 points.
You press <<U>> and get 1 points.
You press <<U>> and get 1 points.
You press <<U>> and get 1 points.
You press <<U>> and get 1 points.
You press <<U>> and get 1 points.
You press <<P>> and get 0 points.
You press <<P>> and get 0 points.
You press <<U>> and get 1 points.
You press <<U>> and get 1 points.
You press <<U>> and get 1 points.
You press <<U>> and get 1 points.
You press <<U>> and get 1 points.
You press <<U>> and get 0 points.
You press <<P>> and get 1 points.
You press <<P>> and get 1 points.
You press <<>> and get 0 points.
You press <<",U,0.318359375,0.67578125,-0.001953125,-0.00390625,56,78908,0.3203125,0.6796875
736,reward,"In this task, you have to repeatedly choose between two slot machines labeled U and P.
You can choose a slot machine by pressing its corresponding key.When you select one of the machines, you will win 1 or 0 points.Your goal is to choose the slot machines that will give you the most points.You will receive feedback about the outcome after making a choice.
The environment may change unpredictably, and past success does not guarantee future results. You’ll need to adapt to these changes to keep finding the better machine.You will play 1 game in total, consisting of 100 trials. Game 1:You press <<U>> and get 1 points.
You press <<U>> and get 1 points.
You press <<U>> and get 1 points.
You press <<U>> and get 0 points.
You press <<U>> and get 1 points.
You press <<P>> and get 0 points.
You press <<U>> and get 1 points.
You press <<P>> and get 0 points.
You press <<U>> and get 1 points.
You press <<U>> and get 0 points.
You press <<U>> and get 1 points.
You press <<U>> and get 1 points.
You press <<U>> and get 1 points.
You press <<P>> and get 0 points.
You press <<U>> and get 1 points.
You press <<U>> and get 1 points.
You press <<U>> and get 1 points.
You press <<U>> and get 1 points.
You press <<U>> and get 1 points.
You press <<U>> and get 1 points.
You press <<U>> and get 1 points.
You press <<P>> and get 0 points.
You press <<P>> and get 0 points.
You press <<U>> and get 1 points.
You press <<U>> and get 1 points.
You press <<P>> and get 1 points.
You press <<U>> and get 1 points.
You press <<U>> and get 1 points.
You press <<U>> and get 1 points.
You press <<U>> and get 1 points.
You press <<U>> and get 1 points.
You press <<U>> and get 1 points.
You press <<P>> and get 0 points.
You press <<U>> and get 1 points.
You press <<U>> and get 1 points.
You press <<U>> and get 1 points.
You press <<U>> and get 1 points.
You press <<P>> and get 0 points.
You press <<P>> and get 0 points.
You press <<U>> and get 1 points.
You press <<U>> and get 1 points.
You press <<U>> and get 1 points.
You press <<U>> and get 1 points.
You press <<U>> and get 1 points.
You press <<U>> and get 1 points.
You press <<P>> and get 0 points.
You press <<P>> and get 0 points.
You press <<U>> and get 1 points.
You press <<U>> and get 1 points.
You press <<U>> and get 1 points.
You press <<U>> and get 1 points.
You press <<U>> and get 1 points.
You press <<U>> and get 0 points.
You press <<P>> and get 1 points.
You press <<P>> and get 1 points.
You press <<U>> and get  points.
You press <<",0,0.376953125,0.62109375,0.056640625,-0.05859375,56,78908,0.3203125,0.6796875
742,choice,"In this task, you have to repeatedly choose between two slot machines labeled U and P.
You can choose a slot machine by pressing its corresponding key.When you select one of the machines, you will win 1 or 0 points.Your goal is to choose the slot machines that will give you the most points.You will receive feedback about the outcome after making a choice.
The environment may change unpredictably, and past success does not guarantee future results. You’ll need to adapt to these changes to keep finding the better machine.You will play 1 game in total, consisting of 100 trials. Game 1:You press <<U>> and get 1 points.
You press <<U>> and get 1 points.
You press <<U>> and get 1 points.
You press <<U>> and get 0 points.
You press <<U>> and get 1 points.
You press <<P>> and get 0 points.
You press <<U>> and get 1 points.
You press <<P>> and get 0 points.
You press <<U>> and get 1 points.
You press <<U>> and get 0 points.
You press <<U>> and get 1 points.
You press <<U>> and get 1 points.
You press <<U>> and get 1 points.
You press <<P>> and get 0 points.
You press <<U>> and get 1 points.
You press <<U>> and get 1 points.
You press <<U>> and get 1 points.
You press <<U>> and get 1 points.
You press <<U>> and get 1 points.
You press <<U>> and get 1 points.
You press <<U>> and get 1 points.
You press <<P>> and get 0 points.
You press <<P>> and get 0 points.
You press <<U>> and get 1 points.
You press <<U>> and get 1 points.
You press <<P>> and get 1 points.
You press <<U>> and get 1 points.
You press <<U>> and get 1 points.
You press <<U>> and get 1 points.
You press <<U>> and get 1 points.
You press <<U>> and get 1 points.
You press <<U>> and get 1 points.
You press <<P>> and get 0 points.
You press <<U>> and get 1 points.
You press <<U>> and get 1 points.
You press <<U>> and get 1 points.
You press <<U>> and get 1 points.
You press <<P>> and get 0 points.
You press <<P>> and get 0 points.
You press <<U>> and get 1 points.
You press <<U>> and get 1 points.
You press <<U>> and get 1 points.
You press <<U>> and get 1 points.
You press <<U>> and get 1 points.
You press <<U>> and get 1 points.
You press <<P>> and get 0 points.
You press <<P>> and get 0 points.
You press <<U>> and get 1 points.
You press <<U>> and get 1 points.
You press <<U>> and get 1 points.
You press <<U>> and get 1 points.
You press <<U>> and get 1 points.
You press <<U>> and get 0 points.
You press <<P>> and get 1 points.
You press <<P>> and get 1 points.
You press <<U>> and get 0 points.
You press <<>> and get 1 points.
You press <<",P,0.341796875,0.640625,0.1396484375,-0.15625,57,78908,0.2021484375,0.796875
747,reward,"In this task, you have to repeatedly choose between two slot machines labeled U and P.
You can choose a slot machine by pressing its corresponding key.When you select one of the machines, you will win 1 or 0 points.Your goal is to choose the slot machines that will give you the most points.You will receive feedback about the outcome after making a choice.
The environment may change unpredictably, and past success does not guarantee future results. You’ll need to adapt to these changes to keep finding the better machine.You will play 1 game in total, consisting of 100 trials. Game 1:You press <<U>> and get 1 points.
You press <<U>> and get 1 points.
You press <<U>> and get 1 points.
You press <<U>> and get 0 points.
You press <<U>> and get 1 points.
You press <<P>> and get 0 points.
You press <<U>> and get 1 points.
You press <<P>> and get 0 points.
You press <<U>> and get 1 points.
You press <<U>> and get 0 points.
You press <<U>> and get 1 points.
You press <<U>> and get 1 points.
You press <<U>> and get 1 points.
You press <<P>> and get 0 points.
You press <<U>> and get 1 points.
You press <<U>> and get 1 points.
You press <<U>> and get 1 points.
You press <<U>> and get 1 points.
You press <<U>> and get 1 points.
You press <<U>> and get 1 points.
You press <<U>> and get 1 points.
You press <<P>> and get 0 points.
You press <<P>> and get 0 points.
You press <<U>> and get 1 points.
You press <<U>> and get 1 points.
You press <<P>> and get 1 points.
You press <<U>> and get 1 points.
You press <<U>> and get 1 points.
You press <<U>> and get 1 points.
You press <<U>> and get 1 points.
You press <<U>> and get 1 points.
You press <<U>> and get 1 points.
You press <<P>> and get 0 points.
You press <<U>> and get 1 points.
You press <<U>> and get 1 points.
You press <<U>> and get 1 points.
You press <<U>> and get 1 points.
You press <<P>> and get 0 points.
You press <<P>> and get 0 points.
You press <<U>> and get 1 points.
You press <<U>> and get 1 points.
You press <<U>> and get 1 points.
You press <<U>> and get 1 points.
You press <<U>> and get 1 points.
You press <<U>> and get 1 points.
You press <<P>> and get 0 points.
You press <<P>> and get 0 points.
You press <<U>> and get 1 points.
You press <<U>> and get 1 points.
You press <<U>> and get 1 points.
You press <<U>> and get 1 points.
You press <<U>> and get 1 points.
You press <<U>> and get 0 points.
You press <<P>> and get 1 points.
You press <<P>> and get 1 points.
You press <<U>> and get 0 points.
You press <<P>> and get  points.
You press <<",1,0.26953125,0.73046875,0.0673828125,-0.06640625,57,78908,0.2021484375,0.796875
753,choice,"In this task, you have to repeatedly choose between two slot machines labeled U and P.
You can choose a slot machine by pressing its corresponding key.When you select one of the machines, you will win 1 or 0 points.Your goal is to choose the slot machines that will give you the most points.You will receive feedback about the outcome after making a choice.
The environment may change unpredictably, and past success does not guarantee future results. You’ll need to adapt to these changes to keep finding the better machine.You will play 1 game in total, consisting of 100 trials. Game 1:You press <<U>> and get 1 points.
You press <<U>> and get 1 points.
You press <<U>> and get 1 points.
You press <<U>> and get 0 points.
You press <<U>> and get 1 points.
You press <<P>> and get 0 points.
You press <<U>> and get 1 points.
You press <<P>> and get 0 points.
You press <<U>> and get 1 points.
You press <<U>> and get 0 points.
You press <<U>> and get 1 points.
You press <<U>> and get 1 points.
You press <<U>> and get 1 points.
You press <<P>> and get 0 points.
You press <<U>> and get 1 points.
You press <<U>> and get 1 points.
You press <<U>> and get 1 points.
You press <<U>> and get 1 points.
You press <<U>> and get 1 points.
You press <<U>> and get 1 points.
You press <<U>> and get 1 points.
You press <<P>> and get 0 points.
You press <<P>> and get 0 points.
You press <<U>> and get 1 points.
You press <<U>> and get 1 points.
You press <<P>> and get 1 points.
You press <<U>> and get 1 points.
You press <<U>> and get 1 points.
You press <<U>> and get 1 points.
You press <<U>> and get 1 points.
You press <<U>> and get 1 points.
You press <<U>> and get 1 points.
You press <<P>> and get 0 points.
You press <<U>> and get 1 points.
You press <<U>> and get 1 points.
You press <<U>> and get 1 points.
You press <<U>> and get 1 points.
You press <<P>> and get 0 points.
You press <<P>> and get 0 points.
You press <<U>> and get 1 points.
You press <<U>> and get 1 points.
You press <<U>> and get 1 points.
You press <<U>> and get 1 points.
You press <<U>> and get 1 points.
You press <<U>> and get 1 points.
You press <<P>> and get 0 points.
You press <<P>> and get 0 points.
You press <<U>> and get 1 points.
You press <<U>> and get 1 points.
You press <<U>> and get 1 points.
You press <<U>> and get 1 points.
You press <<U>> and get 1 points.
You press <<U>> and get 0 points.
You press <<P>> and get 1 points.
You press <<P>> and get 1 points.
You press <<U>> and get 0 points.
You press <<P>> and get 1 points.
You press <<>> and get 1 points.
You press <<",P,0.263671875,0.71875,0.099609375,-0.1171875,58,78908,0.1640625,0.8359375
758,reward,"In this task, you have to repeatedly choose between two slot machines labeled U and P.
You can choose a slot machine by pressing its corresponding key.When you select one of the machines, you will win 1 or 0 points.Your goal is to choose the slot machines that will give you the most points.You will receive feedback about the outcome after making a choice.
The environment may change unpredictably, and past success does not guarantee future results. You’ll need to adapt to these changes to keep finding the better machine.You will play 1 game in total, consisting of 100 trials. Game 1:You press <<U>> and get 1 points.
You press <<U>> and get 1 points.
You press <<U>> and get 1 points.
You press <<U>> and get 0 points.
You press <<U>> and get 1 points.
You press <<P>> and get 0 points.
You press <<U>> and get 1 points.
You press <<P>> and get 0 points.
You press <<U>> and get 1 points.
You press <<U>> and get 0 points.
You press <<U>> and get 1 points.
You press <<U>> and get 1 points.
You press <<U>> and get 1 points.
You press <<P>> and get 0 points.
You press <<U>> and get 1 points.
You press <<U>> and get 1 points.
You press <<U>> and get 1 points.
You press <<U>> and get 1 points.
You press <<U>> and get 1 points.
You press <<U>> and get 1 points.
You press <<U>> and get 1 points.
You press <<P>> and get 0 points.
You press <<P>> and get 0 points.
You press <<U>> and get 1 points.
You press <<U>> and get 1 points.
You press <<P>> and get 1 points.
You press <<U>> and get 1 points.
You press <<U>> and get 1 points.
You press <<U>> and get 1 points.
You press <<U>> and get 1 points.
You press <<U>> and get 1 points.
You press <<U>> and get 1 points.
You press <<P>> and get 0 points.
You press <<U>> and get 1 points.
You press <<U>> and get 1 points.
You press <<U>> and get 1 points.
You press <<U>> and get 1 points.
You press <<P>> and get 0 points.
You press <<P>> and get 0 points.
You press <<U>> and get 1 points.
You press <<U>> and get 1 points.
You press <<U>> and get 1 points.
You press <<U>> and get 1 points.
You press <<U>> and get 1 points.
You press <<U>> and get 1 points.
You press <<P>> and get 0 points.
You press <<P>> and get 0 points.
You press <<U>> and get 1 points.
You press <<U>> and get 1 points.
You press <<U>> and get 1 points.
You press <<U>> and get 1 points.
You press <<U>> and get 1 points.
You press <<U>> and get 0 points.
You press <<P>> and get 1 points.
You press <<P>> and get 1 points.
You press <<U>> and get 0 points.
You press <<P>> and get 1 points.
You press <<P>> and get  points.
You press <<",1,0.26953125,0.73046875,0.10546875,-0.10546875,58,78908,0.1640625,0.8359375
764,choice,"In this task, you have to repeatedly choose between two slot machines labeled U and P.
You can choose a slot machine by pressing its corresponding key.When you select one of the machines, you will win 1 or 0 points.Your goal is to choose the slot machines that will give you the most points.You will receive feedback about the outcome after making a choice.
The environment may change unpredictably, and past success does not guarantee future results. You’ll need to adapt to these changes to keep finding the better machine.You will play 1 game in total, consisting of 100 trials. Game 1:You press <<U>> and get 1 points.
You press <<U>> and get 1 points.
You press <<U>> and get 1 points.
You press <<U>> and get 0 points.
You press <<U>> and get 1 points.
You press <<P>> and get 0 points.
You press <<U>> and get 1 points.
You press <<P>> and get 0 points.
You press <<U>> and get 1 points.
You press <<U>> and get 0 points.
You press <<U>> and get 1 points.
You press <<U>> and get 1 points.
You press <<U>> and get 1 points.
You press <<P>> and get 0 points.
You press <<U>> and get 1 points.
You press <<U>> and get 1 points.
You press <<U>> and get 1 points.
You press <<U>> and get 1 points.
You press <<U>> and get 1 points.
You press <<U>> and get 1 points.
You press <<U>> and get 1 points.
You press <<P>> and get 0 points.
You press <<P>> and get 0 points.
You press <<U>> and get 1 points.
You press <<U>> and get 1 points.
You press <<P>> and get 1 points.
You press <<U>> and get 1 points.
You press <<U>> and get 1 points.
You press <<U>> and get 1 points.
You press <<U>> and get 1 points.
You press <<U>> and get 1 points.
You press <<U>> and get 1 points.
You press <<P>> and get 0 points.
You press <<U>> and get 1 points.
You press <<U>> and get 1 points.
You press <<U>> and get 1 points.
You press <<U>> and get 1 points.
You press <<P>> and get 0 points.
You press <<P>> and get 0 points.
You press <<U>> and get 1 points.
You press <<U>> and get 1 points.
You press <<U>> and get 1 points.
You press <<U>> and get 1 points.
You press <<U>> and get 1 points.
You press <<U>> and get 1 points.
You press <<P>> and get 0 points.
You press <<P>> and get 0 points.
You press <<U>> and get 1 points.
You press <<U>> and get 1 points.
You press <<U>> and get 1 points.
You press <<U>> and get 1 points.
You press <<U>> and get 1 points.
You press <<U>> and get 0 points.
You press <<P>> and get 1 points.
You press <<P>> and get 1 points.
You press <<U>> and get 0 points.
You press <<P>> and get 1 points.
You press <<P>> and get 1 points.
You press <<>> and get 1 points.
You press <<",P,0.2412109375,0.7421875,0.0771484375,-0.09375,59,78908,0.1640625,0.8359375
769,reward,"In this task, you have to repeatedly choose between two slot machines labeled U and P.
You can choose a slot machine by pressing its corresponding key.When you select one of the machines, you will win 1 or 0 points.Your goal is to choose the slot machines that will give you the most points.You will receive feedback about the outcome after making a choice.
The environment may change unpredictably, and past success does not guarantee future results. You’ll need to adapt to these changes to keep finding the better machine.You will play 1 game in total, consisting of 100 trials. Game 1:You press <<U>> and get 1 points.
You press <<U>> and get 1 points.
You press <<U>> and get 1 points.
You press <<U>> and get 0 points.
You press <<U>> and get 1 points.
You press <<P>> and get 0 points.
You press <<U>> and get 1 points.
You press <<P>> and get 0 points.
You press <<U>> and get 1 points.
You press <<U>> and get 0 points.
You press <<U>> and get 1 points.
You press <<U>> and get 1 points.
You press <<U>> and get 1 points.
You press <<P>> and get 0 points.
You press <<U>> and get 1 points.
You press <<U>> and get 1 points.
You press <<U>> and get 1 points.
You press <<U>> and get 1 points.
You press <<U>> and get 1 points.
You press <<U>> and get 1 points.
You press <<U>> and get 1 points.
You press <<P>> and get 0 points.
You press <<P>> and get 0 points.
You press <<U>> and get 1 points.
You press <<U>> and get 1 points.
You press <<P>> and get 1 points.
You press <<U>> and get 1 points.
You press <<U>> and get 1 points.
You press <<U>> and get 1 points.
You press <<U>> and get 1 points.
You press <<U>> and get 1 points.
You press <<U>> and get 1 points.
You press <<P>> and get 0 points.
You press <<U>> and get 1 points.
You press <<U>> and get 1 points.
You press <<U>> and get 1 points.
You press <<U>> and get 1 points.
You press <<P>> and get 0 points.
You press <<P>> and get 0 points.
You press <<U>> and get 1 points.
You press <<U>> and get 1 points.
You press <<U>> and get 1 points.
You press <<U>> and get 1 points.
You press <<U>> and get 1 points.
You press <<U>> and get 1 points.
You press <<P>> and get 0 points.
You press <<P>> and get 0 points.
You press <<U>> and get 1 points.
You press <<U>> and get 1 points.
You press <<U>> and get 1 points.
You press <<U>> and get 1 points.
You press <<U>> and get 1 points.
You press <<U>> and get 0 points.
You press <<P>> and get 1 points.
You press <<P>> and get 1 points.
You press <<U>> and get 0 points.
You press <<P>> and get 1 points.
You press <<P>> and get 1 points.
You press <<P>> and get  points.
You press <<",1,0.294921875,0.70703125,0.130859375,-0.12890625,59,78908,0.1640625,0.8359375
775,choice,"In this task, you have to repeatedly choose between two slot machines labeled U and P.
You can choose a slot machine by pressing its corresponding key.When you select one of the machines, you will win 1 or 0 points.Your goal is to choose the slot machines that will give you the most points.You will receive feedback about the outcome after making a choice.
The environment may change unpredictably, and past success does not guarantee future results. You’ll need to adapt to these changes to keep finding the better machine.You will play 1 game in total, consisting of 100 trials. Game 1:You press <<U>> and get 1 points.
You press <<U>> and get 1 points.
You press <<U>> and get 1 points.
You press <<U>> and get 0 points.
You press <<U>> and get 1 points.
You press <<P>> and get 0 points.
You press <<U>> and get 1 points.
You press <<P>> and get 0 points.
You press <<U>> and get 1 points.
You press <<U>> and get 0 points.
You press <<U>> and get 1 points.
You press <<U>> and get 1 points.
You press <<U>> and get 1 points.
You press <<P>> and get 0 points.
You press <<U>> and get 1 points.
You press <<U>> and get 1 points.
You press <<U>> and get 1 points.
You press <<U>> and get 1 points.
You press <<U>> and get 1 points.
You press <<U>> and get 1 points.
You press <<U>> and get 1 points.
You press <<P>> and get 0 points.
You press <<P>> and get 0 points.
You press <<U>> and get 1 points.
You press <<U>> and get 1 points.
You press <<P>> and get 1 points.
You press <<U>> and get 1 points.
You press <<U>> and get 1 points.
You press <<U>> and get 1 points.
You press <<U>> and get 1 points.
You press <<U>> and get 1 points.
You press <<U>> and get 1 points.
You press <<P>> and get 0 points.
You press <<U>> and get 1 points.
You press <<U>> and get 1 points.
You press <<U>> and get 1 points.
You press <<U>> and get 1 points.
You press <<P>> and get 0 points.
You press <<P>> and get 0 points.
You press <<U>> and get 1 points.
You press <<U>> and get 1 points.
You press <<U>> and get 1 points.
You press <<U>> and get 1 points.
You press <<U>> and get 1 points.
You press <<U>> and get 1 points.
You press <<P>> and get 0 points.
You press <<P>> and get 0 points.
You press <<U>> and get 1 points.
You press <<U>> and get 1 points.
You press <<U>> and get 1 points.
You press <<U>> and get 1 points.
You press <<U>> and get 1 points.
You press <<U>> and get 0 points.
You press <<P>> and get 1 points.
You press <<P>> and get 1 points.
You press <<U>> and get 0 points.
You press <<P>> and get 1 points.
You press <<P>> and get 1 points.
You press <<P>> and get 1 points.
You press <<>> and get 1 points.
You press <<",P,0.1982421875,0.78515625,0.0498046875,-0.06640625,60,78908,0.1484375,0.8515625
780,reward,"In this task, you have to repeatedly choose between two slot machines labeled U and P.
You can choose a slot machine by pressing its corresponding key.When you select one of the machines, you will win 1 or 0 points.Your goal is to choose the slot machines that will give you the most points.You will receive feedback about the outcome after making a choice.
The environment may change unpredictably, and past success does not guarantee future results. You’ll need to adapt to these changes to keep finding the better machine.You will play 1 game in total, consisting of 100 trials. Game 1:You press <<U>> and get 1 points.
You press <<U>> and get 1 points.
You press <<U>> and get 1 points.
You press <<U>> and get 0 points.
You press <<U>> and get 1 points.
You press <<P>> and get 0 points.
You press <<U>> and get 1 points.
You press <<P>> and get 0 points.
You press <<U>> and get 1 points.
You press <<U>> and get 0 points.
You press <<U>> and get 1 points.
You press <<U>> and get 1 points.
You press <<U>> and get 1 points.
You press <<P>> and get 0 points.
You press <<U>> and get 1 points.
You press <<U>> and get 1 points.
You press <<U>> and get 1 points.
You press <<U>> and get 1 points.
You press <<U>> and get 1 points.
You press <<U>> and get 1 points.
You press <<U>> and get 1 points.
You press <<P>> and get 0 points.
You press <<P>> and get 0 points.
You press <<U>> and get 1 points.
You press <<U>> and get 1 points.
You press <<P>> and get 1 points.
You press <<U>> and get 1 points.
You press <<U>> and get 1 points.
You press <<U>> and get 1 points.
You press <<U>> and get 1 points.
You press <<U>> and get 1 points.
You press <<U>> and get 1 points.
You press <<P>> and get 0 points.
You press <<U>> and get 1 points.
You press <<U>> and get 1 points.
You press <<U>> and get 1 points.
You press <<U>> and get 1 points.
You press <<P>> and get 0 points.
You press <<P>> and get 0 points.
You press <<U>> and get 1 points.
You press <<U>> and get 1 points.
You press <<U>> and get 1 points.
You press <<U>> and get 1 points.
You press <<U>> and get 1 points.
You press <<U>> and get 1 points.
You press <<P>> and get 0 points.
You press <<P>> and get 0 points.
You press <<U>> and get 1 points.
You press <<U>> and get 1 points.
You press <<U>> and get 1 points.
You press <<U>> and get 1 points.
You press <<U>> and get 1 points.
You press <<U>> and get 0 points.
You press <<P>> and get 1 points.
You press <<P>> and get 1 points.
You press <<U>> and get 0 points.
You press <<P>> and get 1 points.
You press <<P>> and get 1 points.
You press <<P>> and get 1 points.
You press <<P>> and get  points.
You press <<",1,0.2451171875,0.75390625,0.0966796875,-0.09765625,60,78908,0.1484375,0.8515625
786,choice,"In this task, you have to repeatedly choose between two slot machines labeled U and P.
You can choose a slot machine by pressing its corresponding key.When you select one of the machines, you will win 1 or 0 points.Your goal is to choose the slot machines that will give you the most points.You will receive feedback about the outcome after making a choice.
The environment may change unpredictably, and past success does not guarantee future results. You’ll need to adapt to these changes to keep finding the better machine.You will play 1 game in total, consisting of 100 trials. Game 1:You press <<U>> and get 1 points.
You press <<U>> and get 1 points.
You press <<U>> and get 1 points.
You press <<U>> and get 0 points.
You press <<U>> and get 1 points.
You press <<P>> and get 0 points.
You press <<U>> and get 1 points.
You press <<P>> and get 0 points.
You press <<U>> and get 1 points.
You press <<U>> and get 0 points.
You press <<U>> and get 1 points.
You press <<U>> and get 1 points.
You press <<U>> and get 1 points.
You press <<P>> and get 0 points.
You press <<U>> and get 1 points.
You press <<U>> and get 1 points.
You press <<U>> and get 1 points.
You press <<U>> and get 1 points.
You press <<U>> and get 1 points.
You press <<U>> and get 1 points.
You press <<U>> and get 1 points.
You press <<P>> and get 0 points.
You press <<P>> and get 0 points.
You press <<U>> and get 1 points.
You press <<U>> and get 1 points.
You press <<P>> and get 1 points.
You press <<U>> and get 1 points.
You press <<U>> and get 1 points.
You press <<U>> and get 1 points.
You press <<U>> and get 1 points.
You press <<U>> and get 1 points.
You press <<U>> and get 1 points.
You press <<P>> and get 0 points.
You press <<U>> and get 1 points.
You press <<U>> and get 1 points.
You press <<U>> and get 1 points.
You press <<U>> and get 1 points.
You press <<P>> and get 0 points.
You press <<P>> and get 0 points.
You press <<U>> and get 1 points.
You press <<U>> and get 1 points.
You press <<U>> and get 1 points.
You press <<U>> and get 1 points.
You press <<U>> and get 1 points.
You press <<U>> and get 1 points.
You press <<P>> and get 0 points.
You press <<P>> and get 0 points.
You press <<U>> and get 1 points.
You press <<U>> and get 1 points.
You press <<U>> and get 1 points.
You press <<U>> and get 1 points.
You press <<U>> and get 1 points.
You press <<U>> and get 0 points.
You press <<P>> and get 1 points.
You press <<P>> and get 1 points.
You press <<U>> and get 0 points.
You press <<P>> and get 1 points.
You press <<P>> and get 1 points.
You press <<P>> and get 1 points.
You press <<P>> and get 1 points.
You press <<>> and get 1 points.
You press <<",P,0.162109375,0.82421875,0.013671875,-0.02734375,61,78908,0.1484375,0.8515625
791,reward,"In this task, you have to repeatedly choose between two slot machines labeled U and P.
You can choose a slot machine by pressing its corresponding key.When you select one of the machines, you will win 1 or 0 points.Your goal is to choose the slot machines that will give you the most points.You will receive feedback about the outcome after making a choice.
The environment may change unpredictably, and past success does not guarantee future results. You’ll need to adapt to these changes to keep finding the better machine.You will play 1 game in total, consisting of 100 trials. Game 1:You press <<U>> and get 1 points.
You press <<U>> and get 1 points.
You press <<U>> and get 1 points.
You press <<U>> and get 0 points.
You press <<U>> and get 1 points.
You press <<P>> and get 0 points.
You press <<U>> and get 1 points.
You press <<P>> and get 0 points.
You press <<U>> and get 1 points.
You press <<U>> and get 0 points.
You press <<U>> and get 1 points.
You press <<U>> and get 1 points.
You press <<U>> and get 1 points.
You press <<P>> and get 0 points.
You press <<U>> and get 1 points.
You press <<U>> and get 1 points.
You press <<U>> and get 1 points.
You press <<U>> and get 1 points.
You press <<U>> and get 1 points.
You press <<U>> and get 1 points.
You press <<U>> and get 1 points.
You press <<P>> and get 0 points.
You press <<P>> and get 0 points.
You press <<U>> and get 1 points.
You press <<U>> and get 1 points.
You press <<P>> and get 1 points.
You press <<U>> and get 1 points.
You press <<U>> and get 1 points.
You press <<U>> and get 1 points.
You press <<U>> and get 1 points.
You press <<U>> and get 1 points.
You press <<U>> and get 1 points.
You press <<P>> and get 0 points.
You press <<U>> and get 1 points.
You press <<U>> and get 1 points.
You press <<U>> and get 1 points.
You press <<U>> and get 1 points.
You press <<P>> and get 0 points.
You press <<P>> and get 0 points.
You press <<U>> and get 1 points.
You press <<U>> and get 1 points.
You press <<U>> and get 1 points.
You press <<U>> and get 1 points.
You press <<U>> and get 1 points.
You press <<U>> and get 1 points.
You press <<P>> and get 0 points.
You press <<P>> and get 0 points.
You press <<U>> and get 1 points.
You press <<U>> and get 1 points.
You press <<U>> and get 1 points.
You press <<U>> and get 1 points.
You press <<U>> and get 1 points.
You press <<U>> and get 0 points.
You press <<P>> and get 1 points.
You press <<P>> and get 1 points.
You press <<U>> and get 0 points.
You press <<P>> and get 1 points.
You press <<P>> and get 1 points.
You press <<P>> and get 1 points.
You press <<P>> and get 1 points.
You press <<P>> and get  points.
You press <<",1,0.2451171875,0.75390625,0.0966796875,-0.09765625,61,78908,0.1484375,0.8515625
797,choice,"In this task, you have to repeatedly choose between two slot machines labeled U and P.
You can choose a slot machine by pressing its corresponding key.When you select one of the machines, you will win 1 or 0 points.Your goal is to choose the slot machines that will give you the most points.You will receive feedback about the outcome after making a choice.
The environment may change unpredictably, and past success does not guarantee future results. You’ll need to adapt to these changes to keep finding the better machine.You will play 1 game in total, consisting of 100 trials. Game 1:You press <<U>> and get 1 points.
You press <<U>> and get 1 points.
You press <<U>> and get 1 points.
You press <<U>> and get 0 points.
You press <<U>> and get 1 points.
You press <<P>> and get 0 points.
You press <<U>> and get 1 points.
You press <<P>> and get 0 points.
You press <<U>> and get 1 points.
You press <<U>> and get 0 points.
You press <<U>> and get 1 points.
You press <<U>> and get 1 points.
You press <<U>> and get 1 points.
You press <<P>> and get 0 points.
You press <<U>> and get 1 points.
You press <<U>> and get 1 points.
You press <<U>> and get 1 points.
You press <<U>> and get 1 points.
You press <<U>> and get 1 points.
You press <<U>> and get 1 points.
You press <<U>> and get 1 points.
You press <<P>> and get 0 points.
You press <<P>> and get 0 points.
You press <<U>> and get 1 points.
You press <<U>> and get 1 points.
You press <<P>> and get 1 points.
You press <<U>> and get 1 points.
You press <<U>> and get 1 points.
You press <<U>> and get 1 points.
You press <<U>> and get 1 points.
You press <<U>> and get 1 points.
You press <<U>> and get 1 points.
You press <<P>> and get 0 points.
You press <<U>> and get 1 points.
You press <<U>> and get 1 points.
You press <<U>> and get 1 points.
You press <<U>> and get 1 points.
You press <<P>> and get 0 points.
You press <<P>> and get 0 points.
You press <<U>> and get 1 points.
You press <<U>> and get 1 points.
You press <<U>> and get 1 points.
You press <<U>> and get 1 points.
You press <<U>> and get 1 points.
You press <<U>> and get 1 points.
You press <<P>> and get 0 points.
You press <<P>> and get 0 points.
You press <<U>> and get 1 points.
You press <<U>> and get 1 points.
You press <<U>> and get 1 points.
You press <<U>> and get 1 points.
You press <<U>> and get 1 points.
You press <<U>> and get 0 points.
You press <<P>> and get 1 points.
You press <<P>> and get 1 points.
You press <<U>> and get 0 points.
You press <<P>> and get 1 points.
You press <<P>> and get 1 points.
You press <<P>> and get 1 points.
You press <<P>> and get 1 points.
You press <<P>> and get 1 points.
You press <<>> and get 1 points.
You press <<",P,0.1611328125,0.8203125,-0.0029296875,-0.015625,62,78908,0.1640625,0.8359375
802,reward,"In this task, you have to repeatedly choose between two slot machines labeled U and P.
You can choose a slot machine by pressing its corresponding key.When you select one of the machines, you will win 1 or 0 points.Your goal is to choose the slot machines that will give you the most points.You will receive feedback about the outcome after making a choice.
The environment may change unpredictably, and past success does not guarantee future results. You’ll need to adapt to these changes to keep finding the better machine.You will play 1 game in total, consisting of 100 trials. Game 1:You press <<U>> and get 1 points.
You press <<U>> and get 1 points.
You press <<U>> and get 1 points.
You press <<U>> and get 0 points.
You press <<U>> and get 1 points.
You press <<P>> and get 0 points.
You press <<U>> and get 1 points.
You press <<P>> and get 0 points.
You press <<U>> and get 1 points.
You press <<U>> and get 0 points.
You press <<U>> and get 1 points.
You press <<U>> and get 1 points.
You press <<U>> and get 1 points.
You press <<P>> and get 0 points.
You press <<U>> and get 1 points.
You press <<U>> and get 1 points.
You press <<U>> and get 1 points.
You press <<U>> and get 1 points.
You press <<U>> and get 1 points.
You press <<U>> and get 1 points.
You press <<U>> and get 1 points.
You press <<P>> and get 0 points.
You press <<P>> and get 0 points.
You press <<U>> and get 1 points.
You press <<U>> and get 1 points.
You press <<P>> and get 1 points.
You press <<U>> and get 1 points.
You press <<U>> and get 1 points.
You press <<U>> and get 1 points.
You press <<U>> and get 1 points.
You press <<U>> and get 1 points.
You press <<U>> and get 1 points.
You press <<P>> and get 0 points.
You press <<U>> and get 1 points.
You press <<U>> and get 1 points.
You press <<U>> and get 1 points.
You press <<U>> and get 1 points.
You press <<P>> and get 0 points.
You press <<P>> and get 0 points.
You press <<U>> and get 1 points.
You press <<U>> and get 1 points.
You press <<U>> and get 1 points.
You press <<U>> and get 1 points.
You press <<U>> and get 1 points.
You press <<U>> and get 1 points.
You press <<P>> and get 0 points.
You press <<P>> and get 0 points.
You press <<U>> and get 1 points.
You press <<U>> and get 1 points.
You press <<U>> and get 1 points.
You press <<U>> and get 1 points.
You press <<U>> and get 1 points.
You press <<U>> and get 0 points.
You press <<P>> and get 1 points.
You press <<P>> and get 1 points.
You press <<U>> and get 0 points.
You press <<P>> and get 1 points.
You press <<P>> and get 1 points.
You press <<P>> and get 1 points.
You press <<P>> and get 1 points.
You press <<P>> and get 1 points.
You press <<P>> and get  points.
You press <<",1,0.26953125,0.73046875,0.10546875,-0.10546875,62,78908,0.1640625,0.8359375
808,choice,"In this task, you have to repeatedly choose between two slot machines labeled U and P.
You can choose a slot machine by pressing its corresponding key.When you select one of the machines, you will win 1 or 0 points.Your goal is to choose the slot machines that will give you the most points.You will receive feedback about the outcome after making a choice.
The environment may change unpredictably, and past success does not guarantee future results. You’ll need to adapt to these changes to keep finding the better machine.You will play 1 game in total, consisting of 100 trials. Game 1:You press <<U>> and get 1 points.
You press <<U>> and get 1 points.
You press <<U>> and get 1 points.
You press <<U>> and get 0 points.
You press <<U>> and get 1 points.
You press <<P>> and get 0 points.
You press <<U>> and get 1 points.
You press <<P>> and get 0 points.
You press <<U>> and get 1 points.
You press <<U>> and get 0 points.
You press <<U>> and get 1 points.
You press <<U>> and get 1 points.
You press <<U>> and get 1 points.
You press <<P>> and get 0 points.
You press <<U>> and get 1 points.
You press <<U>> and get 1 points.
You press <<U>> and get 1 points.
You press <<U>> and get 1 points.
You press <<U>> and get 1 points.
You press <<U>> and get 1 points.
You press <<U>> and get 1 points.
You press <<P>> and get 0 points.
You press <<P>> and get 0 points.
You press <<U>> and get 1 points.
You press <<U>> and get 1 points.
You press <<P>> and get 1 points.
You press <<U>> and get 1 points.
You press <<U>> and get 1 points.
You press <<U>> and get 1 points.
You press <<U>> and get 1 points.
You press <<U>> and get 1 points.
You press <<U>> and get 1 points.
You press <<P>> and get 0 points.
You press <<U>> and get 1 points.
You press <<U>> and get 1 points.
You press <<U>> and get 1 points.
You press <<U>> and get 1 points.
You press <<P>> and get 0 points.
You press <<P>> and get 0 points.
You press <<U>> and get 1 points.
You press <<U>> and get 1 points.
You press <<U>> and get 1 points.
You press <<U>> and get 1 points.
You press <<U>> and get 1 points.
You press <<U>> and get 1 points.
You press <<P>> and get 0 points.
You press <<P>> and get 0 points.
You press <<U>> and get 1 points.
You press <<U>> and get 1 points.
You press <<U>> and get 1 points.
You press <<U>> and get 1 points.
You press <<U>> and get 1 points.
You press <<U>> and get 0 points.
You press <<P>> and get 1 points.
You press <<P>> and get 1 points.
You press <<U>> and get 0 points.
You press <<P>> and get 1 points.
You press <<P>> and get 1 points.
You press <<P>> and get 1 points.
You press <<P>> and get 1 points.
You press <<P>> and get 1 points.
You press <<P>> and get 1 points.
You press <<>> and get 1 points.
You press <<",P,0.1611328125,0.8203125,-0.0029296875,-0.015625,63,78908,0.1640625,0.8359375
813,reward,"In this task, you have to repeatedly choose between two slot machines labeled U and P.
You can choose a slot machine by pressing its corresponding key.When you select one of the machines, you will win 1 or 0 points.Your goal is to choose the slot machines that will give you the most points.You will receive feedback about the outcome after making a choice.
The environment may change unpredictably, and past success does not guarantee future results. You’ll need to adapt to these changes to keep finding the better machine.You will play 1 game in total, consisting of 100 trials. Game 1:You press <<U>> and get 1 points.
You press <<U>> and get 1 points.
You press <<U>> and get 1 points.
You press <<U>> and get 0 points.
You press <<U>> and get 1 points.
You press <<P>> and get 0 points.
You press <<U>> and get 1 points.
You press <<P>> and get 0 points.
You press <<U>> and get 1 points.
You press <<U>> and get 0 points.
You press <<U>> and get 1 points.
You press <<U>> and get 1 points.
You press <<U>> and get 1 points.
You press <<P>> and get 0 points.
You press <<U>> and get 1 points.
You press <<U>> and get 1 points.
You press <<U>> and get 1 points.
You press <<U>> and get 1 points.
You press <<U>> and get 1 points.
You press <<U>> and get 1 points.
You press <<U>> and get 1 points.
You press <<P>> and get 0 points.
You press <<P>> and get 0 points.
You press <<U>> and get 1 points.
You press <<U>> and get 1 points.
You press <<P>> and get 1 points.
You press <<U>> and get 1 points.
You press <<U>> and get 1 points.
You press <<U>> and get 1 points.
You press <<U>> and get 1 points.
You press <<U>> and get 1 points.
You press <<U>> and get 1 points.
You press <<P>> and get 0 points.
You press <<U>> and get 1 points.
You press <<U>> and get 1 points.
You press <<U>> and get 1 points.
You press <<U>> and get 1 points.
You press <<P>> and get 0 points.
You press <<P>> and get 0 points.
You press <<U>> and get 1 points.
You press <<U>> and get 1 points.
You press <<U>> and get 1 points.
You press <<U>> and get 1 points.
You press <<U>> and get 1 points.
You press <<U>> and get 1 points.
You press <<P>> and get 0 points.
You press <<P>> and get 0 points.
You press <<U>> and get 1 points.
You press <<U>> and get 1 points.
You press <<U>> and get 1 points.
You press <<U>> and get 1 points.
You press <<U>> and get 1 points.
You press <<U>> and get 0 points.
You press <<P>> and get 1 points.
You press <<P>> and get 1 points.
You press <<U>> and get 0 points.
You press <<P>> and get 1 points.
You press <<P>> and get 1 points.
You press <<P>> and get 1 points.
You press <<P>> and get 1 points.
You press <<P>> and get 1 points.
You press <<P>> and get 1 points.
You press <<P>> and get  points.
You press <<",1,0.26953125,0.73046875,0.10546875,-0.10546875,63,78908,0.1640625,0.8359375
819,choice,"In this task, you have to repeatedly choose between two slot machines labeled U and P.
You can choose a slot machine by pressing its corresponding key.When you select one of the machines, you will win 1 or 0 points.Your goal is to choose the slot machines that will give you the most points.You will receive feedback about the outcome after making a choice.
The environment may change unpredictably, and past success does not guarantee future results. You’ll need to adapt to these changes to keep finding the better machine.You will play 1 game in total, consisting of 100 trials. Game 1:You press <<U>> and get 1 points.
You press <<U>> and get 1 points.
You press <<U>> and get 1 points.
You press <<U>> and get 0 points.
You press <<U>> and get 1 points.
You press <<P>> and get 0 points.
You press <<U>> and get 1 points.
You press <<P>> and get 0 points.
You press <<U>> and get 1 points.
You press <<U>> and get 0 points.
You press <<U>> and get 1 points.
You press <<U>> and get 1 points.
You press <<U>> and get 1 points.
You press <<P>> and get 0 points.
You press <<U>> and get 1 points.
You press <<U>> and get 1 points.
You press <<U>> and get 1 points.
You press <<U>> and get 1 points.
You press <<U>> and get 1 points.
You press <<U>> and get 1 points.
You press <<U>> and get 1 points.
You press <<P>> and get 0 points.
You press <<P>> and get 0 points.
You press <<U>> and get 1 points.
You press <<U>> and get 1 points.
You press <<P>> and get 1 points.
You press <<U>> and get 1 points.
You press <<U>> and get 1 points.
You press <<U>> and get 1 points.
You press <<U>> and get 1 points.
You press <<U>> and get 1 points.
You press <<U>> and get 1 points.
You press <<P>> and get 0 points.
You press <<U>> and get 1 points.
You press <<U>> and get 1 points.
You press <<U>> and get 1 points.
You press <<U>> and get 1 points.
You press <<P>> and get 0 points.
You press <<P>> and get 0 points.
You press <<U>> and get 1 points.
You press <<U>> and get 1 points.
You press <<U>> and get 1 points.
You press <<U>> and get 1 points.
You press <<U>> and get 1 points.
You press <<U>> and get 1 points.
You press <<P>> and get 0 points.
You press <<P>> and get 0 points.
You press <<U>> and get 1 points.
You press <<U>> and get 1 points.
You press <<U>> and get 1 points.
You press <<U>> and get 1 points.
You press <<U>> and get 1 points.
You press <<U>> and get 0 points.
You press <<P>> and get 1 points.
You press <<P>> and get 1 points.
You press <<U>> and get 0 points.
You press <<P>> and get 1 points.
You press <<P>> and get 1 points.
You press <<P>> and get 1 points.
You press <<P>> and get 1 points.
You press <<P>> and get 1 points.
You press <<P>> and get 1 points.
You press <<P>> and get 1 points.
You press <<>> and get 1 points.
You press <<",P,0.1611328125,0.8203125,0.0126953125,-0.03125,64,78908,0.1484375,0.8515625
824,reward,"In this task, you have to repeatedly choose between two slot machines labeled U and P.
You can choose a slot machine by pressing its corresponding key.When you select one of the machines, you will win 1 or 0 points.Your goal is to choose the slot machines that will give you the most points.You will receive feedback about the outcome after making a choice.
The environment may change unpredictably, and past success does not guarantee future results. You’ll need to adapt to these changes to keep finding the better machine.You will play 1 game in total, consisting of 100 trials. Game 1:You press <<U>> and get 1 points.
You press <<U>> and get 1 points.
You press <<U>> and get 1 points.
You press <<U>> and get 0 points.
You press <<U>> and get 1 points.
You press <<P>> and get 0 points.
You press <<U>> and get 1 points.
You press <<P>> and get 0 points.
You press <<U>> and get 1 points.
You press <<U>> and get 0 points.
You press <<U>> and get 1 points.
You press <<U>> and get 1 points.
You press <<U>> and get 1 points.
You press <<P>> and get 0 points.
You press <<U>> and get 1 points.
You press <<U>> and get 1 points.
You press <<U>> and get 1 points.
You press <<U>> and get 1 points.
You press <<U>> and get 1 points.
You press <<U>> and get 1 points.
You press <<U>> and get 1 points.
You press <<P>> and get 0 points.
You press <<P>> and get 0 points.
You press <<U>> and get 1 points.
You press <<U>> and get 1 points.
You press <<P>> and get 1 points.
You press <<U>> and get 1 points.
You press <<U>> and get 1 points.
You press <<U>> and get 1 points.
You press <<U>> and get 1 points.
You press <<U>> and get 1 points.
You press <<U>> and get 1 points.
You press <<P>> and get 0 points.
You press <<U>> and get 1 points.
You press <<U>> and get 1 points.
You press <<U>> and get 1 points.
You press <<U>> and get 1 points.
You press <<P>> and get 0 points.
You press <<P>> and get 0 points.
You press <<U>> and get 1 points.
You press <<U>> and get 1 points.
You press <<U>> and get 1 points.
You press <<U>> and get 1 points.
You press <<U>> and get 1 points.
You press <<U>> and get 1 points.
You press <<P>> and get 0 points.
You press <<P>> and get 0 points.
You press <<U>> and get 1 points.
You press <<U>> and get 1 points.
You press <<U>> and get 1 points.
You press <<U>> and get 1 points.
You press <<U>> and get 1 points.
You press <<U>> and get 0 points.
You press <<P>> and get 1 points.
You press <<P>> and get 1 points.
You press <<U>> and get 0 points.
You press <<P>> and get 1 points.
You press <<P>> and get 1 points.
You press <<P>> and get 1 points.
You press <<P>> and get 1 points.
You press <<P>> and get 1 points.
You press <<P>> and get 1 points.
You press <<P>> and get 1 points.
You press <<P>> and get  points.
You press <<",1,0.2451171875,0.75390625,0.0966796875,-0.09765625,64,78908,0.1484375,0.8515625
830,choice,"In this task, you have to repeatedly choose between two slot machines labeled U and P.
You can choose a slot machine by pressing its corresponding key.When you select one of the machines, you will win 1 or 0 points.Your goal is to choose the slot machines that will give you the most points.You will receive feedback about the outcome after making a choice.
The environment may change unpredictably, and past success does not guarantee future results. You’ll need to adapt to these changes to keep finding the better machine.You will play 1 game in total, consisting of 100 trials. Game 1:You press <<U>> and get 1 points.
You press <<U>> and get 1 points.
You press <<U>> and get 1 points.
You press <<U>> and get 0 points.
You press <<U>> and get 1 points.
You press <<P>> and get 0 points.
You press <<U>> and get 1 points.
You press <<P>> and get 0 points.
You press <<U>> and get 1 points.
You press <<U>> and get 0 points.
You press <<U>> and get 1 points.
You press <<U>> and get 1 points.
You press <<U>> and get 1 points.
You press <<P>> and get 0 points.
You press <<U>> and get 1 points.
You press <<U>> and get 1 points.
You press <<U>> and get 1 points.
You press <<U>> and get 1 points.
You press <<U>> and get 1 points.
You press <<U>> and get 1 points.
You press <<U>> and get 1 points.
You press <<P>> and get 0 points.
You press <<P>> and get 0 points.
You press <<U>> and get 1 points.
You press <<U>> and get 1 points.
You press <<P>> and get 1 points.
You press <<U>> and get 1 points.
You press <<U>> and get 1 points.
You press <<U>> and get 1 points.
You press <<U>> and get 1 points.
You press <<U>> and get 1 points.
You press <<U>> and get 1 points.
You press <<P>> and get 0 points.
You press <<U>> and get 1 points.
You press <<U>> and get 1 points.
You press <<U>> and get 1 points.
You press <<U>> and get 1 points.
You press <<P>> and get 0 points.
You press <<P>> and get 0 points.
You press <<U>> and get 1 points.
You press <<U>> and get 1 points.
You press <<U>> and get 1 points.
You press <<U>> and get 1 points.
You press <<U>> and get 1 points.
You press <<U>> and get 1 points.
You press <<P>> and get 0 points.
You press <<P>> and get 0 points.
You press <<U>> and get 1 points.
You press <<U>> and get 1 points.
You press <<U>> and get 1 points.
You press <<U>> and get 1 points.
You press <<U>> and get 1 points.
You press <<U>> and get 0 points.
You press <<P>> and get 1 points.
You press <<P>> and get 1 points.
You press <<U>> and get 0 points.
You press <<P>> and get 1 points.
You press <<P>> and get 1 points.
You press <<P>> and get 1 points.
You press <<P>> and get 1 points.
You press <<P>> and get 1 points.
You press <<P>> and get 1 points.
You press <<P>> and get 1 points.
You press <<P>> and get 1 points.
You press <<>> and get 1 points.
You press <<",P,0.14453125,0.83203125,-0.00390625,-0.01953125,65,78908,0.1484375,0.8515625
835,reward,"In this task, you have to repeatedly choose between two slot machines labeled U and P.
You can choose a slot machine by pressing its corresponding key.When you select one of the machines, you will win 1 or 0 points.Your goal is to choose the slot machines that will give you the most points.You will receive feedback about the outcome after making a choice.
The environment may change unpredictably, and past success does not guarantee future results. You’ll need to adapt to these changes to keep finding the better machine.You will play 1 game in total, consisting of 100 trials. Game 1:You press <<U>> and get 1 points.
You press <<U>> and get 1 points.
You press <<U>> and get 1 points.
You press <<U>> and get 0 points.
You press <<U>> and get 1 points.
You press <<P>> and get 0 points.
You press <<U>> and get 1 points.
You press <<P>> and get 0 points.
You press <<U>> and get 1 points.
You press <<U>> and get 0 points.
You press <<U>> and get 1 points.
You press <<U>> and get 1 points.
You press <<U>> and get 1 points.
You press <<P>> and get 0 points.
You press <<U>> and get 1 points.
You press <<U>> and get 1 points.
You press <<U>> and get 1 points.
You press <<U>> and get 1 points.
You press <<U>> and get 1 points.
You press <<U>> and get 1 points.
You press <<U>> and get 1 points.
You press <<P>> and get 0 points.
You press <<P>> and get 0 points.
You press <<U>> and get 1 points.
You press <<U>> and get 1 points.
You press <<P>> and get 1 points.
You press <<U>> and get 1 points.
You press <<U>> and get 1 points.
You press <<U>> and get 1 points.
You press <<U>> and get 1 points.
You press <<U>> and get 1 points.
You press <<U>> and get 1 points.
You press <<P>> and get 0 points.
You press <<U>> and get 1 points.
You press <<U>> and get 1 points.
You press <<U>> and get 1 points.
You press <<U>> and get 1 points.
You press <<P>> and get 0 points.
You press <<P>> and get 0 points.
You press <<U>> and get 1 points.
You press <<U>> and get 1 points.
You press <<U>> and get 1 points.
You press <<U>> and get 1 points.
You press <<U>> and get 1 points.
You press <<U>> and get 1 points.
You press <<P>> and get 0 points.
You press <<P>> and get 0 points.
You press <<U>> and get 1 points.
You press <<U>> and get 1 points.
You press <<U>> and get 1 points.
You press <<U>> and get 1 points.
You press <<U>> and get 1 points.
You press <<U>> and get 0 points.
You press <<P>> and get 1 points.
You press <<P>> and get 1 points.
You press <<U>> and get 0 points.
You press <<P>> and get 1 points.
You press <<P>> and get 1 points.
You press <<P>> and get 1 points.
You press <<P>> and get 1 points.
You press <<P>> and get 1 points.
You press <<P>> and get 1 points.
You press <<P>> and get 1 points.
You press <<P>> and get 1 points.
You press <<P>> and get  points.
You press <<",1,0.2451171875,0.75390625,0.0966796875,-0.09765625,65,78908,0.1484375,0.8515625
841,choice,"In this task, you have to repeatedly choose between two slot machines labeled U and P.
You can choose a slot machine by pressing its corresponding key.When you select one of the machines, you will win 1 or 0 points.Your goal is to choose the slot machines that will give you the most points.You will receive feedback about the outcome after making a choice.
The environment may change unpredictably, and past success does not guarantee future results. You’ll need to adapt to these changes to keep finding the better machine.You will play 1 game in total, consisting of 100 trials. Game 1:You press <<U>> and get 1 points.
You press <<U>> and get 1 points.
You press <<U>> and get 1 points.
You press <<U>> and get 0 points.
You press <<U>> and get 1 points.
You press <<P>> and get 0 points.
You press <<U>> and get 1 points.
You press <<P>> and get 0 points.
You press <<U>> and get 1 points.
You press <<U>> and get 0 points.
You press <<U>> and get 1 points.
You press <<U>> and get 1 points.
You press <<U>> and get 1 points.
You press <<P>> and get 0 points.
You press <<U>> and get 1 points.
You press <<U>> and get 1 points.
You press <<U>> and get 1 points.
You press <<U>> and get 1 points.
You press <<U>> and get 1 points.
You press <<U>> and get 1 points.
You press <<U>> and get 1 points.
You press <<P>> and get 0 points.
You press <<P>> and get 0 points.
You press <<U>> and get 1 points.
You press <<U>> and get 1 points.
You press <<P>> and get 1 points.
You press <<U>> and get 1 points.
You press <<U>> and get 1 points.
You press <<U>> and get 1 points.
You press <<U>> and get 1 points.
You press <<U>> and get 1 points.
You press <<U>> and get 1 points.
You press <<P>> and get 0 points.
You press <<U>> and get 1 points.
You press <<U>> and get 1 points.
You press <<U>> and get 1 points.
You press <<U>> and get 1 points.
You press <<P>> and get 0 points.
You press <<P>> and get 0 points.
You press <<U>> and get 1 points.
You press <<U>> and get 1 points.
You press <<U>> and get 1 points.
You press <<U>> and get 1 points.
You press <<U>> and get 1 points.
You press <<U>> and get 1 points.
You press <<P>> and get 0 points.
You press <<P>> and get 0 points.
You press <<U>> and get 1 points.
You press <<U>> and get 1 points.
You press <<U>> and get 1 points.
You press <<U>> and get 1 points.
You press <<U>> and get 1 points.
You press <<U>> and get 0 points.
You press <<P>> and get 1 points.
You press <<P>> and get 1 points.
You press <<U>> and get 0 points.
You press <<P>> and get 1 points.
You press <<P>> and get 1 points.
You press <<P>> and get 1 points.
You press <<P>> and get 1 points.
You press <<P>> and get 1 points.
You press <<P>> and get 1 points.
You press <<P>> and get 1 points.
You press <<P>> and get 1 points.
You press <<P>> and get 1 points.
You press <<>> and get 1 points.
You press <<",P,0.16015625,0.81640625,0.041015625,-0.0625,66,78908,0.119140625,0.87890625
846,reward,"In this task, you have to repeatedly choose between two slot machines labeled U and P.
You can choose a slot machine by pressing its corresponding key.When you select one of the machines, you will win 1 or 0 points.Your goal is to choose the slot machines that will give you the most points.You will receive feedback about the outcome after making a choice.
The environment may change unpredictably, and past success does not guarantee future results. You’ll need to adapt to these changes to keep finding the better machine.You will play 1 game in total, consisting of 100 trials. Game 1:You press <<U>> and get 1 points.
You press <<U>> and get 1 points.
You press <<U>> and get 1 points.
You press <<U>> and get 0 points.
You press <<U>> and get 1 points.
You press <<P>> and get 0 points.
You press <<U>> and get 1 points.
You press <<P>> and get 0 points.
You press <<U>> and get 1 points.
You press <<U>> and get 0 points.
You press <<U>> and get 1 points.
You press <<U>> and get 1 points.
You press <<U>> and get 1 points.
You press <<P>> and get 0 points.
You press <<U>> and get 1 points.
You press <<U>> and get 1 points.
You press <<U>> and get 1 points.
You press <<U>> and get 1 points.
You press <<U>> and get 1 points.
You press <<U>> and get 1 points.
You press <<U>> and get 1 points.
You press <<P>> and get 0 points.
You press <<P>> and get 0 points.
You press <<U>> and get 1 points.
You press <<U>> and get 1 points.
You press <<P>> and get 1 points.
You press <<U>> and get 1 points.
You press <<U>> and get 1 points.
You press <<U>> and get 1 points.
You press <<U>> and get 1 points.
You press <<U>> and get 1 points.
You press <<U>> and get 1 points.
You press <<P>> and get 0 points.
You press <<U>> and get 1 points.
You press <<U>> and get 1 points.
You press <<U>> and get 1 points.
You press <<U>> and get 1 points.
You press <<P>> and get 0 points.
You press <<P>> and get 0 points.
You press <<U>> and get 1 points.
You press <<U>> and get 1 points.
You press <<U>> and get 1 points.
You press <<U>> and get 1 points.
You press <<U>> and get 1 points.
You press <<U>> and get 1 points.
You press <<P>> and get 0 points.
You press <<P>> and get 0 points.
You press <<U>> and get 1 points.
You press <<U>> and get 1 points.
You press <<U>> and get 1 points.
You press <<U>> and get 1 points.
You press <<U>> and get 1 points.
You press <<U>> and get 0 points.
You press <<P>> and get 1 points.
You press <<P>> and get 1 points.
You press <<U>> and get 0 points.
You press <<P>> and get 1 points.
You press <<P>> and get 1 points.
You press <<P>> and get 1 points.
You press <<P>> and get 1 points.
You press <<P>> and get 1 points.
You press <<P>> and get 1 points.
You press <<P>> and get 1 points.
You press <<P>> and get 1 points.
You press <<P>> and get 1 points.
You press <<P>> and get  points.
You press <<",1,0.2451171875,0.75390625,0.1259765625,-0.125,66,78908,0.119140625,0.87890625
852,choice,"In this task, you have to repeatedly choose between two slot machines labeled U and P.
You can choose a slot machine by pressing its corresponding key.When you select one of the machines, you will win 1 or 0 points.Your goal is to choose the slot machines that will give you the most points.You will receive feedback about the outcome after making a choice.
The environment may change unpredictably, and past success does not guarantee future results. You’ll need to adapt to these changes to keep finding the better machine.You will play 1 game in total, consisting of 100 trials. Game 1:You press <<U>> and get 1 points.
You press <<U>> and get 1 points.
You press <<U>> and get 1 points.
You press <<U>> and get 0 points.
You press <<U>> and get 1 points.
You press <<P>> and get 0 points.
You press <<U>> and get 1 points.
You press <<P>> and get 0 points.
You press <<U>> and get 1 points.
You press <<U>> and get 0 points.
You press <<U>> and get 1 points.
You press <<U>> and get 1 points.
You press <<U>> and get 1 points.
You press <<P>> and get 0 points.
You press <<U>> and get 1 points.
You press <<U>> and get 1 points.
You press <<U>> and get 1 points.
You press <<U>> and get 1 points.
You press <<U>> and get 1 points.
You press <<U>> and get 1 points.
You press <<U>> and get 1 points.
You press <<P>> and get 0 points.
You press <<P>> and get 0 points.
You press <<U>> and get 1 points.
You press <<U>> and get 1 points.
You press <<P>> and get 1 points.
You press <<U>> and get 1 points.
You press <<U>> and get 1 points.
You press <<U>> and get 1 points.
You press <<U>> and get 1 points.
You press <<U>> and get 1 points.
You press <<U>> and get 1 points.
You press <<P>> and get 0 points.
You press <<U>> and get 1 points.
You press <<U>> and get 1 points.
You press <<U>> and get 1 points.
You press <<U>> and get 1 points.
You press <<P>> and get 0 points.
You press <<P>> and get 0 points.
You press <<U>> and get 1 points.
You press <<U>> and get 1 points.
You press <<U>> and get 1 points.
You press <<U>> and get 1 points.
You press <<U>> and get 1 points.
You press <<U>> and get 1 points.
You press <<P>> and get 0 points.
You press <<P>> and get 0 points.
You press <<U>> and get 1 points.
You press <<U>> and get 1 points.
You press <<U>> and get 1 points.
You press <<U>> and get 1 points.
You press <<U>> and get 1 points.
You press <<U>> and get 0 points.
You press <<P>> and get 1 points.
You press <<P>> and get 1 points.
You press <<U>> and get 0 points.
You press <<P>> and get 1 points.
You press <<P>> and get 1 points.
You press <<P>> and get 1 points.
You press <<P>> and get 1 points.
You press <<P>> and get 1 points.
You press <<P>> and get 1 points.
You press <<P>> and get 1 points.
You press <<P>> and get 1 points.
You press <<P>> and get 1 points.
You press <<P>> and get 1 points.
You press <<>> and get 1 points.
You press <<",P,0.16015625,0.81640625,0.041015625,-0.0625,67,78908,0.119140625,0.87890625
857,reward,"In this task, you have to repeatedly choose between two slot machines labeled U and P.
You can choose a slot machine by pressing its corresponding key.When you select one of the machines, you will win 1 or 0 points.Your goal is to choose the slot machines that will give you the most points.You will receive feedback about the outcome after making a choice.
The environment may change unpredictably, and past success does not guarantee future results. You’ll need to adapt to these changes to keep finding the better machine.You will play 1 game in total, consisting of 100 trials. Game 1:You press <<U>> and get 1 points.
You press <<U>> and get 1 points.
You press <<U>> and get 1 points.
You press <<U>> and get 0 points.
You press <<U>> and get 1 points.
You press <<P>> and get 0 points.
You press <<U>> and get 1 points.
You press <<P>> and get 0 points.
You press <<U>> and get 1 points.
You press <<U>> and get 0 points.
You press <<U>> and get 1 points.
You press <<U>> and get 1 points.
You press <<U>> and get 1 points.
You press <<P>> and get 0 points.
You press <<U>> and get 1 points.
You press <<U>> and get 1 points.
You press <<U>> and get 1 points.
You press <<U>> and get 1 points.
You press <<U>> and get 1 points.
You press <<U>> and get 1 points.
You press <<U>> and get 1 points.
You press <<P>> and get 0 points.
You press <<P>> and get 0 points.
You press <<U>> and get 1 points.
You press <<U>> and get 1 points.
You press <<P>> and get 1 points.
You press <<U>> and get 1 points.
You press <<U>> and get 1 points.
You press <<U>> and get 1 points.
You press <<U>> and get 1 points.
You press <<U>> and get 1 points.
You press <<U>> and get 1 points.
You press <<P>> and get 0 points.
You press <<U>> and get 1 points.
You press <<U>> and get 1 points.
You press <<U>> and get 1 points.
You press <<U>> and get 1 points.
You press <<P>> and get 0 points.
You press <<P>> and get 0 points.
You press <<U>> and get 1 points.
You press <<U>> and get 1 points.
You press <<U>> and get 1 points.
You press <<U>> and get 1 points.
You press <<U>> and get 1 points.
You press <<U>> and get 1 points.
You press <<P>> and get 0 points.
You press <<P>> and get 0 points.
You press <<U>> and get 1 points.
You press <<U>> and get 1 points.
You press <<U>> and get 1 points.
You press <<U>> and get 1 points.
You press <<U>> and get 1 points.
You press <<U>> and get 0 points.
You press <<P>> and get 1 points.
You press <<P>> and get 1 points.
You press <<U>> and get 0 points.
You press <<P>> and get 1 points.
You press <<P>> and get 1 points.
You press <<P>> and get 1 points.
You press <<P>> and get 1 points.
You press <<P>> and get 1 points.
You press <<P>> and get 1 points.
You press <<P>> and get 1 points.
You press <<P>> and get 1 points.
You press <<P>> and get 1 points.
You press <<P>> and get 1 points.
You press <<P>> and get  points.
You press <<",1,0.2451171875,0.75390625,0.1259765625,-0.125,67,78908,0.119140625,0.87890625
863,choice,"In this task, you have to repeatedly choose between two slot machines labeled U and P.
You can choose a slot machine by pressing its corresponding key.When you select one of the machines, you will win 1 or 0 points.Your goal is to choose the slot machines that will give you the most points.You will receive feedback about the outcome after making a choice.
The environment may change unpredictably, and past success does not guarantee future results. You’ll need to adapt to these changes to keep finding the better machine.You will play 1 game in total, consisting of 100 trials. Game 1:You press <<U>> and get 1 points.
You press <<U>> and get 1 points.
You press <<U>> and get 1 points.
You press <<U>> and get 0 points.
You press <<U>> and get 1 points.
You press <<P>> and get 0 points.
You press <<U>> and get 1 points.
You press <<P>> and get 0 points.
You press <<U>> and get 1 points.
You press <<U>> and get 0 points.
You press <<U>> and get 1 points.
You press <<U>> and get 1 points.
You press <<U>> and get 1 points.
You press <<P>> and get 0 points.
You press <<U>> and get 1 points.
You press <<U>> and get 1 points.
You press <<U>> and get 1 points.
You press <<U>> and get 1 points.
You press <<U>> and get 1 points.
You press <<U>> and get 1 points.
You press <<U>> and get 1 points.
You press <<P>> and get 0 points.
You press <<P>> and get 0 points.
You press <<U>> and get 1 points.
You press <<U>> and get 1 points.
You press <<P>> and get 1 points.
You press <<U>> and get 1 points.
You press <<U>> and get 1 points.
You press <<U>> and get 1 points.
You press <<U>> and get 1 points.
You press <<U>> and get 1 points.
You press <<U>> and get 1 points.
You press <<P>> and get 0 points.
You press <<U>> and get 1 points.
You press <<U>> and get 1 points.
You press <<U>> and get 1 points.
You press <<U>> and get 1 points.
You press <<P>> and get 0 points.
You press <<P>> and get 0 points.
You press <<U>> and get 1 points.
You press <<U>> and get 1 points.
You press <<U>> and get 1 points.
You press <<U>> and get 1 points.
You press <<U>> and get 1 points.
You press <<U>> and get 1 points.
You press <<P>> and get 0 points.
You press <<P>> and get 0 points.
You press <<U>> and get 1 points.
You press <<U>> and get 1 points.
You press <<U>> and get 1 points.
You press <<U>> and get 1 points.
You press <<U>> and get 1 points.
You press <<U>> and get 0 points.
You press <<P>> and get 1 points.
You press <<P>> and get 1 points.
You press <<U>> and get 0 points.
You press <<P>> and get 1 points.
You press <<P>> and get 1 points.
You press <<P>> and get 1 points.
You press <<P>> and get 1 points.
You press <<P>> and get 1 points.
You press <<P>> and get 1 points.
You press <<P>> and get 1 points.
You press <<P>> and get 1 points.
You press <<P>> and get 1 points.
You press <<P>> and get 1 points.
You press <<P>> and get 1 points.
You press <<>> and get 1 points.
You press <<",P,0.14453125,0.83203125,0.0380859375,-0.0625,68,78908,0.1064453125,0.89453125
868,reward,"In this task, you have to repeatedly choose between two slot machines labeled U and P.
You can choose a slot machine by pressing its corresponding key.When you select one of the machines, you will win 1 or 0 points.Your goal is to choose the slot machines that will give you the most points.You will receive feedback about the outcome after making a choice.
The environment may change unpredictably, and past success does not guarantee future results. You’ll need to adapt to these changes to keep finding the better machine.You will play 1 game in total, consisting of 100 trials. Game 1:You press <<U>> and get 1 points.
You press <<U>> and get 1 points.
You press <<U>> and get 1 points.
You press <<U>> and get 0 points.
You press <<U>> and get 1 points.
You press <<P>> and get 0 points.
You press <<U>> and get 1 points.
You press <<P>> and get 0 points.
You press <<U>> and get 1 points.
You press <<U>> and get 0 points.
You press <<U>> and get 1 points.
You press <<U>> and get 1 points.
You press <<U>> and get 1 points.
You press <<P>> and get 0 points.
You press <<U>> and get 1 points.
You press <<U>> and get 1 points.
You press <<U>> and get 1 points.
You press <<U>> and get 1 points.
You press <<U>> and get 1 points.
You press <<U>> and get 1 points.
You press <<U>> and get 1 points.
You press <<P>> and get 0 points.
You press <<P>> and get 0 points.
You press <<U>> and get 1 points.
You press <<U>> and get 1 points.
You press <<P>> and get 1 points.
You press <<U>> and get 1 points.
You press <<U>> and get 1 points.
You press <<U>> and get 1 points.
You press <<U>> and get 1 points.
You press <<U>> and get 1 points.
You press <<U>> and get 1 points.
You press <<P>> and get 0 points.
You press <<U>> and get 1 points.
You press <<U>> and get 1 points.
You press <<U>> and get 1 points.
You press <<U>> and get 1 points.
You press <<P>> and get 0 points.
You press <<P>> and get 0 points.
You press <<U>> and get 1 points.
You press <<U>> and get 1 points.
You press <<U>> and get 1 points.
You press <<U>> and get 1 points.
You press <<U>> and get 1 points.
You press <<U>> and get 1 points.
You press <<P>> and get 0 points.
You press <<P>> and get 0 points.
You press <<U>> and get 1 points.
You press <<U>> and get 1 points.
You press <<U>> and get 1 points.
You press <<U>> and get 1 points.
You press <<U>> and get 1 points.
You press <<U>> and get 0 points.
You press <<P>> and get 1 points.
You press <<P>> and get 1 points.
You press <<U>> and get 0 points.
You press <<P>> and get 1 points.
You press <<P>> and get 1 points.
You press <<P>> and get 1 points.
You press <<P>> and get 1 points.
You press <<P>> and get 1 points.
You press <<P>> and get 1 points.
You press <<P>> and get 1 points.
You press <<P>> and get 1 points.
You press <<P>> and get 1 points.
You press <<P>> and get 1 points.
You press <<P>> and get 1 points.
You press <<P>> and get  points.
You press <<",1,0.2451171875,0.75390625,0.138671875,-0.140625,68,78908,0.1064453125,0.89453125
874,choice,"In this task, you have to repeatedly choose between two slot machines labeled U and P.
You can choose a slot machine by pressing its corresponding key.When you select one of the machines, you will win 1 or 0 points.Your goal is to choose the slot machines that will give you the most points.You will receive feedback about the outcome after making a choice.
The environment may change unpredictably, and past success does not guarantee future results. You’ll need to adapt to these changes to keep finding the better machine.You will play 1 game in total, consisting of 100 trials. Game 1:You press <<U>> and get 1 points.
You press <<U>> and get 1 points.
You press <<U>> and get 1 points.
You press <<U>> and get 0 points.
You press <<U>> and get 1 points.
You press <<P>> and get 0 points.
You press <<U>> and get 1 points.
You press <<P>> and get 0 points.
You press <<U>> and get 1 points.
You press <<U>> and get 0 points.
You press <<U>> and get 1 points.
You press <<U>> and get 1 points.
You press <<U>> and get 1 points.
You press <<P>> and get 0 points.
You press <<U>> and get 1 points.
You press <<U>> and get 1 points.
You press <<U>> and get 1 points.
You press <<U>> and get 1 points.
You press <<U>> and get 1 points.
You press <<U>> and get 1 points.
You press <<U>> and get 1 points.
You press <<P>> and get 0 points.
You press <<P>> and get 0 points.
You press <<U>> and get 1 points.
You press <<U>> and get 1 points.
You press <<P>> and get 1 points.
You press <<U>> and get 1 points.
You press <<U>> and get 1 points.
You press <<U>> and get 1 points.
You press <<U>> and get 1 points.
You press <<U>> and get 1 points.
You press <<U>> and get 1 points.
You press <<P>> and get 0 points.
You press <<U>> and get 1 points.
You press <<U>> and get 1 points.
You press <<U>> and get 1 points.
You press <<U>> and get 1 points.
You press <<P>> and get 0 points.
You press <<P>> and get 0 points.
You press <<U>> and get 1 points.
You press <<U>> and get 1 points.
You press <<U>> and get 1 points.
You press <<U>> and get 1 points.
You press <<U>> and get 1 points.
You press <<U>> and get 1 points.
You press <<P>> and get 0 points.
You press <<P>> and get 0 points.
You press <<U>> and get 1 points.
You press <<U>> and get 1 points.
You press <<U>> and get 1 points.
You press <<U>> and get 1 points.
You press <<U>> and get 1 points.
You press <<U>> and get 0 points.
You press <<P>> and get 1 points.
You press <<P>> and get 1 points.
You press <<U>> and get 0 points.
You press <<P>> and get 1 points.
You press <<P>> and get 1 points.
You press <<P>> and get 1 points.
You press <<P>> and get 1 points.
You press <<P>> and get 1 points.
You press <<P>> and get 1 points.
You press <<P>> and get 1 points.
You press <<P>> and get 1 points.
You press <<P>> and get 1 points.
You press <<P>> and get 1 points.
You press <<P>> and get 1 points.
You press <<P>> and get 1 points.
You press <<>> and get 1 points.
You press <<",P,0.14453125,0.83203125,0.0380859375,-0.0625,69,78908,0.1064453125,0.89453125
879,reward,"In this task, you have to repeatedly choose between two slot machines labeled U and P.
You can choose a slot machine by pressing its corresponding key.When you select one of the machines, you will win 1 or 0 points.Your goal is to choose the slot machines that will give you the most points.You will receive feedback about the outcome after making a choice.
The environment may change unpredictably, and past success does not guarantee future results. You’ll need to adapt to these changes to keep finding the better machine.You will play 1 game in total, consisting of 100 trials. Game 1:You press <<U>> and get 1 points.
You press <<U>> and get 1 points.
You press <<U>> and get 1 points.
You press <<U>> and get 0 points.
You press <<U>> and get 1 points.
You press <<P>> and get 0 points.
You press <<U>> and get 1 points.
You press <<P>> and get 0 points.
You press <<U>> and get 1 points.
You press <<U>> and get 0 points.
You press <<U>> and get 1 points.
You press <<U>> and get 1 points.
You press <<U>> and get 1 points.
You press <<P>> and get 0 points.
You press <<U>> and get 1 points.
You press <<U>> and get 1 points.
You press <<U>> and get 1 points.
You press <<U>> and get 1 points.
You press <<U>> and get 1 points.
You press <<U>> and get 1 points.
You press <<U>> and get 1 points.
You press <<P>> and get 0 points.
You press <<P>> and get 0 points.
You press <<U>> and get 1 points.
You press <<U>> and get 1 points.
You press <<P>> and get 1 points.
You press <<U>> and get 1 points.
You press <<U>> and get 1 points.
You press <<U>> and get 1 points.
You press <<U>> and get 1 points.
You press <<U>> and get 1 points.
You press <<U>> and get 1 points.
You press <<P>> and get 0 points.
You press <<U>> and get 1 points.
You press <<U>> and get 1 points.
You press <<U>> and get 1 points.
You press <<U>> and get 1 points.
You press <<P>> and get 0 points.
You press <<P>> and get 0 points.
You press <<U>> and get 1 points.
You press <<U>> and get 1 points.
You press <<U>> and get 1 points.
You press <<U>> and get 1 points.
You press <<U>> and get 1 points.
You press <<U>> and get 1 points.
You press <<P>> and get 0 points.
You press <<P>> and get 0 points.
You press <<U>> and get 1 points.
You press <<U>> and get 1 points.
You press <<U>> and get 1 points.
You press <<U>> and get 1 points.
You press <<U>> and get 1 points.
You press <<U>> and get 0 points.
You press <<P>> and get 1 points.
You press <<P>> and get 1 points.
You press <<U>> and get 0 points.
You press <<P>> and get 1 points.
You press <<P>> and get 1 points.
You press <<P>> and get 1 points.
You press <<P>> and get 1 points.
You press <<P>> and get 1 points.
You press <<P>> and get 1 points.
You press <<P>> and get 1 points.
You press <<P>> and get 1 points.
You press <<P>> and get 1 points.
You press <<P>> and get 1 points.
You press <<P>> and get 1 points.
You press <<P>> and get 1 points.
You press <<P>> and get  points.
You press <<",1,0.22265625,0.77734375,0.1162109375,-0.1171875,69,78908,0.1064453125,0.89453125
885,choice,"In this task, you have to repeatedly choose between two slot machines labeled U and P.
You can choose a slot machine by pressing its corresponding key.When you select one of the machines, you will win 1 or 0 points.Your goal is to choose the slot machines that will give you the most points.You will receive feedback about the outcome after making a choice.
The environment may change unpredictably, and past success does not guarantee future results. You’ll need to adapt to these changes to keep finding the better machine.You will play 1 game in total, consisting of 100 trials. Game 1:You press <<U>> and get 1 points.
You press <<U>> and get 1 points.
You press <<U>> and get 1 points.
You press <<U>> and get 0 points.
You press <<U>> and get 1 points.
You press <<P>> and get 0 points.
You press <<U>> and get 1 points.
You press <<P>> and get 0 points.
You press <<U>> and get 1 points.
You press <<U>> and get 0 points.
You press <<U>> and get 1 points.
You press <<U>> and get 1 points.
You press <<U>> and get 1 points.
You press <<P>> and get 0 points.
You press <<U>> and get 1 points.
You press <<U>> and get 1 points.
You press <<U>> and get 1 points.
You press <<U>> and get 1 points.
You press <<U>> and get 1 points.
You press <<U>> and get 1 points.
You press <<U>> and get 1 points.
You press <<P>> and get 0 points.
You press <<P>> and get 0 points.
You press <<U>> and get 1 points.
You press <<U>> and get 1 points.
You press <<P>> and get 1 points.
You press <<U>> and get 1 points.
You press <<U>> and get 1 points.
You press <<U>> and get 1 points.
You press <<U>> and get 1 points.
You press <<U>> and get 1 points.
You press <<U>> and get 1 points.
You press <<P>> and get 0 points.
You press <<U>> and get 1 points.
You press <<U>> and get 1 points.
You press <<U>> and get 1 points.
You press <<U>> and get 1 points.
You press <<P>> and get 0 points.
You press <<P>> and get 0 points.
You press <<U>> and get 1 points.
You press <<U>> and get 1 points.
You press <<U>> and get 1 points.
You press <<U>> and get 1 points.
You press <<U>> and get 1 points.
You press <<U>> and get 1 points.
You press <<P>> and get 0 points.
You press <<P>> and get 0 points.
You press <<U>> and get 1 points.
You press <<U>> and get 1 points.
You press <<U>> and get 1 points.
You press <<U>> and get 1 points.
You press <<U>> and get 1 points.
You press <<U>> and get 0 points.
You press <<P>> and get 1 points.
You press <<P>> and get 1 points.
You press <<U>> and get 0 points.
You press <<P>> and get 1 points.
You press <<P>> and get 1 points.
You press <<P>> and get 1 points.
You press <<P>> and get 1 points.
You press <<P>> and get 1 points.
You press <<P>> and get 1 points.
You press <<P>> and get 1 points.
You press <<P>> and get 1 points.
You press <<P>> and get 1 points.
You press <<P>> and get 1 points.
You press <<P>> and get 1 points.
You press <<P>> and get 1 points.
You press <<P>> and get 1 points.
You press <<>> and get 1 points.
You press <<",P,0.1298828125,0.84765625,0.044921875,-0.06640625,70,78908,0.0849609375,0.9140625
890,reward,"In this task, you have to repeatedly choose between two slot machines labeled U and P.
You can choose a slot machine by pressing its corresponding key.When you select one of the machines, you will win 1 or 0 points.Your goal is to choose the slot machines that will give you the most points.You will receive feedback about the outcome after making a choice.
The environment may change unpredictably, and past success does not guarantee future results. You’ll need to adapt to these changes to keep finding the better machine.You will play 1 game in total, consisting of 100 trials. Game 1:You press <<U>> and get 1 points.
You press <<U>> and get 1 points.
You press <<U>> and get 1 points.
You press <<U>> and get 0 points.
You press <<U>> and get 1 points.
You press <<P>> and get 0 points.
You press <<U>> and get 1 points.
You press <<P>> and get 0 points.
You press <<U>> and get 1 points.
You press <<U>> and get 0 points.
You press <<U>> and get 1 points.
You press <<U>> and get 1 points.
You press <<U>> and get 1 points.
You press <<P>> and get 0 points.
You press <<U>> and get 1 points.
You press <<U>> and get 1 points.
You press <<U>> and get 1 points.
You press <<U>> and get 1 points.
You press <<U>> and get 1 points.
You press <<U>> and get 1 points.
You press <<U>> and get 1 points.
You press <<P>> and get 0 points.
You press <<P>> and get 0 points.
You press <<U>> and get 1 points.
You press <<U>> and get 1 points.
You press <<P>> and get 1 points.
You press <<U>> and get 1 points.
You press <<U>> and get 1 points.
You press <<U>> and get 1 points.
You press <<U>> and get 1 points.
You press <<U>> and get 1 points.
You press <<U>> and get 1 points.
You press <<P>> and get 0 points.
You press <<U>> and get 1 points.
You press <<U>> and get 1 points.
You press <<U>> and get 1 points.
You press <<U>> and get 1 points.
You press <<P>> and get 0 points.
You press <<P>> and get 0 points.
You press <<U>> and get 1 points.
You press <<U>> and get 1 points.
You press <<U>> and get 1 points.
You press <<U>> and get 1 points.
You press <<U>> and get 1 points.
You press <<U>> and get 1 points.
You press <<P>> and get 0 points.
You press <<P>> and get 0 points.
You press <<U>> and get 1 points.
You press <<U>> and get 1 points.
You press <<U>> and get 1 points.
You press <<U>> and get 1 points.
You press <<U>> and get 1 points.
You press <<U>> and get 0 points.
You press <<P>> and get 1 points.
You press <<P>> and get 1 points.
You press <<U>> and get 0 points.
You press <<P>> and get 1 points.
You press <<P>> and get 1 points.
You press <<P>> and get 1 points.
You press <<P>> and get 1 points.
You press <<P>> and get 1 points.
You press <<P>> and get 1 points.
You press <<P>> and get 1 points.
You press <<P>> and get 1 points.
You press <<P>> and get 1 points.
You press <<P>> and get 1 points.
You press <<P>> and get 1 points.
You press <<P>> and get 1 points.
You press <<P>> and get 1 points.
You press <<P>> and get  points.
You press <<",1,0.2021484375,0.796875,0.1171875,-0.1171875,70,78908,0.0849609375,0.9140625
896,choice,"In this task, you have to repeatedly choose between two slot machines labeled U and P.
You can choose a slot machine by pressing its corresponding key.When you select one of the machines, you will win 1 or 0 points.Your goal is to choose the slot machines that will give you the most points.You will receive feedback about the outcome after making a choice.
The environment may change unpredictably, and past success does not guarantee future results. You’ll need to adapt to these changes to keep finding the better machine.You will play 1 game in total, consisting of 100 trials. Game 1:You press <<U>> and get 1 points.
You press <<U>> and get 1 points.
You press <<U>> and get 1 points.
You press <<U>> and get 0 points.
You press <<U>> and get 1 points.
You press <<P>> and get 0 points.
You press <<U>> and get 1 points.
You press <<P>> and get 0 points.
You press <<U>> and get 1 points.
You press <<U>> and get 0 points.
You press <<U>> and get 1 points.
You press <<U>> and get 1 points.
You press <<U>> and get 1 points.
You press <<P>> and get 0 points.
You press <<U>> and get 1 points.
You press <<U>> and get 1 points.
You press <<U>> and get 1 points.
You press <<U>> and get 1 points.
You press <<U>> and get 1 points.
You press <<U>> and get 1 points.
You press <<U>> and get 1 points.
You press <<P>> and get 0 points.
You press <<P>> and get 0 points.
You press <<U>> and get 1 points.
You press <<U>> and get 1 points.
You press <<P>> and get 1 points.
You press <<U>> and get 1 points.
You press <<U>> and get 1 points.
You press <<U>> and get 1 points.
You press <<U>> and get 1 points.
You press <<U>> and get 1 points.
You press <<U>> and get 1 points.
You press <<P>> and get 0 points.
You press <<U>> and get 1 points.
You press <<U>> and get 1 points.
You press <<U>> and get 1 points.
You press <<U>> and get 1 points.
You press <<P>> and get 0 points.
You press <<P>> and get 0 points.
You press <<U>> and get 1 points.
You press <<U>> and get 1 points.
You press <<U>> and get 1 points.
You press <<U>> and get 1 points.
You press <<U>> and get 1 points.
You press <<U>> and get 1 points.
You press <<P>> and get 0 points.
You press <<P>> and get 0 points.
You press <<U>> and get 1 points.
You press <<U>> and get 1 points.
You press <<U>> and get 1 points.
You press <<U>> and get 1 points.
You press <<U>> and get 1 points.
You press <<U>> and get 0 points.
You press <<P>> and get 1 points.
You press <<P>> and get 1 points.
You press <<U>> and get 0 points.
You press <<P>> and get 1 points.
You press <<P>> and get 1 points.
You press <<P>> and get 1 points.
You press <<P>> and get 1 points.
You press <<P>> and get 1 points.
You press <<P>> and get 1 points.
You press <<P>> and get 1 points.
You press <<P>> and get 1 points.
You press <<P>> and get 1 points.
You press <<P>> and get 1 points.
You press <<P>> and get 1 points.
You press <<P>> and get 1 points.
You press <<P>> and get 1 points.
You press <<P>> and get 1 points.
You press <<>> and get 1 points.
You press <<",P,0.1298828125,0.84375,0.05419921875,-0.08203125,71,78908,0.07568359375,0.92578125
901,reward,"In this task, you have to repeatedly choose between two slot machines labeled U and P.
You can choose a slot machine by pressing its corresponding key.When you select one of the machines, you will win 1 or 0 points.Your goal is to choose the slot machines that will give you the most points.You will receive feedback about the outcome after making a choice.
The environment may change unpredictably, and past success does not guarantee future results. You’ll need to adapt to these changes to keep finding the better machine.You will play 1 game in total, consisting of 100 trials. Game 1:You press <<U>> and get 1 points.
You press <<U>> and get 1 points.
You press <<U>> and get 1 points.
You press <<U>> and get 0 points.
You press <<U>> and get 1 points.
You press <<P>> and get 0 points.
You press <<U>> and get 1 points.
You press <<P>> and get 0 points.
You press <<U>> and get 1 points.
You press <<U>> and get 0 points.
You press <<U>> and get 1 points.
You press <<U>> and get 1 points.
You press <<U>> and get 1 points.
You press <<P>> and get 0 points.
You press <<U>> and get 1 points.
You press <<U>> and get 1 points.
You press <<U>> and get 1 points.
You press <<U>> and get 1 points.
You press <<U>> and get 1 points.
You press <<U>> and get 1 points.
You press <<U>> and get 1 points.
You press <<P>> and get 0 points.
You press <<P>> and get 0 points.
You press <<U>> and get 1 points.
You press <<U>> and get 1 points.
You press <<P>> and get 1 points.
You press <<U>> and get 1 points.
You press <<U>> and get 1 points.
You press <<U>> and get 1 points.
You press <<U>> and get 1 points.
You press <<U>> and get 1 points.
You press <<U>> and get 1 points.
You press <<P>> and get 0 points.
You press <<U>> and get 1 points.
You press <<U>> and get 1 points.
You press <<U>> and get 1 points.
You press <<U>> and get 1 points.
You press <<P>> and get 0 points.
You press <<P>> and get 0 points.
You press <<U>> and get 1 points.
You press <<U>> and get 1 points.
You press <<U>> and get 1 points.
You press <<U>> and get 1 points.
You press <<U>> and get 1 points.
You press <<U>> and get 1 points.
You press <<P>> and get 0 points.
You press <<P>> and get 0 points.
You press <<U>> and get 1 points.
You press <<U>> and get 1 points.
You press <<U>> and get 1 points.
You press <<U>> and get 1 points.
You press <<U>> and get 1 points.
You press <<U>> and get 0 points.
You press <<P>> and get 1 points.
You press <<P>> and get 1 points.
You press <<U>> and get 0 points.
You press <<P>> and get 1 points.
You press <<P>> and get 1 points.
You press <<P>> and get 1 points.
You press <<P>> and get 1 points.
You press <<P>> and get 1 points.
You press <<P>> and get 1 points.
You press <<P>> and get 1 points.
You press <<P>> and get 1 points.
You press <<P>> and get 1 points.
You press <<P>> and get 1 points.
You press <<P>> and get 1 points.
You press <<P>> and get 1 points.
You press <<P>> and get 1 points.
You press <<P>> and get 1 points.
You press <<P>> and get  points.
You press <<",1,0.2021484375,0.796875,0.12646484375,-0.12890625,71,78908,0.07568359375,0.92578125
907,choice,"In this task, you have to repeatedly choose between two slot machines labeled U and P.
You can choose a slot machine by pressing its corresponding key.When you select one of the machines, you will win 1 or 0 points.Your goal is to choose the slot machines that will give you the most points.You will receive feedback about the outcome after making a choice.
The environment may change unpredictably, and past success does not guarantee future results. You’ll need to adapt to these changes to keep finding the better machine.You will play 1 game in total, consisting of 100 trials. Game 1:You press <<U>> and get 1 points.
You press <<U>> and get 1 points.
You press <<U>> and get 1 points.
You press <<U>> and get 0 points.
You press <<U>> and get 1 points.
You press <<P>> and get 0 points.
You press <<U>> and get 1 points.
You press <<P>> and get 0 points.
You press <<U>> and get 1 points.
You press <<U>> and get 0 points.
You press <<U>> and get 1 points.
You press <<U>> and get 1 points.
You press <<U>> and get 1 points.
You press <<P>> and get 0 points.
You press <<U>> and get 1 points.
You press <<U>> and get 1 points.
You press <<U>> and get 1 points.
You press <<U>> and get 1 points.
You press <<U>> and get 1 points.
You press <<U>> and get 1 points.
You press <<U>> and get 1 points.
You press <<P>> and get 0 points.
You press <<P>> and get 0 points.
You press <<U>> and get 1 points.
You press <<U>> and get 1 points.
You press <<P>> and get 1 points.
You press <<U>> and get 1 points.
You press <<U>> and get 1 points.
You press <<U>> and get 1 points.
You press <<U>> and get 1 points.
You press <<U>> and get 1 points.
You press <<U>> and get 1 points.
You press <<P>> and get 0 points.
You press <<U>> and get 1 points.
You press <<U>> and get 1 points.
You press <<U>> and get 1 points.
You press <<U>> and get 1 points.
You press <<P>> and get 0 points.
You press <<P>> and get 0 points.
You press <<U>> and get 1 points.
You press <<U>> and get 1 points.
You press <<U>> and get 1 points.
You press <<U>> and get 1 points.
You press <<U>> and get 1 points.
You press <<U>> and get 1 points.
You press <<P>> and get 0 points.
You press <<P>> and get 0 points.
You press <<U>> and get 1 points.
You press <<U>> and get 1 points.
You press <<U>> and get 1 points.
You press <<U>> and get 1 points.
You press <<U>> and get 1 points.
You press <<U>> and get 0 points.
You press <<P>> and get 1 points.
You press <<P>> and get 1 points.
You press <<U>> and get 0 points.
You press <<P>> and get 1 points.
You press <<P>> and get 1 points.
You press <<P>> and get 1 points.
You press <<P>> and get 1 points.
You press <<P>> and get 1 points.
You press <<P>> and get 1 points.
You press <<P>> and get 1 points.
You press <<P>> and get 1 points.
You press <<P>> and get 1 points.
You press <<P>> and get 1 points.
You press <<P>> and get 1 points.
You press <<P>> and get 1 points.
You press <<P>> and get 1 points.
You press <<P>> and get 1 points.
You press <<P>> and get 1 points.
You press <<>> and get 1 points.
You press <<",P,0.1298828125,0.84765625,0.044921875,-0.06640625,72,78908,0.0849609375,0.9140625
912,reward,"In this task, you have to repeatedly choose between two slot machines labeled U and P.
You can choose a slot machine by pressing its corresponding key.When you select one of the machines, you will win 1 or 0 points.Your goal is to choose the slot machines that will give you the most points.You will receive feedback about the outcome after making a choice.
The environment may change unpredictably, and past success does not guarantee future results. You’ll need to adapt to these changes to keep finding the better machine.You will play 1 game in total, consisting of 100 trials. Game 1:You press <<U>> and get 1 points.
You press <<U>> and get 1 points.
You press <<U>> and get 1 points.
You press <<U>> and get 0 points.
You press <<U>> and get 1 points.
You press <<P>> and get 0 points.
You press <<U>> and get 1 points.
You press <<P>> and get 0 points.
You press <<U>> and get 1 points.
You press <<U>> and get 0 points.
You press <<U>> and get 1 points.
You press <<U>> and get 1 points.
You press <<U>> and get 1 points.
You press <<P>> and get 0 points.
You press <<U>> and get 1 points.
You press <<U>> and get 1 points.
You press <<U>> and get 1 points.
You press <<U>> and get 1 points.
You press <<U>> and get 1 points.
You press <<U>> and get 1 points.
You press <<U>> and get 1 points.
You press <<P>> and get 0 points.
You press <<P>> and get 0 points.
You press <<U>> and get 1 points.
You press <<U>> and get 1 points.
You press <<P>> and get 1 points.
You press <<U>> and get 1 points.
You press <<U>> and get 1 points.
You press <<U>> and get 1 points.
You press <<U>> and get 1 points.
You press <<U>> and get 1 points.
You press <<U>> and get 1 points.
You press <<P>> and get 0 points.
You press <<U>> and get 1 points.
You press <<U>> and get 1 points.
You press <<U>> and get 1 points.
You press <<U>> and get 1 points.
You press <<P>> and get 0 points.
You press <<P>> and get 0 points.
You press <<U>> and get 1 points.
You press <<U>> and get 1 points.
You press <<U>> and get 1 points.
You press <<U>> and get 1 points.
You press <<U>> and get 1 points.
You press <<U>> and get 1 points.
You press <<P>> and get 0 points.
You press <<P>> and get 0 points.
You press <<U>> and get 1 points.
You press <<U>> and get 1 points.
You press <<U>> and get 1 points.
You press <<U>> and get 1 points.
You press <<U>> and get 1 points.
You press <<U>> and get 0 points.
You press <<P>> and get 1 points.
You press <<P>> and get 1 points.
You press <<U>> and get 0 points.
You press <<P>> and get 1 points.
You press <<P>> and get 1 points.
You press <<P>> and get 1 points.
You press <<P>> and get 1 points.
You press <<P>> and get 1 points.
You press <<P>> and get 1 points.
You press <<P>> and get 1 points.
You press <<P>> and get 1 points.
You press <<P>> and get 1 points.
You press <<P>> and get 1 points.
You press <<P>> and get 1 points.
You press <<P>> and get 1 points.
You press <<P>> and get 1 points.
You press <<P>> and get 1 points.
You press <<P>> and get 1 points.
You press <<P>> and get  points.
You press <<",1,0.1826171875,0.81640625,0.09765625,-0.09765625,72,78908,0.0849609375,0.9140625
918,choice,"In this task, you have to repeatedly choose between two slot machines labeled U and P.
You can choose a slot machine by pressing its corresponding key.When you select one of the machines, you will win 1 or 0 points.Your goal is to choose the slot machines that will give you the most points.You will receive feedback about the outcome after making a choice.
The environment may change unpredictably, and past success does not guarantee future results. You’ll need to adapt to these changes to keep finding the better machine.You will play 1 game in total, consisting of 100 trials. Game 1:You press <<U>> and get 1 points.
You press <<U>> and get 1 points.
You press <<U>> and get 1 points.
You press <<U>> and get 0 points.
You press <<U>> and get 1 points.
You press <<P>> and get 0 points.
You press <<U>> and get 1 points.
You press <<P>> and get 0 points.
You press <<U>> and get 1 points.
You press <<U>> and get 0 points.
You press <<U>> and get 1 points.
You press <<U>> and get 1 points.
You press <<U>> and get 1 points.
You press <<P>> and get 0 points.
You press <<U>> and get 1 points.
You press <<U>> and get 1 points.
You press <<U>> and get 1 points.
You press <<U>> and get 1 points.
You press <<U>> and get 1 points.
You press <<U>> and get 1 points.
You press <<U>> and get 1 points.
You press <<P>> and get 0 points.
You press <<P>> and get 0 points.
You press <<U>> and get 1 points.
You press <<U>> and get 1 points.
You press <<P>> and get 1 points.
You press <<U>> and get 1 points.
You press <<U>> and get 1 points.
You press <<U>> and get 1 points.
You press <<U>> and get 1 points.
You press <<U>> and get 1 points.
You press <<U>> and get 1 points.
You press <<P>> and get 0 points.
You press <<U>> and get 1 points.
You press <<U>> and get 1 points.
You press <<U>> and get 1 points.
You press <<U>> and get 1 points.
You press <<P>> and get 0 points.
You press <<P>> and get 0 points.
You press <<U>> and get 1 points.
You press <<U>> and get 1 points.
You press <<U>> and get 1 points.
You press <<U>> and get 1 points.
You press <<U>> and get 1 points.
You press <<U>> and get 1 points.
You press <<P>> and get 0 points.
You press <<P>> and get 0 points.
You press <<U>> and get 1 points.
You press <<U>> and get 1 points.
You press <<U>> and get 1 points.
You press <<U>> and get 1 points.
You press <<U>> and get 1 points.
You press <<U>> and get 0 points.
You press <<P>> and get 1 points.
You press <<P>> and get 1 points.
You press <<U>> and get 0 points.
You press <<P>> and get 1 points.
You press <<P>> and get 1 points.
You press <<P>> and get 1 points.
You press <<P>> and get 1 points.
You press <<P>> and get 1 points.
You press <<P>> and get 1 points.
You press <<P>> and get 1 points.
You press <<P>> and get 1 points.
You press <<P>> and get 1 points.
You press <<P>> and get 1 points.
You press <<P>> and get 1 points.
You press <<P>> and get 1 points.
You press <<P>> and get 1 points.
You press <<P>> and get 1 points.
You press <<P>> and get 1 points.
You press <<P>> and get 1 points.
You press <<>> and get 1 points.
You press <<",P,0.1298828125,0.84765625,0.06982421875,-0.09375,73,78908,0.06005859375,0.94140625
923,reward,"In this task, you have to repeatedly choose between two slot machines labeled U and P.
You can choose a slot machine by pressing its corresponding key.When you select one of the machines, you will win 1 or 0 points.Your goal is to choose the slot machines that will give you the most points.You will receive feedback about the outcome after making a choice.
The environment may change unpredictably, and past success does not guarantee future results. You’ll need to adapt to these changes to keep finding the better machine.You will play 1 game in total, consisting of 100 trials. Game 1:You press <<U>> and get 1 points.
You press <<U>> and get 1 points.
You press <<U>> and get 1 points.
You press <<U>> and get 0 points.
You press <<U>> and get 1 points.
You press <<P>> and get 0 points.
You press <<U>> and get 1 points.
You press <<P>> and get 0 points.
You press <<U>> and get 1 points.
You press <<U>> and get 0 points.
You press <<U>> and get 1 points.
You press <<U>> and get 1 points.
You press <<U>> and get 1 points.
You press <<P>> and get 0 points.
You press <<U>> and get 1 points.
You press <<U>> and get 1 points.
You press <<U>> and get 1 points.
You press <<U>> and get 1 points.
You press <<U>> and get 1 points.
You press <<U>> and get 1 points.
You press <<U>> and get 1 points.
You press <<P>> and get 0 points.
You press <<P>> and get 0 points.
You press <<U>> and get 1 points.
You press <<U>> and get 1 points.
You press <<P>> and get 1 points.
You press <<U>> and get 1 points.
You press <<U>> and get 1 points.
You press <<U>> and get 1 points.
You press <<U>> and get 1 points.
You press <<U>> and get 1 points.
You press <<U>> and get 1 points.
You press <<P>> and get 0 points.
You press <<U>> and get 1 points.
You press <<U>> and get 1 points.
You press <<U>> and get 1 points.
You press <<U>> and get 1 points.
You press <<P>> and get 0 points.
You press <<P>> and get 0 points.
You press <<U>> and get 1 points.
You press <<U>> and get 1 points.
You press <<U>> and get 1 points.
You press <<U>> and get 1 points.
You press <<U>> and get 1 points.
You press <<U>> and get 1 points.
You press <<P>> and get 0 points.
You press <<P>> and get 0 points.
You press <<U>> and get 1 points.
You press <<U>> and get 1 points.
You press <<U>> and get 1 points.
You press <<U>> and get 1 points.
You press <<U>> and get 1 points.
You press <<U>> and get 0 points.
You press <<P>> and get 1 points.
You press <<P>> and get 1 points.
You press <<U>> and get 0 points.
You press <<P>> and get 1 points.
You press <<P>> and get 1 points.
You press <<P>> and get 1 points.
You press <<P>> and get 1 points.
You press <<P>> and get 1 points.
You press <<P>> and get 1 points.
You press <<P>> and get 1 points.
You press <<P>> and get 1 points.
You press <<P>> and get 1 points.
You press <<P>> and get 1 points.
You press <<P>> and get 1 points.
You press <<P>> and get 1 points.
You press <<P>> and get 1 points.
You press <<P>> and get 1 points.
You press <<P>> and get 1 points.
You press <<P>> and get 1 points.
You press <<P>> and get  points.
You press <<",1,0.1826171875,0.81640625,0.12255859375,-0.125,73,78908,0.06005859375,0.94140625
929,choice,"In this task, you have to repeatedly choose between two slot machines labeled U and P.
You can choose a slot machine by pressing its corresponding key.When you select one of the machines, you will win 1 or 0 points.Your goal is to choose the slot machines that will give you the most points.You will receive feedback about the outcome after making a choice.
The environment may change unpredictably, and past success does not guarantee future results. You’ll need to adapt to these changes to keep finding the better machine.You will play 1 game in total, consisting of 100 trials. Game 1:You press <<U>> and get 1 points.
You press <<U>> and get 1 points.
You press <<U>> and get 1 points.
You press <<U>> and get 0 points.
You press <<U>> and get 1 points.
You press <<P>> and get 0 points.
You press <<U>> and get 1 points.
You press <<P>> and get 0 points.
You press <<U>> and get 1 points.
You press <<U>> and get 0 points.
You press <<U>> and get 1 points.
You press <<U>> and get 1 points.
You press <<U>> and get 1 points.
You press <<P>> and get 0 points.
You press <<U>> and get 1 points.
You press <<U>> and get 1 points.
You press <<U>> and get 1 points.
You press <<U>> and get 1 points.
You press <<U>> and get 1 points.
You press <<U>> and get 1 points.
You press <<U>> and get 1 points.
You press <<P>> and get 0 points.
You press <<P>> and get 0 points.
You press <<U>> and get 1 points.
You press <<U>> and get 1 points.
You press <<P>> and get 1 points.
You press <<U>> and get 1 points.
You press <<U>> and get 1 points.
You press <<U>> and get 1 points.
You press <<U>> and get 1 points.
You press <<U>> and get 1 points.
You press <<U>> and get 1 points.
You press <<P>> and get 0 points.
You press <<U>> and get 1 points.
You press <<U>> and get 1 points.
You press <<U>> and get 1 points.
You press <<U>> and get 1 points.
You press <<P>> and get 0 points.
You press <<P>> and get 0 points.
You press <<U>> and get 1 points.
You press <<U>> and get 1 points.
You press <<U>> and get 1 points.
You press <<U>> and get 1 points.
You press <<U>> and get 1 points.
You press <<U>> and get 1 points.
You press <<P>> and get 0 points.
You press <<P>> and get 0 points.
You press <<U>> and get 1 points.
You press <<U>> and get 1 points.
You press <<U>> and get 1 points.
You press <<U>> and get 1 points.
You press <<U>> and get 1 points.
You press <<U>> and get 0 points.
You press <<P>> and get 1 points.
You press <<P>> and get 1 points.
You press <<U>> and get 0 points.
You press <<P>> and get 1 points.
You press <<P>> and get 1 points.
You press <<P>> and get 1 points.
You press <<P>> and get 1 points.
You press <<P>> and get 1 points.
You press <<P>> and get 1 points.
You press <<P>> and get 1 points.
You press <<P>> and get 1 points.
You press <<P>> and get 1 points.
You press <<P>> and get 1 points.
You press <<P>> and get 1 points.
You press <<P>> and get 1 points.
You press <<P>> and get 1 points.
You press <<P>> and get 1 points.
You press <<P>> and get 1 points.
You press <<P>> and get 1 points.
You press <<P>> and get 1 points.
You press <<>> and get 1 points.
You press <<",P,0.1298828125,0.84765625,0.0625,-0.0859375,74,78908,0.0673828125,0.93359375
934,reward,"In this task, you have to repeatedly choose between two slot machines labeled U and P.
You can choose a slot machine by pressing its corresponding key.When you select one of the machines, you will win 1 or 0 points.Your goal is to choose the slot machines that will give you the most points.You will receive feedback about the outcome after making a choice.
The environment may change unpredictably, and past success does not guarantee future results. You’ll need to adapt to these changes to keep finding the better machine.You will play 1 game in total, consisting of 100 trials. Game 1:You press <<U>> and get 1 points.
You press <<U>> and get 1 points.
You press <<U>> and get 1 points.
You press <<U>> and get 0 points.
You press <<U>> and get 1 points.
You press <<P>> and get 0 points.
You press <<U>> and get 1 points.
You press <<P>> and get 0 points.
You press <<U>> and get 1 points.
You press <<U>> and get 0 points.
You press <<U>> and get 1 points.
You press <<U>> and get 1 points.
You press <<U>> and get 1 points.
You press <<P>> and get 0 points.
You press <<U>> and get 1 points.
You press <<U>> and get 1 points.
You press <<U>> and get 1 points.
You press <<U>> and get 1 points.
You press <<U>> and get 1 points.
You press <<U>> and get 1 points.
You press <<U>> and get 1 points.
You press <<P>> and get 0 points.
You press <<P>> and get 0 points.
You press <<U>> and get 1 points.
You press <<U>> and get 1 points.
You press <<P>> and get 1 points.
You press <<U>> and get 1 points.
You press <<U>> and get 1 points.
You press <<U>> and get 1 points.
You press <<U>> and get 1 points.
You press <<U>> and get 1 points.
You press <<U>> and get 1 points.
You press <<P>> and get 0 points.
You press <<U>> and get 1 points.
You press <<U>> and get 1 points.
You press <<U>> and get 1 points.
You press <<U>> and get 1 points.
You press <<P>> and get 0 points.
You press <<P>> and get 0 points.
You press <<U>> and get 1 points.
You press <<U>> and get 1 points.
You press <<U>> and get 1 points.
You press <<U>> and get 1 points.
You press <<U>> and get 1 points.
You press <<U>> and get 1 points.
You press <<P>> and get 0 points.
You press <<P>> and get 0 points.
You press <<U>> and get 1 points.
You press <<U>> and get 1 points.
You press <<U>> and get 1 points.
You press <<U>> and get 1 points.
You press <<U>> and get 1 points.
You press <<U>> and get 0 points.
You press <<P>> and get 1 points.
You press <<P>> and get 1 points.
You press <<U>> and get 0 points.
You press <<P>> and get 1 points.
You press <<P>> and get 1 points.
You press <<P>> and get 1 points.
You press <<P>> and get 1 points.
You press <<P>> and get 1 points.
You press <<P>> and get 1 points.
You press <<P>> and get 1 points.
You press <<P>> and get 1 points.
You press <<P>> and get 1 points.
You press <<P>> and get 1 points.
You press <<P>> and get 1 points.
You press <<P>> and get 1 points.
You press <<P>> and get 1 points.
You press <<P>> and get 1 points.
You press <<P>> and get 1 points.
You press <<P>> and get 1 points.
You press <<P>> and get 1 points.
You press <<P>> and get  points.
You press <<",1,0.1826171875,0.81640625,0.115234375,-0.1171875,74,78908,0.0673828125,0.93359375
940,choice,"In this task, you have to repeatedly choose between two slot machines labeled U and P.
You can choose a slot machine by pressing its corresponding key.When you select one of the machines, you will win 1 or 0 points.Your goal is to choose the slot machines that will give you the most points.You will receive feedback about the outcome after making a choice.
The environment may change unpredictably, and past success does not guarantee future results. You’ll need to adapt to these changes to keep finding the better machine.You will play 1 game in total, consisting of 100 trials. Game 1:You press <<U>> and get 1 points.
You press <<U>> and get 1 points.
You press <<U>> and get 1 points.
You press <<U>> and get 0 points.
You press <<U>> and get 1 points.
You press <<P>> and get 0 points.
You press <<U>> and get 1 points.
You press <<P>> and get 0 points.
You press <<U>> and get 1 points.
You press <<U>> and get 0 points.
You press <<U>> and get 1 points.
You press <<U>> and get 1 points.
You press <<U>> and get 1 points.
You press <<P>> and get 0 points.
You press <<U>> and get 1 points.
You press <<U>> and get 1 points.
You press <<U>> and get 1 points.
You press <<U>> and get 1 points.
You press <<U>> and get 1 points.
You press <<U>> and get 1 points.
You press <<U>> and get 1 points.
You press <<P>> and get 0 points.
You press <<P>> and get 0 points.
You press <<U>> and get 1 points.
You press <<U>> and get 1 points.
You press <<P>> and get 1 points.
You press <<U>> and get 1 points.
You press <<U>> and get 1 points.
You press <<U>> and get 1 points.
You press <<U>> and get 1 points.
You press <<U>> and get 1 points.
You press <<U>> and get 1 points.
You press <<P>> and get 0 points.
You press <<U>> and get 1 points.
You press <<U>> and get 1 points.
You press <<U>> and get 1 points.
You press <<U>> and get 1 points.
You press <<P>> and get 0 points.
You press <<P>> and get 0 points.
You press <<U>> and get 1 points.
You press <<U>> and get 1 points.
You press <<U>> and get 1 points.
You press <<U>> and get 1 points.
You press <<U>> and get 1 points.
You press <<U>> and get 1 points.
You press <<P>> and get 0 points.
You press <<P>> and get 0 points.
You press <<U>> and get 1 points.
You press <<U>> and get 1 points.
You press <<U>> and get 1 points.
You press <<U>> and get 1 points.
You press <<U>> and get 1 points.
You press <<U>> and get 0 points.
You press <<P>> and get 1 points.
You press <<P>> and get 1 points.
You press <<U>> and get 0 points.
You press <<P>> and get 1 points.
You press <<P>> and get 1 points.
You press <<P>> and get 1 points.
You press <<P>> and get 1 points.
You press <<P>> and get 1 points.
You press <<P>> and get 1 points.
You press <<P>> and get 1 points.
You press <<P>> and get 1 points.
You press <<P>> and get 1 points.
You press <<P>> and get 1 points.
You press <<P>> and get 1 points.
You press <<P>> and get 1 points.
You press <<P>> and get 1 points.
You press <<P>> and get 1 points.
You press <<P>> and get 1 points.
You press <<P>> and get 1 points.
You press <<P>> and get 1 points.
You press <<P>> and get 1 points.
You press <<>> and get 1 points.
You press <<",P,0.1162109375,0.859375,0.05615234375,-0.08203125,75,78908,0.06005859375,0.94140625
945,reward,"In this task, you have to repeatedly choose between two slot machines labeled U and P.
You can choose a slot machine by pressing its corresponding key.When you select one of the machines, you will win 1 or 0 points.Your goal is to choose the slot machines that will give you the most points.You will receive feedback about the outcome after making a choice.
The environment may change unpredictably, and past success does not guarantee future results. You’ll need to adapt to these changes to keep finding the better machine.You will play 1 game in total, consisting of 100 trials. Game 1:You press <<U>> and get 1 points.
You press <<U>> and get 1 points.
You press <<U>> and get 1 points.
You press <<U>> and get 0 points.
You press <<U>> and get 1 points.
You press <<P>> and get 0 points.
You press <<U>> and get 1 points.
You press <<P>> and get 0 points.
You press <<U>> and get 1 points.
You press <<U>> and get 0 points.
You press <<U>> and get 1 points.
You press <<U>> and get 1 points.
You press <<U>> and get 1 points.
You press <<P>> and get 0 points.
You press <<U>> and get 1 points.
You press <<U>> and get 1 points.
You press <<U>> and get 1 points.
You press <<U>> and get 1 points.
You press <<U>> and get 1 points.
You press <<U>> and get 1 points.
You press <<U>> and get 1 points.
You press <<P>> and get 0 points.
You press <<P>> and get 0 points.
You press <<U>> and get 1 points.
You press <<U>> and get 1 points.
You press <<P>> and get 1 points.
You press <<U>> and get 1 points.
You press <<U>> and get 1 points.
You press <<U>> and get 1 points.
You press <<U>> and get 1 points.
You press <<U>> and get 1 points.
You press <<U>> and get 1 points.
You press <<P>> and get 0 points.
You press <<U>> and get 1 points.
You press <<U>> and get 1 points.
You press <<U>> and get 1 points.
You press <<U>> and get 1 points.
You press <<P>> and get 0 points.
You press <<P>> and get 0 points.
You press <<U>> and get 1 points.
You press <<U>> and get 1 points.
You press <<U>> and get 1 points.
You press <<U>> and get 1 points.
You press <<U>> and get 1 points.
You press <<U>> and get 1 points.
You press <<P>> and get 0 points.
You press <<P>> and get 0 points.
You press <<U>> and get 1 points.
You press <<U>> and get 1 points.
You press <<U>> and get 1 points.
You press <<U>> and get 1 points.
You press <<U>> and get 1 points.
You press <<U>> and get 0 points.
You press <<P>> and get 1 points.
You press <<P>> and get 1 points.
You press <<U>> and get 0 points.
You press <<P>> and get 1 points.
You press <<P>> and get 1 points.
You press <<P>> and get 1 points.
You press <<P>> and get 1 points.
You press <<P>> and get 1 points.
You press <<P>> and get 1 points.
You press <<P>> and get 1 points.
You press <<P>> and get 1 points.
You press <<P>> and get 1 points.
You press <<P>> and get 1 points.
You press <<P>> and get 1 points.
You press <<P>> and get 1 points.
You press <<P>> and get 1 points.
You press <<P>> and get 1 points.
You press <<P>> and get 1 points.
You press <<P>> and get 1 points.
You press <<P>> and get 1 points.
You press <<P>> and get 1 points.
You press <<P>> and get  points.
You press <<",1,0.1826171875,0.81640625,0.12255859375,-0.125,75,78908,0.06005859375,0.94140625
951,choice,"In this task, you have to repeatedly choose between two slot machines labeled U and P.
You can choose a slot machine by pressing its corresponding key.When you select one of the machines, you will win 1 or 0 points.Your goal is to choose the slot machines that will give you the most points.You will receive feedback about the outcome after making a choice.
The environment may change unpredictably, and past success does not guarantee future results. You’ll need to adapt to these changes to keep finding the better machine.You will play 1 game in total, consisting of 100 trials. Game 1:You press <<U>> and get 1 points.
You press <<U>> and get 1 points.
You press <<U>> and get 1 points.
You press <<U>> and get 0 points.
You press <<U>> and get 1 points.
You press <<P>> and get 0 points.
You press <<U>> and get 1 points.
You press <<P>> and get 0 points.
You press <<U>> and get 1 points.
You press <<U>> and get 0 points.
You press <<U>> and get 1 points.
You press <<U>> and get 1 points.
You press <<U>> and get 1 points.
You press <<P>> and get 0 points.
You press <<U>> and get 1 points.
You press <<U>> and get 1 points.
You press <<U>> and get 1 points.
You press <<U>> and get 1 points.
You press <<U>> and get 1 points.
You press <<U>> and get 1 points.
You press <<U>> and get 1 points.
You press <<P>> and get 0 points.
You press <<P>> and get 0 points.
You press <<U>> and get 1 points.
You press <<U>> and get 1 points.
You press <<P>> and get 1 points.
You press <<U>> and get 1 points.
You press <<U>> and get 1 points.
You press <<U>> and get 1 points.
You press <<U>> and get 1 points.
You press <<U>> and get 1 points.
You press <<U>> and get 1 points.
You press <<P>> and get 0 points.
You press <<U>> and get 1 points.
You press <<U>> and get 1 points.
You press <<U>> and get 1 points.
You press <<U>> and get 1 points.
You press <<P>> and get 0 points.
You press <<P>> and get 0 points.
You press <<U>> and get 1 points.
You press <<U>> and get 1 points.
You press <<U>> and get 1 points.
You press <<U>> and get 1 points.
You press <<U>> and get 1 points.
You press <<U>> and get 1 points.
You press <<P>> and get 0 points.
You press <<P>> and get 0 points.
You press <<U>> and get 1 points.
You press <<U>> and get 1 points.
You press <<U>> and get 1 points.
You press <<U>> and get 1 points.
You press <<U>> and get 1 points.
You press <<U>> and get 0 points.
You press <<P>> and get 1 points.
You press <<P>> and get 1 points.
You press <<U>> and get 0 points.
You press <<P>> and get 1 points.
You press <<P>> and get 1 points.
You press <<P>> and get 1 points.
You press <<P>> and get 1 points.
You press <<P>> and get 1 points.
You press <<P>> and get 1 points.
You press <<P>> and get 1 points.
You press <<P>> and get 1 points.
You press <<P>> and get 1 points.
You press <<P>> and get 1 points.
You press <<P>> and get 1 points.
You press <<P>> and get 1 points.
You press <<P>> and get 1 points.
You press <<P>> and get 1 points.
You press <<P>> and get 1 points.
You press <<P>> and get 1 points.
You press <<P>> and get 1 points.
You press <<P>> and get 1 points.
You press <<P>> and get 1 points.
You press <<>> and get 1 points.
You press <<",P,0.11669921875,0.86328125,0.056640625,-0.078125,76,78908,0.06005859375,0.94140625
956,reward,"In this task, you have to repeatedly choose between two slot machines labeled U and P.
You can choose a slot machine by pressing its corresponding key.When you select one of the machines, you will win 1 or 0 points.Your goal is to choose the slot machines that will give you the most points.You will receive feedback about the outcome after making a choice.
The environment may change unpredictably, and past success does not guarantee future results. You’ll need to adapt to these changes to keep finding the better machine.You will play 1 game in total, consisting of 100 trials. Game 1:You press <<U>> and get 1 points.
You press <<U>> and get 1 points.
You press <<U>> and get 1 points.
You press <<U>> and get 0 points.
You press <<U>> and get 1 points.
You press <<P>> and get 0 points.
You press <<U>> and get 1 points.
You press <<P>> and get 0 points.
You press <<U>> and get 1 points.
You press <<U>> and get 0 points.
You press <<U>> and get 1 points.
You press <<U>> and get 1 points.
You press <<U>> and get 1 points.
You press <<P>> and get 0 points.
You press <<U>> and get 1 points.
You press <<U>> and get 1 points.
You press <<U>> and get 1 points.
You press <<U>> and get 1 points.
You press <<U>> and get 1 points.
You press <<U>> and get 1 points.
You press <<U>> and get 1 points.
You press <<P>> and get 0 points.
You press <<P>> and get 0 points.
You press <<U>> and get 1 points.
You press <<U>> and get 1 points.
You press <<P>> and get 1 points.
You press <<U>> and get 1 points.
You press <<U>> and get 1 points.
You press <<U>> and get 1 points.
You press <<U>> and get 1 points.
You press <<U>> and get 1 points.
You press <<U>> and get 1 points.
You press <<P>> and get 0 points.
You press <<U>> and get 1 points.
You press <<U>> and get 1 points.
You press <<U>> and get 1 points.
You press <<U>> and get 1 points.
You press <<P>> and get 0 points.
You press <<P>> and get 0 points.
You press <<U>> and get 1 points.
You press <<U>> and get 1 points.
You press <<U>> and get 1 points.
You press <<U>> and get 1 points.
You press <<U>> and get 1 points.
You press <<U>> and get 1 points.
You press <<P>> and get 0 points.
You press <<P>> and get 0 points.
You press <<U>> and get 1 points.
You press <<U>> and get 1 points.
You press <<U>> and get 1 points.
You press <<U>> and get 1 points.
You press <<U>> and get 1 points.
You press <<U>> and get 0 points.
You press <<P>> and get 1 points.
You press <<P>> and get 1 points.
You press <<U>> and get 0 points.
You press <<P>> and get 1 points.
You press <<P>> and get 1 points.
You press <<P>> and get 1 points.
You press <<P>> and get 1 points.
You press <<P>> and get 1 points.
You press <<P>> and get 1 points.
You press <<P>> and get 1 points.
You press <<P>> and get 1 points.
You press <<P>> and get 1 points.
You press <<P>> and get 1 points.
You press <<P>> and get 1 points.
You press <<P>> and get 1 points.
You press <<P>> and get 1 points.
You press <<P>> and get 1 points.
You press <<P>> and get 1 points.
You press <<P>> and get 1 points.
You press <<P>> and get 1 points.
You press <<P>> and get 1 points.
You press <<P>> and get 1 points.
You press <<P>> and get  points.
You press <<",1,0.1826171875,0.81640625,0.12255859375,-0.125,76,78908,0.06005859375,0.94140625
962,choice,"In this task, you have to repeatedly choose between two slot machines labeled U and P.
You can choose a slot machine by pressing its corresponding key.When you select one of the machines, you will win 1 or 0 points.Your goal is to choose the slot machines that will give you the most points.You will receive feedback about the outcome after making a choice.
The environment may change unpredictably, and past success does not guarantee future results. You’ll need to adapt to these changes to keep finding the better machine.You will play 1 game in total, consisting of 100 trials. Game 1:You press <<U>> and get 1 points.
You press <<U>> and get 1 points.
You press <<U>> and get 1 points.
You press <<U>> and get 0 points.
You press <<U>> and get 1 points.
You press <<P>> and get 0 points.
You press <<U>> and get 1 points.
You press <<P>> and get 0 points.
You press <<U>> and get 1 points.
You press <<U>> and get 0 points.
You press <<U>> and get 1 points.
You press <<U>> and get 1 points.
You press <<U>> and get 1 points.
You press <<P>> and get 0 points.
You press <<U>> and get 1 points.
You press <<U>> and get 1 points.
You press <<U>> and get 1 points.
You press <<U>> and get 1 points.
You press <<U>> and get 1 points.
You press <<U>> and get 1 points.
You press <<U>> and get 1 points.
You press <<P>> and get 0 points.
You press <<P>> and get 0 points.
You press <<U>> and get 1 points.
You press <<U>> and get 1 points.
You press <<P>> and get 1 points.
You press <<U>> and get 1 points.
You press <<U>> and get 1 points.
You press <<U>> and get 1 points.
You press <<U>> and get 1 points.
You press <<U>> and get 1 points.
You press <<U>> and get 1 points.
You press <<P>> and get 0 points.
You press <<U>> and get 1 points.
You press <<U>> and get 1 points.
You press <<U>> and get 1 points.
You press <<U>> and get 1 points.
You press <<P>> and get 0 points.
You press <<P>> and get 0 points.
You press <<U>> and get 1 points.
You press <<U>> and get 1 points.
You press <<U>> and get 1 points.
You press <<U>> and get 1 points.
You press <<U>> and get 1 points.
You press <<U>> and get 1 points.
You press <<P>> and get 0 points.
You press <<P>> and get 0 points.
You press <<U>> and get 1 points.
You press <<U>> and get 1 points.
You press <<U>> and get 1 points.
You press <<U>> and get 1 points.
You press <<U>> and get 1 points.
You press <<U>> and get 0 points.
You press <<P>> and get 1 points.
You press <<P>> and get 1 points.
You press <<U>> and get 0 points.
You press <<P>> and get 1 points.
You press <<P>> and get 1 points.
You press <<P>> and get 1 points.
You press <<P>> and get 1 points.
You press <<P>> and get 1 points.
You press <<P>> and get 1 points.
You press <<P>> and get 1 points.
You press <<P>> and get 1 points.
You press <<P>> and get 1 points.
You press <<P>> and get 1 points.
You press <<P>> and get 1 points.
You press <<P>> and get 1 points.
You press <<P>> and get 1 points.
You press <<P>> and get 1 points.
You press <<P>> and get 1 points.
You press <<P>> and get 1 points.
You press <<P>> and get 1 points.
You press <<P>> and get 1 points.
You press <<P>> and get 1 points.
You press <<P>> and get 1 points.
You press <<>> and get 1 points.
You press <<",P,0.1298828125,0.84765625,0.06982421875,-0.09375,77,78908,0.06005859375,0.94140625
967,reward,"In this task, you have to repeatedly choose between two slot machines labeled U and P.
You can choose a slot machine by pressing its corresponding key.When you select one of the machines, you will win 1 or 0 points.Your goal is to choose the slot machines that will give you the most points.You will receive feedback about the outcome after making a choice.
The environment may change unpredictably, and past success does not guarantee future results. You’ll need to adapt to these changes to keep finding the better machine.You will play 1 game in total, consisting of 100 trials. Game 1:You press <<U>> and get 1 points.
You press <<U>> and get 1 points.
You press <<U>> and get 1 points.
You press <<U>> and get 0 points.
You press <<U>> and get 1 points.
You press <<P>> and get 0 points.
You press <<U>> and get 1 points.
You press <<P>> and get 0 points.
You press <<U>> and get 1 points.
You press <<U>> and get 0 points.
You press <<U>> and get 1 points.
You press <<U>> and get 1 points.
You press <<U>> and get 1 points.
You press <<P>> and get 0 points.
You press <<U>> and get 1 points.
You press <<U>> and get 1 points.
You press <<U>> and get 1 points.
You press <<U>> and get 1 points.
You press <<U>> and get 1 points.
You press <<U>> and get 1 points.
You press <<U>> and get 1 points.
You press <<P>> and get 0 points.
You press <<P>> and get 0 points.
You press <<U>> and get 1 points.
You press <<U>> and get 1 points.
You press <<P>> and get 1 points.
You press <<U>> and get 1 points.
You press <<U>> and get 1 points.
You press <<U>> and get 1 points.
You press <<U>> and get 1 points.
You press <<U>> and get 1 points.
You press <<U>> and get 1 points.
You press <<P>> and get 0 points.
You press <<U>> and get 1 points.
You press <<U>> and get 1 points.
You press <<U>> and get 1 points.
You press <<U>> and get 1 points.
You press <<P>> and get 0 points.
You press <<P>> and get 0 points.
You press <<U>> and get 1 points.
You press <<U>> and get 1 points.
You press <<U>> and get 1 points.
You press <<U>> and get 1 points.
You press <<U>> and get 1 points.
You press <<U>> and get 1 points.
You press <<P>> and get 0 points.
You press <<P>> and get 0 points.
You press <<U>> and get 1 points.
You press <<U>> and get 1 points.
You press <<U>> and get 1 points.
You press <<U>> and get 1 points.
You press <<U>> and get 1 points.
You press <<U>> and get 0 points.
You press <<P>> and get 1 points.
You press <<P>> and get 1 points.
You press <<U>> and get 0 points.
You press <<P>> and get 1 points.
You press <<P>> and get 1 points.
You press <<P>> and get 1 points.
You press <<P>> and get 1 points.
You press <<P>> and get 1 points.
You press <<P>> and get 1 points.
You press <<P>> and get 1 points.
You press <<P>> and get 1 points.
You press <<P>> and get 1 points.
You press <<P>> and get 1 points.
You press <<P>> and get 1 points.
You press <<P>> and get 1 points.
You press <<P>> and get 1 points.
You press <<P>> and get 1 points.
You press <<P>> and get 1 points.
You press <<P>> and get 1 points.
You press <<P>> and get 1 points.
You press <<P>> and get 1 points.
You press <<P>> and get 1 points.
You press <<P>> and get 1 points.
You press <<P>> and get  points.
You press <<",1,0.1826171875,0.81640625,0.12255859375,-0.125,77,78908,0.06005859375,0.94140625
973,choice,"In this task, you have to repeatedly choose between two slot machines labeled U and P.
You can choose a slot machine by pressing its corresponding key.When you select one of the machines, you will win 1 or 0 points.Your goal is to choose the slot machines that will give you the most points.You will receive feedback about the outcome after making a choice.
The environment may change unpredictably, and past success does not guarantee future results. You’ll need to adapt to these changes to keep finding the better machine.You will play 1 game in total, consisting of 100 trials. Game 1:You press <<U>> and get 1 points.
You press <<U>> and get 1 points.
You press <<U>> and get 1 points.
You press <<U>> and get 0 points.
You press <<U>> and get 1 points.
You press <<P>> and get 0 points.
You press <<U>> and get 1 points.
You press <<P>> and get 0 points.
You press <<U>> and get 1 points.
You press <<U>> and get 0 points.
You press <<U>> and get 1 points.
You press <<U>> and get 1 points.
You press <<U>> and get 1 points.
You press <<P>> and get 0 points.
You press <<U>> and get 1 points.
You press <<U>> and get 1 points.
You press <<U>> and get 1 points.
You press <<U>> and get 1 points.
You press <<U>> and get 1 points.
You press <<U>> and get 1 points.
You press <<U>> and get 1 points.
You press <<P>> and get 0 points.
You press <<P>> and get 0 points.
You press <<U>> and get 1 points.
You press <<U>> and get 1 points.
You press <<P>> and get 1 points.
You press <<U>> and get 1 points.
You press <<U>> and get 1 points.
You press <<U>> and get 1 points.
You press <<U>> and get 1 points.
You press <<U>> and get 1 points.
You press <<U>> and get 1 points.
You press <<P>> and get 0 points.
You press <<U>> and get 1 points.
You press <<U>> and get 1 points.
You press <<U>> and get 1 points.
You press <<U>> and get 1 points.
You press <<P>> and get 0 points.
You press <<P>> and get 0 points.
You press <<U>> and get 1 points.
You press <<U>> and get 1 points.
You press <<U>> and get 1 points.
You press <<U>> and get 1 points.
You press <<U>> and get 1 points.
You press <<U>> and get 1 points.
You press <<P>> and get 0 points.
You press <<P>> and get 0 points.
You press <<U>> and get 1 points.
You press <<U>> and get 1 points.
You press <<U>> and get 1 points.
You press <<U>> and get 1 points.
You press <<U>> and get 1 points.
You press <<U>> and get 0 points.
You press <<P>> and get 1 points.
You press <<P>> and get 1 points.
You press <<U>> and get 0 points.
You press <<P>> and get 1 points.
You press <<P>> and get 1 points.
You press <<P>> and get 1 points.
You press <<P>> and get 1 points.
You press <<P>> and get 1 points.
You press <<P>> and get 1 points.
You press <<P>> and get 1 points.
You press <<P>> and get 1 points.
You press <<P>> and get 1 points.
You press <<P>> and get 1 points.
You press <<P>> and get 1 points.
You press <<P>> and get 1 points.
You press <<P>> and get 1 points.
You press <<P>> and get 1 points.
You press <<P>> and get 1 points.
You press <<P>> and get 1 points.
You press <<P>> and get 1 points.
You press <<P>> and get 1 points.
You press <<P>> and get 1 points.
You press <<P>> and get 1 points.
You press <<P>> and get 1 points.
You press <<>> and get 0 points.
You press <<",U,0.2001953125,0.7890625,0.017578125,-0.02734375,78,78908,0.1826171875,0.81640625
978,reward,"In this task, you have to repeatedly choose between two slot machines labeled U and P.
You can choose a slot machine by pressing its corresponding key.When you select one of the machines, you will win 1 or 0 points.Your goal is to choose the slot machines that will give you the most points.You will receive feedback about the outcome after making a choice.
The environment may change unpredictably, and past success does not guarantee future results. You’ll need to adapt to these changes to keep finding the better machine.You will play 1 game in total, consisting of 100 trials. Game 1:You press <<U>> and get 1 points.
You press <<U>> and get 1 points.
You press <<U>> and get 1 points.
You press <<U>> and get 0 points.
You press <<U>> and get 1 points.
You press <<P>> and get 0 points.
You press <<U>> and get 1 points.
You press <<P>> and get 0 points.
You press <<U>> and get 1 points.
You press <<U>> and get 0 points.
You press <<U>> and get 1 points.
You press <<U>> and get 1 points.
You press <<U>> and get 1 points.
You press <<P>> and get 0 points.
You press <<U>> and get 1 points.
You press <<U>> and get 1 points.
You press <<U>> and get 1 points.
You press <<U>> and get 1 points.
You press <<U>> and get 1 points.
You press <<U>> and get 1 points.
You press <<U>> and get 1 points.
You press <<P>> and get 0 points.
You press <<P>> and get 0 points.
You press <<U>> and get 1 points.
You press <<U>> and get 1 points.
You press <<P>> and get 1 points.
You press <<U>> and get 1 points.
You press <<U>> and get 1 points.
You press <<U>> and get 1 points.
You press <<U>> and get 1 points.
You press <<U>> and get 1 points.
You press <<U>> and get 1 points.
You press <<P>> and get 0 points.
You press <<U>> and get 1 points.
You press <<U>> and get 1 points.
You press <<U>> and get 1 points.
You press <<U>> and get 1 points.
You press <<P>> and get 0 points.
You press <<P>> and get 0 points.
You press <<U>> and get 1 points.
You press <<U>> and get 1 points.
You press <<U>> and get 1 points.
You press <<U>> and get 1 points.
You press <<U>> and get 1 points.
You press <<U>> and get 1 points.
You press <<P>> and get 0 points.
You press <<P>> and get 0 points.
You press <<U>> and get 1 points.
You press <<U>> and get 1 points.
You press <<U>> and get 1 points.
You press <<U>> and get 1 points.
You press <<U>> and get 1 points.
You press <<U>> and get 0 points.
You press <<P>> and get 1 points.
You press <<P>> and get 1 points.
You press <<U>> and get 0 points.
You press <<P>> and get 1 points.
You press <<P>> and get 1 points.
You press <<P>> and get 1 points.
You press <<P>> and get 1 points.
You press <<P>> and get 1 points.
You press <<P>> and get 1 points.
You press <<P>> and get 1 points.
You press <<P>> and get 1 points.
You press <<P>> and get 1 points.
You press <<P>> and get 1 points.
You press <<P>> and get 1 points.
You press <<P>> and get 1 points.
You press <<P>> and get 1 points.
You press <<P>> and get 1 points.
You press <<P>> and get 1 points.
You press <<P>> and get 1 points.
You press <<P>> and get 1 points.
You press <<P>> and get 1 points.
You press <<P>> and get 1 points.
You press <<P>> and get 1 points.
You press <<P>> and get 1 points.
You press <<U>> and get  points.
You press <<",0,0.26953125,0.73046875,0.0869140625,-0.0859375,78,78908,0.1826171875,0.81640625
984,choice,"In this task, you have to repeatedly choose between two slot machines labeled U and P.
You can choose a slot machine by pressing its corresponding key.When you select one of the machines, you will win 1 or 0 points.Your goal is to choose the slot machines that will give you the most points.You will receive feedback about the outcome after making a choice.
The environment may change unpredictably, and past success does not guarantee future results. You’ll need to adapt to these changes to keep finding the better machine.You will play 1 game in total, consisting of 100 trials. Game 1:You press <<U>> and get 1 points.
You press <<U>> and get 1 points.
You press <<U>> and get 1 points.
You press <<U>> and get 0 points.
You press <<U>> and get 1 points.
You press <<P>> and get 0 points.
You press <<U>> and get 1 points.
You press <<P>> and get 0 points.
You press <<U>> and get 1 points.
You press <<U>> and get 0 points.
You press <<U>> and get 1 points.
You press <<U>> and get 1 points.
You press <<U>> and get 1 points.
You press <<P>> and get 0 points.
You press <<U>> and get 1 points.
You press <<U>> and get 1 points.
You press <<U>> and get 1 points.
You press <<U>> and get 1 points.
You press <<U>> and get 1 points.
You press <<U>> and get 1 points.
You press <<U>> and get 1 points.
You press <<P>> and get 0 points.
You press <<P>> and get 0 points.
You press <<U>> and get 1 points.
You press <<U>> and get 1 points.
You press <<P>> and get 1 points.
You press <<U>> and get 1 points.
You press <<U>> and get 1 points.
You press <<U>> and get 1 points.
You press <<U>> and get 1 points.
You press <<U>> and get 1 points.
You press <<U>> and get 1 points.
You press <<P>> and get 0 points.
You press <<U>> and get 1 points.
You press <<U>> and get 1 points.
You press <<U>> and get 1 points.
You press <<U>> and get 1 points.
You press <<P>> and get 0 points.
You press <<P>> and get 0 points.
You press <<U>> and get 1 points.
You press <<U>> and get 1 points.
You press <<U>> and get 1 points.
You press <<U>> and get 1 points.
You press <<U>> and get 1 points.
You press <<U>> and get 1 points.
You press <<P>> and get 0 points.
You press <<P>> and get 0 points.
You press <<U>> and get 1 points.
You press <<U>> and get 1 points.
You press <<U>> and get 1 points.
You press <<U>> and get 1 points.
You press <<U>> and get 1 points.
You press <<U>> and get 0 points.
You press <<P>> and get 1 points.
You press <<P>> and get 1 points.
You press <<U>> and get 0 points.
You press <<P>> and get 1 points.
You press <<P>> and get 1 points.
You press <<P>> and get 1 points.
You press <<P>> and get 1 points.
You press <<P>> and get 1 points.
You press <<P>> and get 1 points.
You press <<P>> and get 1 points.
You press <<P>> and get 1 points.
You press <<P>> and get 1 points.
You press <<P>> and get 1 points.
You press <<P>> and get 1 points.
You press <<P>> and get 1 points.
You press <<P>> and get 1 points.
You press <<P>> and get 1 points.
You press <<P>> and get 1 points.
You press <<P>> and get 1 points.
You press <<P>> and get 1 points.
You press <<P>> and get 1 points.
You press <<P>> and get 1 points.
You press <<P>> and get 1 points.
You press <<P>> and get 1 points.
You press <<U>> and get 0 points.
You press <<>> and get 1 points.
You press <<",P,0.1298828125,0.84765625,0.0966796875,-0.12109375,79,78908,0.033203125,0.96875
989,reward,"In this task, you have to repeatedly choose between two slot machines labeled U and P.
You can choose a slot machine by pressing its corresponding key.When you select one of the machines, you will win 1 or 0 points.Your goal is to choose the slot machines that will give you the most points.You will receive feedback about the outcome after making a choice.
The environment may change unpredictably, and past success does not guarantee future results. You’ll need to adapt to these changes to keep finding the better machine.You will play 1 game in total, consisting of 100 trials. Game 1:You press <<U>> and get 1 points.
You press <<U>> and get 1 points.
You press <<U>> and get 1 points.
You press <<U>> and get 0 points.
You press <<U>> and get 1 points.
You press <<P>> and get 0 points.
You press <<U>> and get 1 points.
You press <<P>> and get 0 points.
You press <<U>> and get 1 points.
You press <<U>> and get 0 points.
You press <<U>> and get 1 points.
You press <<U>> and get 1 points.
You press <<U>> and get 1 points.
You press <<P>> and get 0 points.
You press <<U>> and get 1 points.
You press <<U>> and get 1 points.
You press <<U>> and get 1 points.
You press <<U>> and get 1 points.
You press <<U>> and get 1 points.
You press <<U>> and get 1 points.
You press <<U>> and get 1 points.
You press <<P>> and get 0 points.
You press <<P>> and get 0 points.
You press <<U>> and get 1 points.
You press <<U>> and get 1 points.
You press <<P>> and get 1 points.
You press <<U>> and get 1 points.
You press <<U>> and get 1 points.
You press <<U>> and get 1 points.
You press <<U>> and get 1 points.
You press <<U>> and get 1 points.
You press <<U>> and get 1 points.
You press <<P>> and get 0 points.
You press <<U>> and get 1 points.
You press <<U>> and get 1 points.
You press <<U>> and get 1 points.
You press <<U>> and get 1 points.
You press <<P>> and get 0 points.
You press <<P>> and get 0 points.
You press <<U>> and get 1 points.
You press <<U>> and get 1 points.
You press <<U>> and get 1 points.
You press <<U>> and get 1 points.
You press <<U>> and get 1 points.
You press <<U>> and get 1 points.
You press <<P>> and get 0 points.
You press <<P>> and get 0 points.
You press <<U>> and get 1 points.
You press <<U>> and get 1 points.
You press <<U>> and get 1 points.
You press <<U>> and get 1 points.
You press <<U>> and get 1 points.
You press <<U>> and get 0 points.
You press <<P>> and get 1 points.
You press <<P>> and get 1 points.
You press <<U>> and get 0 points.
You press <<P>> and get 1 points.
You press <<P>> and get 1 points.
You press <<P>> and get 1 points.
You press <<P>> and get 1 points.
You press <<P>> and get 1 points.
You press <<P>> and get 1 points.
You press <<P>> and get 1 points.
You press <<P>> and get 1 points.
You press <<P>> and get 1 points.
You press <<P>> and get 1 points.
You press <<P>> and get 1 points.
You press <<P>> and get 1 points.
You press <<P>> and get 1 points.
You press <<P>> and get 1 points.
You press <<P>> and get 1 points.
You press <<P>> and get 1 points.
You press <<P>> and get 1 points.
You press <<P>> and get 1 points.
You press <<P>> and get 1 points.
You press <<P>> and get 1 points.
You press <<P>> and get 1 points.
You press <<U>> and get 0 points.
You press <<P>> and get  points.
You press <<",1,0.07568359375,0.92578125,0.04248046875,-0.04296875,79,78908,0.033203125,0.96875
995,choice,"In this task, you have to repeatedly choose between two slot machines labeled U and P.
You can choose a slot machine by pressing its corresponding key.When you select one of the machines, you will win 1 or 0 points.Your goal is to choose the slot machines that will give you the most points.You will receive feedback about the outcome after making a choice.
The environment may change unpredictably, and past success does not guarantee future results. You’ll need to adapt to these changes to keep finding the better machine.You will play 1 game in total, consisting of 100 trials. Game 1:You press <<U>> and get 1 points.
You press <<U>> and get 1 points.
You press <<U>> and get 1 points.
You press <<U>> and get 0 points.
You press <<U>> and get 1 points.
You press <<P>> and get 0 points.
You press <<U>> and get 1 points.
You press <<P>> and get 0 points.
You press <<U>> and get 1 points.
You press <<U>> and get 0 points.
You press <<U>> and get 1 points.
You press <<U>> and get 1 points.
You press <<U>> and get 1 points.
You press <<P>> and get 0 points.
You press <<U>> and get 1 points.
You press <<U>> and get 1 points.
You press <<U>> and get 1 points.
You press <<U>> and get 1 points.
You press <<U>> and get 1 points.
You press <<U>> and get 1 points.
You press <<U>> and get 1 points.
You press <<P>> and get 0 points.
You press <<P>> and get 0 points.
You press <<U>> and get 1 points.
You press <<U>> and get 1 points.
You press <<P>> and get 1 points.
You press <<U>> and get 1 points.
You press <<U>> and get 1 points.
You press <<U>> and get 1 points.
You press <<U>> and get 1 points.
You press <<U>> and get 1 points.
You press <<U>> and get 1 points.
You press <<P>> and get 0 points.
You press <<U>> and get 1 points.
You press <<U>> and get 1 points.
You press <<U>> and get 1 points.
You press <<U>> and get 1 points.
You press <<P>> and get 0 points.
You press <<P>> and get 0 points.
You press <<U>> and get 1 points.
You press <<U>> and get 1 points.
You press <<U>> and get 1 points.
You press <<U>> and get 1 points.
You press <<U>> and get 1 points.
You press <<U>> and get 1 points.
You press <<P>> and get 0 points.
You press <<P>> and get 0 points.
You press <<U>> and get 1 points.
You press <<U>> and get 1 points.
You press <<U>> and get 1 points.
You press <<U>> and get 1 points.
You press <<U>> and get 1 points.
You press <<U>> and get 0 points.
You press <<P>> and get 1 points.
You press <<P>> and get 1 points.
You press <<U>> and get 0 points.
You press <<P>> and get 1 points.
You press <<P>> and get 1 points.
You press <<P>> and get 1 points.
You press <<P>> and get 1 points.
You press <<P>> and get 1 points.
You press <<P>> and get 1 points.
You press <<P>> and get 1 points.
You press <<P>> and get 1 points.
You press <<P>> and get 1 points.
You press <<P>> and get 1 points.
You press <<P>> and get 1 points.
You press <<P>> and get 1 points.
You press <<P>> and get 1 points.
You press <<P>> and get 1 points.
You press <<P>> and get 1 points.
You press <<P>> and get 1 points.
You press <<P>> and get 1 points.
You press <<P>> and get 1 points.
You press <<P>> and get 1 points.
You press <<P>> and get 1 points.
You press <<P>> and get 1 points.
You press <<U>> and get 0 points.
You press <<P>> and get 1 points.
You press <<>> and get 1 points.
You press <<",P,0.07421875,0.90625,0.0482177734375,-0.06640625,80,78908,0.0260009765625,0.97265625
1000,reward,"In this task, you have to repeatedly choose between two slot machines labeled U and P.
You can choose a slot machine by pressing its corresponding key.When you select one of the machines, you will win 1 or 0 points.Your goal is to choose the slot machines that will give you the most points.You will receive feedback about the outcome after making a choice.
The environment may change unpredictably, and past success does not guarantee future results. You’ll need to adapt to these changes to keep finding the better machine.You will play 1 game in total, consisting of 100 trials. Game 1:You press <<U>> and get 1 points.
You press <<U>> and get 1 points.
You press <<U>> and get 1 points.
You press <<U>> and get 0 points.
You press <<U>> and get 1 points.
You press <<P>> and get 0 points.
You press <<U>> and get 1 points.
You press <<P>> and get 0 points.
You press <<U>> and get 1 points.
You press <<U>> and get 0 points.
You press <<U>> and get 1 points.
You press <<U>> and get 1 points.
You press <<U>> and get 1 points.
You press <<P>> and get 0 points.
You press <<U>> and get 1 points.
You press <<U>> and get 1 points.
You press <<U>> and get 1 points.
You press <<U>> and get 1 points.
You press <<U>> and get 1 points.
You press <<U>> and get 1 points.
You press <<U>> and get 1 points.
You press <<P>> and get 0 points.
You press <<P>> and get 0 points.
You press <<U>> and get 1 points.
You press <<U>> and get 1 points.
You press <<P>> and get 1 points.
You press <<U>> and get 1 points.
You press <<U>> and get 1 points.
You press <<U>> and get 1 points.
You press <<U>> and get 1 points.
You press <<U>> and get 1 points.
You press <<U>> and get 1 points.
You press <<P>> and get 0 points.
You press <<U>> and get 1 points.
You press <<U>> and get 1 points.
You press <<U>> and get 1 points.
You press <<U>> and get 1 points.
You press <<P>> and get 0 points.
You press <<P>> and get 0 points.
You press <<U>> and get 1 points.
You press <<U>> and get 1 points.
You press <<U>> and get 1 points.
You press <<U>> and get 1 points.
You press <<U>> and get 1 points.
You press <<U>> and get 1 points.
You press <<P>> and get 0 points.
You press <<P>> and get 0 points.
You press <<U>> and get 1 points.
You press <<U>> and get 1 points.
You press <<U>> and get 1 points.
You press <<U>> and get 1 points.
You press <<U>> and get 1 points.
You press <<U>> and get 0 points.
You press <<P>> and get 1 points.
You press <<P>> and get 1 points.
You press <<U>> and get 0 points.
You press <<P>> and get 1 points.
You press <<P>> and get 1 points.
You press <<P>> and get 1 points.
You press <<P>> and get 1 points.
You press <<P>> and get 1 points.
You press <<P>> and get 1 points.
You press <<P>> and get 1 points.
You press <<P>> and get 1 points.
You press <<P>> and get 1 points.
You press <<P>> and get 1 points.
You press <<P>> and get 1 points.
You press <<P>> and get 1 points.
You press <<P>> and get 1 points.
You press <<P>> and get 1 points.
You press <<P>> and get 1 points.
You press <<P>> and get 1 points.
You press <<P>> and get 1 points.
You press <<P>> and get 1 points.
You press <<P>> and get 1 points.
You press <<P>> and get 1 points.
You press <<P>> and get 1 points.
You press <<U>> and get 0 points.
You press <<P>> and get 1 points.
You press <<P>> and get  points.
You press <<",1,0.06005859375,0.94140625,0.0340576171875,-0.03125,80,78908,0.0260009765625,0.97265625
1006,choice,"In this task, you have to repeatedly choose between two slot machines labeled U and P.
You can choose a slot machine by pressing its corresponding key.When you select one of the machines, you will win 1 or 0 points.Your goal is to choose the slot machines that will give you the most points.You will receive feedback about the outcome after making a choice.
The environment may change unpredictably, and past success does not guarantee future results. You’ll need to adapt to these changes to keep finding the better machine.You will play 1 game in total, consisting of 100 trials. Game 1:You press <<U>> and get 1 points.
You press <<U>> and get 1 points.
You press <<U>> and get 1 points.
You press <<U>> and get 0 points.
You press <<U>> and get 1 points.
You press <<P>> and get 0 points.
You press <<U>> and get 1 points.
You press <<P>> and get 0 points.
You press <<U>> and get 1 points.
You press <<U>> and get 0 points.
You press <<U>> and get 1 points.
You press <<U>> and get 1 points.
You press <<U>> and get 1 points.
You press <<P>> and get 0 points.
You press <<U>> and get 1 points.
You press <<U>> and get 1 points.
You press <<U>> and get 1 points.
You press <<U>> and get 1 points.
You press <<U>> and get 1 points.
You press <<U>> and get 1 points.
You press <<U>> and get 1 points.
You press <<P>> and get 0 points.
You press <<P>> and get 0 points.
You press <<U>> and get 1 points.
You press <<U>> and get 1 points.
You press <<P>> and get 1 points.
You press <<U>> and get 1 points.
You press <<U>> and get 1 points.
You press <<U>> and get 1 points.
You press <<U>> and get 1 points.
You press <<U>> and get 1 points.
You press <<U>> and get 1 points.
You press <<P>> and get 0 points.
You press <<U>> and get 1 points.
You press <<U>> and get 1 points.
You press <<U>> and get 1 points.
You press <<U>> and get 1 points.
You press <<P>> and get 0 points.
You press <<P>> and get 0 points.
You press <<U>> and get 1 points.
You press <<U>> and get 1 points.
You press <<U>> and get 1 points.
You press <<U>> and get 1 points.
You press <<U>> and get 1 points.
You press <<U>> and get 1 points.
You press <<P>> and get 0 points.
You press <<P>> and get 0 points.
You press <<U>> and get 1 points.
You press <<U>> and get 1 points.
You press <<U>> and get 1 points.
You press <<U>> and get 1 points.
You press <<U>> and get 1 points.
You press <<U>> and get 0 points.
You press <<P>> and get 1 points.
You press <<P>> and get 1 points.
You press <<U>> and get 0 points.
You press <<P>> and get 1 points.
You press <<P>> and get 1 points.
You press <<P>> and get 1 points.
You press <<P>> and get 1 points.
You press <<P>> and get 1 points.
You press <<P>> and get 1 points.
You press <<P>> and get 1 points.
You press <<P>> and get 1 points.
You press <<P>> and get 1 points.
You press <<P>> and get 1 points.
You press <<P>> and get 1 points.
You press <<P>> and get 1 points.
You press <<P>> and get 1 points.
You press <<P>> and get 1 points.
You press <<P>> and get 1 points.
You press <<P>> and get 1 points.
You press <<P>> and get 1 points.
You press <<P>> and get 1 points.
You press <<P>> and get 1 points.
You press <<P>> and get 1 points.
You press <<P>> and get 1 points.
You press <<U>> and get 0 points.
You press <<P>> and get 1 points.
You press <<P>> and get 1 points.
You press <<>> and get 1 points.
You press <<",P,0.06640625,0.9140625,0.0460205078125,-0.06640625,81,78908,0.0203857421875,0.98046875
1011,reward,"In this task, you have to repeatedly choose between two slot machines labeled U and P.
You can choose a slot machine by pressing its corresponding key.When you select one of the machines, you will win 1 or 0 points.Your goal is to choose the slot machines that will give you the most points.You will receive feedback about the outcome after making a choice.
The environment may change unpredictably, and past success does not guarantee future results. You’ll need to adapt to these changes to keep finding the better machine.You will play 1 game in total, consisting of 100 trials. Game 1:You press <<U>> and get 1 points.
You press <<U>> and get 1 points.
You press <<U>> and get 1 points.
You press <<U>> and get 0 points.
You press <<U>> and get 1 points.
You press <<P>> and get 0 points.
You press <<U>> and get 1 points.
You press <<P>> and get 0 points.
You press <<U>> and get 1 points.
You press <<U>> and get 0 points.
You press <<U>> and get 1 points.
You press <<U>> and get 1 points.
You press <<U>> and get 1 points.
You press <<P>> and get 0 points.
You press <<U>> and get 1 points.
You press <<U>> and get 1 points.
You press <<U>> and get 1 points.
You press <<U>> and get 1 points.
You press <<U>> and get 1 points.
You press <<U>> and get 1 points.
You press <<U>> and get 1 points.
You press <<P>> and get 0 points.
You press <<P>> and get 0 points.
You press <<U>> and get 1 points.
You press <<U>> and get 1 points.
You press <<P>> and get 1 points.
You press <<U>> and get 1 points.
You press <<U>> and get 1 points.
You press <<U>> and get 1 points.
You press <<U>> and get 1 points.
You press <<U>> and get 1 points.
You press <<U>> and get 1 points.
You press <<P>> and get 0 points.
You press <<U>> and get 1 points.
You press <<U>> and get 1 points.
You press <<U>> and get 1 points.
You press <<U>> and get 1 points.
You press <<P>> and get 0 points.
You press <<P>> and get 0 points.
You press <<U>> and get 1 points.
You press <<U>> and get 1 points.
You press <<U>> and get 1 points.
You press <<U>> and get 1 points.
You press <<U>> and get 1 points.
You press <<U>> and get 1 points.
You press <<P>> and get 0 points.
You press <<P>> and get 0 points.
You press <<U>> and get 1 points.
You press <<U>> and get 1 points.
You press <<U>> and get 1 points.
You press <<U>> and get 1 points.
You press <<U>> and get 1 points.
You press <<U>> and get 0 points.
You press <<P>> and get 1 points.
You press <<P>> and get 1 points.
You press <<U>> and get 0 points.
You press <<P>> and get 1 points.
You press <<P>> and get 1 points.
You press <<P>> and get 1 points.
You press <<P>> and get 1 points.
You press <<P>> and get 1 points.
You press <<P>> and get 1 points.
You press <<P>> and get 1 points.
You press <<P>> and get 1 points.
You press <<P>> and get 1 points.
You press <<P>> and get 1 points.
You press <<P>> and get 1 points.
You press <<P>> and get 1 points.
You press <<P>> and get 1 points.
You press <<P>> and get 1 points.
You press <<P>> and get 1 points.
You press <<P>> and get 1 points.
You press <<P>> and get 1 points.
You press <<P>> and get 1 points.
You press <<P>> and get 1 points.
You press <<P>> and get 1 points.
You press <<P>> and get 1 points.
You press <<U>> and get 0 points.
You press <<P>> and get 1 points.
You press <<P>> and get 1 points.
You press <<P>> and get  points.
You press <<",1,0.06005859375,0.94140625,0.0396728515625,-0.0390625,81,78908,0.0203857421875,0.98046875
1017,choice,"In this task, you have to repeatedly choose between two slot machines labeled U and P.
You can choose a slot machine by pressing its corresponding key.When you select one of the machines, you will win 1 or 0 points.Your goal is to choose the slot machines that will give you the most points.You will receive feedback about the outcome after making a choice.
The environment may change unpredictably, and past success does not guarantee future results. You’ll need to adapt to these changes to keep finding the better machine.You will play 1 game in total, consisting of 100 trials. Game 1:You press <<U>> and get 1 points.
You press <<U>> and get 1 points.
You press <<U>> and get 1 points.
You press <<U>> and get 0 points.
You press <<U>> and get 1 points.
You press <<P>> and get 0 points.
You press <<U>> and get 1 points.
You press <<P>> and get 0 points.
You press <<U>> and get 1 points.
You press <<U>> and get 0 points.
You press <<U>> and get 1 points.
You press <<U>> and get 1 points.
You press <<U>> and get 1 points.
You press <<P>> and get 0 points.
You press <<U>> and get 1 points.
You press <<U>> and get 1 points.
You press <<U>> and get 1 points.
You press <<U>> and get 1 points.
You press <<U>> and get 1 points.
You press <<U>> and get 1 points.
You press <<U>> and get 1 points.
You press <<P>> and get 0 points.
You press <<P>> and get 0 points.
You press <<U>> and get 1 points.
You press <<U>> and get 1 points.
You press <<P>> and get 1 points.
You press <<U>> and get 1 points.
You press <<U>> and get 1 points.
You press <<U>> and get 1 points.
You press <<U>> and get 1 points.
You press <<U>> and get 1 points.
You press <<U>> and get 1 points.
You press <<P>> and get 0 points.
You press <<U>> and get 1 points.
You press <<U>> and get 1 points.
You press <<U>> and get 1 points.
You press <<U>> and get 1 points.
You press <<P>> and get 0 points.
You press <<P>> and get 0 points.
You press <<U>> and get 1 points.
You press <<U>> and get 1 points.
You press <<U>> and get 1 points.
You press <<U>> and get 1 points.
You press <<U>> and get 1 points.
You press <<U>> and get 1 points.
You press <<P>> and get 0 points.
You press <<P>> and get 0 points.
You press <<U>> and get 1 points.
You press <<U>> and get 1 points.
You press <<U>> and get 1 points.
You press <<U>> and get 1 points.
You press <<U>> and get 1 points.
You press <<U>> and get 0 points.
You press <<P>> and get 1 points.
You press <<P>> and get 1 points.
You press <<U>> and get 0 points.
You press <<P>> and get 1 points.
You press <<P>> and get 1 points.
You press <<P>> and get 1 points.
You press <<P>> and get 1 points.
You press <<P>> and get 1 points.
You press <<P>> and get 1 points.
You press <<P>> and get 1 points.
You press <<P>> and get 1 points.
You press <<P>> and get 1 points.
You press <<P>> and get 1 points.
You press <<P>> and get 1 points.
You press <<P>> and get 1 points.
You press <<P>> and get 1 points.
You press <<P>> and get 1 points.
You press <<P>> and get 1 points.
You press <<P>> and get 1 points.
You press <<P>> and get 1 points.
You press <<P>> and get 1 points.
You press <<P>> and get 1 points.
You press <<P>> and get 1 points.
You press <<P>> and get 1 points.
You press <<U>> and get 0 points.
You press <<P>> and get 1 points.
You press <<P>> and get 1 points.
You press <<P>> and get 1 points.
You press <<>> and get 1 points.
You press <<",P,0.058837890625,0.921875,0.0384521484375,-0.05859375,82,78908,0.0203857421875,0.98046875
1022,reward,"In this task, you have to repeatedly choose between two slot machines labeled U and P.
You can choose a slot machine by pressing its corresponding key.When you select one of the machines, you will win 1 or 0 points.Your goal is to choose the slot machines that will give you the most points.You will receive feedback about the outcome after making a choice.
The environment may change unpredictably, and past success does not guarantee future results. You’ll need to adapt to these changes to keep finding the better machine.You will play 1 game in total, consisting of 100 trials. Game 1:You press <<U>> and get 1 points.
You press <<U>> and get 1 points.
You press <<U>> and get 1 points.
You press <<U>> and get 0 points.
You press <<U>> and get 1 points.
You press <<P>> and get 0 points.
You press <<U>> and get 1 points.
You press <<P>> and get 0 points.
You press <<U>> and get 1 points.
You press <<U>> and get 0 points.
You press <<U>> and get 1 points.
You press <<U>> and get 1 points.
You press <<U>> and get 1 points.
You press <<P>> and get 0 points.
You press <<U>> and get 1 points.
You press <<U>> and get 1 points.
You press <<U>> and get 1 points.
You press <<U>> and get 1 points.
You press <<U>> and get 1 points.
You press <<U>> and get 1 points.
You press <<U>> and get 1 points.
You press <<P>> and get 0 points.
You press <<P>> and get 0 points.
You press <<U>> and get 1 points.
You press <<U>> and get 1 points.
You press <<P>> and get 1 points.
You press <<U>> and get 1 points.
You press <<U>> and get 1 points.
You press <<U>> and get 1 points.
You press <<U>> and get 1 points.
You press <<U>> and get 1 points.
You press <<U>> and get 1 points.
You press <<P>> and get 0 points.
You press <<U>> and get 1 points.
You press <<U>> and get 1 points.
You press <<U>> and get 1 points.
You press <<U>> and get 1 points.
You press <<P>> and get 0 points.
You press <<P>> and get 0 points.
You press <<U>> and get 1 points.
You press <<U>> and get 1 points.
You press <<U>> and get 1 points.
You press <<U>> and get 1 points.
You press <<U>> and get 1 points.
You press <<U>> and get 1 points.
You press <<P>> and get 0 points.
You press <<P>> and get 0 points.
You press <<U>> and get 1 points.
You press <<U>> and get 1 points.
You press <<U>> and get 1 points.
You press <<U>> and get 1 points.
You press <<U>> and get 1 points.
You press <<U>> and get 0 points.
You press <<P>> and get 1 points.
You press <<P>> and get 1 points.
You press <<U>> and get 0 points.
You press <<P>> and get 1 points.
You press <<P>> and get 1 points.
You press <<P>> and get 1 points.
You press <<P>> and get 1 points.
You press <<P>> and get 1 points.
You press <<P>> and get 1 points.
You press <<P>> and get 1 points.
You press <<P>> and get 1 points.
You press <<P>> and get 1 points.
You press <<P>> and get 1 points.
You press <<P>> and get 1 points.
You press <<P>> and get 1 points.
You press <<P>> and get 1 points.
You press <<P>> and get 1 points.
You press <<P>> and get 1 points.
You press <<P>> and get 1 points.
You press <<P>> and get 1 points.
You press <<P>> and get 1 points.
You press <<P>> and get 1 points.
You press <<P>> and get 1 points.
You press <<P>> and get 1 points.
You press <<U>> and get 0 points.
You press <<P>> and get 1 points.
You press <<P>> and get 1 points.
You press <<P>> and get 1 points.
You press <<P>> and get  points.
You press <<",1,0.0673828125,0.93359375,0.0469970703125,-0.046875,82,78908,0.0203857421875,0.98046875
1028,choice,"In this task, you have to repeatedly choose between two slot machines labeled U and P.
You can choose a slot machine by pressing its corresponding key.When you select one of the machines, you will win 1 or 0 points.Your goal is to choose the slot machines that will give you the most points.You will receive feedback about the outcome after making a choice.
The environment may change unpredictably, and past success does not guarantee future results. You’ll need to adapt to these changes to keep finding the better machine.You will play 1 game in total, consisting of 100 trials. Game 1:You press <<U>> and get 1 points.
You press <<U>> and get 1 points.
You press <<U>> and get 1 points.
You press <<U>> and get 0 points.
You press <<U>> and get 1 points.
You press <<P>> and get 0 points.
You press <<U>> and get 1 points.
You press <<P>> and get 0 points.
You press <<U>> and get 1 points.
You press <<U>> and get 0 points.
You press <<U>> and get 1 points.
You press <<U>> and get 1 points.
You press <<U>> and get 1 points.
You press <<P>> and get 0 points.
You press <<U>> and get 1 points.
You press <<U>> and get 1 points.
You press <<U>> and get 1 points.
You press <<U>> and get 1 points.
You press <<U>> and get 1 points.
You press <<U>> and get 1 points.
You press <<U>> and get 1 points.
You press <<P>> and get 0 points.
You press <<P>> and get 0 points.
You press <<U>> and get 1 points.
You press <<U>> and get 1 points.
You press <<P>> and get 1 points.
You press <<U>> and get 1 points.
You press <<U>> and get 1 points.
You press <<U>> and get 1 points.
You press <<U>> and get 1 points.
You press <<U>> and get 1 points.
You press <<U>> and get 1 points.
You press <<P>> and get 0 points.
You press <<U>> and get 1 points.
You press <<U>> and get 1 points.
You press <<U>> and get 1 points.
You press <<U>> and get 1 points.
You press <<P>> and get 0 points.
You press <<P>> and get 0 points.
You press <<U>> and get 1 points.
You press <<U>> and get 1 points.
You press <<U>> and get 1 points.
You press <<U>> and get 1 points.
You press <<U>> and get 1 points.
You press <<U>> and get 1 points.
You press <<P>> and get 0 points.
You press <<P>> and get 0 points.
You press <<U>> and get 1 points.
You press <<U>> and get 1 points.
You press <<U>> and get 1 points.
You press <<U>> and get 1 points.
You press <<U>> and get 1 points.
You press <<U>> and get 0 points.
You press <<P>> and get 1 points.
You press <<P>> and get 1 points.
You press <<U>> and get 0 points.
You press <<P>> and get 1 points.
You press <<P>> and get 1 points.
You press <<P>> and get 1 points.
You press <<P>> and get 1 points.
You press <<P>> and get 1 points.
You press <<P>> and get 1 points.
You press <<P>> and get 1 points.
You press <<P>> and get 1 points.
You press <<P>> and get 1 points.
You press <<P>> and get 1 points.
You press <<P>> and get 1 points.
You press <<P>> and get 1 points.
You press <<P>> and get 1 points.
You press <<P>> and get 1 points.
You press <<P>> and get 1 points.
You press <<P>> and get 1 points.
You press <<P>> and get 1 points.
You press <<P>> and get 1 points.
You press <<P>> and get 1 points.
You press <<P>> and get 1 points.
You press <<P>> and get 1 points.
You press <<U>> and get 0 points.
You press <<P>> and get 1 points.
You press <<P>> and get 1 points.
You press <<P>> and get 1 points.
You press <<P>> and get 1 points.
You press <<>> and get 1 points.
You press <<",P,0.05908203125,0.921875,0.0361328125,-0.0546875,83,78908,0.02294921875,0.9765625
1033,reward,"In this task, you have to repeatedly choose between two slot machines labeled U and P.
You can choose a slot machine by pressing its corresponding key.When you select one of the machines, you will win 1 or 0 points.Your goal is to choose the slot machines that will give you the most points.You will receive feedback about the outcome after making a choice.
The environment may change unpredictably, and past success does not guarantee future results. You’ll need to adapt to these changes to keep finding the better machine.You will play 1 game in total, consisting of 100 trials. Game 1:You press <<U>> and get 1 points.
You press <<U>> and get 1 points.
You press <<U>> and get 1 points.
You press <<U>> and get 0 points.
You press <<U>> and get 1 points.
You press <<P>> and get 0 points.
You press <<U>> and get 1 points.
You press <<P>> and get 0 points.
You press <<U>> and get 1 points.
You press <<U>> and get 0 points.
You press <<U>> and get 1 points.
You press <<U>> and get 1 points.
You press <<U>> and get 1 points.
You press <<P>> and get 0 points.
You press <<U>> and get 1 points.
You press <<U>> and get 1 points.
You press <<U>> and get 1 points.
You press <<U>> and get 1 points.
You press <<U>> and get 1 points.
You press <<U>> and get 1 points.
You press <<U>> and get 1 points.
You press <<P>> and get 0 points.
You press <<P>> and get 0 points.
You press <<U>> and get 1 points.
You press <<U>> and get 1 points.
You press <<P>> and get 1 points.
You press <<U>> and get 1 points.
You press <<U>> and get 1 points.
You press <<U>> and get 1 points.
You press <<U>> and get 1 points.
You press <<U>> and get 1 points.
You press <<U>> and get 1 points.
You press <<P>> and get 0 points.
You press <<U>> and get 1 points.
You press <<U>> and get 1 points.
You press <<U>> and get 1 points.
You press <<U>> and get 1 points.
You press <<P>> and get 0 points.
You press <<P>> and get 0 points.
You press <<U>> and get 1 points.
You press <<U>> and get 1 points.
You press <<U>> and get 1 points.
You press <<U>> and get 1 points.
You press <<U>> and get 1 points.
You press <<U>> and get 1 points.
You press <<P>> and get 0 points.
You press <<P>> and get 0 points.
You press <<U>> and get 1 points.
You press <<U>> and get 1 points.
You press <<U>> and get 1 points.
You press <<U>> and get 1 points.
You press <<U>> and get 1 points.
You press <<U>> and get 0 points.
You press <<P>> and get 1 points.
You press <<P>> and get 1 points.
You press <<U>> and get 0 points.
You press <<P>> and get 1 points.
You press <<P>> and get 1 points.
You press <<P>> and get 1 points.
You press <<P>> and get 1 points.
You press <<P>> and get 1 points.
You press <<P>> and get 1 points.
You press <<P>> and get 1 points.
You press <<P>> and get 1 points.
You press <<P>> and get 1 points.
You press <<P>> and get 1 points.
You press <<P>> and get 1 points.
You press <<P>> and get 1 points.
You press <<P>> and get 1 points.
You press <<P>> and get 1 points.
You press <<P>> and get 1 points.
You press <<P>> and get 1 points.
You press <<P>> and get 1 points.
You press <<P>> and get 1 points.
You press <<P>> and get 1 points.
You press <<P>> and get 1 points.
You press <<P>> and get 1 points.
You press <<U>> and get 0 points.
You press <<P>> and get 1 points.
You press <<P>> and get 1 points.
You press <<P>> and get 1 points.
You press <<P>> and get 1 points.
You press <<P>> and get  points.
You press <<",1,0.06005859375,0.94140625,0.037109375,-0.03515625,83,78908,0.02294921875,0.9765625
1039,choice,"In this task, you have to repeatedly choose between two slot machines labeled U and P.
You can choose a slot machine by pressing its corresponding key.When you select one of the machines, you will win 1 or 0 points.Your goal is to choose the slot machines that will give you the most points.You will receive feedback about the outcome after making a choice.
The environment may change unpredictably, and past success does not guarantee future results. You’ll need to adapt to these changes to keep finding the better machine.You will play 1 game in total, consisting of 100 trials. Game 1:You press <<U>> and get 1 points.
You press <<U>> and get 1 points.
You press <<U>> and get 1 points.
You press <<U>> and get 0 points.
You press <<U>> and get 1 points.
You press <<P>> and get 0 points.
You press <<U>> and get 1 points.
You press <<P>> and get 0 points.
You press <<U>> and get 1 points.
You press <<U>> and get 0 points.
You press <<U>> and get 1 points.
You press <<U>> and get 1 points.
You press <<U>> and get 1 points.
You press <<P>> and get 0 points.
You press <<U>> and get 1 points.
You press <<U>> and get 1 points.
You press <<U>> and get 1 points.
You press <<U>> and get 1 points.
You press <<U>> and get 1 points.
You press <<U>> and get 1 points.
You press <<U>> and get 1 points.
You press <<P>> and get 0 points.
You press <<P>> and get 0 points.
You press <<U>> and get 1 points.
You press <<U>> and get 1 points.
You press <<P>> and get 1 points.
You press <<U>> and get 1 points.
You press <<U>> and get 1 points.
You press <<U>> and get 1 points.
You press <<U>> and get 1 points.
You press <<U>> and get 1 points.
You press <<U>> and get 1 points.
You press <<P>> and get 0 points.
You press <<U>> and get 1 points.
You press <<U>> and get 1 points.
You press <<U>> and get 1 points.
You press <<U>> and get 1 points.
You press <<P>> and get 0 points.
You press <<P>> and get 0 points.
You press <<U>> and get 1 points.
You press <<U>> and get 1 points.
You press <<U>> and get 1 points.
You press <<U>> and get 1 points.
You press <<U>> and get 1 points.
You press <<U>> and get 1 points.
You press <<P>> and get 0 points.
You press <<P>> and get 0 points.
You press <<U>> and get 1 points.
You press <<U>> and get 1 points.
You press <<U>> and get 1 points.
You press <<U>> and get 1 points.
You press <<U>> and get 1 points.
You press <<U>> and get 0 points.
You press <<P>> and get 1 points.
You press <<P>> and get 1 points.
You press <<U>> and get 0 points.
You press <<P>> and get 1 points.
You press <<P>> and get 1 points.
You press <<P>> and get 1 points.
You press <<P>> and get 1 points.
You press <<P>> and get 1 points.
You press <<P>> and get 1 points.
You press <<P>> and get 1 points.
You press <<P>> and get 1 points.
You press <<P>> and get 1 points.
You press <<P>> and get 1 points.
You press <<P>> and get 1 points.
You press <<P>> and get 1 points.
You press <<P>> and get 1 points.
You press <<P>> and get 1 points.
You press <<P>> and get 1 points.
You press <<P>> and get 1 points.
You press <<P>> and get 1 points.
You press <<P>> and get 1 points.
You press <<P>> and get 1 points.
You press <<P>> and get 1 points.
You press <<P>> and get 1 points.
You press <<U>> and get 0 points.
You press <<P>> and get 1 points.
You press <<P>> and get 1 points.
You press <<P>> and get 1 points.
You press <<P>> and get 1 points.
You press <<P>> and get 1 points.
You press <<>> and get 1 points.
You press <<",P,0.06640625,0.9140625,0.04345703125,-0.0625,84,78908,0.02294921875,0.9765625
1044,reward,"In this task, you have to repeatedly choose between two slot machines labeled U and P.
You can choose a slot machine by pressing its corresponding key.When you select one of the machines, you will win 1 or 0 points.Your goal is to choose the slot machines that will give you the most points.You will receive feedback about the outcome after making a choice.
The environment may change unpredictably, and past success does not guarantee future results. You’ll need to adapt to these changes to keep finding the better machine.You will play 1 game in total, consisting of 100 trials. Game 1:You press <<U>> and get 1 points.
You press <<U>> and get 1 points.
You press <<U>> and get 1 points.
You press <<U>> and get 0 points.
You press <<U>> and get 1 points.
You press <<P>> and get 0 points.
You press <<U>> and get 1 points.
You press <<P>> and get 0 points.
You press <<U>> and get 1 points.
You press <<U>> and get 0 points.
You press <<U>> and get 1 points.
You press <<U>> and get 1 points.
You press <<U>> and get 1 points.
You press <<P>> and get 0 points.
You press <<U>> and get 1 points.
You press <<U>> and get 1 points.
You press <<U>> and get 1 points.
You press <<U>> and get 1 points.
You press <<U>> and get 1 points.
You press <<U>> and get 1 points.
You press <<U>> and get 1 points.
You press <<P>> and get 0 points.
You press <<P>> and get 0 points.
You press <<U>> and get 1 points.
You press <<U>> and get 1 points.
You press <<P>> and get 1 points.
You press <<U>> and get 1 points.
You press <<U>> and get 1 points.
You press <<U>> and get 1 points.
You press <<U>> and get 1 points.
You press <<U>> and get 1 points.
You press <<U>> and get 1 points.
You press <<P>> and get 0 points.
You press <<U>> and get 1 points.
You press <<U>> and get 1 points.
You press <<U>> and get 1 points.
You press <<U>> and get 1 points.
You press <<P>> and get 0 points.
You press <<P>> and get 0 points.
You press <<U>> and get 1 points.
You press <<U>> and get 1 points.
You press <<U>> and get 1 points.
You press <<U>> and get 1 points.
You press <<U>> and get 1 points.
You press <<U>> and get 1 points.
You press <<P>> and get 0 points.
You press <<P>> and get 0 points.
You press <<U>> and get 1 points.
You press <<U>> and get 1 points.
You press <<U>> and get 1 points.
You press <<U>> and get 1 points.
You press <<U>> and get 1 points.
You press <<U>> and get 0 points.
You press <<P>> and get 1 points.
You press <<P>> and get 1 points.
You press <<U>> and get 0 points.
You press <<P>> and get 1 points.
You press <<P>> and get 1 points.
You press <<P>> and get 1 points.
You press <<P>> and get 1 points.
You press <<P>> and get 1 points.
You press <<P>> and get 1 points.
You press <<P>> and get 1 points.
You press <<P>> and get 1 points.
You press <<P>> and get 1 points.
You press <<P>> and get 1 points.
You press <<P>> and get 1 points.
You press <<P>> and get 1 points.
You press <<P>> and get 1 points.
You press <<P>> and get 1 points.
You press <<P>> and get 1 points.
You press <<P>> and get 1 points.
You press <<P>> and get 1 points.
You press <<P>> and get 1 points.
You press <<P>> and get 1 points.
You press <<P>> and get 1 points.
You press <<P>> and get 1 points.
You press <<U>> and get 0 points.
You press <<P>> and get 1 points.
You press <<P>> and get 1 points.
You press <<P>> and get 1 points.
You press <<P>> and get 1 points.
You press <<P>> and get 1 points.
You press <<P>> and get  points.
You press <<",1,0.0673828125,0.93359375,0.04443359375,-0.04296875,84,78908,0.02294921875,0.9765625
1050,choice,"In this task, you have to repeatedly choose between two slot machines labeled U and P.
You can choose a slot machine by pressing its corresponding key.When you select one of the machines, you will win 1 or 0 points.Your goal is to choose the slot machines that will give you the most points.You will receive feedback about the outcome after making a choice.
The environment may change unpredictably, and past success does not guarantee future results. You’ll need to adapt to these changes to keep finding the better machine.You will play 1 game in total, consisting of 100 trials. Game 1:You press <<U>> and get 1 points.
You press <<U>> and get 1 points.
You press <<U>> and get 1 points.
You press <<U>> and get 0 points.
You press <<U>> and get 1 points.
You press <<P>> and get 0 points.
You press <<U>> and get 1 points.
You press <<P>> and get 0 points.
You press <<U>> and get 1 points.
You press <<U>> and get 0 points.
You press <<U>> and get 1 points.
You press <<U>> and get 1 points.
You press <<U>> and get 1 points.
You press <<P>> and get 0 points.
You press <<U>> and get 1 points.
You press <<U>> and get 1 points.
You press <<U>> and get 1 points.
You press <<U>> and get 1 points.
You press <<U>> and get 1 points.
You press <<U>> and get 1 points.
You press <<U>> and get 1 points.
You press <<P>> and get 0 points.
You press <<P>> and get 0 points.
You press <<U>> and get 1 points.
You press <<U>> and get 1 points.
You press <<P>> and get 1 points.
You press <<U>> and get 1 points.
You press <<U>> and get 1 points.
You press <<U>> and get 1 points.
You press <<U>> and get 1 points.
You press <<U>> and get 1 points.
You press <<U>> and get 1 points.
You press <<P>> and get 0 points.
You press <<U>> and get 1 points.
You press <<U>> and get 1 points.
You press <<U>> and get 1 points.
You press <<U>> and get 1 points.
You press <<P>> and get 0 points.
You press <<P>> and get 0 points.
You press <<U>> and get 1 points.
You press <<U>> and get 1 points.
You press <<U>> and get 1 points.
You press <<U>> and get 1 points.
You press <<U>> and get 1 points.
You press <<U>> and get 1 points.
You press <<P>> and get 0 points.
You press <<P>> and get 0 points.
You press <<U>> and get 1 points.
You press <<U>> and get 1 points.
You press <<U>> and get 1 points.
You press <<U>> and get 1 points.
You press <<U>> and get 1 points.
You press <<U>> and get 0 points.
You press <<P>> and get 1 points.
You press <<P>> and get 1 points.
You press <<U>> and get 0 points.
You press <<P>> and get 1 points.
You press <<P>> and get 1 points.
You press <<P>> and get 1 points.
You press <<P>> and get 1 points.
You press <<P>> and get 1 points.
You press <<P>> and get 1 points.
You press <<P>> and get 1 points.
You press <<P>> and get 1 points.
You press <<P>> and get 1 points.
You press <<P>> and get 1 points.
You press <<P>> and get 1 points.
You press <<P>> and get 1 points.
You press <<P>> and get 1 points.
You press <<P>> and get 1 points.
You press <<P>> and get 1 points.
You press <<P>> and get 1 points.
You press <<P>> and get 1 points.
You press <<P>> and get 1 points.
You press <<P>> and get 1 points.
You press <<P>> and get 1 points.
You press <<P>> and get 1 points.
You press <<U>> and get 0 points.
You press <<P>> and get 1 points.
You press <<P>> and get 1 points.
You press <<P>> and get 1 points.
You press <<P>> and get 1 points.
You press <<P>> and get 1 points.
You press <<P>> and get 1 points.
You press <<>> and get 1 points.
You press <<",U,0.07421875,0.90625,-0.36328125,0.34375,85,78908,0.4375,0.5625
1055,reward,"In this task, you have to repeatedly choose between two slot machines labeled U and P.
You can choose a slot machine by pressing its corresponding key.When you select one of the machines, you will win 1 or 0 points.Your goal is to choose the slot machines that will give you the most points.You will receive feedback about the outcome after making a choice.
The environment may change unpredictably, and past success does not guarantee future results. You’ll need to adapt to these changes to keep finding the better machine.You will play 1 game in total, consisting of 100 trials. Game 1:You press <<U>> and get 1 points.
You press <<U>> and get 1 points.
You press <<U>> and get 1 points.
You press <<U>> and get 0 points.
You press <<U>> and get 1 points.
You press <<P>> and get 0 points.
You press <<U>> and get 1 points.
You press <<P>> and get 0 points.
You press <<U>> and get 1 points.
You press <<U>> and get 0 points.
You press <<U>> and get 1 points.
You press <<U>> and get 1 points.
You press <<U>> and get 1 points.
You press <<P>> and get 0 points.
You press <<U>> and get 1 points.
You press <<U>> and get 1 points.
You press <<U>> and get 1 points.
You press <<U>> and get 1 points.
You press <<U>> and get 1 points.
You press <<U>> and get 1 points.
You press <<U>> and get 1 points.
You press <<P>> and get 0 points.
You press <<P>> and get 0 points.
You press <<U>> and get 1 points.
You press <<U>> and get 1 points.
You press <<P>> and get 1 points.
You press <<U>> and get 1 points.
You press <<U>> and get 1 points.
You press <<U>> and get 1 points.
You press <<U>> and get 1 points.
You press <<U>> and get 1 points.
You press <<U>> and get 1 points.
You press <<P>> and get 0 points.
You press <<U>> and get 1 points.
You press <<U>> and get 1 points.
You press <<U>> and get 1 points.
You press <<U>> and get 1 points.
You press <<P>> and get 0 points.
You press <<P>> and get 0 points.
You press <<U>> and get 1 points.
You press <<U>> and get 1 points.
You press <<U>> and get 1 points.
You press <<U>> and get 1 points.
You press <<U>> and get 1 points.
You press <<U>> and get 1 points.
You press <<P>> and get 0 points.
You press <<P>> and get 0 points.
You press <<U>> and get 1 points.
You press <<U>> and get 1 points.
You press <<U>> and get 1 points.
You press <<U>> and get 1 points.
You press <<U>> and get 1 points.
You press <<U>> and get 0 points.
You press <<P>> and get 1 points.
You press <<P>> and get 1 points.
You press <<U>> and get 0 points.
You press <<P>> and get 1 points.
You press <<P>> and get 1 points.
You press <<P>> and get 1 points.
You press <<P>> and get 1 points.
You press <<P>> and get 1 points.
You press <<P>> and get 1 points.
You press <<P>> and get 1 points.
You press <<P>> and get 1 points.
You press <<P>> and get 1 points.
You press <<P>> and get 1 points.
You press <<P>> and get 1 points.
You press <<P>> and get 1 points.
You press <<P>> and get 1 points.
You press <<P>> and get 1 points.
You press <<P>> and get 1 points.
You press <<P>> and get 1 points.
You press <<P>> and get 1 points.
You press <<P>> and get 1 points.
You press <<P>> and get 1 points.
You press <<P>> and get 1 points.
You press <<P>> and get 1 points.
You press <<U>> and get 0 points.
You press <<P>> and get 1 points.
You press <<P>> and get 1 points.
You press <<P>> and get 1 points.
You press <<P>> and get 1 points.
You press <<P>> and get 1 points.
You press <<P>> and get 1 points.
You press <<U>> and get  points.
You press <<",1,0.1826171875,0.81640625,-0.2548828125,0.25390625,85,78908,0.4375,0.5625
1061,choice,"In this task, you have to repeatedly choose between two slot machines labeled U and P.
You can choose a slot machine by pressing its corresponding key.When you select one of the machines, you will win 1 or 0 points.Your goal is to choose the slot machines that will give you the most points.You will receive feedback about the outcome after making a choice.
The environment may change unpredictably, and past success does not guarantee future results. You’ll need to adapt to these changes to keep finding the better machine.You will play 1 game in total, consisting of 100 trials. Game 1:You press <<U>> and get 1 points.
You press <<U>> and get 1 points.
You press <<U>> and get 1 points.
You press <<U>> and get 0 points.
You press <<U>> and get 1 points.
You press <<P>> and get 0 points.
You press <<U>> and get 1 points.
You press <<P>> and get 0 points.
You press <<U>> and get 1 points.
You press <<U>> and get 0 points.
You press <<U>> and get 1 points.
You press <<U>> and get 1 points.
You press <<U>> and get 1 points.
You press <<P>> and get 0 points.
You press <<U>> and get 1 points.
You press <<U>> and get 1 points.
You press <<U>> and get 1 points.
You press <<U>> and get 1 points.
You press <<U>> and get 1 points.
You press <<U>> and get 1 points.
You press <<U>> and get 1 points.
You press <<P>> and get 0 points.
You press <<P>> and get 0 points.
You press <<U>> and get 1 points.
You press <<U>> and get 1 points.
You press <<P>> and get 1 points.
You press <<U>> and get 1 points.
You press <<U>> and get 1 points.
You press <<U>> and get 1 points.
You press <<U>> and get 1 points.
You press <<U>> and get 1 points.
You press <<U>> and get 1 points.
You press <<P>> and get 0 points.
You press <<U>> and get 1 points.
You press <<U>> and get 1 points.
You press <<U>> and get 1 points.
You press <<U>> and get 1 points.
You press <<P>> and get 0 points.
You press <<P>> and get 0 points.
You press <<U>> and get 1 points.
You press <<U>> and get 1 points.
You press <<U>> and get 1 points.
You press <<U>> and get 1 points.
You press <<U>> and get 1 points.
You press <<U>> and get 1 points.
You press <<P>> and get 0 points.
You press <<P>> and get 0 points.
You press <<U>> and get 1 points.
You press <<U>> and get 1 points.
You press <<U>> and get 1 points.
You press <<U>> and get 1 points.
You press <<U>> and get 1 points.
You press <<U>> and get 0 points.
You press <<P>> and get 1 points.
You press <<P>> and get 1 points.
You press <<U>> and get 0 points.
You press <<P>> and get 1 points.
You press <<P>> and get 1 points.
You press <<P>> and get 1 points.
You press <<P>> and get 1 points.
You press <<P>> and get 1 points.
You press <<P>> and get 1 points.
You press <<P>> and get 1 points.
You press <<P>> and get 1 points.
You press <<P>> and get 1 points.
You press <<P>> and get 1 points.
You press <<P>> and get 1 points.
You press <<P>> and get 1 points.
You press <<P>> and get 1 points.
You press <<P>> and get 1 points.
You press <<P>> and get 1 points.
You press <<P>> and get 1 points.
You press <<P>> and get 1 points.
You press <<P>> and get 1 points.
You press <<P>> and get 1 points.
You press <<P>> and get 1 points.
You press <<P>> and get 1 points.
You press <<U>> and get 0 points.
You press <<P>> and get 1 points.
You press <<P>> and get 1 points.
You press <<P>> and get 1 points.
You press <<P>> and get 1 points.
You press <<P>> and get 1 points.
You press <<P>> and get 1 points.
You press <<U>> and get 1 points.
You press <<>> and get 1 points.
You press <<",P,0.3671875,0.60546875,0.1650390625,-0.19140625,86,78908,0.2021484375,0.796875
1066,reward,"In this task, you have to repeatedly choose between two slot machines labeled U and P.
You can choose a slot machine by pressing its corresponding key.When you select one of the machines, you will win 1 or 0 points.Your goal is to choose the slot machines that will give you the most points.You will receive feedback about the outcome after making a choice.
The environment may change unpredictably, and past success does not guarantee future results. You’ll need to adapt to these changes to keep finding the better machine.You will play 1 game in total, consisting of 100 trials. Game 1:You press <<U>> and get 1 points.
You press <<U>> and get 1 points.
You press <<U>> and get 1 points.
You press <<U>> and get 0 points.
You press <<U>> and get 1 points.
You press <<P>> and get 0 points.
You press <<U>> and get 1 points.
You press <<P>> and get 0 points.
You press <<U>> and get 1 points.
You press <<U>> and get 0 points.
You press <<U>> and get 1 points.
You press <<U>> and get 1 points.
You press <<U>> and get 1 points.
You press <<P>> and get 0 points.
You press <<U>> and get 1 points.
You press <<U>> and get 1 points.
You press <<U>> and get 1 points.
You press <<U>> and get 1 points.
You press <<U>> and get 1 points.
You press <<U>> and get 1 points.
You press <<U>> and get 1 points.
You press <<P>> and get 0 points.
You press <<P>> and get 0 points.
You press <<U>> and get 1 points.
You press <<U>> and get 1 points.
You press <<P>> and get 1 points.
You press <<U>> and get 1 points.
You press <<U>> and get 1 points.
You press <<U>> and get 1 points.
You press <<U>> and get 1 points.
You press <<U>> and get 1 points.
You press <<U>> and get 1 points.
You press <<P>> and get 0 points.
You press <<U>> and get 1 points.
You press <<U>> and get 1 points.
You press <<U>> and get 1 points.
You press <<U>> and get 1 points.
You press <<P>> and get 0 points.
You press <<P>> and get 0 points.
You press <<U>> and get 1 points.
You press <<U>> and get 1 points.
You press <<U>> and get 1 points.
You press <<U>> and get 1 points.
You press <<U>> and get 1 points.
You press <<U>> and get 1 points.
You press <<P>> and get 0 points.
You press <<P>> and get 0 points.
You press <<U>> and get 1 points.
You press <<U>> and get 1 points.
You press <<U>> and get 1 points.
You press <<U>> and get 1 points.
You press <<U>> and get 1 points.
You press <<U>> and get 0 points.
You press <<P>> and get 1 points.
You press <<P>> and get 1 points.
You press <<U>> and get 0 points.
You press <<P>> and get 1 points.
You press <<P>> and get 1 points.
You press <<P>> and get 1 points.
You press <<P>> and get 1 points.
You press <<P>> and get 1 points.
You press <<P>> and get 1 points.
You press <<P>> and get 1 points.
You press <<P>> and get 1 points.
You press <<P>> and get 1 points.
You press <<P>> and get 1 points.
You press <<P>> and get 1 points.
You press <<P>> and get 1 points.
You press <<P>> and get 1 points.
You press <<P>> and get 1 points.
You press <<P>> and get 1 points.
You press <<P>> and get 1 points.
You press <<P>> and get 1 points.
You press <<P>> and get 1 points.
You press <<P>> and get 1 points.
You press <<P>> and get 1 points.
You press <<P>> and get 1 points.
You press <<U>> and get 0 points.
You press <<P>> and get 1 points.
You press <<P>> and get 1 points.
You press <<P>> and get 1 points.
You press <<P>> and get 1 points.
You press <<P>> and get 1 points.
You press <<P>> and get 1 points.
You press <<U>> and get 1 points.
You press <<P>> and get  points.
You press <<",1,0.40625,0.59375,0.2041015625,-0.203125,86,78908,0.2021484375,0.796875
1072,choice,"In this task, you have to repeatedly choose between two slot machines labeled U and P.
You can choose a slot machine by pressing its corresponding key.When you select one of the machines, you will win 1 or 0 points.Your goal is to choose the slot machines that will give you the most points.You will receive feedback about the outcome after making a choice.
The environment may change unpredictably, and past success does not guarantee future results. You’ll need to adapt to these changes to keep finding the better machine.You will play 1 game in total, consisting of 100 trials. Game 1:You press <<U>> and get 1 points.
You press <<U>> and get 1 points.
You press <<U>> and get 1 points.
You press <<U>> and get 0 points.
You press <<U>> and get 1 points.
You press <<P>> and get 0 points.
You press <<U>> and get 1 points.
You press <<P>> and get 0 points.
You press <<U>> and get 1 points.
You press <<U>> and get 0 points.
You press <<U>> and get 1 points.
You press <<U>> and get 1 points.
You press <<U>> and get 1 points.
You press <<P>> and get 0 points.
You press <<U>> and get 1 points.
You press <<U>> and get 1 points.
You press <<U>> and get 1 points.
You press <<U>> and get 1 points.
You press <<U>> and get 1 points.
You press <<U>> and get 1 points.
You press <<U>> and get 1 points.
You press <<P>> and get 0 points.
You press <<P>> and get 0 points.
You press <<U>> and get 1 points.
You press <<U>> and get 1 points.
You press <<P>> and get 1 points.
You press <<U>> and get 1 points.
You press <<U>> and get 1 points.
You press <<U>> and get 1 points.
You press <<U>> and get 1 points.
You press <<U>> and get 1 points.
You press <<U>> and get 1 points.
You press <<P>> and get 0 points.
You press <<U>> and get 1 points.
You press <<U>> and get 1 points.
You press <<U>> and get 1 points.
You press <<U>> and get 1 points.
You press <<P>> and get 0 points.
You press <<P>> and get 0 points.
You press <<U>> and get 1 points.
You press <<U>> and get 1 points.
You press <<U>> and get 1 points.
You press <<U>> and get 1 points.
You press <<U>> and get 1 points.
You press <<U>> and get 1 points.
You press <<P>> and get 0 points.
You press <<P>> and get 0 points.
You press <<U>> and get 1 points.
You press <<U>> and get 1 points.
You press <<U>> and get 1 points.
You press <<U>> and get 1 points.
You press <<U>> and get 1 points.
You press <<U>> and get 0 points.
You press <<P>> and get 1 points.
You press <<P>> and get 1 points.
You press <<U>> and get 0 points.
You press <<P>> and get 1 points.
You press <<P>> and get 1 points.
You press <<P>> and get 1 points.
You press <<P>> and get 1 points.
You press <<P>> and get 1 points.
You press <<P>> and get 1 points.
You press <<P>> and get 1 points.
You press <<P>> and get 1 points.
You press <<P>> and get 1 points.
You press <<P>> and get 1 points.
You press <<P>> and get 1 points.
You press <<P>> and get 1 points.
You press <<P>> and get 1 points.
You press <<P>> and get 1 points.
You press <<P>> and get 1 points.
You press <<P>> and get 1 points.
You press <<P>> and get 1 points.
You press <<P>> and get 1 points.
You press <<P>> and get 1 points.
You press <<P>> and get 1 points.
You press <<P>> and get 1 points.
You press <<U>> and get 0 points.
You press <<P>> and get 1 points.
You press <<P>> and get 1 points.
You press <<P>> and get 1 points.
You press <<P>> and get 1 points.
You press <<P>> and get 1 points.
You press <<P>> and get 1 points.
You press <<U>> and get 1 points.
You press <<P>> and get 1 points.
You press <<>> and get 1 points.
You press <<",P,0.1982421875,0.78515625,0.091796875,-0.109375,87,78908,0.1064453125,0.89453125
1077,reward,"In this task, you have to repeatedly choose between two slot machines labeled U and P.
You can choose a slot machine by pressing its corresponding key.When you select one of the machines, you will win 1 or 0 points.Your goal is to choose the slot machines that will give you the most points.You will receive feedback about the outcome after making a choice.
The environment may change unpredictably, and past success does not guarantee future results. You’ll need to adapt to these changes to keep finding the better machine.You will play 1 game in total, consisting of 100 trials. Game 1:You press <<U>> and get 1 points.
You press <<U>> and get 1 points.
You press <<U>> and get 1 points.
You press <<U>> and get 0 points.
You press <<U>> and get 1 points.
You press <<P>> and get 0 points.
You press <<U>> and get 1 points.
You press <<P>> and get 0 points.
You press <<U>> and get 1 points.
You press <<U>> and get 0 points.
You press <<U>> and get 1 points.
You press <<U>> and get 1 points.
You press <<U>> and get 1 points.
You press <<P>> and get 0 points.
You press <<U>> and get 1 points.
You press <<U>> and get 1 points.
You press <<U>> and get 1 points.
You press <<U>> and get 1 points.
You press <<U>> and get 1 points.
You press <<U>> and get 1 points.
You press <<U>> and get 1 points.
You press <<P>> and get 0 points.
You press <<P>> and get 0 points.
You press <<U>> and get 1 points.
You press <<U>> and get 1 points.
You press <<P>> and get 1 points.
You press <<U>> and get 1 points.
You press <<U>> and get 1 points.
You press <<U>> and get 1 points.
You press <<U>> and get 1 points.
You press <<U>> and get 1 points.
You press <<U>> and get 1 points.
You press <<P>> and get 0 points.
You press <<U>> and get 1 points.
You press <<U>> and get 1 points.
You press <<U>> and get 1 points.
You press <<U>> and get 1 points.
You press <<P>> and get 0 points.
You press <<P>> and get 0 points.
You press <<U>> and get 1 points.
You press <<U>> and get 1 points.
You press <<U>> and get 1 points.
You press <<U>> and get 1 points.
You press <<U>> and get 1 points.
You press <<U>> and get 1 points.
You press <<P>> and get 0 points.
You press <<P>> and get 0 points.
You press <<U>> and get 1 points.
You press <<U>> and get 1 points.
You press <<U>> and get 1 points.
You press <<U>> and get 1 points.
You press <<U>> and get 1 points.
You press <<U>> and get 0 points.
You press <<P>> and get 1 points.
You press <<P>> and get 1 points.
You press <<U>> and get 0 points.
You press <<P>> and get 1 points.
You press <<P>> and get 1 points.
You press <<P>> and get 1 points.
You press <<P>> and get 1 points.
You press <<P>> and get 1 points.
You press <<P>> and get 1 points.
You press <<P>> and get 1 points.
You press <<P>> and get 1 points.
You press <<P>> and get 1 points.
You press <<P>> and get 1 points.
You press <<P>> and get 1 points.
You press <<P>> and get 1 points.
You press <<P>> and get 1 points.
You press <<P>> and get 1 points.
You press <<P>> and get 1 points.
You press <<P>> and get 1 points.
You press <<P>> and get 1 points.
You press <<P>> and get 1 points.
You press <<P>> and get 1 points.
You press <<P>> and get 1 points.
You press <<P>> and get 1 points.
You press <<U>> and get 0 points.
You press <<P>> and get 1 points.
You press <<P>> and get 1 points.
You press <<P>> and get 1 points.
You press <<P>> and get 1 points.
You press <<P>> and get 1 points.
You press <<P>> and get 1 points.
You press <<U>> and get 1 points.
You press <<P>> and get 1 points.
You press <<P>> and get  points.
You press <<",1,0.2451171875,0.75390625,0.138671875,-0.140625,87,78908,0.1064453125,0.89453125
1083,choice,"In this task, you have to repeatedly choose between two slot machines labeled U and P.
You can choose a slot machine by pressing its corresponding key.When you select one of the machines, you will win 1 or 0 points.Your goal is to choose the slot machines that will give you the most points.You will receive feedback about the outcome after making a choice.
The environment may change unpredictably, and past success does not guarantee future results. You’ll need to adapt to these changes to keep finding the better machine.You will play 1 game in total, consisting of 100 trials. Game 1:You press <<U>> and get 1 points.
You press <<U>> and get 1 points.
You press <<U>> and get 1 points.
You press <<U>> and get 0 points.
You press <<U>> and get 1 points.
You press <<P>> and get 0 points.
You press <<U>> and get 1 points.
You press <<P>> and get 0 points.
You press <<U>> and get 1 points.
You press <<U>> and get 0 points.
You press <<U>> and get 1 points.
You press <<U>> and get 1 points.
You press <<U>> and get 1 points.
You press <<P>> and get 0 points.
You press <<U>> and get 1 points.
You press <<U>> and get 1 points.
You press <<U>> and get 1 points.
You press <<U>> and get 1 points.
You press <<U>> and get 1 points.
You press <<U>> and get 1 points.
You press <<U>> and get 1 points.
You press <<P>> and get 0 points.
You press <<P>> and get 0 points.
You press <<U>> and get 1 points.
You press <<U>> and get 1 points.
You press <<P>> and get 1 points.
You press <<U>> and get 1 points.
You press <<U>> and get 1 points.
You press <<U>> and get 1 points.
You press <<U>> and get 1 points.
You press <<U>> and get 1 points.
You press <<U>> and get 1 points.
You press <<P>> and get 0 points.
You press <<U>> and get 1 points.
You press <<U>> and get 1 points.
You press <<U>> and get 1 points.
You press <<U>> and get 1 points.
You press <<P>> and get 0 points.
You press <<P>> and get 0 points.
You press <<U>> and get 1 points.
You press <<U>> and get 1 points.
You press <<U>> and get 1 points.
You press <<U>> and get 1 points.
You press <<U>> and get 1 points.
You press <<U>> and get 1 points.
You press <<P>> and get 0 points.
You press <<P>> and get 0 points.
You press <<U>> and get 1 points.
You press <<U>> and get 1 points.
You press <<U>> and get 1 points.
You press <<U>> and get 1 points.
You press <<U>> and get 1 points.
You press <<U>> and get 0 points.
You press <<P>> and get 1 points.
You press <<P>> and get 1 points.
You press <<U>> and get 0 points.
You press <<P>> and get 1 points.
You press <<P>> and get 1 points.
You press <<P>> and get 1 points.
You press <<P>> and get 1 points.
You press <<P>> and get 1 points.
You press <<P>> and get 1 points.
You press <<P>> and get 1 points.
You press <<P>> and get 1 points.
You press <<P>> and get 1 points.
You press <<P>> and get 1 points.
You press <<P>> and get 1 points.
You press <<P>> and get 1 points.
You press <<P>> and get 1 points.
You press <<P>> and get 1 points.
You press <<P>> and get 1 points.
You press <<P>> and get 1 points.
You press <<P>> and get 1 points.
You press <<P>> and get 1 points.
You press <<P>> and get 1 points.
You press <<P>> and get 1 points.
You press <<P>> and get 1 points.
You press <<U>> and get 0 points.
You press <<P>> and get 1 points.
You press <<P>> and get 1 points.
You press <<P>> and get 1 points.
You press <<P>> and get 1 points.
You press <<P>> and get 1 points.
You press <<P>> and get 1 points.
You press <<U>> and get 1 points.
You press <<P>> and get 1 points.
You press <<P>> and get 1 points.
You press <<>> and get 1 points.
You press <<",P,0.1611328125,0.8203125,0.06591796875,-0.0859375,88,78908,0.09521484375,0.90625
1088,reward,"In this task, you have to repeatedly choose between two slot machines labeled U and P.
You can choose a slot machine by pressing its corresponding key.When you select one of the machines, you will win 1 or 0 points.Your goal is to choose the slot machines that will give you the most points.You will receive feedback about the outcome after making a choice.
The environment may change unpredictably, and past success does not guarantee future results. You’ll need to adapt to these changes to keep finding the better machine.You will play 1 game in total, consisting of 100 trials. Game 1:You press <<U>> and get 1 points.
You press <<U>> and get 1 points.
You press <<U>> and get 1 points.
You press <<U>> and get 0 points.
You press <<U>> and get 1 points.
You press <<P>> and get 0 points.
You press <<U>> and get 1 points.
You press <<P>> and get 0 points.
You press <<U>> and get 1 points.
You press <<U>> and get 0 points.
You press <<U>> and get 1 points.
You press <<U>> and get 1 points.
You press <<U>> and get 1 points.
You press <<P>> and get 0 points.
You press <<U>> and get 1 points.
You press <<U>> and get 1 points.
You press <<U>> and get 1 points.
You press <<U>> and get 1 points.
You press <<U>> and get 1 points.
You press <<U>> and get 1 points.
You press <<U>> and get 1 points.
You press <<P>> and get 0 points.
You press <<P>> and get 0 points.
You press <<U>> and get 1 points.
You press <<U>> and get 1 points.
You press <<P>> and get 1 points.
You press <<U>> and get 1 points.
You press <<U>> and get 1 points.
You press <<U>> and get 1 points.
You press <<U>> and get 1 points.
You press <<U>> and get 1 points.
You press <<U>> and get 1 points.
You press <<P>> and get 0 points.
You press <<U>> and get 1 points.
You press <<U>> and get 1 points.
You press <<U>> and get 1 points.
You press <<U>> and get 1 points.
You press <<P>> and get 0 points.
You press <<P>> and get 0 points.
You press <<U>> and get 1 points.
You press <<U>> and get 1 points.
You press <<U>> and get 1 points.
You press <<U>> and get 1 points.
You press <<U>> and get 1 points.
You press <<U>> and get 1 points.
You press <<P>> and get 0 points.
You press <<P>> and get 0 points.
You press <<U>> and get 1 points.
You press <<U>> and get 1 points.
You press <<U>> and get 1 points.
You press <<U>> and get 1 points.
You press <<U>> and get 1 points.
You press <<U>> and get 0 points.
You press <<P>> and get 1 points.
You press <<P>> and get 1 points.
You press <<U>> and get 0 points.
You press <<P>> and get 1 points.
You press <<P>> and get 1 points.
You press <<P>> and get 1 points.
You press <<P>> and get 1 points.
You press <<P>> and get 1 points.
You press <<P>> and get 1 points.
You press <<P>> and get 1 points.
You press <<P>> and get 1 points.
You press <<P>> and get 1 points.
You press <<P>> and get 1 points.
You press <<P>> and get 1 points.
You press <<P>> and get 1 points.
You press <<P>> and get 1 points.
You press <<P>> and get 1 points.
You press <<P>> and get 1 points.
You press <<P>> and get 1 points.
You press <<P>> and get 1 points.
You press <<P>> and get 1 points.
You press <<P>> and get 1 points.
You press <<P>> and get 1 points.
You press <<P>> and get 1 points.
You press <<U>> and get 0 points.
You press <<P>> and get 1 points.
You press <<P>> and get 1 points.
You press <<P>> and get 1 points.
You press <<P>> and get 1 points.
You press <<P>> and get 1 points.
You press <<P>> and get 1 points.
You press <<U>> and get 1 points.
You press <<P>> and get 1 points.
You press <<P>> and get 1 points.
You press <<P>> and get  points.
You press <<",1,0.1826171875,0.81640625,0.08740234375,-0.08984375,88,78908,0.09521484375,0.90625
1094,choice,"In this task, you have to repeatedly choose between two slot machines labeled U and P.
You can choose a slot machine by pressing its corresponding key.When you select one of the machines, you will win 1 or 0 points.Your goal is to choose the slot machines that will give you the most points.You will receive feedback about the outcome after making a choice.
The environment may change unpredictably, and past success does not guarantee future results. You’ll need to adapt to these changes to keep finding the better machine.You will play 1 game in total, consisting of 100 trials. Game 1:You press <<U>> and get 1 points.
You press <<U>> and get 1 points.
You press <<U>> and get 1 points.
You press <<U>> and get 0 points.
You press <<U>> and get 1 points.
You press <<P>> and get 0 points.
You press <<U>> and get 1 points.
You press <<P>> and get 0 points.
You press <<U>> and get 1 points.
You press <<U>> and get 0 points.
You press <<U>> and get 1 points.
You press <<U>> and get 1 points.
You press <<U>> and get 1 points.
You press <<P>> and get 0 points.
You press <<U>> and get 1 points.
You press <<U>> and get 1 points.
You press <<U>> and get 1 points.
You press <<U>> and get 1 points.
You press <<U>> and get 1 points.
You press <<U>> and get 1 points.
You press <<U>> and get 1 points.
You press <<P>> and get 0 points.
You press <<P>> and get 0 points.
You press <<U>> and get 1 points.
You press <<U>> and get 1 points.
You press <<P>> and get 1 points.
You press <<U>> and get 1 points.
You press <<U>> and get 1 points.
You press <<U>> and get 1 points.
You press <<U>> and get 1 points.
You press <<U>> and get 1 points.
You press <<U>> and get 1 points.
You press <<P>> and get 0 points.
You press <<U>> and get 1 points.
You press <<U>> and get 1 points.
You press <<U>> and get 1 points.
You press <<U>> and get 1 points.
You press <<P>> and get 0 points.
You press <<P>> and get 0 points.
You press <<U>> and get 1 points.
You press <<U>> and get 1 points.
You press <<U>> and get 1 points.
You press <<U>> and get 1 points.
You press <<U>> and get 1 points.
You press <<U>> and get 1 points.
You press <<P>> and get 0 points.
You press <<P>> and get 0 points.
You press <<U>> and get 1 points.
You press <<U>> and get 1 points.
You press <<U>> and get 1 points.
You press <<U>> and get 1 points.
You press <<U>> and get 1 points.
You press <<U>> and get 0 points.
You press <<P>> and get 1 points.
You press <<P>> and get 1 points.
You press <<U>> and get 0 points.
You press <<P>> and get 1 points.
You press <<P>> and get 1 points.
You press <<P>> and get 1 points.
You press <<P>> and get 1 points.
You press <<P>> and get 1 points.
You press <<P>> and get 1 points.
You press <<P>> and get 1 points.
You press <<P>> and get 1 points.
You press <<P>> and get 1 points.
You press <<P>> and get 1 points.
You press <<P>> and get 1 points.
You press <<P>> and get 1 points.
You press <<P>> and get 1 points.
You press <<P>> and get 1 points.
You press <<P>> and get 1 points.
You press <<P>> and get 1 points.
You press <<P>> and get 1 points.
You press <<P>> and get 1 points.
You press <<P>> and get 1 points.
You press <<P>> and get 1 points.
You press <<P>> and get 1 points.
You press <<U>> and get 0 points.
You press <<P>> and get 1 points.
You press <<P>> and get 1 points.
You press <<P>> and get 1 points.
You press <<P>> and get 1 points.
You press <<P>> and get 1 points.
You press <<P>> and get 1 points.
You press <<U>> and get 1 points.
You press <<P>> and get 1 points.
You press <<P>> and get 1 points.
You press <<P>> and get 1 points.
You press <<>> and get 1 points.
You press <<",U,0.1455078125,0.83984375,-0.1494140625,0.1328125,89,78908,0.294921875,0.70703125
1099,reward,"In this task, you have to repeatedly choose between two slot machines labeled U and P.
You can choose a slot machine by pressing its corresponding key.When you select one of the machines, you will win 1 or 0 points.Your goal is to choose the slot machines that will give you the most points.You will receive feedback about the outcome after making a choice.
The environment may change unpredictably, and past success does not guarantee future results. You’ll need to adapt to these changes to keep finding the better machine.You will play 1 game in total, consisting of 100 trials. Game 1:You press <<U>> and get 1 points.
You press <<U>> and get 1 points.
You press <<U>> and get 1 points.
You press <<U>> and get 0 points.
You press <<U>> and get 1 points.
You press <<P>> and get 0 points.
You press <<U>> and get 1 points.
You press <<P>> and get 0 points.
You press <<U>> and get 1 points.
You press <<U>> and get 0 points.
You press <<U>> and get 1 points.
You press <<U>> and get 1 points.
You press <<U>> and get 1 points.
You press <<P>> and get 0 points.
You press <<U>> and get 1 points.
You press <<U>> and get 1 points.
You press <<U>> and get 1 points.
You press <<U>> and get 1 points.
You press <<U>> and get 1 points.
You press <<U>> and get 1 points.
You press <<U>> and get 1 points.
You press <<P>> and get 0 points.
You press <<P>> and get 0 points.
You press <<U>> and get 1 points.
You press <<U>> and get 1 points.
You press <<P>> and get 1 points.
You press <<U>> and get 1 points.
You press <<U>> and get 1 points.
You press <<U>> and get 1 points.
You press <<U>> and get 1 points.
You press <<U>> and get 1 points.
You press <<U>> and get 1 points.
You press <<P>> and get 0 points.
You press <<U>> and get 1 points.
You press <<U>> and get 1 points.
You press <<U>> and get 1 points.
You press <<U>> and get 1 points.
You press <<P>> and get 0 points.
You press <<P>> and get 0 points.
You press <<U>> and get 1 points.
You press <<U>> and get 1 points.
You press <<U>> and get 1 points.
You press <<U>> and get 1 points.
You press <<U>> and get 1 points.
You press <<U>> and get 1 points.
You press <<P>> and get 0 points.
You press <<P>> and get 0 points.
You press <<U>> and get 1 points.
You press <<U>> and get 1 points.
You press <<U>> and get 1 points.
You press <<U>> and get 1 points.
You press <<U>> and get 1 points.
You press <<U>> and get 0 points.
You press <<P>> and get 1 points.
You press <<P>> and get 1 points.
You press <<U>> and get 0 points.
You press <<P>> and get 1 points.
You press <<P>> and get 1 points.
You press <<P>> and get 1 points.
You press <<P>> and get 1 points.
You press <<P>> and get 1 points.
You press <<P>> and get 1 points.
You press <<P>> and get 1 points.
You press <<P>> and get 1 points.
You press <<P>> and get 1 points.
You press <<P>> and get 1 points.
You press <<P>> and get 1 points.
You press <<P>> and get 1 points.
You press <<P>> and get 1 points.
You press <<P>> and get 1 points.
You press <<P>> and get 1 points.
You press <<P>> and get 1 points.
You press <<P>> and get 1 points.
You press <<P>> and get 1 points.
You press <<P>> and get 1 points.
You press <<P>> and get 1 points.
You press <<P>> and get 1 points.
You press <<U>> and get 0 points.
You press <<P>> and get 1 points.
You press <<P>> and get 1 points.
You press <<P>> and get 1 points.
You press <<P>> and get 1 points.
You press <<P>> and get 1 points.
You press <<P>> and get 1 points.
You press <<U>> and get 1 points.
You press <<P>> and get 1 points.
You press <<P>> and get 1 points.
You press <<P>> and get 1 points.
You press <<U>> and get  points.
You press <<",1,0.2021484375,0.796875,-0.0927734375,0.08984375,89,78908,0.294921875,0.70703125
1105,choice,"In this task, you have to repeatedly choose between two slot machines labeled U and P.
You can choose a slot machine by pressing its corresponding key.When you select one of the machines, you will win 1 or 0 points.Your goal is to choose the slot machines that will give you the most points.You will receive feedback about the outcome after making a choice.
The environment may change unpredictably, and past success does not guarantee future results. You’ll need to adapt to these changes to keep finding the better machine.You will play 1 game in total, consisting of 100 trials. Game 1:You press <<U>> and get 1 points.
You press <<U>> and get 1 points.
You press <<U>> and get 1 points.
You press <<U>> and get 0 points.
You press <<U>> and get 1 points.
You press <<P>> and get 0 points.
You press <<U>> and get 1 points.
You press <<P>> and get 0 points.
You press <<U>> and get 1 points.
You press <<U>> and get 0 points.
You press <<U>> and get 1 points.
You press <<U>> and get 1 points.
You press <<U>> and get 1 points.
You press <<P>> and get 0 points.
You press <<U>> and get 1 points.
You press <<U>> and get 1 points.
You press <<U>> and get 1 points.
You press <<U>> and get 1 points.
You press <<U>> and get 1 points.
You press <<U>> and get 1 points.
You press <<U>> and get 1 points.
You press <<P>> and get 0 points.
You press <<P>> and get 0 points.
You press <<U>> and get 1 points.
You press <<U>> and get 1 points.
You press <<P>> and get 1 points.
You press <<U>> and get 1 points.
You press <<U>> and get 1 points.
You press <<U>> and get 1 points.
You press <<U>> and get 1 points.
You press <<U>> and get 1 points.
You press <<U>> and get 1 points.
You press <<P>> and get 0 points.
You press <<U>> and get 1 points.
You press <<U>> and get 1 points.
You press <<U>> and get 1 points.
You press <<U>> and get 1 points.
You press <<P>> and get 0 points.
You press <<P>> and get 0 points.
You press <<U>> and get 1 points.
You press <<U>> and get 1 points.
You press <<U>> and get 1 points.
You press <<U>> and get 1 points.
You press <<U>> and get 1 points.
You press <<U>> and get 1 points.
You press <<P>> and get 0 points.
You press <<P>> and get 0 points.
You press <<U>> and get 1 points.
You press <<U>> and get 1 points.
You press <<U>> and get 1 points.
You press <<U>> and get 1 points.
You press <<U>> and get 1 points.
You press <<U>> and get 0 points.
You press <<P>> and get 1 points.
You press <<P>> and get 1 points.
You press <<U>> and get 0 points.
You press <<P>> and get 1 points.
You press <<P>> and get 1 points.
You press <<P>> and get 1 points.
You press <<P>> and get 1 points.
You press <<P>> and get 1 points.
You press <<P>> and get 1 points.
You press <<P>> and get 1 points.
You press <<P>> and get 1 points.
You press <<P>> and get 1 points.
You press <<P>> and get 1 points.
You press <<P>> and get 1 points.
You press <<P>> and get 1 points.
You press <<P>> and get 1 points.
You press <<P>> and get 1 points.
You press <<P>> and get 1 points.
You press <<P>> and get 1 points.
You press <<P>> and get 1 points.
You press <<P>> and get 1 points.
You press <<P>> and get 1 points.
You press <<P>> and get 1 points.
You press <<P>> and get 1 points.
You press <<U>> and get 0 points.
You press <<P>> and get 1 points.
You press <<P>> and get 1 points.
You press <<P>> and get 1 points.
You press <<P>> and get 1 points.
You press <<P>> and get 1 points.
You press <<P>> and get 1 points.
You press <<U>> and get 1 points.
You press <<P>> and get 1 points.
You press <<P>> and get 1 points.
You press <<P>> and get 1 points.
You press <<U>> and get 1 points.
You press <<>> and get 1 points.
You press <<",U,0.2890625,0.69140625,-0.2421875,0.22265625,90,78908,0.53125,0.46875
1110,reward,"In this task, you have to repeatedly choose between two slot machines labeled U and P.
You can choose a slot machine by pressing its corresponding key.When you select one of the machines, you will win 1 or 0 points.Your goal is to choose the slot machines that will give you the most points.You will receive feedback about the outcome after making a choice.
The environment may change unpredictably, and past success does not guarantee future results. You’ll need to adapt to these changes to keep finding the better machine.You will play 1 game in total, consisting of 100 trials. Game 1:You press <<U>> and get 1 points.
You press <<U>> and get 1 points.
You press <<U>> and get 1 points.
You press <<U>> and get 0 points.
You press <<U>> and get 1 points.
You press <<P>> and get 0 points.
You press <<U>> and get 1 points.
You press <<P>> and get 0 points.
You press <<U>> and get 1 points.
You press <<U>> and get 0 points.
You press <<U>> and get 1 points.
You press <<U>> and get 1 points.
You press <<U>> and get 1 points.
You press <<P>> and get 0 points.
You press <<U>> and get 1 points.
You press <<U>> and get 1 points.
You press <<U>> and get 1 points.
You press <<U>> and get 1 points.
You press <<U>> and get 1 points.
You press <<U>> and get 1 points.
You press <<U>> and get 1 points.
You press <<P>> and get 0 points.
You press <<P>> and get 0 points.
You press <<U>> and get 1 points.
You press <<U>> and get 1 points.
You press <<P>> and get 1 points.
You press <<U>> and get 1 points.
You press <<U>> and get 1 points.
You press <<U>> and get 1 points.
You press <<U>> and get 1 points.
You press <<U>> and get 1 points.
You press <<U>> and get 1 points.
You press <<P>> and get 0 points.
You press <<U>> and get 1 points.
You press <<U>> and get 1 points.
You press <<U>> and get 1 points.
You press <<U>> and get 1 points.
You press <<P>> and get 0 points.
You press <<P>> and get 0 points.
You press <<U>> and get 1 points.
You press <<U>> and get 1 points.
You press <<U>> and get 1 points.
You press <<U>> and get 1 points.
You press <<U>> and get 1 points.
You press <<U>> and get 1 points.
You press <<P>> and get 0 points.
You press <<P>> and get 0 points.
You press <<U>> and get 1 points.
You press <<U>> and get 1 points.
You press <<U>> and get 1 points.
You press <<U>> and get 1 points.
You press <<U>> and get 1 points.
You press <<U>> and get 0 points.
You press <<P>> and get 1 points.
You press <<P>> and get 1 points.
You press <<U>> and get 0 points.
You press <<P>> and get 1 points.
You press <<P>> and get 1 points.
You press <<P>> and get 1 points.
You press <<P>> and get 1 points.
You press <<P>> and get 1 points.
You press <<P>> and get 1 points.
You press <<P>> and get 1 points.
You press <<P>> and get 1 points.
You press <<P>> and get 1 points.
You press <<P>> and get 1 points.
You press <<P>> and get 1 points.
You press <<P>> and get 1 points.
You press <<P>> and get 1 points.
You press <<P>> and get 1 points.
You press <<P>> and get 1 points.
You press <<P>> and get 1 points.
You press <<P>> and get 1 points.
You press <<P>> and get 1 points.
You press <<P>> and get 1 points.
You press <<P>> and get 1 points.
You press <<P>> and get 1 points.
You press <<U>> and get 0 points.
You press <<P>> and get 1 points.
You press <<P>> and get 1 points.
You press <<P>> and get 1 points.
You press <<P>> and get 1 points.
You press <<P>> and get 1 points.
You press <<P>> and get 1 points.
You press <<U>> and get 1 points.
You press <<P>> and get 1 points.
You press <<P>> and get 1 points.
You press <<P>> and get 1 points.
You press <<U>> and get 1 points.
You press <<U>> and get  points.
You press <<",1,0.376953125,0.62109375,-0.154296875,0.15234375,90,78908,0.53125,0.46875
1116,choice,"In this task, you have to repeatedly choose between two slot machines labeled U and P.
You can choose a slot machine by pressing its corresponding key.When you select one of the machines, you will win 1 or 0 points.Your goal is to choose the slot machines that will give you the most points.You will receive feedback about the outcome after making a choice.
The environment may change unpredictably, and past success does not guarantee future results. You’ll need to adapt to these changes to keep finding the better machine.You will play 1 game in total, consisting of 100 trials. Game 1:You press <<U>> and get 1 points.
You press <<U>> and get 1 points.
You press <<U>> and get 1 points.
You press <<U>> and get 0 points.
You press <<U>> and get 1 points.
You press <<P>> and get 0 points.
You press <<U>> and get 1 points.
You press <<P>> and get 0 points.
You press <<U>> and get 1 points.
You press <<U>> and get 0 points.
You press <<U>> and get 1 points.
You press <<U>> and get 1 points.
You press <<U>> and get 1 points.
You press <<P>> and get 0 points.
You press <<U>> and get 1 points.
You press <<U>> and get 1 points.
You press <<U>> and get 1 points.
You press <<U>> and get 1 points.
You press <<U>> and get 1 points.
You press <<U>> and get 1 points.
You press <<U>> and get 1 points.
You press <<P>> and get 0 points.
You press <<P>> and get 0 points.
You press <<U>> and get 1 points.
You press <<U>> and get 1 points.
You press <<P>> and get 1 points.
You press <<U>> and get 1 points.
You press <<U>> and get 1 points.
You press <<U>> and get 1 points.
You press <<U>> and get 1 points.
You press <<U>> and get 1 points.
You press <<U>> and get 1 points.
You press <<P>> and get 0 points.
You press <<U>> and get 1 points.
You press <<U>> and get 1 points.
You press <<U>> and get 1 points.
You press <<U>> and get 1 points.
You press <<P>> and get 0 points.
You press <<P>> and get 0 points.
You press <<U>> and get 1 points.
You press <<U>> and get 1 points.
You press <<U>> and get 1 points.
You press <<U>> and get 1 points.
You press <<U>> and get 1 points.
You press <<U>> and get 1 points.
You press <<P>> and get 0 points.
You press <<P>> and get 0 points.
You press <<U>> and get 1 points.
You press <<U>> and get 1 points.
You press <<U>> and get 1 points.
You press <<U>> and get 1 points.
You press <<U>> and get 1 points.
You press <<U>> and get 0 points.
You press <<P>> and get 1 points.
You press <<P>> and get 1 points.
You press <<U>> and get 0 points.
You press <<P>> and get 1 points.
You press <<P>> and get 1 points.
You press <<P>> and get 1 points.
You press <<P>> and get 1 points.
You press <<P>> and get 1 points.
You press <<P>> and get 1 points.
You press <<P>> and get 1 points.
You press <<P>> and get 1 points.
You press <<P>> and get 1 points.
You press <<P>> and get 1 points.
You press <<P>> and get 1 points.
You press <<P>> and get 1 points.
You press <<P>> and get 1 points.
You press <<P>> and get 1 points.
You press <<P>> and get 1 points.
You press <<P>> and get 1 points.
You press <<P>> and get 1 points.
You press <<P>> and get 1 points.
You press <<P>> and get 1 points.
You press <<P>> and get 1 points.
You press <<P>> and get 1 points.
You press <<U>> and get 0 points.
You press <<P>> and get 1 points.
You press <<P>> and get 1 points.
You press <<P>> and get 1 points.
You press <<P>> and get 1 points.
You press <<P>> and get 1 points.
You press <<P>> and get 1 points.
You press <<U>> and get 1 points.
You press <<P>> and get 1 points.
You press <<P>> and get 1 points.
You press <<P>> and get 1 points.
You press <<U>> and get 1 points.
You press <<U>> and get 1 points.
You press <<>> and get 1 points.
You press <<",P,0.396484375,0.578125,0.1015625,-0.12890625,91,78908,0.294921875,0.70703125
1121,reward,"In this task, you have to repeatedly choose between two slot machines labeled U and P.
You can choose a slot machine by pressing its corresponding key.When you select one of the machines, you will win 1 or 0 points.Your goal is to choose the slot machines that will give you the most points.You will receive feedback about the outcome after making a choice.
The environment may change unpredictably, and past success does not guarantee future results. You’ll need to adapt to these changes to keep finding the better machine.You will play 1 game in total, consisting of 100 trials. Game 1:You press <<U>> and get 1 points.
You press <<U>> and get 1 points.
You press <<U>> and get 1 points.
You press <<U>> and get 0 points.
You press <<U>> and get 1 points.
You press <<P>> and get 0 points.
You press <<U>> and get 1 points.
You press <<P>> and get 0 points.
You press <<U>> and get 1 points.
You press <<U>> and get 0 points.
You press <<U>> and get 1 points.
You press <<U>> and get 1 points.
You press <<U>> and get 1 points.
You press <<P>> and get 0 points.
You press <<U>> and get 1 points.
You press <<U>> and get 1 points.
You press <<U>> and get 1 points.
You press <<U>> and get 1 points.
You press <<U>> and get 1 points.
You press <<U>> and get 1 points.
You press <<U>> and get 1 points.
You press <<P>> and get 0 points.
You press <<P>> and get 0 points.
You press <<U>> and get 1 points.
You press <<U>> and get 1 points.
You press <<P>> and get 1 points.
You press <<U>> and get 1 points.
You press <<U>> and get 1 points.
You press <<U>> and get 1 points.
You press <<U>> and get 1 points.
You press <<U>> and get 1 points.
You press <<U>> and get 1 points.
You press <<P>> and get 0 points.
You press <<U>> and get 1 points.
You press <<U>> and get 1 points.
You press <<U>> and get 1 points.
You press <<U>> and get 1 points.
You press <<P>> and get 0 points.
You press <<P>> and get 0 points.
You press <<U>> and get 1 points.
You press <<U>> and get 1 points.
You press <<U>> and get 1 points.
You press <<U>> and get 1 points.
You press <<U>> and get 1 points.
You press <<U>> and get 1 points.
You press <<P>> and get 0 points.
You press <<P>> and get 0 points.
You press <<U>> and get 1 points.
You press <<U>> and get 1 points.
You press <<U>> and get 1 points.
You press <<U>> and get 1 points.
You press <<U>> and get 1 points.
You press <<U>> and get 0 points.
You press <<P>> and get 1 points.
You press <<P>> and get 1 points.
You press <<U>> and get 0 points.
You press <<P>> and get 1 points.
You press <<P>> and get 1 points.
You press <<P>> and get 1 points.
You press <<P>> and get 1 points.
You press <<P>> and get 1 points.
You press <<P>> and get 1 points.
You press <<P>> and get 1 points.
You press <<P>> and get 1 points.
You press <<P>> and get 1 points.
You press <<P>> and get 1 points.
You press <<P>> and get 1 points.
You press <<P>> and get 1 points.
You press <<P>> and get 1 points.
You press <<P>> and get 1 points.
You press <<P>> and get 1 points.
You press <<P>> and get 1 points.
You press <<P>> and get 1 points.
You press <<P>> and get 1 points.
You press <<P>> and get 1 points.
You press <<P>> and get 1 points.
You press <<P>> and get 1 points.
You press <<U>> and get 0 points.
You press <<P>> and get 1 points.
You press <<P>> and get 1 points.
You press <<P>> and get 1 points.
You press <<P>> and get 1 points.
You press <<P>> and get 1 points.
You press <<P>> and get 1 points.
You press <<U>> and get 1 points.
You press <<P>> and get 1 points.
You press <<P>> and get 1 points.
You press <<P>> and get 1 points.
You press <<U>> and get 1 points.
You press <<U>> and get 1 points.
You press <<P>> and get  points.
You press <<",1,0.46875,0.53125,0.173828125,-0.17578125,91,78908,0.294921875,0.70703125
1127,choice,"In this task, you have to repeatedly choose between two slot machines labeled U and P.
You can choose a slot machine by pressing its corresponding key.When you select one of the machines, you will win 1 or 0 points.Your goal is to choose the slot machines that will give you the most points.You will receive feedback about the outcome after making a choice.
The environment may change unpredictably, and past success does not guarantee future results. You’ll need to adapt to these changes to keep finding the better machine.You will play 1 game in total, consisting of 100 trials. Game 1:You press <<U>> and get 1 points.
You press <<U>> and get 1 points.
You press <<U>> and get 1 points.
You press <<U>> and get 0 points.
You press <<U>> and get 1 points.
You press <<P>> and get 0 points.
You press <<U>> and get 1 points.
You press <<P>> and get 0 points.
You press <<U>> and get 1 points.
You press <<U>> and get 0 points.
You press <<U>> and get 1 points.
You press <<U>> and get 1 points.
You press <<U>> and get 1 points.
You press <<P>> and get 0 points.
You press <<U>> and get 1 points.
You press <<U>> and get 1 points.
You press <<U>> and get 1 points.
You press <<U>> and get 1 points.
You press <<U>> and get 1 points.
You press <<U>> and get 1 points.
You press <<U>> and get 1 points.
You press <<P>> and get 0 points.
You press <<P>> and get 0 points.
You press <<U>> and get 1 points.
You press <<U>> and get 1 points.
You press <<P>> and get 1 points.
You press <<U>> and get 1 points.
You press <<U>> and get 1 points.
You press <<U>> and get 1 points.
You press <<U>> and get 1 points.
You press <<U>> and get 1 points.
You press <<U>> and get 1 points.
You press <<P>> and get 0 points.
You press <<U>> and get 1 points.
You press <<U>> and get 1 points.
You press <<U>> and get 1 points.
You press <<U>> and get 1 points.
You press <<P>> and get 0 points.
You press <<P>> and get 0 points.
You press <<U>> and get 1 points.
You press <<U>> and get 1 points.
You press <<U>> and get 1 points.
You press <<U>> and get 1 points.
You press <<U>> and get 1 points.
You press <<U>> and get 1 points.
You press <<P>> and get 0 points.
You press <<P>> and get 0 points.
You press <<U>> and get 1 points.
You press <<U>> and get 1 points.
You press <<U>> and get 1 points.
You press <<U>> and get 1 points.
You press <<U>> and get 1 points.
You press <<U>> and get 0 points.
You press <<P>> and get 1 points.
You press <<P>> and get 1 points.
You press <<U>> and get 0 points.
You press <<P>> and get 1 points.
You press <<P>> and get 1 points.
You press <<P>> and get 1 points.
You press <<P>> and get 1 points.
You press <<P>> and get 1 points.
You press <<P>> and get 1 points.
You press <<P>> and get 1 points.
You press <<P>> and get 1 points.
You press <<P>> and get 1 points.
You press <<P>> and get 1 points.
You press <<P>> and get 1 points.
You press <<P>> and get 1 points.
You press <<P>> and get 1 points.
You press <<P>> and get 1 points.
You press <<P>> and get 1 points.
You press <<P>> and get 1 points.
You press <<P>> and get 1 points.
You press <<P>> and get 1 points.
You press <<P>> and get 1 points.
You press <<P>> and get 1 points.
You press <<P>> and get 1 points.
You press <<U>> and get 0 points.
You press <<P>> and get 1 points.
You press <<P>> and get 1 points.
You press <<P>> and get 1 points.
You press <<P>> and get 1 points.
You press <<P>> and get 1 points.
You press <<P>> and get 1 points.
You press <<U>> and get 1 points.
You press <<P>> and get 1 points.
You press <<P>> and get 1 points.
You press <<P>> and get 1 points.
You press <<U>> and get 1 points.
You press <<U>> and get 1 points.
You press <<P>> and get 1 points.
You press <<>> and get 1 points.
You press <<",P,0.2890625,0.6953125,-0.005859375,-0.01171875,92,78908,0.294921875,0.70703125
1132,reward,"In this task, you have to repeatedly choose between two slot machines labeled U and P.
You can choose a slot machine by pressing its corresponding key.When you select one of the machines, you will win 1 or 0 points.Your goal is to choose the slot machines that will give you the most points.You will receive feedback about the outcome after making a choice.
The environment may change unpredictably, and past success does not guarantee future results. You’ll need to adapt to these changes to keep finding the better machine.You will play 1 game in total, consisting of 100 trials. Game 1:You press <<U>> and get 1 points.
You press <<U>> and get 1 points.
You press <<U>> and get 1 points.
You press <<U>> and get 0 points.
You press <<U>> and get 1 points.
You press <<P>> and get 0 points.
You press <<U>> and get 1 points.
You press <<P>> and get 0 points.
You press <<U>> and get 1 points.
You press <<U>> and get 0 points.
You press <<U>> and get 1 points.
You press <<U>> and get 1 points.
You press <<U>> and get 1 points.
You press <<P>> and get 0 points.
You press <<U>> and get 1 points.
You press <<U>> and get 1 points.
You press <<U>> and get 1 points.
You press <<U>> and get 1 points.
You press <<U>> and get 1 points.
You press <<U>> and get 1 points.
You press <<U>> and get 1 points.
You press <<P>> and get 0 points.
You press <<P>> and get 0 points.
You press <<U>> and get 1 points.
You press <<U>> and get 1 points.
You press <<P>> and get 1 points.
You press <<U>> and get 1 points.
You press <<U>> and get 1 points.
You press <<U>> and get 1 points.
You press <<U>> and get 1 points.
You press <<U>> and get 1 points.
You press <<U>> and get 1 points.
You press <<P>> and get 0 points.
You press <<U>> and get 1 points.
You press <<U>> and get 1 points.
You press <<U>> and get 1 points.
You press <<U>> and get 1 points.
You press <<P>> and get 0 points.
You press <<P>> and get 0 points.
You press <<U>> and get 1 points.
You press <<U>> and get 1 points.
You press <<U>> and get 1 points.
You press <<U>> and get 1 points.
You press <<U>> and get 1 points.
You press <<U>> and get 1 points.
You press <<P>> and get 0 points.
You press <<P>> and get 0 points.
You press <<U>> and get 1 points.
You press <<U>> and get 1 points.
You press <<U>> and get 1 points.
You press <<U>> and get 1 points.
You press <<U>> and get 1 points.
You press <<U>> and get 0 points.
You press <<P>> and get 1 points.
You press <<P>> and get 1 points.
You press <<U>> and get 0 points.
You press <<P>> and get 1 points.
You press <<P>> and get 1 points.
You press <<P>> and get 1 points.
You press <<P>> and get 1 points.
You press <<P>> and get 1 points.
You press <<P>> and get 1 points.
You press <<P>> and get 1 points.
You press <<P>> and get 1 points.
You press <<P>> and get 1 points.
You press <<P>> and get 1 points.
You press <<P>> and get 1 points.
You press <<P>> and get 1 points.
You press <<P>> and get 1 points.
You press <<P>> and get 1 points.
You press <<P>> and get 1 points.
You press <<P>> and get 1 points.
You press <<P>> and get 1 points.
You press <<P>> and get 1 points.
You press <<P>> and get 1 points.
You press <<P>> and get 1 points.
You press <<P>> and get 1 points.
You press <<U>> and get 0 points.
You press <<P>> and get 1 points.
You press <<P>> and get 1 points.
You press <<P>> and get 1 points.
You press <<P>> and get 1 points.
You press <<P>> and get 1 points.
You press <<P>> and get 1 points.
You press <<U>> and get 1 points.
You press <<P>> and get 1 points.
You press <<P>> and get 1 points.
You press <<P>> and get 1 points.
You press <<U>> and get 1 points.
You press <<U>> and get 1 points.
You press <<P>> and get 1 points.
You press <<P>> and get  points.
You press <<",1,0.40625,0.59375,0.111328125,-0.11328125,92,78908,0.294921875,0.70703125
1138,choice,"In this task, you have to repeatedly choose between two slot machines labeled U and P.
You can choose a slot machine by pressing its corresponding key.When you select one of the machines, you will win 1 or 0 points.Your goal is to choose the slot machines that will give you the most points.You will receive feedback about the outcome after making a choice.
The environment may change unpredictably, and past success does not guarantee future results. You’ll need to adapt to these changes to keep finding the better machine.You will play 1 game in total, consisting of 100 trials. Game 1:You press <<U>> and get 1 points.
You press <<U>> and get 1 points.
You press <<U>> and get 1 points.
You press <<U>> and get 0 points.
You press <<U>> and get 1 points.
You press <<P>> and get 0 points.
You press <<U>> and get 1 points.
You press <<P>> and get 0 points.
You press <<U>> and get 1 points.
You press <<U>> and get 0 points.
You press <<U>> and get 1 points.
You press <<U>> and get 1 points.
You press <<U>> and get 1 points.
You press <<P>> and get 0 points.
You press <<U>> and get 1 points.
You press <<U>> and get 1 points.
You press <<U>> and get 1 points.
You press <<U>> and get 1 points.
You press <<U>> and get 1 points.
You press <<U>> and get 1 points.
You press <<U>> and get 1 points.
You press <<P>> and get 0 points.
You press <<P>> and get 0 points.
You press <<U>> and get 1 points.
You press <<U>> and get 1 points.
You press <<P>> and get 1 points.
You press <<U>> and get 1 points.
You press <<U>> and get 1 points.
You press <<U>> and get 1 points.
You press <<U>> and get 1 points.
You press <<U>> and get 1 points.
You press <<U>> and get 1 points.
You press <<P>> and get 0 points.
You press <<U>> and get 1 points.
You press <<U>> and get 1 points.
You press <<U>> and get 1 points.
You press <<U>> and get 1 points.
You press <<P>> and get 0 points.
You press <<P>> and get 0 points.
You press <<U>> and get 1 points.
You press <<U>> and get 1 points.
You press <<U>> and get 1 points.
You press <<U>> and get 1 points.
You press <<U>> and get 1 points.
You press <<U>> and get 1 points.
You press <<P>> and get 0 points.
You press <<P>> and get 0 points.
You press <<U>> and get 1 points.
You press <<U>> and get 1 points.
You press <<U>> and get 1 points.
You press <<U>> and get 1 points.
You press <<U>> and get 1 points.
You press <<U>> and get 0 points.
You press <<P>> and get 1 points.
You press <<P>> and get 1 points.
You press <<U>> and get 0 points.
You press <<P>> and get 1 points.
You press <<P>> and get 1 points.
You press <<P>> and get 1 points.
You press <<P>> and get 1 points.
You press <<P>> and get 1 points.
You press <<P>> and get 1 points.
You press <<P>> and get 1 points.
You press <<P>> and get 1 points.
You press <<P>> and get 1 points.
You press <<P>> and get 1 points.
You press <<P>> and get 1 points.
You press <<P>> and get 1 points.
You press <<P>> and get 1 points.
You press <<P>> and get 1 points.
You press <<P>> and get 1 points.
You press <<P>> and get 1 points.
You press <<P>> and get 1 points.
You press <<P>> and get 1 points.
You press <<P>> and get 1 points.
You press <<P>> and get 1 points.
You press <<P>> and get 1 points.
You press <<U>> and get 0 points.
You press <<P>> and get 1 points.
You press <<P>> and get 1 points.
You press <<P>> and get 1 points.
You press <<P>> and get 1 points.
You press <<P>> and get 1 points.
You press <<P>> and get 1 points.
You press <<U>> and get 1 points.
You press <<P>> and get 1 points.
You press <<P>> and get 1 points.
You press <<P>> and get 1 points.
You press <<U>> and get 1 points.
You press <<U>> and get 1 points.
You press <<P>> and get 1 points.
You press <<P>> and get 1 points.
You press <<>> and get 0 points.
You press <<",U,0.345703125,0.64453125,0.025390625,-0.03515625,93,78908,0.3203125,0.6796875
1143,reward,"In this task, you have to repeatedly choose between two slot machines labeled U and P.
You can choose a slot machine by pressing its corresponding key.When you select one of the machines, you will win 1 or 0 points.Your goal is to choose the slot machines that will give you the most points.You will receive feedback about the outcome after making a choice.
The environment may change unpredictably, and past success does not guarantee future results. You’ll need to adapt to these changes to keep finding the better machine.You will play 1 game in total, consisting of 100 trials. Game 1:You press <<U>> and get 1 points.
You press <<U>> and get 1 points.
You press <<U>> and get 1 points.
You press <<U>> and get 0 points.
You press <<U>> and get 1 points.
You press <<P>> and get 0 points.
You press <<U>> and get 1 points.
You press <<P>> and get 0 points.
You press <<U>> and get 1 points.
You press <<U>> and get 0 points.
You press <<U>> and get 1 points.
You press <<U>> and get 1 points.
You press <<U>> and get 1 points.
You press <<P>> and get 0 points.
You press <<U>> and get 1 points.
You press <<U>> and get 1 points.
You press <<U>> and get 1 points.
You press <<U>> and get 1 points.
You press <<U>> and get 1 points.
You press <<U>> and get 1 points.
You press <<U>> and get 1 points.
You press <<P>> and get 0 points.
You press <<P>> and get 0 points.
You press <<U>> and get 1 points.
You press <<U>> and get 1 points.
You press <<P>> and get 1 points.
You press <<U>> and get 1 points.
You press <<U>> and get 1 points.
You press <<U>> and get 1 points.
You press <<U>> and get 1 points.
You press <<U>> and get 1 points.
You press <<U>> and get 1 points.
You press <<P>> and get 0 points.
You press <<U>> and get 1 points.
You press <<U>> and get 1 points.
You press <<U>> and get 1 points.
You press <<U>> and get 1 points.
You press <<P>> and get 0 points.
You press <<P>> and get 0 points.
You press <<U>> and get 1 points.
You press <<U>> and get 1 points.
You press <<U>> and get 1 points.
You press <<U>> and get 1 points.
You press <<U>> and get 1 points.
You press <<U>> and get 1 points.
You press <<P>> and get 0 points.
You press <<P>> and get 0 points.
You press <<U>> and get 1 points.
You press <<U>> and get 1 points.
You press <<U>> and get 1 points.
You press <<U>> and get 1 points.
You press <<U>> and get 1 points.
You press <<U>> and get 0 points.
You press <<P>> and get 1 points.
You press <<P>> and get 1 points.
You press <<U>> and get 0 points.
You press <<P>> and get 1 points.
You press <<P>> and get 1 points.
You press <<P>> and get 1 points.
You press <<P>> and get 1 points.
You press <<P>> and get 1 points.
You press <<P>> and get 1 points.
You press <<P>> and get 1 points.
You press <<P>> and get 1 points.
You press <<P>> and get 1 points.
You press <<P>> and get 1 points.
You press <<P>> and get 1 points.
You press <<P>> and get 1 points.
You press <<P>> and get 1 points.
You press <<P>> and get 1 points.
You press <<P>> and get 1 points.
You press <<P>> and get 1 points.
You press <<P>> and get 1 points.
You press <<P>> and get 1 points.
You press <<P>> and get 1 points.
You press <<P>> and get 1 points.
You press <<P>> and get 1 points.
You press <<U>> and get 0 points.
You press <<P>> and get 1 points.
You press <<P>> and get 1 points.
You press <<P>> and get 1 points.
You press <<P>> and get 1 points.
You press <<P>> and get 1 points.
You press <<P>> and get 1 points.
You press <<U>> and get 1 points.
You press <<P>> and get 1 points.
You press <<P>> and get 1 points.
You press <<P>> and get 1 points.
You press <<U>> and get 1 points.
You press <<U>> and get 1 points.
You press <<P>> and get 1 points.
You press <<P>> and get 1 points.
You press <<U>> and get  points.
You press <<",0,0.34765625,0.65234375,0.02734375,-0.02734375,93,78908,0.3203125,0.6796875
1149,choice,"In this task, you have to repeatedly choose between two slot machines labeled U and P.
You can choose a slot machine by pressing its corresponding key.When you select one of the machines, you will win 1 or 0 points.Your goal is to choose the slot machines that will give you the most points.You will receive feedback about the outcome after making a choice.
The environment may change unpredictably, and past success does not guarantee future results. You’ll need to adapt to these changes to keep finding the better machine.You will play 1 game in total, consisting of 100 trials. Game 1:You press <<U>> and get 1 points.
You press <<U>> and get 1 points.
You press <<U>> and get 1 points.
You press <<U>> and get 0 points.
You press <<U>> and get 1 points.
You press <<P>> and get 0 points.
You press <<U>> and get 1 points.
You press <<P>> and get 0 points.
You press <<U>> and get 1 points.
You press <<U>> and get 0 points.
You press <<U>> and get 1 points.
You press <<U>> and get 1 points.
You press <<U>> and get 1 points.
You press <<P>> and get 0 points.
You press <<U>> and get 1 points.
You press <<U>> and get 1 points.
You press <<U>> and get 1 points.
You press <<U>> and get 1 points.
You press <<U>> and get 1 points.
You press <<U>> and get 1 points.
You press <<U>> and get 1 points.
You press <<P>> and get 0 points.
You press <<P>> and get 0 points.
You press <<U>> and get 1 points.
You press <<U>> and get 1 points.
You press <<P>> and get 1 points.
You press <<U>> and get 1 points.
You press <<U>> and get 1 points.
You press <<U>> and get 1 points.
You press <<U>> and get 1 points.
You press <<U>> and get 1 points.
You press <<U>> and get 1 points.
You press <<P>> and get 0 points.
You press <<U>> and get 1 points.
You press <<U>> and get 1 points.
You press <<U>> and get 1 points.
You press <<U>> and get 1 points.
You press <<P>> and get 0 points.
You press <<P>> and get 0 points.
You press <<U>> and get 1 points.
You press <<U>> and get 1 points.
You press <<U>> and get 1 points.
You press <<U>> and get 1 points.
You press <<U>> and get 1 points.
You press <<U>> and get 1 points.
You press <<P>> and get 0 points.
You press <<P>> and get 0 points.
You press <<U>> and get 1 points.
You press <<U>> and get 1 points.
You press <<U>> and get 1 points.
You press <<U>> and get 1 points.
You press <<U>> and get 1 points.
You press <<U>> and get 0 points.
You press <<P>> and get 1 points.
You press <<P>> and get 1 points.
You press <<U>> and get 0 points.
You press <<P>> and get 1 points.
You press <<P>> and get 1 points.
You press <<P>> and get 1 points.
You press <<P>> and get 1 points.
You press <<P>> and get 1 points.
You press <<P>> and get 1 points.
You press <<P>> and get 1 points.
You press <<P>> and get 1 points.
You press <<P>> and get 1 points.
You press <<P>> and get 1 points.
You press <<P>> and get 1 points.
You press <<P>> and get 1 points.
You press <<P>> and get 1 points.
You press <<P>> and get 1 points.
You press <<P>> and get 1 points.
You press <<P>> and get 1 points.
You press <<P>> and get 1 points.
You press <<P>> and get 1 points.
You press <<P>> and get 1 points.
You press <<P>> and get 1 points.
You press <<P>> and get 1 points.
You press <<U>> and get 0 points.
You press <<P>> and get 1 points.
You press <<P>> and get 1 points.
You press <<P>> and get 1 points.
You press <<P>> and get 1 points.
You press <<P>> and get 1 points.
You press <<P>> and get 1 points.
You press <<U>> and get 1 points.
You press <<P>> and get 1 points.
You press <<P>> and get 1 points.
You press <<P>> and get 1 points.
You press <<U>> and get 1 points.
You press <<U>> and get 1 points.
You press <<P>> and get 1 points.
You press <<P>> and get 1 points.
You press <<U>> and get 0 points.
You press <<>> and get 0 points.
You press <<",U,0.31640625,0.671875,-0.03125,0.01953125,94,78908,0.34765625,0.65234375
1154,reward,"In this task, you have to repeatedly choose between two slot machines labeled U and P.
You can choose a slot machine by pressing its corresponding key.When you select one of the machines, you will win 1 or 0 points.Your goal is to choose the slot machines that will give you the most points.You will receive feedback about the outcome after making a choice.
The environment may change unpredictably, and past success does not guarantee future results. You’ll need to adapt to these changes to keep finding the better machine.You will play 1 game in total, consisting of 100 trials. Game 1:You press <<U>> and get 1 points.
You press <<U>> and get 1 points.
You press <<U>> and get 1 points.
You press <<U>> and get 0 points.
You press <<U>> and get 1 points.
You press <<P>> and get 0 points.
You press <<U>> and get 1 points.
You press <<P>> and get 0 points.
You press <<U>> and get 1 points.
You press <<U>> and get 0 points.
You press <<U>> and get 1 points.
You press <<U>> and get 1 points.
You press <<U>> and get 1 points.
You press <<P>> and get 0 points.
You press <<U>> and get 1 points.
You press <<U>> and get 1 points.
You press <<U>> and get 1 points.
You press <<U>> and get 1 points.
You press <<U>> and get 1 points.
You press <<U>> and get 1 points.
You press <<U>> and get 1 points.
You press <<P>> and get 0 points.
You press <<P>> and get 0 points.
You press <<U>> and get 1 points.
You press <<U>> and get 1 points.
You press <<P>> and get 1 points.
You press <<U>> and get 1 points.
You press <<U>> and get 1 points.
You press <<U>> and get 1 points.
You press <<U>> and get 1 points.
You press <<U>> and get 1 points.
You press <<U>> and get 1 points.
You press <<P>> and get 0 points.
You press <<U>> and get 1 points.
You press <<U>> and get 1 points.
You press <<U>> and get 1 points.
You press <<U>> and get 1 points.
You press <<P>> and get 0 points.
You press <<P>> and get 0 points.
You press <<U>> and get 1 points.
You press <<U>> and get 1 points.
You press <<U>> and get 1 points.
You press <<U>> and get 1 points.
You press <<U>> and get 1 points.
You press <<U>> and get 1 points.
You press <<P>> and get 0 points.
You press <<P>> and get 0 points.
You press <<U>> and get 1 points.
You press <<U>> and get 1 points.
You press <<U>> and get 1 points.
You press <<U>> and get 1 points.
You press <<U>> and get 1 points.
You press <<U>> and get 0 points.
You press <<P>> and get 1 points.
You press <<P>> and get 1 points.
You press <<U>> and get 0 points.
You press <<P>> and get 1 points.
You press <<P>> and get 1 points.
You press <<P>> and get 1 points.
You press <<P>> and get 1 points.
You press <<P>> and get 1 points.
You press <<P>> and get 1 points.
You press <<P>> and get 1 points.
You press <<P>> and get 1 points.
You press <<P>> and get 1 points.
You press <<P>> and get 1 points.
You press <<P>> and get 1 points.
You press <<P>> and get 1 points.
You press <<P>> and get 1 points.
You press <<P>> and get 1 points.
You press <<P>> and get 1 points.
You press <<P>> and get 1 points.
You press <<P>> and get 1 points.
You press <<P>> and get 1 points.
You press <<P>> and get 1 points.
You press <<P>> and get 1 points.
You press <<P>> and get 1 points.
You press <<U>> and get 0 points.
You press <<P>> and get 1 points.
You press <<P>> and get 1 points.
You press <<P>> and get 1 points.
You press <<P>> and get 1 points.
You press <<P>> and get 1 points.
You press <<P>> and get 1 points.
You press <<U>> and get 1 points.
You press <<P>> and get 1 points.
You press <<P>> and get 1 points.
You press <<P>> and get 1 points.
You press <<U>> and get 1 points.
You press <<U>> and get 1 points.
You press <<P>> and get 1 points.
You press <<P>> and get 1 points.
You press <<U>> and get 0 points.
You press <<U>> and get  points.
You press <<",0,0.376953125,0.62109375,0.029296875,-0.03125,94,78908,0.34765625,0.65234375
1160,choice,"In this task, you have to repeatedly choose between two slot machines labeled U and P.
You can choose a slot machine by pressing its corresponding key.When you select one of the machines, you will win 1 or 0 points.Your goal is to choose the slot machines that will give you the most points.You will receive feedback about the outcome after making a choice.
The environment may change unpredictably, and past success does not guarantee future results. You’ll need to adapt to these changes to keep finding the better machine.You will play 1 game in total, consisting of 100 trials. Game 1:You press <<U>> and get 1 points.
You press <<U>> and get 1 points.
You press <<U>> and get 1 points.
You press <<U>> and get 0 points.
You press <<U>> and get 1 points.
You press <<P>> and get 0 points.
You press <<U>> and get 1 points.
You press <<P>> and get 0 points.
You press <<U>> and get 1 points.
You press <<U>> and get 0 points.
You press <<U>> and get 1 points.
You press <<U>> and get 1 points.
You press <<U>> and get 1 points.
You press <<P>> and get 0 points.
You press <<U>> and get 1 points.
You press <<U>> and get 1 points.
You press <<U>> and get 1 points.
You press <<U>> and get 1 points.
You press <<U>> and get 1 points.
You press <<U>> and get 1 points.
You press <<U>> and get 1 points.
You press <<P>> and get 0 points.
You press <<P>> and get 0 points.
You press <<U>> and get 1 points.
You press <<U>> and get 1 points.
You press <<P>> and get 1 points.
You press <<U>> and get 1 points.
You press <<U>> and get 1 points.
You press <<U>> and get 1 points.
You press <<U>> and get 1 points.
You press <<U>> and get 1 points.
You press <<U>> and get 1 points.
You press <<P>> and get 0 points.
You press <<U>> and get 1 points.
You press <<U>> and get 1 points.
You press <<U>> and get 1 points.
You press <<U>> and get 1 points.
You press <<P>> and get 0 points.
You press <<P>> and get 0 points.
You press <<U>> and get 1 points.
You press <<U>> and get 1 points.
You press <<U>> and get 1 points.
You press <<U>> and get 1 points.
You press <<U>> and get 1 points.
You press <<U>> and get 1 points.
You press <<P>> and get 0 points.
You press <<P>> and get 0 points.
You press <<U>> and get 1 points.
You press <<U>> and get 1 points.
You press <<U>> and get 1 points.
You press <<U>> and get 1 points.
You press <<U>> and get 1 points.
You press <<U>> and get 0 points.
You press <<P>> and get 1 points.
You press <<P>> and get 1 points.
You press <<U>> and get 0 points.
You press <<P>> and get 1 points.
You press <<P>> and get 1 points.
You press <<P>> and get 1 points.
You press <<P>> and get 1 points.
You press <<P>> and get 1 points.
You press <<P>> and get 1 points.
You press <<P>> and get 1 points.
You press <<P>> and get 1 points.
You press <<P>> and get 1 points.
You press <<P>> and get 1 points.
You press <<P>> and get 1 points.
You press <<P>> and get 1 points.
You press <<P>> and get 1 points.
You press <<P>> and get 1 points.
You press <<P>> and get 1 points.
You press <<P>> and get 1 points.
You press <<P>> and get 1 points.
You press <<P>> and get 1 points.
You press <<P>> and get 1 points.
You press <<P>> and get 1 points.
You press <<P>> and get 1 points.
You press <<U>> and get 0 points.
You press <<P>> and get 1 points.
You press <<P>> and get 1 points.
You press <<P>> and get 1 points.
You press <<P>> and get 1 points.
You press <<P>> and get 1 points.
You press <<P>> and get 1 points.
You press <<U>> and get 1 points.
You press <<P>> and get 1 points.
You press <<P>> and get 1 points.
You press <<P>> and get 1 points.
You press <<U>> and get 1 points.
You press <<U>> and get 1 points.
You press <<P>> and get 1 points.
You press <<P>> and get 1 points.
You press <<U>> and get 0 points.
You press <<U>> and get 0 points.
You press <<>> and get 1 points.
You press <<",P,0.263671875,0.71484375,0.115234375,-0.13671875,95,78908,0.1484375,0.8515625
1165,reward,"In this task, you have to repeatedly choose between two slot machines labeled U and P.
You can choose a slot machine by pressing its corresponding key.When you select one of the machines, you will win 1 or 0 points.Your goal is to choose the slot machines that will give you the most points.You will receive feedback about the outcome after making a choice.
The environment may change unpredictably, and past success does not guarantee future results. You’ll need to adapt to these changes to keep finding the better machine.You will play 1 game in total, consisting of 100 trials. Game 1:You press <<U>> and get 1 points.
You press <<U>> and get 1 points.
You press <<U>> and get 1 points.
You press <<U>> and get 0 points.
You press <<U>> and get 1 points.
You press <<P>> and get 0 points.
You press <<U>> and get 1 points.
You press <<P>> and get 0 points.
You press <<U>> and get 1 points.
You press <<U>> and get 0 points.
You press <<U>> and get 1 points.
You press <<U>> and get 1 points.
You press <<U>> and get 1 points.
You press <<P>> and get 0 points.
You press <<U>> and get 1 points.
You press <<U>> and get 1 points.
You press <<U>> and get 1 points.
You press <<U>> and get 1 points.
You press <<U>> and get 1 points.
You press <<U>> and get 1 points.
You press <<U>> and get 1 points.
You press <<P>> and get 0 points.
You press <<P>> and get 0 points.
You press <<U>> and get 1 points.
You press <<U>> and get 1 points.
You press <<P>> and get 1 points.
You press <<U>> and get 1 points.
You press <<U>> and get 1 points.
You press <<U>> and get 1 points.
You press <<U>> and get 1 points.
You press <<U>> and get 1 points.
You press <<U>> and get 1 points.
You press <<P>> and get 0 points.
You press <<U>> and get 1 points.
You press <<U>> and get 1 points.
You press <<U>> and get 1 points.
You press <<U>> and get 1 points.
You press <<P>> and get 0 points.
You press <<P>> and get 0 points.
You press <<U>> and get 1 points.
You press <<U>> and get 1 points.
You press <<U>> and get 1 points.
You press <<U>> and get 1 points.
You press <<U>> and get 1 points.
You press <<U>> and get 1 points.
You press <<P>> and get 0 points.
You press <<P>> and get 0 points.
You press <<U>> and get 1 points.
You press <<U>> and get 1 points.
You press <<U>> and get 1 points.
You press <<U>> and get 1 points.
You press <<U>> and get 1 points.
You press <<U>> and get 0 points.
You press <<P>> and get 1 points.
You press <<P>> and get 1 points.
You press <<U>> and get 0 points.
You press <<P>> and get 1 points.
You press <<P>> and get 1 points.
You press <<P>> and get 1 points.
You press <<P>> and get 1 points.
You press <<P>> and get 1 points.
You press <<P>> and get 1 points.
You press <<P>> and get 1 points.
You press <<P>> and get 1 points.
You press <<P>> and get 1 points.
You press <<P>> and get 1 points.
You press <<P>> and get 1 points.
You press <<P>> and get 1 points.
You press <<P>> and get 1 points.
You press <<P>> and get 1 points.
You press <<P>> and get 1 points.
You press <<P>> and get 1 points.
You press <<P>> and get 1 points.
You press <<P>> and get 1 points.
You press <<P>> and get 1 points.
You press <<P>> and get 1 points.
You press <<P>> and get 1 points.
You press <<U>> and get 0 points.
You press <<P>> and get 1 points.
You press <<P>> and get 1 points.
You press <<P>> and get 1 points.
You press <<P>> and get 1 points.
You press <<P>> and get 1 points.
You press <<P>> and get 1 points.
You press <<U>> and get 1 points.
You press <<P>> and get 1 points.
You press <<P>> and get 1 points.
You press <<P>> and get 1 points.
You press <<U>> and get 1 points.
You press <<U>> and get 1 points.
You press <<P>> and get 1 points.
You press <<P>> and get 1 points.
You press <<U>> and get 0 points.
You press <<U>> and get 0 points.
You press <<P>> and get  points.
You press <<",1,0.1826171875,0.81640625,0.0341796875,-0.03515625,95,78908,0.1484375,0.8515625
1171,choice,"In this task, you have to repeatedly choose between two slot machines labeled U and P.
You can choose a slot machine by pressing its corresponding key.When you select one of the machines, you will win 1 or 0 points.Your goal is to choose the slot machines that will give you the most points.You will receive feedback about the outcome after making a choice.
The environment may change unpredictably, and past success does not guarantee future results. You’ll need to adapt to these changes to keep finding the better machine.You will play 1 game in total, consisting of 100 trials. Game 1:You press <<U>> and get 1 points.
You press <<U>> and get 1 points.
You press <<U>> and get 1 points.
You press <<U>> and get 0 points.
You press <<U>> and get 1 points.
You press <<P>> and get 0 points.
You press <<U>> and get 1 points.
You press <<P>> and get 0 points.
You press <<U>> and get 1 points.
You press <<U>> and get 0 points.
You press <<U>> and get 1 points.
You press <<U>> and get 1 points.
You press <<U>> and get 1 points.
You press <<P>> and get 0 points.
You press <<U>> and get 1 points.
You press <<U>> and get 1 points.
You press <<U>> and get 1 points.
You press <<U>> and get 1 points.
You press <<U>> and get 1 points.
You press <<U>> and get 1 points.
You press <<U>> and get 1 points.
You press <<P>> and get 0 points.
You press <<P>> and get 0 points.
You press <<U>> and get 1 points.
You press <<U>> and get 1 points.
You press <<P>> and get 1 points.
You press <<U>> and get 1 points.
You press <<U>> and get 1 points.
You press <<U>> and get 1 points.
You press <<U>> and get 1 points.
You press <<U>> and get 1 points.
You press <<U>> and get 1 points.
You press <<P>> and get 0 points.
You press <<U>> and get 1 points.
You press <<U>> and get 1 points.
You press <<U>> and get 1 points.
You press <<U>> and get 1 points.
You press <<P>> and get 0 points.
You press <<P>> and get 0 points.
You press <<U>> and get 1 points.
You press <<U>> and get 1 points.
You press <<U>> and get 1 points.
You press <<U>> and get 1 points.
You press <<U>> and get 1 points.
You press <<U>> and get 1 points.
You press <<P>> and get 0 points.
You press <<P>> and get 0 points.
You press <<U>> and get 1 points.
You press <<U>> and get 1 points.
You press <<U>> and get 1 points.
You press <<U>> and get 1 points.
You press <<U>> and get 1 points.
You press <<U>> and get 0 points.
You press <<P>> and get 1 points.
You press <<P>> and get 1 points.
You press <<U>> and get 0 points.
You press <<P>> and get 1 points.
You press <<P>> and get 1 points.
You press <<P>> and get 1 points.
You press <<P>> and get 1 points.
You press <<P>> and get 1 points.
You press <<P>> and get 1 points.
You press <<P>> and get 1 points.
You press <<P>> and get 1 points.
You press <<P>> and get 1 points.
You press <<P>> and get 1 points.
You press <<P>> and get 1 points.
You press <<P>> and get 1 points.
You press <<P>> and get 1 points.
You press <<P>> and get 1 points.
You press <<P>> and get 1 points.
You press <<P>> and get 1 points.
You press <<P>> and get 1 points.
You press <<P>> and get 1 points.
You press <<P>> and get 1 points.
You press <<P>> and get 1 points.
You press <<P>> and get 1 points.
You press <<U>> and get 0 points.
You press <<P>> and get 1 points.
You press <<P>> and get 1 points.
You press <<P>> and get 1 points.
You press <<P>> and get 1 points.
You press <<P>> and get 1 points.
You press <<P>> and get 1 points.
You press <<U>> and get 1 points.
You press <<P>> and get 1 points.
You press <<P>> and get 1 points.
You press <<P>> and get 1 points.
You press <<U>> and get 1 points.
You press <<U>> and get 1 points.
You press <<P>> and get 1 points.
You press <<P>> and get 1 points.
You press <<U>> and get 0 points.
You press <<U>> and get 0 points.
You press <<P>> and get 1 points.
You press <<>> and get 1 points.
You press <<",P,0.1982421875,0.78515625,0.015625,-0.03125,96,78908,0.1826171875,0.81640625
1176,reward,"In this task, you have to repeatedly choose between two slot machines labeled U and P.
You can choose a slot machine by pressing its corresponding key.When you select one of the machines, you will win 1 or 0 points.Your goal is to choose the slot machines that will give you the most points.You will receive feedback about the outcome after making a choice.
The environment may change unpredictably, and past success does not guarantee future results. You’ll need to adapt to these changes to keep finding the better machine.You will play 1 game in total, consisting of 100 trials. Game 1:You press <<U>> and get 1 points.
You press <<U>> and get 1 points.
You press <<U>> and get 1 points.
You press <<U>> and get 0 points.
You press <<U>> and get 1 points.
You press <<P>> and get 0 points.
You press <<U>> and get 1 points.
You press <<P>> and get 0 points.
You press <<U>> and get 1 points.
You press <<U>> and get 0 points.
You press <<U>> and get 1 points.
You press <<U>> and get 1 points.
You press <<U>> and get 1 points.
You press <<P>> and get 0 points.
You press <<U>> and get 1 points.
You press <<U>> and get 1 points.
You press <<U>> and get 1 points.
You press <<U>> and get 1 points.
You press <<U>> and get 1 points.
You press <<U>> and get 1 points.
You press <<U>> and get 1 points.
You press <<P>> and get 0 points.
You press <<P>> and get 0 points.
You press <<U>> and get 1 points.
You press <<U>> and get 1 points.
You press <<P>> and get 1 points.
You press <<U>> and get 1 points.
You press <<U>> and get 1 points.
You press <<U>> and get 1 points.
You press <<U>> and get 1 points.
You press <<U>> and get 1 points.
You press <<U>> and get 1 points.
You press <<P>> and get 0 points.
You press <<U>> and get 1 points.
You press <<U>> and get 1 points.
You press <<U>> and get 1 points.
You press <<U>> and get 1 points.
You press <<P>> and get 0 points.
You press <<P>> and get 0 points.
You press <<U>> and get 1 points.
You press <<U>> and get 1 points.
You press <<U>> and get 1 points.
You press <<U>> and get 1 points.
You press <<U>> and get 1 points.
You press <<U>> and get 1 points.
You press <<P>> and get 0 points.
You press <<P>> and get 0 points.
You press <<U>> and get 1 points.
You press <<U>> and get 1 points.
You press <<U>> and get 1 points.
You press <<U>> and get 1 points.
You press <<U>> and get 1 points.
You press <<U>> and get 0 points.
You press <<P>> and get 1 points.
You press <<P>> and get 1 points.
You press <<U>> and get 0 points.
You press <<P>> and get 1 points.
You press <<P>> and get 1 points.
You press <<P>> and get 1 points.
You press <<P>> and get 1 points.
You press <<P>> and get 1 points.
You press <<P>> and get 1 points.
You press <<P>> and get 1 points.
You press <<P>> and get 1 points.
You press <<P>> and get 1 points.
You press <<P>> and get 1 points.
You press <<P>> and get 1 points.
You press <<P>> and get 1 points.
You press <<P>> and get 1 points.
You press <<P>> and get 1 points.
You press <<P>> and get 1 points.
You press <<P>> and get 1 points.
You press <<P>> and get 1 points.
You press <<P>> and get 1 points.
You press <<P>> and get 1 points.
You press <<P>> and get 1 points.
You press <<P>> and get 1 points.
You press <<U>> and get 0 points.
You press <<P>> and get 1 points.
You press <<P>> and get 1 points.
You press <<P>> and get 1 points.
You press <<P>> and get 1 points.
You press <<P>> and get 1 points.
You press <<P>> and get 1 points.
You press <<U>> and get 1 points.
You press <<P>> and get 1 points.
You press <<P>> and get 1 points.
You press <<P>> and get 1 points.
You press <<U>> and get 1 points.
You press <<U>> and get 1 points.
You press <<P>> and get 1 points.
You press <<P>> and get 1 points.
You press <<U>> and get 0 points.
You press <<U>> and get 0 points.
You press <<P>> and get 1 points.
You press <<P>> and get  points.
You press <<",1,0.22265625,0.77734375,0.0400390625,-0.0390625,96,78908,0.1826171875,0.81640625
1182,choice,"In this task, you have to repeatedly choose between two slot machines labeled U and P.
You can choose a slot machine by pressing its corresponding key.When you select one of the machines, you will win 1 or 0 points.Your goal is to choose the slot machines that will give you the most points.You will receive feedback about the outcome after making a choice.
The environment may change unpredictably, and past success does not guarantee future results. You’ll need to adapt to these changes to keep finding the better machine.You will play 1 game in total, consisting of 100 trials. Game 1:You press <<U>> and get 1 points.
You press <<U>> and get 1 points.
You press <<U>> and get 1 points.
You press <<U>> and get 0 points.
You press <<U>> and get 1 points.
You press <<P>> and get 0 points.
You press <<U>> and get 1 points.
You press <<P>> and get 0 points.
You press <<U>> and get 1 points.
You press <<U>> and get 0 points.
You press <<U>> and get 1 points.
You press <<U>> and get 1 points.
You press <<U>> and get 1 points.
You press <<P>> and get 0 points.
You press <<U>> and get 1 points.
You press <<U>> and get 1 points.
You press <<U>> and get 1 points.
You press <<U>> and get 1 points.
You press <<U>> and get 1 points.
You press <<U>> and get 1 points.
You press <<U>> and get 1 points.
You press <<P>> and get 0 points.
You press <<P>> and get 0 points.
You press <<U>> and get 1 points.
You press <<U>> and get 1 points.
You press <<P>> and get 1 points.
You press <<U>> and get 1 points.
You press <<U>> and get 1 points.
You press <<U>> and get 1 points.
You press <<U>> and get 1 points.
You press <<U>> and get 1 points.
You press <<U>> and get 1 points.
You press <<P>> and get 0 points.
You press <<U>> and get 1 points.
You press <<U>> and get 1 points.
You press <<U>> and get 1 points.
You press <<U>> and get 1 points.
You press <<P>> and get 0 points.
You press <<P>> and get 0 points.
You press <<U>> and get 1 points.
You press <<U>> and get 1 points.
You press <<U>> and get 1 points.
You press <<U>> and get 1 points.
You press <<U>> and get 1 points.
You press <<U>> and get 1 points.
You press <<P>> and get 0 points.
You press <<P>> and get 0 points.
You press <<U>> and get 1 points.
You press <<U>> and get 1 points.
You press <<U>> and get 1 points.
You press <<U>> and get 1 points.
You press <<U>> and get 1 points.
You press <<U>> and get 0 points.
You press <<P>> and get 1 points.
You press <<P>> and get 1 points.
You press <<U>> and get 0 points.
You press <<P>> and get 1 points.
You press <<P>> and get 1 points.
You press <<P>> and get 1 points.
You press <<P>> and get 1 points.
You press <<P>> and get 1 points.
You press <<P>> and get 1 points.
You press <<P>> and get 1 points.
You press <<P>> and get 1 points.
You press <<P>> and get 1 points.
You press <<P>> and get 1 points.
You press <<P>> and get 1 points.
You press <<P>> and get 1 points.
You press <<P>> and get 1 points.
You press <<P>> and get 1 points.
You press <<P>> and get 1 points.
You press <<P>> and get 1 points.
You press <<P>> and get 1 points.
You press <<P>> and get 1 points.
You press <<P>> and get 1 points.
You press <<P>> and get 1 points.
You press <<P>> and get 1 points.
You press <<U>> and get 0 points.
You press <<P>> and get 1 points.
You press <<P>> and get 1 points.
You press <<P>> and get 1 points.
You press <<P>> and get 1 points.
You press <<P>> and get 1 points.
You press <<P>> and get 1 points.
You press <<U>> and get 1 points.
You press <<P>> and get 1 points.
You press <<P>> and get 1 points.
You press <<P>> and get 1 points.
You press <<U>> and get 1 points.
You press <<U>> and get 1 points.
You press <<P>> and get 1 points.
You press <<P>> and get 1 points.
You press <<U>> and get 0 points.
You press <<U>> and get 0 points.
You press <<P>> and get 1 points.
You press <<P>> and get 1 points.
You press <<>> and get 1 points.
You press <<",P,0.1787109375,0.80078125,0.0146484375,-0.03515625,97,78908,0.1640625,0.8359375
1187,reward,"In this task, you have to repeatedly choose between two slot machines labeled U and P.
You can choose a slot machine by pressing its corresponding key.When you select one of the machines, you will win 1 or 0 points.Your goal is to choose the slot machines that will give you the most points.You will receive feedback about the outcome after making a choice.
The environment may change unpredictably, and past success does not guarantee future results. You’ll need to adapt to these changes to keep finding the better machine.You will play 1 game in total, consisting of 100 trials. Game 1:You press <<U>> and get 1 points.
You press <<U>> and get 1 points.
You press <<U>> and get 1 points.
You press <<U>> and get 0 points.
You press <<U>> and get 1 points.
You press <<P>> and get 0 points.
You press <<U>> and get 1 points.
You press <<P>> and get 0 points.
You press <<U>> and get 1 points.
You press <<U>> and get 0 points.
You press <<U>> and get 1 points.
You press <<U>> and get 1 points.
You press <<U>> and get 1 points.
You press <<P>> and get 0 points.
You press <<U>> and get 1 points.
You press <<U>> and get 1 points.
You press <<U>> and get 1 points.
You press <<U>> and get 1 points.
You press <<U>> and get 1 points.
You press <<U>> and get 1 points.
You press <<U>> and get 1 points.
You press <<P>> and get 0 points.
You press <<P>> and get 0 points.
You press <<U>> and get 1 points.
You press <<U>> and get 1 points.
You press <<P>> and get 1 points.
You press <<U>> and get 1 points.
You press <<U>> and get 1 points.
You press <<U>> and get 1 points.
You press <<U>> and get 1 points.
You press <<U>> and get 1 points.
You press <<U>> and get 1 points.
You press <<P>> and get 0 points.
You press <<U>> and get 1 points.
You press <<U>> and get 1 points.
You press <<U>> and get 1 points.
You press <<U>> and get 1 points.
You press <<P>> and get 0 points.
You press <<P>> and get 0 points.
You press <<U>> and get 1 points.
You press <<U>> and get 1 points.
You press <<U>> and get 1 points.
You press <<U>> and get 1 points.
You press <<U>> and get 1 points.
You press <<U>> and get 1 points.
You press <<P>> and get 0 points.
You press <<P>> and get 0 points.
You press <<U>> and get 1 points.
You press <<U>> and get 1 points.
You press <<U>> and get 1 points.
You press <<U>> and get 1 points.
You press <<U>> and get 1 points.
You press <<U>> and get 0 points.
You press <<P>> and get 1 points.
You press <<P>> and get 1 points.
You press <<U>> and get 0 points.
You press <<P>> and get 1 points.
You press <<P>> and get 1 points.
You press <<P>> and get 1 points.
You press <<P>> and get 1 points.
You press <<P>> and get 1 points.
You press <<P>> and get 1 points.
You press <<P>> and get 1 points.
You press <<P>> and get 1 points.
You press <<P>> and get 1 points.
You press <<P>> and get 1 points.
You press <<P>> and get 1 points.
You press <<P>> and get 1 points.
You press <<P>> and get 1 points.
You press <<P>> and get 1 points.
You press <<P>> and get 1 points.
You press <<P>> and get 1 points.
You press <<P>> and get 1 points.
You press <<P>> and get 1 points.
You press <<P>> and get 1 points.
You press <<P>> and get 1 points.
You press <<P>> and get 1 points.
You press <<U>> and get 0 points.
You press <<P>> and get 1 points.
You press <<P>> and get 1 points.
You press <<P>> and get 1 points.
You press <<P>> and get 1 points.
You press <<P>> and get 1 points.
You press <<P>> and get 1 points.
You press <<U>> and get 1 points.
You press <<P>> and get 1 points.
You press <<P>> and get 1 points.
You press <<P>> and get 1 points.
You press <<U>> and get 1 points.
You press <<U>> and get 1 points.
You press <<P>> and get 1 points.
You press <<P>> and get 1 points.
You press <<U>> and get 0 points.
You press <<U>> and get 0 points.
You press <<P>> and get 1 points.
You press <<P>> and get 1 points.
You press <<P>> and get  points.
You press <<",1,0.22265625,0.77734375,0.05859375,-0.05859375,97,78908,0.1640625,0.8359375
1193,choice,"In this task, you have to repeatedly choose between two slot machines labeled U and P.
You can choose a slot machine by pressing its corresponding key.When you select one of the machines, you will win 1 or 0 points.Your goal is to choose the slot machines that will give you the most points.You will receive feedback about the outcome after making a choice.
The environment may change unpredictably, and past success does not guarantee future results. You’ll need to adapt to these changes to keep finding the better machine.You will play 1 game in total, consisting of 100 trials. Game 1:You press <<U>> and get 1 points.
You press <<U>> and get 1 points.
You press <<U>> and get 1 points.
You press <<U>> and get 0 points.
You press <<U>> and get 1 points.
You press <<P>> and get 0 points.
You press <<U>> and get 1 points.
You press <<P>> and get 0 points.
You press <<U>> and get 1 points.
You press <<U>> and get 0 points.
You press <<U>> and get 1 points.
You press <<U>> and get 1 points.
You press <<U>> and get 1 points.
You press <<P>> and get 0 points.
You press <<U>> and get 1 points.
You press <<U>> and get 1 points.
You press <<U>> and get 1 points.
You press <<U>> and get 1 points.
You press <<U>> and get 1 points.
You press <<U>> and get 1 points.
You press <<U>> and get 1 points.
You press <<P>> and get 0 points.
You press <<P>> and get 0 points.
You press <<U>> and get 1 points.
You press <<U>> and get 1 points.
You press <<P>> and get 1 points.
You press <<U>> and get 1 points.
You press <<U>> and get 1 points.
You press <<U>> and get 1 points.
You press <<U>> and get 1 points.
You press <<U>> and get 1 points.
You press <<U>> and get 1 points.
You press <<P>> and get 0 points.
You press <<U>> and get 1 points.
You press <<U>> and get 1 points.
You press <<U>> and get 1 points.
You press <<U>> and get 1 points.
You press <<P>> and get 0 points.
You press <<P>> and get 0 points.
You press <<U>> and get 1 points.
You press <<U>> and get 1 points.
You press <<U>> and get 1 points.
You press <<U>> and get 1 points.
You press <<U>> and get 1 points.
You press <<U>> and get 1 points.
You press <<P>> and get 0 points.
You press <<P>> and get 0 points.
You press <<U>> and get 1 points.
You press <<U>> and get 1 points.
You press <<U>> and get 1 points.
You press <<U>> and get 1 points.
You press <<U>> and get 1 points.
You press <<U>> and get 0 points.
You press <<P>> and get 1 points.
You press <<P>> and get 1 points.
You press <<U>> and get 0 points.
You press <<P>> and get 1 points.
You press <<P>> and get 1 points.
You press <<P>> and get 1 points.
You press <<P>> and get 1 points.
You press <<P>> and get 1 points.
You press <<P>> and get 1 points.
You press <<P>> and get 1 points.
You press <<P>> and get 1 points.
You press <<P>> and get 1 points.
You press <<P>> and get 1 points.
You press <<P>> and get 1 points.
You press <<P>> and get 1 points.
You press <<P>> and get 1 points.
You press <<P>> and get 1 points.
You press <<P>> and get 1 points.
You press <<P>> and get 1 points.
You press <<P>> and get 1 points.
You press <<P>> and get 1 points.
You press <<P>> and get 1 points.
You press <<P>> and get 1 points.
You press <<P>> and get 1 points.
You press <<U>> and get 0 points.
You press <<P>> and get 1 points.
You press <<P>> and get 1 points.
You press <<P>> and get 1 points.
You press <<P>> and get 1 points.
You press <<P>> and get 1 points.
You press <<P>> and get 1 points.
You press <<U>> and get 1 points.
You press <<P>> and get 1 points.
You press <<P>> and get 1 points.
You press <<P>> and get 1 points.
You press <<U>> and get 1 points.
You press <<U>> and get 1 points.
You press <<P>> and get 1 points.
You press <<P>> and get 1 points.
You press <<U>> and get 0 points.
You press <<U>> and get 0 points.
You press <<P>> and get 1 points.
You press <<P>> and get 1 points.
You press <<P>> and get 1 points.
You press <<>> and get 0 points.
You press <<",U,0.2421875,0.74609375,-0.078125,0.06640625,98,78908,0.3203125,0.6796875
1198,reward,"In this task, you have to repeatedly choose between two slot machines labeled U and P.
You can choose a slot machine by pressing its corresponding key.When you select one of the machines, you will win 1 or 0 points.Your goal is to choose the slot machines that will give you the most points.You will receive feedback about the outcome after making a choice.
The environment may change unpredictably, and past success does not guarantee future results. You’ll need to adapt to these changes to keep finding the better machine.You will play 1 game in total, consisting of 100 trials. Game 1:You press <<U>> and get 1 points.
You press <<U>> and get 1 points.
You press <<U>> and get 1 points.
You press <<U>> and get 0 points.
You press <<U>> and get 1 points.
You press <<P>> and get 0 points.
You press <<U>> and get 1 points.
You press <<P>> and get 0 points.
You press <<U>> and get 1 points.
You press <<U>> and get 0 points.
You press <<U>> and get 1 points.
You press <<U>> and get 1 points.
You press <<U>> and get 1 points.
You press <<P>> and get 0 points.
You press <<U>> and get 1 points.
You press <<U>> and get 1 points.
You press <<U>> and get 1 points.
You press <<U>> and get 1 points.
You press <<U>> and get 1 points.
You press <<U>> and get 1 points.
You press <<U>> and get 1 points.
You press <<P>> and get 0 points.
You press <<P>> and get 0 points.
You press <<U>> and get 1 points.
You press <<U>> and get 1 points.
You press <<P>> and get 1 points.
You press <<U>> and get 1 points.
You press <<U>> and get 1 points.
You press <<U>> and get 1 points.
You press <<U>> and get 1 points.
You press <<U>> and get 1 points.
You press <<U>> and get 1 points.
You press <<P>> and get 0 points.
You press <<U>> and get 1 points.
You press <<U>> and get 1 points.
You press <<U>> and get 1 points.
You press <<U>> and get 1 points.
You press <<P>> and get 0 points.
You press <<P>> and get 0 points.
You press <<U>> and get 1 points.
You press <<U>> and get 1 points.
You press <<U>> and get 1 points.
You press <<U>> and get 1 points.
You press <<U>> and get 1 points.
You press <<U>> and get 1 points.
You press <<P>> and get 0 points.
You press <<P>> and get 0 points.
You press <<U>> and get 1 points.
You press <<U>> and get 1 points.
You press <<U>> and get 1 points.
You press <<U>> and get 1 points.
You press <<U>> and get 1 points.
You press <<U>> and get 0 points.
You press <<P>> and get 1 points.
You press <<P>> and get 1 points.
You press <<U>> and get 0 points.
You press <<P>> and get 1 points.
You press <<P>> and get 1 points.
You press <<P>> and get 1 points.
You press <<P>> and get 1 points.
You press <<P>> and get 1 points.
You press <<P>> and get 1 points.
You press <<P>> and get 1 points.
You press <<P>> and get 1 points.
You press <<P>> and get 1 points.
You press <<P>> and get 1 points.
You press <<P>> and get 1 points.
You press <<P>> and get 1 points.
You press <<P>> and get 1 points.
You press <<P>> and get 1 points.
You press <<P>> and get 1 points.
You press <<P>> and get 1 points.
You press <<P>> and get 1 points.
You press <<P>> and get 1 points.
You press <<P>> and get 1 points.
You press <<P>> and get 1 points.
You press <<P>> and get 1 points.
You press <<U>> and get 0 points.
You press <<P>> and get 1 points.
You press <<P>> and get 1 points.
You press <<P>> and get 1 points.
You press <<P>> and get 1 points.
You press <<P>> and get 1 points.
You press <<P>> and get 1 points.
You press <<U>> and get 1 points.
You press <<P>> and get 1 points.
You press <<P>> and get 1 points.
You press <<P>> and get 1 points.
You press <<U>> and get 1 points.
You press <<U>> and get 1 points.
You press <<P>> and get 1 points.
You press <<P>> and get 1 points.
You press <<U>> and get 0 points.
You press <<U>> and get 0 points.
You press <<P>> and get 1 points.
You press <<P>> and get 1 points.
You press <<P>> and get 1 points.
You press <<U>> and get  points.
You press <<",0,0.3203125,0.6796875,0.0,0.0,98,78908,0.3203125,0.6796875
1204,choice,"In this task, you have to repeatedly choose between two slot machines labeled U and P.
You can choose a slot machine by pressing its corresponding key.When you select one of the machines, you will win 1 or 0 points.Your goal is to choose the slot machines that will give you the most points.You will receive feedback about the outcome after making a choice.
The environment may change unpredictably, and past success does not guarantee future results. You’ll need to adapt to these changes to keep finding the better machine.You will play 1 game in total, consisting of 100 trials. Game 1:You press <<U>> and get 1 points.
You press <<U>> and get 1 points.
You press <<U>> and get 1 points.
You press <<U>> and get 0 points.
You press <<U>> and get 1 points.
You press <<P>> and get 0 points.
You press <<U>> and get 1 points.
You press <<P>> and get 0 points.
You press <<U>> and get 1 points.
You press <<U>> and get 0 points.
You press <<U>> and get 1 points.
You press <<U>> and get 1 points.
You press <<U>> and get 1 points.
You press <<P>> and get 0 points.
You press <<U>> and get 1 points.
You press <<U>> and get 1 points.
You press <<U>> and get 1 points.
You press <<U>> and get 1 points.
You press <<U>> and get 1 points.
You press <<U>> and get 1 points.
You press <<U>> and get 1 points.
You press <<P>> and get 0 points.
You press <<P>> and get 0 points.
You press <<U>> and get 1 points.
You press <<U>> and get 1 points.
You press <<P>> and get 1 points.
You press <<U>> and get 1 points.
You press <<U>> and get 1 points.
You press <<U>> and get 1 points.
You press <<U>> and get 1 points.
You press <<U>> and get 1 points.
You press <<U>> and get 1 points.
You press <<P>> and get 0 points.
You press <<U>> and get 1 points.
You press <<U>> and get 1 points.
You press <<U>> and get 1 points.
You press <<U>> and get 1 points.
You press <<P>> and get 0 points.
You press <<P>> and get 0 points.
You press <<U>> and get 1 points.
You press <<U>> and get 1 points.
You press <<U>> and get 1 points.
You press <<U>> and get 1 points.
You press <<U>> and get 1 points.
You press <<U>> and get 1 points.
You press <<P>> and get 0 points.
You press <<P>> and get 0 points.
You press <<U>> and get 1 points.
You press <<U>> and get 1 points.
You press <<U>> and get 1 points.
You press <<U>> and get 1 points.
You press <<U>> and get 1 points.
You press <<U>> and get 0 points.
You press <<P>> and get 1 points.
You press <<P>> and get 1 points.
You press <<U>> and get 0 points.
You press <<P>> and get 1 points.
You press <<P>> and get 1 points.
You press <<P>> and get 1 points.
You press <<P>> and get 1 points.
You press <<P>> and get 1 points.
You press <<P>> and get 1 points.
You press <<P>> and get 1 points.
You press <<P>> and get 1 points.
You press <<P>> and get 1 points.
You press <<P>> and get 1 points.
You press <<P>> and get 1 points.
You press <<P>> and get 1 points.
You press <<P>> and get 1 points.
You press <<P>> and get 1 points.
You press <<P>> and get 1 points.
You press <<P>> and get 1 points.
You press <<P>> and get 1 points.
You press <<P>> and get 1 points.
You press <<P>> and get 1 points.
You press <<P>> and get 1 points.
You press <<P>> and get 1 points.
You press <<U>> and get 0 points.
You press <<P>> and get 1 points.
You press <<P>> and get 1 points.
You press <<P>> and get 1 points.
You press <<P>> and get 1 points.
You press <<P>> and get 1 points.
You press <<P>> and get 1 points.
You press <<U>> and get 1 points.
You press <<P>> and get 1 points.
You press <<P>> and get 1 points.
You press <<P>> and get 1 points.
You press <<U>> and get 1 points.
You press <<U>> and get 1 points.
You press <<P>> and get 1 points.
You press <<P>> and get 1 points.
You press <<U>> and get 0 points.
You press <<U>> and get 0 points.
You press <<P>> and get 1 points.
You press <<P>> and get 1 points.
You press <<P>> and get 1 points.
You press <<U>> and get 0 points.
You press <<>> and get 1 points.
You press <<",P,0.2412109375,0.7421875,0.0927734375,-0.109375,99,78908,0.1484375,0.8515625
1209,reward,"In this task, you have to repeatedly choose between two slot machines labeled U and P.
You can choose a slot machine by pressing its corresponding key.When you select one of the machines, you will win 1 or 0 points.Your goal is to choose the slot machines that will give you the most points.You will receive feedback about the outcome after making a choice.
The environment may change unpredictably, and past success does not guarantee future results. You’ll need to adapt to these changes to keep finding the better machine.You will play 1 game in total, consisting of 100 trials. Game 1:You press <<U>> and get 1 points.
You press <<U>> and get 1 points.
You press <<U>> and get 1 points.
You press <<U>> and get 0 points.
You press <<U>> and get 1 points.
You press <<P>> and get 0 points.
You press <<U>> and get 1 points.
You press <<P>> and get 0 points.
You press <<U>> and get 1 points.
You press <<U>> and get 0 points.
You press <<U>> and get 1 points.
You press <<U>> and get 1 points.
You press <<U>> and get 1 points.
You press <<P>> and get 0 points.
You press <<U>> and get 1 points.
You press <<U>> and get 1 points.
You press <<U>> and get 1 points.
You press <<U>> and get 1 points.
You press <<U>> and get 1 points.
You press <<U>> and get 1 points.
You press <<U>> and get 1 points.
You press <<P>> and get 0 points.
You press <<P>> and get 0 points.
You press <<U>> and get 1 points.
You press <<U>> and get 1 points.
You press <<P>> and get 1 points.
You press <<U>> and get 1 points.
You press <<U>> and get 1 points.
You press <<U>> and get 1 points.
You press <<U>> and get 1 points.
You press <<U>> and get 1 points.
You press <<U>> and get 1 points.
You press <<P>> and get 0 points.
You press <<U>> and get 1 points.
You press <<U>> and get 1 points.
You press <<U>> and get 1 points.
You press <<U>> and get 1 points.
You press <<P>> and get 0 points.
You press <<P>> and get 0 points.
You press <<U>> and get 1 points.
You press <<U>> and get 1 points.
You press <<U>> and get 1 points.
You press <<U>> and get 1 points.
You press <<U>> and get 1 points.
You press <<U>> and get 1 points.
You press <<P>> and get 0 points.
You press <<P>> and get 0 points.
You press <<U>> and get 1 points.
You press <<U>> and get 1 points.
You press <<U>> and get 1 points.
You press <<U>> and get 1 points.
You press <<U>> and get 1 points.
You press <<U>> and get 0 points.
You press <<P>> and get 1 points.
You press <<P>> and get 1 points.
You press <<U>> and get 0 points.
You press <<P>> and get 1 points.
You press <<P>> and get 1 points.
You press <<P>> and get 1 points.
You press <<P>> and get 1 points.
You press <<P>> and get 1 points.
You press <<P>> and get 1 points.
You press <<P>> and get 1 points.
You press <<P>> and get 1 points.
You press <<P>> and get 1 points.
You press <<P>> and get 1 points.
You press <<P>> and get 1 points.
You press <<P>> and get 1 points.
You press <<P>> and get 1 points.
You press <<P>> and get 1 points.
You press <<P>> and get 1 points.
You press <<P>> and get 1 points.
You press <<P>> and get 1 points.
You press <<P>> and get 1 points.
You press <<P>> and get 1 points.
You press <<P>> and get 1 points.
You press <<P>> and get 1 points.
You press <<U>> and get 0 points.
You press <<P>> and get 1 points.
You press <<P>> and get 1 points.
You press <<P>> and get 1 points.
You press <<P>> and get 1 points.
You press <<P>> and get 1 points.
You press <<P>> and get 1 points.
You press <<U>> and get 1 points.
You press <<P>> and get 1 points.
You press <<P>> and get 1 points.
You press <<P>> and get 1 points.
You press <<U>> and get 1 points.
You press <<U>> and get 1 points.
You press <<P>> and get 1 points.
You press <<P>> and get 1 points.
You press <<U>> and get 0 points.
You press <<U>> and get 0 points.
You press <<P>> and get 1 points.
You press <<P>> and get 1 points.
You press <<P>> and get 1 points.
You press <<U>> and get 0 points.
You press <<P>> and get  points.
You press <<",1,0.1640625,0.8359375,0.015625,-0.015625,99,78908,0.1484375,0.8515625
