trial_num,prompt,model_choice,human_choice,reward,cumulative_reward,log_likelihood,prob_U_baseline,prob_P_baseline,top2_tokens
0,"In this task, you have to repeatedly choose between two slot machines labeled U and P.
You can choose a slot machine by pressing its corresponding key.When you select one of the machines, you will win 1 or 0 points.Your goal is to choose the slot machines that will give you the most points.You will receive feedback about the outcome after making a choice.
The environment may change unpredictably, and past success does not guarantee future results. You’ll need to adapt to these changes to keep finding the better machine.You will play 1 game in total, consisting of 100 trials. Game 1:You press <<",U,U,1,1,-0.6328125,0.53125,0.46875,"[{'token': 'U', 'prob': 0.53125}, {'token': 'P', 'prob': 0.46875}]"
1,"In this task, you have to repeatedly choose between two slot machines labeled U and P.
You can choose a slot machine by pressing its corresponding key.When you select one of the machines, you will win 1 or 0 points.Your goal is to choose the slot machines that will give you the most points.You will receive feedback about the outcome after making a choice.
The environment may change unpredictably, and past success does not guarantee future results. You’ll need to adapt to these changes to keep finding the better machine.You will play 1 game in total, consisting of 100 trials. Game 1:You press <<U>> and get 1 points.
You press <<",P,U,1,2,-0.828125,0.4375,0.5625,"[{'token': 'P', 'prob': 0.5625}, {'token': 'U', 'prob': 0.4375}]"
2,"In this task, you have to repeatedly choose between two slot machines labeled U and P.
You can choose a slot machine by pressing its corresponding key.When you select one of the machines, you will win 1 or 0 points.Your goal is to choose the slot machines that will give you the most points.You will receive feedback about the outcome after making a choice.
The environment may change unpredictably, and past success does not guarantee future results. You’ll need to adapt to these changes to keep finding the better machine.You will play 1 game in total, consisting of 100 trials. Game 1:You press <<U>> and get 1 points.
You press <<U>> and get 1 points.
You press <<",U,U,1,3,-0.57421875,0.5625,0.4375,"[{'token': 'U', 'prob': 0.5625}, {'token': 'P', 'prob': 0.4375}]"
3,"In this task, you have to repeatedly choose between two slot machines labeled U and P.
You can choose a slot machine by pressing its corresponding key.When you select one of the machines, you will win 1 or 0 points.Your goal is to choose the slot machines that will give you the most points.You will receive feedback about the outcome after making a choice.
The environment may change unpredictably, and past success does not guarantee future results. You’ll need to adapt to these changes to keep finding the better machine.You will play 1 game in total, consisting of 100 trials. Game 1:You press <<U>> and get 1 points.
You press <<U>> and get 1 points.
You press <<U>> and get 1 points.
You press <<",U,U,0,3,-0.34765625,0.70703125,0.294921875,"[{'token': 'U', 'prob': 0.70703125}, {'token': 'P', 'prob': 0.294921875}]"
4,"In this task, you have to repeatedly choose between two slot machines labeled U and P.
You can choose a slot machine by pressing its corresponding key.When you select one of the machines, you will win 1 or 0 points.Your goal is to choose the slot machines that will give you the most points.You will receive feedback about the outcome after making a choice.
The environment may change unpredictably, and past success does not guarantee future results. You’ll need to adapt to these changes to keep finding the better machine.You will play 1 game in total, consisting of 100 trials. Game 1:You press <<U>> and get 1 points.
You press <<U>> and get 1 points.
You press <<U>> and get 1 points.
You press <<U>> and get 0 points.
You press <<",U,P,1,4,-0.9765625,0.62109375,0.376953125,"[{'token': 'U', 'prob': 0.62109375}, {'token': 'P', 'prob': 0.376953125}]"
5,"In this task, you have to repeatedly choose between two slot machines labeled U and P.
You can choose a slot machine by pressing its corresponding key.When you select one of the machines, you will win 1 or 0 points.Your goal is to choose the slot machines that will give you the most points.You will receive feedback about the outcome after making a choice.
The environment may change unpredictably, and past success does not guarantee future results. You’ll need to adapt to these changes to keep finding the better machine.You will play 1 game in total, consisting of 100 trials. Game 1:You press <<U>> and get 1 points.
You press <<U>> and get 1 points.
You press <<U>> and get 1 points.
You press <<U>> and get 0 points.
You press <<P>> and get 1 points.
You press <<",P,P,0,4,-0.38671875,0.3203125,0.6796875,"[{'token': 'P', 'prob': 0.6796875}, {'token': 'U', 'prob': 0.3203125}]"
6,"In this task, you have to repeatedly choose between two slot machines labeled U and P.
You can choose a slot machine by pressing its corresponding key.When you select one of the machines, you will win 1 or 0 points.Your goal is to choose the slot machines that will give you the most points.You will receive feedback about the outcome after making a choice.
The environment may change unpredictably, and past success does not guarantee future results. You’ll need to adapt to these changes to keep finding the better machine.You will play 1 game in total, consisting of 100 trials. Game 1:You press <<U>> and get 1 points.
You press <<U>> and get 1 points.
You press <<U>> and get 1 points.
You press <<U>> and get 0 points.
You press <<P>> and get 1 points.
You press <<P>> and get 0 points.
You press <<",U,P,1,5,-0.828125,0.5625,0.4375,"[{'token': 'U', 'prob': 0.5625}, {'token': 'P', 'prob': 0.4375}]"
7,"In this task, you have to repeatedly choose between two slot machines labeled U and P.
You can choose a slot machine by pressing its corresponding key.When you select one of the machines, you will win 1 or 0 points.Your goal is to choose the slot machines that will give you the most points.You will receive feedback about the outcome after making a choice.
The environment may change unpredictably, and past success does not guarantee future results. You’ll need to adapt to these changes to keep finding the better machine.You will play 1 game in total, consisting of 100 trials. Game 1:You press <<U>> and get 1 points.
You press <<U>> and get 1 points.
You press <<U>> and get 1 points.
You press <<U>> and get 0 points.
You press <<P>> and get 1 points.
You press <<P>> and get 0 points.
You press <<P>> and get 1 points.
You press <<",P,P,0,5,-0.38671875,0.3203125,0.6796875,"[{'token': 'P', 'prob': 0.6796875}, {'token': 'U', 'prob': 0.3203125}]"
8,"In this task, you have to repeatedly choose between two slot machines labeled U and P.
You can choose a slot machine by pressing its corresponding key.When you select one of the machines, you will win 1 or 0 points.Your goal is to choose the slot machines that will give you the most points.You will receive feedback about the outcome after making a choice.
The environment may change unpredictably, and past success does not guarantee future results. You’ll need to adapt to these changes to keep finding the better machine.You will play 1 game in total, consisting of 100 trials. Game 1:You press <<U>> and get 1 points.
You press <<U>> and get 1 points.
You press <<U>> and get 1 points.
You press <<U>> and get 0 points.
You press <<P>> and get 1 points.
You press <<P>> and get 0 points.
You press <<P>> and get 1 points.
You press <<P>> and get 0 points.
You press <<",P,P,0,5,-0.6328125,0.46875,0.53125,"[{'token': 'P', 'prob': 0.53125}, {'token': 'U', 'prob': 0.46875}]"
9,"In this task, you have to repeatedly choose between two slot machines labeled U and P.
You can choose a slot machine by pressing its corresponding key.When you select one of the machines, you will win 1 or 0 points.Your goal is to choose the slot machines that will give you the most points.You will receive feedback about the outcome after making a choice.
The environment may change unpredictably, and past success does not guarantee future results. You’ll need to adapt to these changes to keep finding the better machine.You will play 1 game in total, consisting of 100 trials. Game 1:You press <<U>> and get 1 points.
You press <<U>> and get 1 points.
You press <<U>> and get 1 points.
You press <<U>> and get 0 points.
You press <<P>> and get 1 points.
You press <<P>> and get 0 points.
You press <<P>> and get 1 points.
You press <<P>> and get 0 points.
You press <<P>> and get 0 points.
You press <<",P,U,0,5,-0.69140625,0.5,0.5,"[{'token': 'U', 'prob': 0.5}, {'token': 'P', 'prob': 0.5}]"
10,"In this task, you have to repeatedly choose between two slot machines labeled U and P.
You can choose a slot machine by pressing its corresponding key.When you select one of the machines, you will win 1 or 0 points.Your goal is to choose the slot machines that will give you the most points.You will receive feedback about the outcome after making a choice.
The environment may change unpredictably, and past success does not guarantee future results. You’ll need to adapt to these changes to keep finding the better machine.You will play 1 game in total, consisting of 100 trials. Game 1:You press <<U>> and get 1 points.
You press <<U>> and get 1 points.
You press <<U>> and get 1 points.
You press <<U>> and get 0 points.
You press <<P>> and get 1 points.
You press <<P>> and get 0 points.
You press <<P>> and get 1 points.
You press <<P>> and get 0 points.
You press <<P>> and get 0 points.
You press <<U>> and get 0 points.
You press <<",U,U,1,6,-0.57421875,0.5625,0.4375,"[{'token': 'U', 'prob': 0.5625}, {'token': 'P', 'prob': 0.4375}]"
11,"In this task, you have to repeatedly choose between two slot machines labeled U and P.
You can choose a slot machine by pressing its corresponding key.When you select one of the machines, you will win 1 or 0 points.Your goal is to choose the slot machines that will give you the most points.You will receive feedback about the outcome after making a choice.
The environment may change unpredictably, and past success does not guarantee future results. You’ll need to adapt to these changes to keep finding the better machine.You will play 1 game in total, consisting of 100 trials. Game 1:You press <<U>> and get 1 points.
You press <<U>> and get 1 points.
You press <<U>> and get 1 points.
You press <<U>> and get 0 points.
You press <<P>> and get 1 points.
You press <<P>> and get 0 points.
You press <<P>> and get 1 points.
You press <<P>> and get 0 points.
You press <<P>> and get 0 points.
You press <<U>> and get 0 points.
You press <<U>> and get 1 points.
You press <<",U,P,1,7,-1.5,0.77734375,0.22265625,"[{'token': 'U', 'prob': 0.77734375}, {'token': 'P', 'prob': 0.22265625}]"
12,"In this task, you have to repeatedly choose between two slot machines labeled U and P.
You can choose a slot machine by pressing its corresponding key.When you select one of the machines, you will win 1 or 0 points.Your goal is to choose the slot machines that will give you the most points.You will receive feedback about the outcome after making a choice.
The environment may change unpredictably, and past success does not guarantee future results. You’ll need to adapt to these changes to keep finding the better machine.You will play 1 game in total, consisting of 100 trials. Game 1:You press <<U>> and get 1 points.
You press <<U>> and get 1 points.
You press <<U>> and get 1 points.
You press <<U>> and get 0 points.
You press <<P>> and get 1 points.
You press <<P>> and get 0 points.
You press <<P>> and get 1 points.
You press <<P>> and get 0 points.
You press <<P>> and get 0 points.
You press <<U>> and get 0 points.
You press <<U>> and get 1 points.
You press <<P>> and get 1 points.
You press <<",P,P,0,7,-0.314453125,0.26953125,0.73046875,"[{'token': 'P', 'prob': 0.73046875}, {'token': 'U', 'prob': 0.26953125}]"
13,"In this task, you have to repeatedly choose between two slot machines labeled U and P.
You can choose a slot machine by pressing its corresponding key.When you select one of the machines, you will win 1 or 0 points.Your goal is to choose the slot machines that will give you the most points.You will receive feedback about the outcome after making a choice.
The environment may change unpredictably, and past success does not guarantee future results. You’ll need to adapt to these changes to keep finding the better machine.You will play 1 game in total, consisting of 100 trials. Game 1:You press <<U>> and get 1 points.
You press <<U>> and get 1 points.
You press <<U>> and get 1 points.
You press <<U>> and get 0 points.
You press <<P>> and get 1 points.
You press <<P>> and get 0 points.
You press <<P>> and get 1 points.
You press <<P>> and get 0 points.
You press <<P>> and get 0 points.
You press <<U>> and get 0 points.
You press <<U>> and get 1 points.
You press <<P>> and get 1 points.
You press <<P>> and get 0 points.
You press <<",P,P,0,7,-0.4765625,0.376953125,0.62109375,"[{'token': 'P', 'prob': 0.62109375}, {'token': 'U', 'prob': 0.376953125}]"
14,"In this task, you have to repeatedly choose between two slot machines labeled U and P.
You can choose a slot machine by pressing its corresponding key.When you select one of the machines, you will win 1 or 0 points.Your goal is to choose the slot machines that will give you the most points.You will receive feedback about the outcome after making a choice.
The environment may change unpredictably, and past success does not guarantee future results. You’ll need to adapt to these changes to keep finding the better machine.You will play 1 game in total, consisting of 100 trials. Game 1:You press <<U>> and get 1 points.
You press <<U>> and get 1 points.
You press <<U>> and get 1 points.
You press <<U>> and get 0 points.
You press <<P>> and get 1 points.
You press <<P>> and get 0 points.
You press <<P>> and get 1 points.
You press <<P>> and get 0 points.
You press <<P>> and get 0 points.
You press <<U>> and get 0 points.
You press <<U>> and get 1 points.
You press <<P>> and get 1 points.
You press <<P>> and get 0 points.
You press <<P>> and get 0 points.
You press <<",P,U,1,8,-0.7578125,0.46875,0.53125,"[{'token': 'P', 'prob': 0.53125}, {'token': 'U', 'prob': 0.46875}]"
15,"In this task, you have to repeatedly choose between two slot machines labeled U and P.
You can choose a slot machine by pressing its corresponding key.When you select one of the machines, you will win 1 or 0 points.Your goal is to choose the slot machines that will give you the most points.You will receive feedback about the outcome after making a choice.
The environment may change unpredictably, and past success does not guarantee future results. You’ll need to adapt to these changes to keep finding the better machine.You will play 1 game in total, consisting of 100 trials. Game 1:You press <<U>> and get 1 points.
You press <<U>> and get 1 points.
You press <<U>> and get 1 points.
You press <<U>> and get 0 points.
You press <<P>> and get 1 points.
You press <<P>> and get 0 points.
You press <<P>> and get 1 points.
You press <<P>> and get 0 points.
You press <<P>> and get 0 points.
You press <<U>> and get 0 points.
You press <<U>> and get 1 points.
You press <<P>> and get 1 points.
You press <<P>> and get 0 points.
You press <<P>> and get 0 points.
You press <<U>> and get 1 points.
You press <<",U,U,1,9,-0.283203125,0.75390625,0.2451171875,"[{'token': 'U', 'prob': 0.75390625}, {'token': 'P', 'prob': 0.2451171875}]"
16,"In this task, you have to repeatedly choose between two slot machines labeled U and P.
You can choose a slot machine by pressing its corresponding key.When you select one of the machines, you will win 1 or 0 points.Your goal is to choose the slot machines that will give you the most points.You will receive feedback about the outcome after making a choice.
The environment may change unpredictably, and past success does not guarantee future results. You’ll need to adapt to these changes to keep finding the better machine.You will play 1 game in total, consisting of 100 trials. Game 1:You press <<U>> and get 1 points.
You press <<U>> and get 1 points.
You press <<U>> and get 1 points.
You press <<U>> and get 0 points.
You press <<P>> and get 1 points.
You press <<P>> and get 0 points.
You press <<P>> and get 1 points.
You press <<P>> and get 0 points.
You press <<P>> and get 0 points.
You press <<U>> and get 0 points.
You press <<U>> and get 1 points.
You press <<P>> and get 1 points.
You press <<P>> and get 0 points.
You press <<P>> and get 0 points.
You press <<U>> and get 1 points.
You press <<U>> and get 1 points.
You press <<",U,U,1,10,-0.314453125,0.73046875,0.26953125,"[{'token': 'U', 'prob': 0.73046875}, {'token': 'P', 'prob': 0.26953125}]"
17,"In this task, you have to repeatedly choose between two slot machines labeled U and P.
You can choose a slot machine by pressing its corresponding key.When you select one of the machines, you will win 1 or 0 points.Your goal is to choose the slot machines that will give you the most points.You will receive feedback about the outcome after making a choice.
The environment may change unpredictably, and past success does not guarantee future results. You’ll need to adapt to these changes to keep finding the better machine.You will play 1 game in total, consisting of 100 trials. Game 1:You press <<U>> and get 1 points.
You press <<U>> and get 1 points.
You press <<U>> and get 1 points.
You press <<U>> and get 0 points.
You press <<P>> and get 1 points.
You press <<P>> and get 0 points.
You press <<P>> and get 1 points.
You press <<P>> and get 0 points.
You press <<P>> and get 0 points.
You press <<U>> and get 0 points.
You press <<U>> and get 1 points.
You press <<P>> and get 1 points.
You press <<P>> and get 0 points.
You press <<P>> and get 0 points.
You press <<U>> and get 1 points.
You press <<U>> and get 1 points.
You press <<U>> and get 1 points.
You press <<",U,U,1,11,-0.283203125,0.75390625,0.2451171875,"[{'token': 'U', 'prob': 0.75390625}, {'token': 'P', 'prob': 0.2451171875}]"
18,"In this task, you have to repeatedly choose between two slot machines labeled U and P.
You can choose a slot machine by pressing its corresponding key.When you select one of the machines, you will win 1 or 0 points.Your goal is to choose the slot machines that will give you the most points.You will receive feedback about the outcome after making a choice.
The environment may change unpredictably, and past success does not guarantee future results. You’ll need to adapt to these changes to keep finding the better machine.You will play 1 game in total, consisting of 100 trials. Game 1:You press <<U>> and get 1 points.
You press <<U>> and get 1 points.
You press <<U>> and get 1 points.
You press <<U>> and get 0 points.
You press <<P>> and get 1 points.
You press <<P>> and get 0 points.
You press <<P>> and get 1 points.
You press <<P>> and get 0 points.
You press <<P>> and get 0 points.
You press <<U>> and get 0 points.
You press <<U>> and get 1 points.
You press <<P>> and get 1 points.
You press <<P>> and get 0 points.
You press <<P>> and get 0 points.
You press <<U>> and get 1 points.
You press <<U>> and get 1 points.
You press <<U>> and get 1 points.
You press <<U>> and get 1 points.
You press <<",U,U,1,12,-0.251953125,0.77734375,0.22265625,"[{'token': 'U', 'prob': 0.77734375}, {'token': 'P', 'prob': 0.22265625}]"
19,"In this task, you have to repeatedly choose between two slot machines labeled U and P.
You can choose a slot machine by pressing its corresponding key.When you select one of the machines, you will win 1 or 0 points.Your goal is to choose the slot machines that will give you the most points.You will receive feedback about the outcome after making a choice.
The environment may change unpredictably, and past success does not guarantee future results. You’ll need to adapt to these changes to keep finding the better machine.You will play 1 game in total, consisting of 100 trials. Game 1:You press <<U>> and get 1 points.
You press <<U>> and get 1 points.
You press <<U>> and get 1 points.
You press <<U>> and get 0 points.
You press <<P>> and get 1 points.
You press <<P>> and get 0 points.
You press <<P>> and get 1 points.
You press <<P>> and get 0 points.
You press <<P>> and get 0 points.
You press <<U>> and get 0 points.
You press <<U>> and get 1 points.
You press <<P>> and get 1 points.
You press <<P>> and get 0 points.
You press <<P>> and get 0 points.
You press <<U>> and get 1 points.
You press <<U>> and get 1 points.
You press <<U>> and get 1 points.
You press <<U>> and get 1 points.
You press <<U>> and get 1 points.
You press <<",U,U,1,13,-0.2275390625,0.796875,0.2021484375,"[{'token': 'U', 'prob': 0.796875}, {'token': 'P', 'prob': 0.2021484375}]"
20,"In this task, you have to repeatedly choose between two slot machines labeled U and P.
You can choose a slot machine by pressing its corresponding key.When you select one of the machines, you will win 1 or 0 points.Your goal is to choose the slot machines that will give you the most points.You will receive feedback about the outcome after making a choice.
The environment may change unpredictably, and past success does not guarantee future results. You’ll need to adapt to these changes to keep finding the better machine.You will play 1 game in total, consisting of 100 trials. Game 1:You press <<U>> and get 1 points.
You press <<U>> and get 1 points.
You press <<U>> and get 1 points.
You press <<U>> and get 0 points.
You press <<P>> and get 1 points.
You press <<P>> and get 0 points.
You press <<P>> and get 1 points.
You press <<P>> and get 0 points.
You press <<P>> and get 0 points.
You press <<U>> and get 0 points.
You press <<U>> and get 1 points.
You press <<P>> and get 1 points.
You press <<P>> and get 0 points.
You press <<P>> and get 0 points.
You press <<U>> and get 1 points.
You press <<U>> and get 1 points.
You press <<U>> and get 1 points.
You press <<U>> and get 1 points.
You press <<U>> and get 1 points.
You press <<U>> and get 1 points.
You press <<",U,U,1,14,-0.203125,0.81640625,0.1826171875,"[{'token': 'U', 'prob': 0.81640625}, {'token': 'P', 'prob': 0.1826171875}]"
21,"In this task, you have to repeatedly choose between two slot machines labeled U and P.
You can choose a slot machine by pressing its corresponding key.When you select one of the machines, you will win 1 or 0 points.Your goal is to choose the slot machines that will give you the most points.You will receive feedback about the outcome after making a choice.
The environment may change unpredictably, and past success does not guarantee future results. You’ll need to adapt to these changes to keep finding the better machine.You will play 1 game in total, consisting of 100 trials. Game 1:You press <<U>> and get 1 points.
You press <<U>> and get 1 points.
You press <<U>> and get 1 points.
You press <<U>> and get 0 points.
You press <<P>> and get 1 points.
You press <<P>> and get 0 points.
You press <<P>> and get 1 points.
You press <<P>> and get 0 points.
You press <<P>> and get 0 points.
You press <<U>> and get 0 points.
You press <<U>> and get 1 points.
You press <<P>> and get 1 points.
You press <<P>> and get 0 points.
You press <<P>> and get 0 points.
You press <<U>> and get 1 points.
You press <<U>> and get 1 points.
You press <<U>> and get 1 points.
You press <<U>> and get 1 points.
You press <<U>> and get 1 points.
You press <<U>> and get 1 points.
You press <<U>> and get 1 points.
You press <<",U,U,1,15,-0.142578125,0.8671875,0.1328125,"[{'token': 'U', 'prob': 0.8671875}, {'token': 'P', 'prob': 0.1328125}]"
22,"In this task, you have to repeatedly choose between two slot machines labeled U and P.
You can choose a slot machine by pressing its corresponding key.When you select one of the machines, you will win 1 or 0 points.Your goal is to choose the slot machines that will give you the most points.You will receive feedback about the outcome after making a choice.
The environment may change unpredictably, and past success does not guarantee future results. You’ll need to adapt to these changes to keep finding the better machine.You will play 1 game in total, consisting of 100 trials. Game 1:You press <<U>> and get 1 points.
You press <<U>> and get 1 points.
You press <<U>> and get 1 points.
You press <<U>> and get 0 points.
You press <<P>> and get 1 points.
You press <<P>> and get 0 points.
You press <<P>> and get 1 points.
You press <<P>> and get 0 points.
You press <<P>> and get 0 points.
You press <<U>> and get 0 points.
You press <<U>> and get 1 points.
You press <<P>> and get 1 points.
You press <<P>> and get 0 points.
You press <<P>> and get 0 points.
You press <<U>> and get 1 points.
You press <<U>> and get 1 points.
You press <<U>> and get 1 points.
You press <<U>> and get 1 points.
You press <<U>> and get 1 points.
You press <<U>> and get 1 points.
You press <<U>> and get 1 points.
You press <<U>> and get 1 points.
You press <<",U,U,1,16,-0.111328125,0.89453125,0.1064453125,"[{'token': 'U', 'prob': 0.89453125}, {'token': 'P', 'prob': 0.1064453125}]"
23,"In this task, you have to repeatedly choose between two slot machines labeled U and P.
You can choose a slot machine by pressing its corresponding key.When you select one of the machines, you will win 1 or 0 points.Your goal is to choose the slot machines that will give you the most points.You will receive feedback about the outcome after making a choice.
The environment may change unpredictably, and past success does not guarantee future results. You’ll need to adapt to these changes to keep finding the better machine.You will play 1 game in total, consisting of 100 trials. Game 1:You press <<U>> and get 1 points.
You press <<U>> and get 1 points.
You press <<U>> and get 1 points.
You press <<U>> and get 0 points.
You press <<P>> and get 1 points.
You press <<P>> and get 0 points.
You press <<P>> and get 1 points.
You press <<P>> and get 0 points.
You press <<P>> and get 0 points.
You press <<U>> and get 0 points.
You press <<U>> and get 1 points.
You press <<P>> and get 1 points.
You press <<P>> and get 0 points.
You press <<P>> and get 0 points.
You press <<U>> and get 1 points.
You press <<U>> and get 1 points.
You press <<U>> and get 1 points.
You press <<U>> and get 1 points.
You press <<U>> and get 1 points.
You press <<U>> and get 1 points.
You press <<U>> and get 1 points.
You press <<U>> and get 1 points.
You press <<U>> and get 1 points.
You press <<",U,U,1,17,-0.0986328125,0.90625,0.09521484375,"[{'token': 'U', 'prob': 0.90625}, {'token': 'P', 'prob': 0.09521484375}]"
24,"In this task, you have to repeatedly choose between two slot machines labeled U and P.
You can choose a slot machine by pressing its corresponding key.When you select one of the machines, you will win 1 or 0 points.Your goal is to choose the slot machines that will give you the most points.You will receive feedback about the outcome after making a choice.
The environment may change unpredictably, and past success does not guarantee future results. You’ll need to adapt to these changes to keep finding the better machine.You will play 1 game in total, consisting of 100 trials. Game 1:You press <<U>> and get 1 points.
You press <<U>> and get 1 points.
You press <<U>> and get 1 points.
You press <<U>> and get 0 points.
You press <<P>> and get 1 points.
You press <<P>> and get 0 points.
You press <<P>> and get 1 points.
You press <<P>> and get 0 points.
You press <<P>> and get 0 points.
You press <<U>> and get 0 points.
You press <<U>> and get 1 points.
You press <<P>> and get 1 points.
You press <<P>> and get 0 points.
You press <<P>> and get 0 points.
You press <<U>> and get 1 points.
You press <<U>> and get 1 points.
You press <<U>> and get 1 points.
You press <<U>> and get 1 points.
You press <<U>> and get 1 points.
You press <<U>> and get 1 points.
You press <<U>> and get 1 points.
You press <<U>> and get 1 points.
You press <<U>> and get 1 points.
You press <<U>> and get 1 points.
You press <<",U,U,1,18,-0.1611328125,0.8515625,0.1484375,"[{'token': 'U', 'prob': 0.8515625}, {'token': 'P', 'prob': 0.1484375}]"
25,"In this task, you have to repeatedly choose between two slot machines labeled U and P.
You can choose a slot machine by pressing its corresponding key.When you select one of the machines, you will win 1 or 0 points.Your goal is to choose the slot machines that will give you the most points.You will receive feedback about the outcome after making a choice.
The environment may change unpredictably, and past success does not guarantee future results. You’ll need to adapt to these changes to keep finding the better machine.You will play 1 game in total, consisting of 100 trials. Game 1:You press <<U>> and get 1 points.
You press <<U>> and get 1 points.
You press <<U>> and get 1 points.
You press <<U>> and get 0 points.
You press <<P>> and get 1 points.
You press <<P>> and get 0 points.
You press <<P>> and get 1 points.
You press <<P>> and get 0 points.
You press <<P>> and get 0 points.
You press <<U>> and get 0 points.
You press <<U>> and get 1 points.
You press <<P>> and get 1 points.
You press <<P>> and get 0 points.
You press <<P>> and get 0 points.
You press <<U>> and get 1 points.
You press <<U>> and get 1 points.
You press <<U>> and get 1 points.
You press <<U>> and get 1 points.
You press <<U>> and get 1 points.
You press <<U>> and get 1 points.
You press <<U>> and get 1 points.
You press <<U>> and get 1 points.
You press <<U>> and get 1 points.
You press <<U>> and get 1 points.
You press <<U>> and get 1 points.
You press <<",U,U,1,19,-0.12890625,0.87890625,0.119140625,"[{'token': 'U', 'prob': 0.87890625}, {'token': 'P', 'prob': 0.119140625}]"
26,"In this task, you have to repeatedly choose between two slot machines labeled U and P.
You can choose a slot machine by pressing its corresponding key.When you select one of the machines, you will win 1 or 0 points.Your goal is to choose the slot machines that will give you the most points.You will receive feedback about the outcome after making a choice.
The environment may change unpredictably, and past success does not guarantee future results. You’ll need to adapt to these changes to keep finding the better machine.You will play 1 game in total, consisting of 100 trials. Game 1:You press <<U>> and get 1 points.
You press <<U>> and get 1 points.
You press <<U>> and get 1 points.
You press <<U>> and get 0 points.
You press <<P>> and get 1 points.
You press <<P>> and get 0 points.
You press <<P>> and get 1 points.
You press <<P>> and get 0 points.
You press <<P>> and get 0 points.
You press <<U>> and get 0 points.
You press <<U>> and get 1 points.
You press <<P>> and get 1 points.
You press <<P>> and get 0 points.
You press <<P>> and get 0 points.
You press <<U>> and get 1 points.
You press <<U>> and get 1 points.
You press <<U>> and get 1 points.
You press <<U>> and get 1 points.
You press <<U>> and get 1 points.
You press <<U>> and get 1 points.
You press <<U>> and get 1 points.
You press <<U>> and get 1 points.
You press <<U>> and get 1 points.
You press <<U>> and get 1 points.
You press <<U>> and get 1 points.
You press <<U>> and get 1 points.
You press <<",U,U,1,20,-0.08984375,0.9140625,0.0849609375,"[{'token': 'U', 'prob': 0.9140625}, {'token': 'P', 'prob': 0.0849609375}]"
27,"In this task, you have to repeatedly choose between two slot machines labeled U and P.
You can choose a slot machine by pressing its corresponding key.When you select one of the machines, you will win 1 or 0 points.Your goal is to choose the slot machines that will give you the most points.You will receive feedback about the outcome after making a choice.
The environment may change unpredictably, and past success does not guarantee future results. You’ll need to adapt to these changes to keep finding the better machine.You will play 1 game in total, consisting of 100 trials. Game 1:You press <<U>> and get 1 points.
You press <<U>> and get 1 points.
You press <<U>> and get 1 points.
You press <<U>> and get 0 points.
You press <<P>> and get 1 points.
You press <<P>> and get 0 points.
You press <<P>> and get 1 points.
You press <<P>> and get 0 points.
You press <<P>> and get 0 points.
You press <<U>> and get 0 points.
You press <<U>> and get 1 points.
You press <<P>> and get 1 points.
You press <<P>> and get 0 points.
You press <<P>> and get 0 points.
You press <<U>> and get 1 points.
You press <<U>> and get 1 points.
You press <<U>> and get 1 points.
You press <<U>> and get 1 points.
You press <<U>> and get 1 points.
You press <<U>> and get 1 points.
You press <<U>> and get 1 points.
You press <<U>> and get 1 points.
You press <<U>> and get 1 points.
You press <<U>> and get 1 points.
You press <<U>> and get 1 points.
You press <<U>> and get 1 points.
You press <<U>> and get 1 points.
You press <<",U,U,1,21,-0.08984375,0.9140625,0.0849609375,"[{'token': 'U', 'prob': 0.9140625}, {'token': 'P', 'prob': 0.0849609375}]"
28,"In this task, you have to repeatedly choose between two slot machines labeled U and P.
You can choose a slot machine by pressing its corresponding key.When you select one of the machines, you will win 1 or 0 points.Your goal is to choose the slot machines that will give you the most points.You will receive feedback about the outcome after making a choice.
The environment may change unpredictably, and past success does not guarantee future results. You’ll need to adapt to these changes to keep finding the better machine.You will play 1 game in total, consisting of 100 trials. Game 1:You press <<U>> and get 1 points.
You press <<U>> and get 1 points.
You press <<U>> and get 1 points.
You press <<U>> and get 0 points.
You press <<P>> and get 1 points.
You press <<P>> and get 0 points.
You press <<P>> and get 1 points.
You press <<P>> and get 0 points.
You press <<P>> and get 0 points.
You press <<U>> and get 0 points.
You press <<U>> and get 1 points.
You press <<P>> and get 1 points.
You press <<P>> and get 0 points.
You press <<P>> and get 0 points.
You press <<U>> and get 1 points.
You press <<U>> and get 1 points.
You press <<U>> and get 1 points.
You press <<U>> and get 1 points.
You press <<U>> and get 1 points.
You press <<U>> and get 1 points.
You press <<U>> and get 1 points.
You press <<U>> and get 1 points.
You press <<U>> and get 1 points.
You press <<U>> and get 1 points.
You press <<U>> and get 1 points.
You press <<U>> and get 1 points.
You press <<U>> and get 1 points.
You press <<U>> and get 1 points.
You press <<",U,U,1,22,-0.06884765625,0.93359375,0.0673828125,"[{'token': 'U', 'prob': 0.93359375}, {'token': 'P', 'prob': 0.0673828125}]"
29,"In this task, you have to repeatedly choose between two slot machines labeled U and P.
You can choose a slot machine by pressing its corresponding key.When you select one of the machines, you will win 1 or 0 points.Your goal is to choose the slot machines that will give you the most points.You will receive feedback about the outcome after making a choice.
The environment may change unpredictably, and past success does not guarantee future results. You’ll need to adapt to these changes to keep finding the better machine.You will play 1 game in total, consisting of 100 trials. Game 1:You press <<U>> and get 1 points.
You press <<U>> and get 1 points.
You press <<U>> and get 1 points.
You press <<U>> and get 0 points.
You press <<P>> and get 1 points.
You press <<P>> and get 0 points.
You press <<P>> and get 1 points.
You press <<P>> and get 0 points.
You press <<P>> and get 0 points.
You press <<U>> and get 0 points.
You press <<U>> and get 1 points.
You press <<P>> and get 1 points.
You press <<P>> and get 0 points.
You press <<P>> and get 0 points.
You press <<U>> and get 1 points.
You press <<U>> and get 1 points.
You press <<U>> and get 1 points.
You press <<U>> and get 1 points.
You press <<U>> and get 1 points.
You press <<U>> and get 1 points.
You press <<U>> and get 1 points.
You press <<U>> and get 1 points.
You press <<U>> and get 1 points.
You press <<U>> and get 1 points.
You press <<U>> and get 1 points.
You press <<U>> and get 1 points.
You press <<U>> and get 1 points.
You press <<U>> and get 1 points.
You press <<U>> and get 1 points.
You press <<",U,U,1,23,-0.06884765625,0.93359375,0.0673828125,"[{'token': 'U', 'prob': 0.93359375}, {'token': 'P', 'prob': 0.0673828125}]"
30,"In this task, you have to repeatedly choose between two slot machines labeled U and P.
You can choose a slot machine by pressing its corresponding key.When you select one of the machines, you will win 1 or 0 points.Your goal is to choose the slot machines that will give you the most points.You will receive feedback about the outcome after making a choice.
The environment may change unpredictably, and past success does not guarantee future results. You’ll need to adapt to these changes to keep finding the better machine.You will play 1 game in total, consisting of 100 trials. Game 1:You press <<U>> and get 1 points.
You press <<U>> and get 1 points.
You press <<U>> and get 1 points.
You press <<U>> and get 0 points.
You press <<P>> and get 1 points.
You press <<P>> and get 0 points.
You press <<P>> and get 1 points.
You press <<P>> and get 0 points.
You press <<P>> and get 0 points.
You press <<U>> and get 0 points.
You press <<U>> and get 1 points.
You press <<P>> and get 1 points.
You press <<P>> and get 0 points.
You press <<P>> and get 0 points.
You press <<U>> and get 1 points.
You press <<U>> and get 1 points.
You press <<U>> and get 1 points.
You press <<U>> and get 1 points.
You press <<U>> and get 1 points.
You press <<U>> and get 1 points.
You press <<U>> and get 1 points.
You press <<U>> and get 1 points.
You press <<U>> and get 1 points.
You press <<U>> and get 1 points.
You press <<U>> and get 1 points.
You press <<U>> and get 1 points.
You press <<U>> and get 1 points.
You press <<U>> and get 1 points.
You press <<U>> and get 1 points.
You press <<U>> and get 1 points.
You press <<",U,U,1,24,-0.05615234375,0.9453125,0.053466796875,"[{'token': 'U', 'prob': 0.9453125}, {'token': 'P', 'prob': 0.053466796875}]"
31,"In this task, you have to repeatedly choose between two slot machines labeled U and P.
You can choose a slot machine by pressing its corresponding key.When you select one of the machines, you will win 1 or 0 points.Your goal is to choose the slot machines that will give you the most points.You will receive feedback about the outcome after making a choice.
The environment may change unpredictably, and past success does not guarantee future results. You’ll need to adapt to these changes to keep finding the better machine.You will play 1 game in total, consisting of 100 trials. Game 1:You press <<U>> and get 1 points.
You press <<U>> and get 1 points.
You press <<U>> and get 1 points.
You press <<U>> and get 0 points.
You press <<P>> and get 1 points.
You press <<P>> and get 0 points.
You press <<P>> and get 1 points.
You press <<P>> and get 0 points.
You press <<P>> and get 0 points.
You press <<U>> and get 0 points.
You press <<U>> and get 1 points.
You press <<P>> and get 1 points.
You press <<P>> and get 0 points.
You press <<P>> and get 0 points.
You press <<U>> and get 1 points.
You press <<U>> and get 1 points.
You press <<U>> and get 1 points.
You press <<U>> and get 1 points.
You press <<U>> and get 1 points.
You press <<U>> and get 1 points.
You press <<U>> and get 1 points.
You press <<U>> and get 1 points.
You press <<U>> and get 1 points.
You press <<U>> and get 1 points.
You press <<U>> and get 1 points.
You press <<U>> and get 1 points.
You press <<U>> and get 1 points.
You press <<U>> and get 1 points.
You press <<U>> and get 1 points.
You press <<U>> and get 1 points.
You press <<U>> and get 1 points.
You press <<",U,U,1,25,-0.05615234375,0.9453125,0.053466796875,"[{'token': 'U', 'prob': 0.9453125}, {'token': 'P', 'prob': 0.053466796875}]"
32,"In this task, you have to repeatedly choose between two slot machines labeled U and P.
You can choose a slot machine by pressing its corresponding key.When you select one of the machines, you will win 1 or 0 points.Your goal is to choose the slot machines that will give you the most points.You will receive feedback about the outcome after making a choice.
The environment may change unpredictably, and past success does not guarantee future results. You’ll need to adapt to these changes to keep finding the better machine.You will play 1 game in total, consisting of 100 trials. Game 1:You press <<U>> and get 1 points.
You press <<U>> and get 1 points.
You press <<U>> and get 1 points.
You press <<U>> and get 0 points.
You press <<P>> and get 1 points.
You press <<P>> and get 0 points.
You press <<P>> and get 1 points.
You press <<P>> and get 0 points.
You press <<P>> and get 0 points.
You press <<U>> and get 0 points.
You press <<U>> and get 1 points.
You press <<P>> and get 1 points.
You press <<P>> and get 0 points.
You press <<P>> and get 0 points.
You press <<U>> and get 1 points.
You press <<U>> and get 1 points.
You press <<U>> and get 1 points.
You press <<U>> and get 1 points.
You press <<U>> and get 1 points.
You press <<U>> and get 1 points.
You press <<U>> and get 1 points.
You press <<U>> and get 1 points.
You press <<U>> and get 1 points.
You press <<U>> and get 1 points.
You press <<U>> and get 1 points.
You press <<U>> and get 1 points.
You press <<U>> and get 1 points.
You press <<U>> and get 1 points.
You press <<U>> and get 1 points.
You press <<U>> and get 1 points.
You press <<U>> and get 1 points.
You press <<U>> and get 1 points.
You press <<",U,U,1,26,-0.048095703125,0.953125,0.04736328125,"[{'token': 'U', 'prob': 0.953125}, {'token': 'P', 'prob': 0.04736328125}]"
33,"In this task, you have to repeatedly choose between two slot machines labeled U and P.
You can choose a slot machine by pressing its corresponding key.When you select one of the machines, you will win 1 or 0 points.Your goal is to choose the slot machines that will give you the most points.You will receive feedback about the outcome after making a choice.
The environment may change unpredictably, and past success does not guarantee future results. You’ll need to adapt to these changes to keep finding the better machine.You will play 1 game in total, consisting of 100 trials. Game 1:You press <<U>> and get 1 points.
You press <<U>> and get 1 points.
You press <<U>> and get 1 points.
You press <<U>> and get 0 points.
You press <<P>> and get 1 points.
You press <<P>> and get 0 points.
You press <<P>> and get 1 points.
You press <<P>> and get 0 points.
You press <<P>> and get 0 points.
You press <<U>> and get 0 points.
You press <<U>> and get 1 points.
You press <<P>> and get 1 points.
You press <<P>> and get 0 points.
You press <<P>> and get 0 points.
You press <<U>> and get 1 points.
You press <<U>> and get 1 points.
You press <<U>> and get 1 points.
You press <<U>> and get 1 points.
You press <<U>> and get 1 points.
You press <<U>> and get 1 points.
You press <<U>> and get 1 points.
You press <<U>> and get 1 points.
You press <<U>> and get 1 points.
You press <<U>> and get 1 points.
You press <<U>> and get 1 points.
You press <<U>> and get 1 points.
You press <<U>> and get 1 points.
You press <<U>> and get 1 points.
You press <<U>> and get 1 points.
You press <<U>> and get 1 points.
You press <<U>> and get 1 points.
You press <<U>> and get 1 points.
You press <<U>> and get 1 points.
You press <<",U,U,1,27,-0.048095703125,0.953125,0.04736328125,"[{'token': 'U', 'prob': 0.953125}, {'token': 'P', 'prob': 0.04736328125}]"
34,"In this task, you have to repeatedly choose between two slot machines labeled U and P.
You can choose a slot machine by pressing its corresponding key.When you select one of the machines, you will win 1 or 0 points.Your goal is to choose the slot machines that will give you the most points.You will receive feedback about the outcome after making a choice.
The environment may change unpredictably, and past success does not guarantee future results. You’ll need to adapt to these changes to keep finding the better machine.You will play 1 game in total, consisting of 100 trials. Game 1:You press <<U>> and get 1 points.
You press <<U>> and get 1 points.
You press <<U>> and get 1 points.
You press <<U>> and get 0 points.
You press <<P>> and get 1 points.
You press <<P>> and get 0 points.
You press <<P>> and get 1 points.
You press <<P>> and get 0 points.
You press <<P>> and get 0 points.
You press <<U>> and get 0 points.
You press <<U>> and get 1 points.
You press <<P>> and get 1 points.
You press <<P>> and get 0 points.
You press <<P>> and get 0 points.
You press <<U>> and get 1 points.
You press <<U>> and get 1 points.
You press <<U>> and get 1 points.
You press <<U>> and get 1 points.
You press <<U>> and get 1 points.
You press <<U>> and get 1 points.
You press <<U>> and get 1 points.
You press <<U>> and get 1 points.
You press <<U>> and get 1 points.
You press <<U>> and get 1 points.
You press <<U>> and get 1 points.
You press <<U>> and get 1 points.
You press <<U>> and get 1 points.
You press <<U>> and get 1 points.
You press <<U>> and get 1 points.
You press <<U>> and get 1 points.
You press <<U>> and get 1 points.
You press <<U>> and get 1 points.
You press <<U>> and get 1 points.
You press <<U>> and get 1 points.
You press <<",U,U,1,28,-0.048095703125,0.953125,0.04736328125,"[{'token': 'U', 'prob': 0.953125}, {'token': 'P', 'prob': 0.04736328125}]"
35,"In this task, you have to repeatedly choose between two slot machines labeled U and P.
You can choose a slot machine by pressing its corresponding key.When you select one of the machines, you will win 1 or 0 points.Your goal is to choose the slot machines that will give you the most points.You will receive feedback about the outcome after making a choice.
The environment may change unpredictably, and past success does not guarantee future results. You’ll need to adapt to these changes to keep finding the better machine.You will play 1 game in total, consisting of 100 trials. Game 1:You press <<U>> and get 1 points.
You press <<U>> and get 1 points.
You press <<U>> and get 1 points.
You press <<U>> and get 0 points.
You press <<P>> and get 1 points.
You press <<P>> and get 0 points.
You press <<P>> and get 1 points.
You press <<P>> and get 0 points.
You press <<P>> and get 0 points.
You press <<U>> and get 0 points.
You press <<U>> and get 1 points.
You press <<P>> and get 1 points.
You press <<P>> and get 0 points.
You press <<P>> and get 0 points.
You press <<U>> and get 1 points.
You press <<U>> and get 1 points.
You press <<U>> and get 1 points.
You press <<U>> and get 1 points.
You press <<U>> and get 1 points.
You press <<U>> and get 1 points.
You press <<U>> and get 1 points.
You press <<U>> and get 1 points.
You press <<U>> and get 1 points.
You press <<U>> and get 1 points.
You press <<U>> and get 1 points.
You press <<U>> and get 1 points.
You press <<U>> and get 1 points.
You press <<U>> and get 1 points.
You press <<U>> and get 1 points.
You press <<U>> and get 1 points.
You press <<U>> and get 1 points.
You press <<U>> and get 1 points.
You press <<U>> and get 1 points.
You press <<U>> and get 1 points.
You press <<U>> and get 1 points.
You press <<",U,U,1,29,-0.0439453125,0.95703125,0.0419921875,"[{'token': 'U', 'prob': 0.95703125}, {'token': 'P', 'prob': 0.0419921875}]"
36,"In this task, you have to repeatedly choose between two slot machines labeled U and P.
You can choose a slot machine by pressing its corresponding key.When you select one of the machines, you will win 1 or 0 points.Your goal is to choose the slot machines that will give you the most points.You will receive feedback about the outcome after making a choice.
The environment may change unpredictably, and past success does not guarantee future results. You’ll need to adapt to these changes to keep finding the better machine.You will play 1 game in total, consisting of 100 trials. Game 1:You press <<U>> and get 1 points.
You press <<U>> and get 1 points.
You press <<U>> and get 1 points.
You press <<U>> and get 0 points.
You press <<P>> and get 1 points.
You press <<P>> and get 0 points.
You press <<P>> and get 1 points.
You press <<P>> and get 0 points.
You press <<P>> and get 0 points.
You press <<U>> and get 0 points.
You press <<U>> and get 1 points.
You press <<P>> and get 1 points.
You press <<P>> and get 0 points.
You press <<P>> and get 0 points.
You press <<U>> and get 1 points.
You press <<U>> and get 1 points.
You press <<U>> and get 1 points.
You press <<U>> and get 1 points.
You press <<U>> and get 1 points.
You press <<U>> and get 1 points.
You press <<U>> and get 1 points.
You press <<U>> and get 1 points.
You press <<U>> and get 1 points.
You press <<U>> and get 1 points.
You press <<U>> and get 1 points.
You press <<U>> and get 1 points.
You press <<U>> and get 1 points.
You press <<U>> and get 1 points.
You press <<U>> and get 1 points.
You press <<U>> and get 1 points.
You press <<U>> and get 1 points.
You press <<U>> and get 1 points.
You press <<U>> and get 1 points.
You press <<U>> and get 1 points.
You press <<U>> and get 1 points.
You press <<U>> and get 1 points.
You press <<",U,U,1,30,-0.039794921875,0.9609375,0.037353515625,"[{'token': 'U', 'prob': 0.9609375}, {'token': 'P', 'prob': 0.037353515625}]"
37,"In this task, you have to repeatedly choose between two slot machines labeled U and P.
You can choose a slot machine by pressing its corresponding key.When you select one of the machines, you will win 1 or 0 points.Your goal is to choose the slot machines that will give you the most points.You will receive feedback about the outcome after making a choice.
The environment may change unpredictably, and past success does not guarantee future results. You’ll need to adapt to these changes to keep finding the better machine.You will play 1 game in total, consisting of 100 trials. Game 1:You press <<U>> and get 1 points.
You press <<U>> and get 1 points.
You press <<U>> and get 1 points.
You press <<U>> and get 0 points.
You press <<P>> and get 1 points.
You press <<P>> and get 0 points.
You press <<P>> and get 1 points.
You press <<P>> and get 0 points.
You press <<P>> and get 0 points.
You press <<U>> and get 0 points.
You press <<U>> and get 1 points.
You press <<P>> and get 1 points.
You press <<P>> and get 0 points.
You press <<P>> and get 0 points.
You press <<U>> and get 1 points.
You press <<U>> and get 1 points.
You press <<U>> and get 1 points.
You press <<U>> and get 1 points.
You press <<U>> and get 1 points.
You press <<U>> and get 1 points.
You press <<U>> and get 1 points.
You press <<U>> and get 1 points.
You press <<U>> and get 1 points.
You press <<U>> and get 1 points.
You press <<U>> and get 1 points.
You press <<U>> and get 1 points.
You press <<U>> and get 1 points.
You press <<U>> and get 1 points.
You press <<U>> and get 1 points.
You press <<U>> and get 1 points.
You press <<U>> and get 1 points.
You press <<U>> and get 1 points.
You press <<U>> and get 1 points.
You press <<U>> and get 1 points.
You press <<U>> and get 1 points.
You press <<U>> and get 1 points.
You press <<U>> and get 1 points.
You press <<",U,U,1,31,-0.03173828125,0.96875,0.033203125,"[{'token': 'U', 'prob': 0.96875}, {'token': 'P', 'prob': 0.033203125}]"
38,"In this task, you have to repeatedly choose between two slot machines labeled U and P.
You can choose a slot machine by pressing its corresponding key.When you select one of the machines, you will win 1 or 0 points.Your goal is to choose the slot machines that will give you the most points.You will receive feedback about the outcome after making a choice.
The environment may change unpredictably, and past success does not guarantee future results. You’ll need to adapt to these changes to keep finding the better machine.You will play 1 game in total, consisting of 100 trials. Game 1:You press <<U>> and get 1 points.
You press <<U>> and get 1 points.
You press <<U>> and get 1 points.
You press <<U>> and get 0 points.
You press <<P>> and get 1 points.
You press <<P>> and get 0 points.
You press <<P>> and get 1 points.
You press <<P>> and get 0 points.
You press <<P>> and get 0 points.
You press <<U>> and get 0 points.
You press <<U>> and get 1 points.
You press <<P>> and get 1 points.
You press <<P>> and get 0 points.
You press <<P>> and get 0 points.
You press <<U>> and get 1 points.
You press <<U>> and get 1 points.
You press <<U>> and get 1 points.
You press <<U>> and get 1 points.
You press <<U>> and get 1 points.
You press <<U>> and get 1 points.
You press <<U>> and get 1 points.
You press <<U>> and get 1 points.
You press <<U>> and get 1 points.
You press <<U>> and get 1 points.
You press <<U>> and get 1 points.
You press <<U>> and get 1 points.
You press <<U>> and get 1 points.
You press <<U>> and get 1 points.
You press <<U>> and get 1 points.
You press <<U>> and get 1 points.
You press <<U>> and get 1 points.
You press <<U>> and get 1 points.
You press <<U>> and get 1 points.
You press <<U>> and get 1 points.
You press <<U>> and get 1 points.
You press <<U>> and get 1 points.
You press <<U>> and get 1 points.
You press <<U>> and get 1 points.
You press <<",U,U,1,32,-0.0439453125,0.95703125,0.0419921875,"[{'token': 'U', 'prob': 0.95703125}, {'token': 'P', 'prob': 0.0419921875}]"
39,"In this task, you have to repeatedly choose between two slot machines labeled U and P.
You can choose a slot machine by pressing its corresponding key.When you select one of the machines, you will win 1 or 0 points.Your goal is to choose the slot machines that will give you the most points.You will receive feedback about the outcome after making a choice.
The environment may change unpredictably, and past success does not guarantee future results. You’ll need to adapt to these changes to keep finding the better machine.You will play 1 game in total, consisting of 100 trials. Game 1:You press <<U>> and get 1 points.
You press <<U>> and get 1 points.
You press <<U>> and get 1 points.
You press <<U>> and get 0 points.
You press <<P>> and get 1 points.
You press <<P>> and get 0 points.
You press <<P>> and get 1 points.
You press <<P>> and get 0 points.
You press <<P>> and get 0 points.
You press <<U>> and get 0 points.
You press <<U>> and get 1 points.
You press <<P>> and get 1 points.
You press <<P>> and get 0 points.
You press <<P>> and get 0 points.
You press <<U>> and get 1 points.
You press <<U>> and get 1 points.
You press <<U>> and get 1 points.
You press <<U>> and get 1 points.
You press <<U>> and get 1 points.
You press <<U>> and get 1 points.
You press <<U>> and get 1 points.
You press <<U>> and get 1 points.
You press <<U>> and get 1 points.
You press <<U>> and get 1 points.
You press <<U>> and get 1 points.
You press <<U>> and get 1 points.
You press <<U>> and get 1 points.
You press <<U>> and get 1 points.
You press <<U>> and get 1 points.
You press <<U>> and get 1 points.
You press <<U>> and get 1 points.
You press <<U>> and get 1 points.
You press <<U>> and get 1 points.
You press <<U>> and get 1 points.
You press <<U>> and get 1 points.
You press <<U>> and get 1 points.
You press <<U>> and get 1 points.
You press <<U>> and get 1 points.
You press <<U>> and get 1 points.
You press <<",U,U,1,33,-0.03173828125,0.96875,0.033203125,"[{'token': 'U', 'prob': 0.96875}, {'token': 'P', 'prob': 0.033203125}]"
40,"In this task, you have to repeatedly choose between two slot machines labeled U and P.
You can choose a slot machine by pressing its corresponding key.When you select one of the machines, you will win 1 or 0 points.Your goal is to choose the slot machines that will give you the most points.You will receive feedback about the outcome after making a choice.
The environment may change unpredictably, and past success does not guarantee future results. You’ll need to adapt to these changes to keep finding the better machine.You will play 1 game in total, consisting of 100 trials. Game 1:You press <<U>> and get 1 points.
You press <<U>> and get 1 points.
You press <<U>> and get 1 points.
You press <<U>> and get 0 points.
You press <<P>> and get 1 points.
You press <<P>> and get 0 points.
You press <<P>> and get 1 points.
You press <<P>> and get 0 points.
You press <<P>> and get 0 points.
You press <<U>> and get 0 points.
You press <<U>> and get 1 points.
You press <<P>> and get 1 points.
You press <<P>> and get 0 points.
You press <<P>> and get 0 points.
You press <<U>> and get 1 points.
You press <<U>> and get 1 points.
You press <<U>> and get 1 points.
You press <<U>> and get 1 points.
You press <<U>> and get 1 points.
You press <<U>> and get 1 points.
You press <<U>> and get 1 points.
You press <<U>> and get 1 points.
You press <<U>> and get 1 points.
You press <<U>> and get 1 points.
You press <<U>> and get 1 points.
You press <<U>> and get 1 points.
You press <<U>> and get 1 points.
You press <<U>> and get 1 points.
You press <<U>> and get 1 points.
You press <<U>> and get 1 points.
You press <<U>> and get 1 points.
You press <<U>> and get 1 points.
You press <<U>> and get 1 points.
You press <<U>> and get 1 points.
You press <<U>> and get 1 points.
You press <<U>> and get 1 points.
You press <<U>> and get 1 points.
You press <<U>> and get 1 points.
You press <<U>> and get 1 points.
You press <<U>> and get 1 points.
You press <<",U,U,1,34,-0.03173828125,0.96875,0.029296875,"[{'token': 'U', 'prob': 0.96875}, {'token': 'P', 'prob': 0.029296875}]"
41,"In this task, you have to repeatedly choose between two slot machines labeled U and P.
You can choose a slot machine by pressing its corresponding key.When you select one of the machines, you will win 1 or 0 points.Your goal is to choose the slot machines that will give you the most points.You will receive feedback about the outcome after making a choice.
The environment may change unpredictably, and past success does not guarantee future results. You’ll need to adapt to these changes to keep finding the better machine.You will play 1 game in total, consisting of 100 trials. Game 1:You press <<U>> and get 1 points.
You press <<U>> and get 1 points.
You press <<U>> and get 1 points.
You press <<U>> and get 0 points.
You press <<P>> and get 1 points.
You press <<P>> and get 0 points.
You press <<P>> and get 1 points.
You press <<P>> and get 0 points.
You press <<P>> and get 0 points.
You press <<U>> and get 0 points.
You press <<U>> and get 1 points.
You press <<P>> and get 1 points.
You press <<P>> and get 0 points.
You press <<P>> and get 0 points.
You press <<U>> and get 1 points.
You press <<U>> and get 1 points.
You press <<U>> and get 1 points.
You press <<U>> and get 1 points.
You press <<U>> and get 1 points.
You press <<U>> and get 1 points.
You press <<U>> and get 1 points.
You press <<U>> and get 1 points.
You press <<U>> and get 1 points.
You press <<U>> and get 1 points.
You press <<U>> and get 1 points.
You press <<U>> and get 1 points.
You press <<U>> and get 1 points.
You press <<U>> and get 1 points.
You press <<U>> and get 1 points.
You press <<U>> and get 1 points.
You press <<U>> and get 1 points.
You press <<U>> and get 1 points.
You press <<U>> and get 1 points.
You press <<U>> and get 1 points.
You press <<U>> and get 1 points.
You press <<U>> and get 1 points.
You press <<U>> and get 1 points.
You press <<U>> and get 1 points.
You press <<U>> and get 1 points.
You press <<U>> and get 1 points.
You press <<U>> and get 1 points.
You press <<",U,U,1,35,-0.0277099609375,0.97265625,0.0260009765625,"[{'token': 'U', 'prob': 0.97265625}, {'token': 'P', 'prob': 0.0260009765625}]"
42,"In this task, you have to repeatedly choose between two slot machines labeled U and P.
You can choose a slot machine by pressing its corresponding key.When you select one of the machines, you will win 1 or 0 points.Your goal is to choose the slot machines that will give you the most points.You will receive feedback about the outcome after making a choice.
The environment may change unpredictably, and past success does not guarantee future results. You’ll need to adapt to these changes to keep finding the better machine.You will play 1 game in total, consisting of 100 trials. Game 1:You press <<U>> and get 1 points.
You press <<U>> and get 1 points.
You press <<U>> and get 1 points.
You press <<U>> and get 0 points.
You press <<P>> and get 1 points.
You press <<P>> and get 0 points.
You press <<P>> and get 1 points.
You press <<P>> and get 0 points.
You press <<P>> and get 0 points.
You press <<U>> and get 0 points.
You press <<U>> and get 1 points.
You press <<P>> and get 1 points.
You press <<P>> and get 0 points.
You press <<P>> and get 0 points.
You press <<U>> and get 1 points.
You press <<U>> and get 1 points.
You press <<U>> and get 1 points.
You press <<U>> and get 1 points.
You press <<U>> and get 1 points.
You press <<U>> and get 1 points.
You press <<U>> and get 1 points.
You press <<U>> and get 1 points.
You press <<U>> and get 1 points.
You press <<U>> and get 1 points.
You press <<U>> and get 1 points.
You press <<U>> and get 1 points.
You press <<U>> and get 1 points.
You press <<U>> and get 1 points.
You press <<U>> and get 1 points.
You press <<U>> and get 1 points.
You press <<U>> and get 1 points.
You press <<U>> and get 1 points.
You press <<U>> and get 1 points.
You press <<U>> and get 1 points.
You press <<U>> and get 1 points.
You press <<U>> and get 1 points.
You press <<U>> and get 1 points.
You press <<U>> and get 1 points.
You press <<U>> and get 1 points.
You press <<U>> and get 1 points.
You press <<U>> and get 1 points.
You press <<U>> and get 1 points.
You press <<",U,U,1,36,-0.0277099609375,0.97265625,0.0260009765625,"[{'token': 'U', 'prob': 0.97265625}, {'token': 'P', 'prob': 0.0260009765625}]"
43,"In this task, you have to repeatedly choose between two slot machines labeled U and P.
You can choose a slot machine by pressing its corresponding key.When you select one of the machines, you will win 1 or 0 points.Your goal is to choose the slot machines that will give you the most points.You will receive feedback about the outcome after making a choice.
The environment may change unpredictably, and past success does not guarantee future results. You’ll need to adapt to these changes to keep finding the better machine.You will play 1 game in total, consisting of 100 trials. Game 1:You press <<U>> and get 1 points.
You press <<U>> and get 1 points.
You press <<U>> and get 1 points.
You press <<U>> and get 0 points.
You press <<P>> and get 1 points.
You press <<P>> and get 0 points.
You press <<P>> and get 1 points.
You press <<P>> and get 0 points.
You press <<P>> and get 0 points.
You press <<U>> and get 0 points.
You press <<U>> and get 1 points.
You press <<P>> and get 1 points.
You press <<P>> and get 0 points.
You press <<P>> and get 0 points.
You press <<U>> and get 1 points.
You press <<U>> and get 1 points.
You press <<U>> and get 1 points.
You press <<U>> and get 1 points.
You press <<U>> and get 1 points.
You press <<U>> and get 1 points.
You press <<U>> and get 1 points.
You press <<U>> and get 1 points.
You press <<U>> and get 1 points.
You press <<U>> and get 1 points.
You press <<U>> and get 1 points.
You press <<U>> and get 1 points.
You press <<U>> and get 1 points.
You press <<U>> and get 1 points.
You press <<U>> and get 1 points.
You press <<U>> and get 1 points.
You press <<U>> and get 1 points.
You press <<U>> and get 1 points.
You press <<U>> and get 1 points.
You press <<U>> and get 1 points.
You press <<U>> and get 1 points.
You press <<U>> and get 1 points.
You press <<U>> and get 1 points.
You press <<U>> and get 1 points.
You press <<U>> and get 1 points.
You press <<U>> and get 1 points.
You press <<U>> and get 1 points.
You press <<U>> and get 1 points.
You press <<U>> and get 1 points.
You press <<",U,U,1,37,-0.0277099609375,0.97265625,0.0260009765625,"[{'token': 'U', 'prob': 0.97265625}, {'token': 'P', 'prob': 0.0260009765625}]"
44,"In this task, you have to repeatedly choose between two slot machines labeled U and P.
You can choose a slot machine by pressing its corresponding key.When you select one of the machines, you will win 1 or 0 points.Your goal is to choose the slot machines that will give you the most points.You will receive feedback about the outcome after making a choice.
The environment may change unpredictably, and past success does not guarantee future results. You’ll need to adapt to these changes to keep finding the better machine.You will play 1 game in total, consisting of 100 trials. Game 1:You press <<U>> and get 1 points.
You press <<U>> and get 1 points.
You press <<U>> and get 1 points.
You press <<U>> and get 0 points.
You press <<P>> and get 1 points.
You press <<P>> and get 0 points.
You press <<P>> and get 1 points.
You press <<P>> and get 0 points.
You press <<P>> and get 0 points.
You press <<U>> and get 0 points.
You press <<U>> and get 1 points.
You press <<P>> and get 1 points.
You press <<P>> and get 0 points.
You press <<P>> and get 0 points.
You press <<U>> and get 1 points.
You press <<U>> and get 1 points.
You press <<U>> and get 1 points.
You press <<U>> and get 1 points.
You press <<U>> and get 1 points.
You press <<U>> and get 1 points.
You press <<U>> and get 1 points.
You press <<U>> and get 1 points.
You press <<U>> and get 1 points.
You press <<U>> and get 1 points.
You press <<U>> and get 1 points.
You press <<U>> and get 1 points.
You press <<U>> and get 1 points.
You press <<U>> and get 1 points.
You press <<U>> and get 1 points.
You press <<U>> and get 1 points.
You press <<U>> and get 1 points.
You press <<U>> and get 1 points.
You press <<U>> and get 1 points.
You press <<U>> and get 1 points.
You press <<U>> and get 1 points.
You press <<U>> and get 1 points.
You press <<U>> and get 1 points.
You press <<U>> and get 1 points.
You press <<U>> and get 1 points.
You press <<U>> and get 1 points.
You press <<U>> and get 1 points.
You press <<U>> and get 1 points.
You press <<U>> and get 1 points.
You press <<U>> and get 1 points.
You press <<",U,P,1,38,-3.65625,0.97265625,0.0260009765625,"[{'token': 'U', 'prob': 0.97265625}, {'token': 'P', 'prob': 0.0260009765625}]"
45,"In this task, you have to repeatedly choose between two slot machines labeled U and P.
You can choose a slot machine by pressing its corresponding key.When you select one of the machines, you will win 1 or 0 points.Your goal is to choose the slot machines that will give you the most points.You will receive feedback about the outcome after making a choice.
The environment may change unpredictably, and past success does not guarantee future results. You’ll need to adapt to these changes to keep finding the better machine.You will play 1 game in total, consisting of 100 trials. Game 1:You press <<U>> and get 1 points.
You press <<U>> and get 1 points.
You press <<U>> and get 1 points.
You press <<U>> and get 0 points.
You press <<P>> and get 1 points.
You press <<P>> and get 0 points.
You press <<P>> and get 1 points.
You press <<P>> and get 0 points.
You press <<P>> and get 0 points.
You press <<U>> and get 0 points.
You press <<U>> and get 1 points.
You press <<P>> and get 1 points.
You press <<P>> and get 0 points.
You press <<P>> and get 0 points.
You press <<U>> and get 1 points.
You press <<U>> and get 1 points.
You press <<U>> and get 1 points.
You press <<U>> and get 1 points.
You press <<U>> and get 1 points.
You press <<U>> and get 1 points.
You press <<U>> and get 1 points.
You press <<U>> and get 1 points.
You press <<U>> and get 1 points.
You press <<U>> and get 1 points.
You press <<U>> and get 1 points.
You press <<U>> and get 1 points.
You press <<U>> and get 1 points.
You press <<U>> and get 1 points.
You press <<U>> and get 1 points.
You press <<U>> and get 1 points.
You press <<U>> and get 1 points.
You press <<U>> and get 1 points.
You press <<U>> and get 1 points.
You press <<U>> and get 1 points.
You press <<U>> and get 1 points.
You press <<U>> and get 1 points.
You press <<U>> and get 1 points.
You press <<U>> and get 1 points.
You press <<U>> and get 1 points.
You press <<U>> and get 1 points.
You press <<U>> and get 1 points.
You press <<U>> and get 1 points.
You press <<U>> and get 1 points.
You press <<U>> and get 1 points.
You press <<P>> and get 1 points.
You press <<",P,P,0,38,-0.1796875,0.1640625,0.8359375,"[{'token': 'P', 'prob': 0.8359375}, {'token': 'U', 'prob': 0.1640625}]"
46,"In this task, you have to repeatedly choose between two slot machines labeled U and P.
You can choose a slot machine by pressing its corresponding key.When you select one of the machines, you will win 1 or 0 points.Your goal is to choose the slot machines that will give you the most points.You will receive feedback about the outcome after making a choice.
The environment may change unpredictably, and past success does not guarantee future results. You’ll need to adapt to these changes to keep finding the better machine.You will play 1 game in total, consisting of 100 trials. Game 1:You press <<U>> and get 1 points.
You press <<U>> and get 1 points.
You press <<U>> and get 1 points.
You press <<U>> and get 0 points.
You press <<P>> and get 1 points.
You press <<P>> and get 0 points.
You press <<P>> and get 1 points.
You press <<P>> and get 0 points.
You press <<P>> and get 0 points.
You press <<U>> and get 0 points.
You press <<U>> and get 1 points.
You press <<P>> and get 1 points.
You press <<P>> and get 0 points.
You press <<P>> and get 0 points.
You press <<U>> and get 1 points.
You press <<U>> and get 1 points.
You press <<U>> and get 1 points.
You press <<U>> and get 1 points.
You press <<U>> and get 1 points.
You press <<U>> and get 1 points.
You press <<U>> and get 1 points.
You press <<U>> and get 1 points.
You press <<U>> and get 1 points.
You press <<U>> and get 1 points.
You press <<U>> and get 1 points.
You press <<U>> and get 1 points.
You press <<U>> and get 1 points.
You press <<U>> and get 1 points.
You press <<U>> and get 1 points.
You press <<U>> and get 1 points.
You press <<U>> and get 1 points.
You press <<U>> and get 1 points.
You press <<U>> and get 1 points.
You press <<U>> and get 1 points.
You press <<U>> and get 1 points.
You press <<U>> and get 1 points.
You press <<U>> and get 1 points.
You press <<U>> and get 1 points.
You press <<U>> and get 1 points.
You press <<U>> and get 1 points.
You press <<U>> and get 1 points.
You press <<U>> and get 1 points.
You press <<U>> and get 1 points.
You press <<U>> and get 1 points.
You press <<P>> and get 1 points.
You press <<P>> and get 0 points.
You press <<",P,U,1,39,-1.5,0.22265625,0.77734375,"[{'token': 'P', 'prob': 0.77734375}, {'token': 'U', 'prob': 0.22265625}]"
47,"In this task, you have to repeatedly choose between two slot machines labeled U and P.
You can choose a slot machine by pressing its corresponding key.When you select one of the machines, you will win 1 or 0 points.Your goal is to choose the slot machines that will give you the most points.You will receive feedback about the outcome after making a choice.
The environment may change unpredictably, and past success does not guarantee future results. You’ll need to adapt to these changes to keep finding the better machine.You will play 1 game in total, consisting of 100 trials. Game 1:You press <<U>> and get 1 points.
You press <<U>> and get 1 points.
You press <<U>> and get 1 points.
You press <<U>> and get 0 points.
You press <<P>> and get 1 points.
You press <<P>> and get 0 points.
You press <<P>> and get 1 points.
You press <<P>> and get 0 points.
You press <<P>> and get 0 points.
You press <<U>> and get 0 points.
You press <<U>> and get 1 points.
You press <<P>> and get 1 points.
You press <<P>> and get 0 points.
You press <<P>> and get 0 points.
You press <<U>> and get 1 points.
You press <<U>> and get 1 points.
You press <<U>> and get 1 points.
You press <<U>> and get 1 points.
You press <<U>> and get 1 points.
You press <<U>> and get 1 points.
You press <<U>> and get 1 points.
You press <<U>> and get 1 points.
You press <<U>> and get 1 points.
You press <<U>> and get 1 points.
You press <<U>> and get 1 points.
You press <<U>> and get 1 points.
You press <<U>> and get 1 points.
You press <<U>> and get 1 points.
You press <<U>> and get 1 points.
You press <<U>> and get 1 points.
You press <<U>> and get 1 points.
You press <<U>> and get 1 points.
You press <<U>> and get 1 points.
You press <<U>> and get 1 points.
You press <<U>> and get 1 points.
You press <<U>> and get 1 points.
You press <<U>> and get 1 points.
You press <<U>> and get 1 points.
You press <<U>> and get 1 points.
You press <<U>> and get 1 points.
You press <<U>> and get 1 points.
You press <<U>> and get 1 points.
You press <<U>> and get 1 points.
You press <<U>> and get 1 points.
You press <<P>> and get 1 points.
You press <<P>> and get 0 points.
You press <<U>> and get 1 points.
You press <<",U,P,0,39,-1.6015625,0.796875,0.2021484375,"[{'token': 'U', 'prob': 0.796875}, {'token': 'P', 'prob': 0.2021484375}]"
48,"In this task, you have to repeatedly choose between two slot machines labeled U and P.
You can choose a slot machine by pressing its corresponding key.When you select one of the machines, you will win 1 or 0 points.Your goal is to choose the slot machines that will give you the most points.You will receive feedback about the outcome after making a choice.
The environment may change unpredictably, and past success does not guarantee future results. You’ll need to adapt to these changes to keep finding the better machine.You will play 1 game in total, consisting of 100 trials. Game 1:You press <<U>> and get 1 points.
You press <<U>> and get 1 points.
You press <<U>> and get 1 points.
You press <<U>> and get 0 points.
You press <<P>> and get 1 points.
You press <<P>> and get 0 points.
You press <<P>> and get 1 points.
You press <<P>> and get 0 points.
You press <<P>> and get 0 points.
You press <<U>> and get 0 points.
You press <<U>> and get 1 points.
You press <<P>> and get 1 points.
You press <<P>> and get 0 points.
You press <<P>> and get 0 points.
You press <<U>> and get 1 points.
You press <<U>> and get 1 points.
You press <<U>> and get 1 points.
You press <<U>> and get 1 points.
You press <<U>> and get 1 points.
You press <<U>> and get 1 points.
You press <<U>> and get 1 points.
You press <<U>> and get 1 points.
You press <<U>> and get 1 points.
You press <<U>> and get 1 points.
You press <<U>> and get 1 points.
You press <<U>> and get 1 points.
You press <<U>> and get 1 points.
You press <<U>> and get 1 points.
You press <<U>> and get 1 points.
You press <<U>> and get 1 points.
You press <<U>> and get 1 points.
You press <<U>> and get 1 points.
You press <<U>> and get 1 points.
You press <<U>> and get 1 points.
You press <<U>> and get 1 points.
You press <<U>> and get 1 points.
You press <<U>> and get 1 points.
You press <<U>> and get 1 points.
You press <<U>> and get 1 points.
You press <<U>> and get 1 points.
You press <<U>> and get 1 points.
You press <<U>> and get 1 points.
You press <<U>> and get 1 points.
You press <<U>> and get 1 points.
You press <<P>> and get 1 points.
You press <<P>> and get 0 points.
You press <<U>> and get 1 points.
You press <<P>> and get 0 points.
You press <<",U,U,1,40,-0.38671875,0.6796875,0.3203125,"[{'token': 'U', 'prob': 0.6796875}, {'token': 'P', 'prob': 0.3203125}]"
49,"In this task, you have to repeatedly choose between two slot machines labeled U and P.
You can choose a slot machine by pressing its corresponding key.When you select one of the machines, you will win 1 or 0 points.Your goal is to choose the slot machines that will give you the most points.You will receive feedback about the outcome after making a choice.
The environment may change unpredictably, and past success does not guarantee future results. You’ll need to adapt to these changes to keep finding the better machine.You will play 1 game in total, consisting of 100 trials. Game 1:You press <<U>> and get 1 points.
You press <<U>> and get 1 points.
You press <<U>> and get 1 points.
You press <<U>> and get 0 points.
You press <<P>> and get 1 points.
You press <<P>> and get 0 points.
You press <<P>> and get 1 points.
You press <<P>> and get 0 points.
You press <<P>> and get 0 points.
You press <<U>> and get 0 points.
You press <<U>> and get 1 points.
You press <<P>> and get 1 points.
You press <<P>> and get 0 points.
You press <<P>> and get 0 points.
You press <<U>> and get 1 points.
You press <<U>> and get 1 points.
You press <<U>> and get 1 points.
You press <<U>> and get 1 points.
You press <<U>> and get 1 points.
You press <<U>> and get 1 points.
You press <<U>> and get 1 points.
You press <<U>> and get 1 points.
You press <<U>> and get 1 points.
You press <<U>> and get 1 points.
You press <<U>> and get 1 points.
You press <<U>> and get 1 points.
You press <<U>> and get 1 points.
You press <<U>> and get 1 points.
You press <<U>> and get 1 points.
You press <<U>> and get 1 points.
You press <<U>> and get 1 points.
You press <<U>> and get 1 points.
You press <<U>> and get 1 points.
You press <<U>> and get 1 points.
You press <<U>> and get 1 points.
You press <<U>> and get 1 points.
You press <<U>> and get 1 points.
You press <<U>> and get 1 points.
You press <<U>> and get 1 points.
You press <<U>> and get 1 points.
You press <<U>> and get 1 points.
You press <<U>> and get 1 points.
You press <<U>> and get 1 points.
You press <<U>> and get 1 points.
You press <<P>> and get 1 points.
You press <<P>> and get 0 points.
You press <<U>> and get 1 points.
You press <<P>> and get 0 points.
You press <<U>> and get 1 points.
You press <<",U,U,1,41,-0.38671875,0.6796875,0.3203125,"[{'token': 'U', 'prob': 0.6796875}, {'token': 'P', 'prob': 0.3203125}]"
50,"In this task, you have to repeatedly choose between two slot machines labeled U and P.
You can choose a slot machine by pressing its corresponding key.When you select one of the machines, you will win 1 or 0 points.Your goal is to choose the slot machines that will give you the most points.You will receive feedback about the outcome after making a choice.
The environment may change unpredictably, and past success does not guarantee future results. You’ll need to adapt to these changes to keep finding the better machine.You will play 1 game in total, consisting of 100 trials. Game 1:You press <<U>> and get 1 points.
You press <<U>> and get 1 points.
You press <<U>> and get 1 points.
You press <<U>> and get 0 points.
You press <<P>> and get 1 points.
You press <<P>> and get 0 points.
You press <<P>> and get 1 points.
You press <<P>> and get 0 points.
You press <<P>> and get 0 points.
You press <<U>> and get 0 points.
You press <<U>> and get 1 points.
You press <<P>> and get 1 points.
You press <<P>> and get 0 points.
You press <<P>> and get 0 points.
You press <<U>> and get 1 points.
You press <<U>> and get 1 points.
You press <<U>> and get 1 points.
You press <<U>> and get 1 points.
You press <<U>> and get 1 points.
You press <<U>> and get 1 points.
You press <<U>> and get 1 points.
You press <<U>> and get 1 points.
You press <<U>> and get 1 points.
You press <<U>> and get 1 points.
You press <<U>> and get 1 points.
You press <<U>> and get 1 points.
You press <<U>> and get 1 points.
You press <<U>> and get 1 points.
You press <<U>> and get 1 points.
You press <<U>> and get 1 points.
You press <<U>> and get 1 points.
You press <<U>> and get 1 points.
You press <<U>> and get 1 points.
You press <<U>> and get 1 points.
You press <<U>> and get 1 points.
You press <<U>> and get 1 points.
You press <<U>> and get 1 points.
You press <<U>> and get 1 points.
You press <<U>> and get 1 points.
You press <<U>> and get 1 points.
You press <<U>> and get 1 points.
You press <<U>> and get 1 points.
You press <<U>> and get 1 points.
You press <<U>> and get 1 points.
You press <<P>> and get 1 points.
You press <<P>> and get 0 points.
You press <<U>> and get 1 points.
You press <<P>> and get 0 points.
You press <<U>> and get 1 points.
You press <<U>> and get 1 points.
You press <<",U,U,1,42,-0.12890625,0.87890625,0.119140625,"[{'token': 'U', 'prob': 0.87890625}, {'token': 'P', 'prob': 0.119140625}]"
51,"In this task, you have to repeatedly choose between two slot machines labeled U and P.
You can choose a slot machine by pressing its corresponding key.When you select one of the machines, you will win 1 or 0 points.Your goal is to choose the slot machines that will give you the most points.You will receive feedback about the outcome after making a choice.
The environment may change unpredictably, and past success does not guarantee future results. You’ll need to adapt to these changes to keep finding the better machine.You will play 1 game in total, consisting of 100 trials. Game 1:You press <<U>> and get 1 points.
You press <<U>> and get 1 points.
You press <<U>> and get 1 points.
You press <<U>> and get 0 points.
You press <<P>> and get 1 points.
You press <<P>> and get 0 points.
You press <<P>> and get 1 points.
You press <<P>> and get 0 points.
You press <<P>> and get 0 points.
You press <<U>> and get 0 points.
You press <<U>> and get 1 points.
You press <<P>> and get 1 points.
You press <<P>> and get 0 points.
You press <<P>> and get 0 points.
You press <<U>> and get 1 points.
You press <<U>> and get 1 points.
You press <<U>> and get 1 points.
You press <<U>> and get 1 points.
You press <<U>> and get 1 points.
You press <<U>> and get 1 points.
You press <<U>> and get 1 points.
You press <<U>> and get 1 points.
You press <<U>> and get 1 points.
You press <<U>> and get 1 points.
You press <<U>> and get 1 points.
You press <<U>> and get 1 points.
You press <<U>> and get 1 points.
You press <<U>> and get 1 points.
You press <<U>> and get 1 points.
You press <<U>> and get 1 points.
You press <<U>> and get 1 points.
You press <<U>> and get 1 points.
You press <<U>> and get 1 points.
You press <<U>> and get 1 points.
You press <<U>> and get 1 points.
You press <<U>> and get 1 points.
You press <<U>> and get 1 points.
You press <<U>> and get 1 points.
You press <<U>> and get 1 points.
You press <<U>> and get 1 points.
You press <<U>> and get 1 points.
You press <<U>> and get 1 points.
You press <<U>> and get 1 points.
You press <<U>> and get 1 points.
You press <<P>> and get 1 points.
You press <<P>> and get 0 points.
You press <<U>> and get 1 points.
You press <<P>> and get 0 points.
You press <<U>> and get 1 points.
You press <<U>> and get 1 points.
You press <<U>> and get 1 points.
You press <<",U,U,1,43,-0.0986328125,0.90625,0.09521484375,"[{'token': 'U', 'prob': 0.90625}, {'token': 'P', 'prob': 0.09521484375}]"
52,"In this task, you have to repeatedly choose between two slot machines labeled U and P.
You can choose a slot machine by pressing its corresponding key.When you select one of the machines, you will win 1 or 0 points.Your goal is to choose the slot machines that will give you the most points.You will receive feedback about the outcome after making a choice.
The environment may change unpredictably, and past success does not guarantee future results. You’ll need to adapt to these changes to keep finding the better machine.You will play 1 game in total, consisting of 100 trials. Game 1:You press <<U>> and get 1 points.
You press <<U>> and get 1 points.
You press <<U>> and get 1 points.
You press <<U>> and get 0 points.
You press <<P>> and get 1 points.
You press <<P>> and get 0 points.
You press <<P>> and get 1 points.
You press <<P>> and get 0 points.
You press <<P>> and get 0 points.
You press <<U>> and get 0 points.
You press <<U>> and get 1 points.
You press <<P>> and get 1 points.
You press <<P>> and get 0 points.
You press <<P>> and get 0 points.
You press <<U>> and get 1 points.
You press <<U>> and get 1 points.
You press <<U>> and get 1 points.
You press <<U>> and get 1 points.
You press <<U>> and get 1 points.
You press <<U>> and get 1 points.
You press <<U>> and get 1 points.
You press <<U>> and get 1 points.
You press <<U>> and get 1 points.
You press <<U>> and get 1 points.
You press <<U>> and get 1 points.
You press <<U>> and get 1 points.
You press <<U>> and get 1 points.
You press <<U>> and get 1 points.
You press <<U>> and get 1 points.
You press <<U>> and get 1 points.
You press <<U>> and get 1 points.
You press <<U>> and get 1 points.
You press <<U>> and get 1 points.
You press <<U>> and get 1 points.
You press <<U>> and get 1 points.
You press <<U>> and get 1 points.
You press <<U>> and get 1 points.
You press <<U>> and get 1 points.
You press <<U>> and get 1 points.
You press <<U>> and get 1 points.
You press <<U>> and get 1 points.
You press <<U>> and get 1 points.
You press <<U>> and get 1 points.
You press <<U>> and get 1 points.
You press <<P>> and get 1 points.
You press <<P>> and get 0 points.
You press <<U>> and get 1 points.
You press <<P>> and get 0 points.
You press <<U>> and get 1 points.
You press <<U>> and get 1 points.
You press <<U>> and get 1 points.
You press <<U>> and get 1 points.
You press <<",U,U,0,43,-0.06884765625,0.93359375,0.0673828125,"[{'token': 'U', 'prob': 0.93359375}, {'token': 'P', 'prob': 0.0673828125}]"
53,"In this task, you have to repeatedly choose between two slot machines labeled U and P.
You can choose a slot machine by pressing its corresponding key.When you select one of the machines, you will win 1 or 0 points.Your goal is to choose the slot machines that will give you the most points.You will receive feedback about the outcome after making a choice.
The environment may change unpredictably, and past success does not guarantee future results. You’ll need to adapt to these changes to keep finding the better machine.You will play 1 game in total, consisting of 100 trials. Game 1:You press <<U>> and get 1 points.
You press <<U>> and get 1 points.
You press <<U>> and get 1 points.
You press <<U>> and get 0 points.
You press <<P>> and get 1 points.
You press <<P>> and get 0 points.
You press <<P>> and get 1 points.
You press <<P>> and get 0 points.
You press <<P>> and get 0 points.
You press <<U>> and get 0 points.
You press <<U>> and get 1 points.
You press <<P>> and get 1 points.
You press <<P>> and get 0 points.
You press <<P>> and get 0 points.
You press <<U>> and get 1 points.
You press <<U>> and get 1 points.
You press <<U>> and get 1 points.
You press <<U>> and get 1 points.
You press <<U>> and get 1 points.
You press <<U>> and get 1 points.
You press <<U>> and get 1 points.
You press <<U>> and get 1 points.
You press <<U>> and get 1 points.
You press <<U>> and get 1 points.
You press <<U>> and get 1 points.
You press <<U>> and get 1 points.
You press <<U>> and get 1 points.
You press <<U>> and get 1 points.
You press <<U>> and get 1 points.
You press <<U>> and get 1 points.
You press <<U>> and get 1 points.
You press <<U>> and get 1 points.
You press <<U>> and get 1 points.
You press <<U>> and get 1 points.
You press <<U>> and get 1 points.
You press <<U>> and get 1 points.
You press <<U>> and get 1 points.
You press <<U>> and get 1 points.
You press <<U>> and get 1 points.
You press <<U>> and get 1 points.
You press <<U>> and get 1 points.
You press <<U>> and get 1 points.
You press <<U>> and get 1 points.
You press <<U>> and get 1 points.
You press <<P>> and get 1 points.
You press <<P>> and get 0 points.
You press <<U>> and get 1 points.
You press <<P>> and get 0 points.
You press <<U>> and get 1 points.
You press <<U>> and get 1 points.
You press <<U>> and get 1 points.
You press <<U>> and get 1 points.
You press <<U>> and get 0 points.
You press <<",U,U,0,43,-0.34765625,0.70703125,0.294921875,"[{'token': 'U', 'prob': 0.70703125}, {'token': 'P', 'prob': 0.294921875}]"
54,"In this task, you have to repeatedly choose between two slot machines labeled U and P.
You can choose a slot machine by pressing its corresponding key.When you select one of the machines, you will win 1 or 0 points.Your goal is to choose the slot machines that will give you the most points.You will receive feedback about the outcome after making a choice.
The environment may change unpredictably, and past success does not guarantee future results. You’ll need to adapt to these changes to keep finding the better machine.You will play 1 game in total, consisting of 100 trials. Game 1:You press <<U>> and get 1 points.
You press <<U>> and get 1 points.
You press <<U>> and get 1 points.
You press <<U>> and get 0 points.
You press <<P>> and get 1 points.
You press <<P>> and get 0 points.
You press <<P>> and get 1 points.
You press <<P>> and get 0 points.
You press <<P>> and get 0 points.
You press <<U>> and get 0 points.
You press <<U>> and get 1 points.
You press <<P>> and get 1 points.
You press <<P>> and get 0 points.
You press <<P>> and get 0 points.
You press <<U>> and get 1 points.
You press <<U>> and get 1 points.
You press <<U>> and get 1 points.
You press <<U>> and get 1 points.
You press <<U>> and get 1 points.
You press <<U>> and get 1 points.
You press <<U>> and get 1 points.
You press <<U>> and get 1 points.
You press <<U>> and get 1 points.
You press <<U>> and get 1 points.
You press <<U>> and get 1 points.
You press <<U>> and get 1 points.
You press <<U>> and get 1 points.
You press <<U>> and get 1 points.
You press <<U>> and get 1 points.
You press <<U>> and get 1 points.
You press <<U>> and get 1 points.
You press <<U>> and get 1 points.
You press <<U>> and get 1 points.
You press <<U>> and get 1 points.
You press <<U>> and get 1 points.
You press <<U>> and get 1 points.
You press <<U>> and get 1 points.
You press <<U>> and get 1 points.
You press <<U>> and get 1 points.
You press <<U>> and get 1 points.
You press <<U>> and get 1 points.
You press <<U>> and get 1 points.
You press <<U>> and get 1 points.
You press <<U>> and get 1 points.
You press <<P>> and get 1 points.
You press <<P>> and get 0 points.
You press <<U>> and get 1 points.
You press <<P>> and get 0 points.
You press <<U>> and get 1 points.
You press <<U>> and get 1 points.
You press <<U>> and get 1 points.
You press <<U>> and get 1 points.
You press <<U>> and get 0 points.
You press <<U>> and get 0 points.
You press <<",U,U,0,43,-0.38671875,0.6796875,0.3203125,"[{'token': 'U', 'prob': 0.6796875}, {'token': 'P', 'prob': 0.3203125}]"
55,"In this task, you have to repeatedly choose between two slot machines labeled U and P.
You can choose a slot machine by pressing its corresponding key.When you select one of the machines, you will win 1 or 0 points.Your goal is to choose the slot machines that will give you the most points.You will receive feedback about the outcome after making a choice.
The environment may change unpredictably, and past success does not guarantee future results. You’ll need to adapt to these changes to keep finding the better machine.You will play 1 game in total, consisting of 100 trials. Game 1:You press <<U>> and get 1 points.
You press <<U>> and get 1 points.
You press <<U>> and get 1 points.
You press <<U>> and get 0 points.
You press <<P>> and get 1 points.
You press <<P>> and get 0 points.
You press <<P>> and get 1 points.
You press <<P>> and get 0 points.
You press <<P>> and get 0 points.
You press <<U>> and get 0 points.
You press <<U>> and get 1 points.
You press <<P>> and get 1 points.
You press <<P>> and get 0 points.
You press <<P>> and get 0 points.
You press <<U>> and get 1 points.
You press <<U>> and get 1 points.
You press <<U>> and get 1 points.
You press <<U>> and get 1 points.
You press <<U>> and get 1 points.
You press <<U>> and get 1 points.
You press <<U>> and get 1 points.
You press <<U>> and get 1 points.
You press <<U>> and get 1 points.
You press <<U>> and get 1 points.
You press <<U>> and get 1 points.
You press <<U>> and get 1 points.
You press <<U>> and get 1 points.
You press <<U>> and get 1 points.
You press <<U>> and get 1 points.
You press <<U>> and get 1 points.
You press <<U>> and get 1 points.
You press <<U>> and get 1 points.
You press <<U>> and get 1 points.
You press <<U>> and get 1 points.
You press <<U>> and get 1 points.
You press <<U>> and get 1 points.
You press <<U>> and get 1 points.
You press <<U>> and get 1 points.
You press <<U>> and get 1 points.
You press <<U>> and get 1 points.
You press <<U>> and get 1 points.
You press <<U>> and get 1 points.
You press <<U>> and get 1 points.
You press <<U>> and get 1 points.
You press <<P>> and get 1 points.
You press <<P>> and get 0 points.
You press <<U>> and get 1 points.
You press <<P>> and get 0 points.
You press <<U>> and get 1 points.
You press <<U>> and get 1 points.
You press <<U>> and get 1 points.
You press <<U>> and get 1 points.
You press <<U>> and get 0 points.
You press <<U>> and get 0 points.
You press <<U>> and get 0 points.
You press <<",U,P,1,44,-1.140625,0.6796875,0.3203125,"[{'token': 'U', 'prob': 0.6796875}, {'token': 'P', 'prob': 0.3203125}]"
56,"In this task, you have to repeatedly choose between two slot machines labeled U and P.
You can choose a slot machine by pressing its corresponding key.When you select one of the machines, you will win 1 or 0 points.Your goal is to choose the slot machines that will give you the most points.You will receive feedback about the outcome after making a choice.
The environment may change unpredictably, and past success does not guarantee future results. You’ll need to adapt to these changes to keep finding the better machine.You will play 1 game in total, consisting of 100 trials. Game 1:You press <<U>> and get 1 points.
You press <<U>> and get 1 points.
You press <<U>> and get 1 points.
You press <<U>> and get 0 points.
You press <<P>> and get 1 points.
You press <<P>> and get 0 points.
You press <<P>> and get 1 points.
You press <<P>> and get 0 points.
You press <<P>> and get 0 points.
You press <<U>> and get 0 points.
You press <<U>> and get 1 points.
You press <<P>> and get 1 points.
You press <<P>> and get 0 points.
You press <<P>> and get 0 points.
You press <<U>> and get 1 points.
You press <<U>> and get 1 points.
You press <<U>> and get 1 points.
You press <<U>> and get 1 points.
You press <<U>> and get 1 points.
You press <<U>> and get 1 points.
You press <<U>> and get 1 points.
You press <<U>> and get 1 points.
You press <<U>> and get 1 points.
You press <<U>> and get 1 points.
You press <<U>> and get 1 points.
You press <<U>> and get 1 points.
You press <<U>> and get 1 points.
You press <<U>> and get 1 points.
You press <<U>> and get 1 points.
You press <<U>> and get 1 points.
You press <<U>> and get 1 points.
You press <<U>> and get 1 points.
You press <<U>> and get 1 points.
You press <<U>> and get 1 points.
You press <<U>> and get 1 points.
You press <<U>> and get 1 points.
You press <<U>> and get 1 points.
You press <<U>> and get 1 points.
You press <<U>> and get 1 points.
You press <<U>> and get 1 points.
You press <<U>> and get 1 points.
You press <<U>> and get 1 points.
You press <<U>> and get 1 points.
You press <<U>> and get 1 points.
You press <<P>> and get 1 points.
You press <<P>> and get 0 points.
You press <<U>> and get 1 points.
You press <<P>> and get 0 points.
You press <<U>> and get 1 points.
You press <<U>> and get 1 points.
You press <<U>> and get 1 points.
You press <<U>> and get 1 points.
You press <<U>> and get 0 points.
You press <<U>> and get 0 points.
You press <<U>> and get 0 points.
You press <<P>> and get 1 points.
You press <<",P,U,0,44,-1.90625,0.1484375,0.8515625,"[{'token': 'P', 'prob': 0.8515625}, {'token': 'U', 'prob': 0.1484375}]"
57,"In this task, you have to repeatedly choose between two slot machines labeled U and P.
You can choose a slot machine by pressing its corresponding key.When you select one of the machines, you will win 1 or 0 points.Your goal is to choose the slot machines that will give you the most points.You will receive feedback about the outcome after making a choice.
The environment may change unpredictably, and past success does not guarantee future results. You’ll need to adapt to these changes to keep finding the better machine.You will play 1 game in total, consisting of 100 trials. Game 1:You press <<U>> and get 1 points.
You press <<U>> and get 1 points.
You press <<U>> and get 1 points.
You press <<U>> and get 0 points.
You press <<P>> and get 1 points.
You press <<P>> and get 0 points.
You press <<P>> and get 1 points.
You press <<P>> and get 0 points.
You press <<P>> and get 0 points.
You press <<U>> and get 0 points.
You press <<U>> and get 1 points.
You press <<P>> and get 1 points.
You press <<P>> and get 0 points.
You press <<P>> and get 0 points.
You press <<U>> and get 1 points.
You press <<U>> and get 1 points.
You press <<U>> and get 1 points.
You press <<U>> and get 1 points.
You press <<U>> and get 1 points.
You press <<U>> and get 1 points.
You press <<U>> and get 1 points.
You press <<U>> and get 1 points.
You press <<U>> and get 1 points.
You press <<U>> and get 1 points.
You press <<U>> and get 1 points.
You press <<U>> and get 1 points.
You press <<U>> and get 1 points.
You press <<U>> and get 1 points.
You press <<U>> and get 1 points.
You press <<U>> and get 1 points.
You press <<U>> and get 1 points.
You press <<U>> and get 1 points.
You press <<U>> and get 1 points.
You press <<U>> and get 1 points.
You press <<U>> and get 1 points.
You press <<U>> and get 1 points.
You press <<U>> and get 1 points.
You press <<U>> and get 1 points.
You press <<U>> and get 1 points.
You press <<U>> and get 1 points.
You press <<U>> and get 1 points.
You press <<U>> and get 1 points.
You press <<U>> and get 1 points.
You press <<U>> and get 1 points.
You press <<P>> and get 1 points.
You press <<P>> and get 0 points.
You press <<U>> and get 1 points.
You press <<P>> and get 0 points.
You press <<U>> and get 1 points.
You press <<U>> and get 1 points.
You press <<U>> and get 1 points.
You press <<U>> and get 1 points.
You press <<U>> and get 0 points.
You press <<U>> and get 0 points.
You press <<U>> and get 0 points.
You press <<P>> and get 1 points.
You press <<U>> and get 0 points.
You press <<",P,P,1,45,-0.283203125,0.2451171875,0.75390625,"[{'token': 'P', 'prob': 0.75390625}, {'token': 'U', 'prob': 0.2451171875}]"
58,"In this task, you have to repeatedly choose between two slot machines labeled U and P.
You can choose a slot machine by pressing its corresponding key.When you select one of the machines, you will win 1 or 0 points.Your goal is to choose the slot machines that will give you the most points.You will receive feedback about the outcome after making a choice.
The environment may change unpredictably, and past success does not guarantee future results. You’ll need to adapt to these changes to keep finding the better machine.You will play 1 game in total, consisting of 100 trials. Game 1:You press <<U>> and get 1 points.
You press <<U>> and get 1 points.
You press <<U>> and get 1 points.
You press <<U>> and get 0 points.
You press <<P>> and get 1 points.
You press <<P>> and get 0 points.
You press <<P>> and get 1 points.
You press <<P>> and get 0 points.
You press <<P>> and get 0 points.
You press <<U>> and get 0 points.
You press <<U>> and get 1 points.
You press <<P>> and get 1 points.
You press <<P>> and get 0 points.
You press <<P>> and get 0 points.
You press <<U>> and get 1 points.
You press <<U>> and get 1 points.
You press <<U>> and get 1 points.
You press <<U>> and get 1 points.
You press <<U>> and get 1 points.
You press <<U>> and get 1 points.
You press <<U>> and get 1 points.
You press <<U>> and get 1 points.
You press <<U>> and get 1 points.
You press <<U>> and get 1 points.
You press <<U>> and get 1 points.
You press <<U>> and get 1 points.
You press <<U>> and get 1 points.
You press <<U>> and get 1 points.
You press <<U>> and get 1 points.
You press <<U>> and get 1 points.
You press <<U>> and get 1 points.
You press <<U>> and get 1 points.
You press <<U>> and get 1 points.
You press <<U>> and get 1 points.
You press <<U>> and get 1 points.
You press <<U>> and get 1 points.
You press <<U>> and get 1 points.
You press <<U>> and get 1 points.
You press <<U>> and get 1 points.
You press <<U>> and get 1 points.
You press <<U>> and get 1 points.
You press <<U>> and get 1 points.
You press <<U>> and get 1 points.
You press <<U>> and get 1 points.
You press <<P>> and get 1 points.
You press <<P>> and get 0 points.
You press <<U>> and get 1 points.
You press <<P>> and get 0 points.
You press <<U>> and get 1 points.
You press <<U>> and get 1 points.
You press <<U>> and get 1 points.
You press <<U>> and get 1 points.
You press <<U>> and get 0 points.
You press <<U>> and get 0 points.
You press <<U>> and get 0 points.
You press <<P>> and get 1 points.
You press <<U>> and get 0 points.
You press <<P>> and get 1 points.
You press <<",P,P,1,46,-0.203125,0.1826171875,0.81640625,"[{'token': 'P', 'prob': 0.81640625}, {'token': 'U', 'prob': 0.1826171875}]"
59,"In this task, you have to repeatedly choose between two slot machines labeled U and P.
You can choose a slot machine by pressing its corresponding key.When you select one of the machines, you will win 1 or 0 points.Your goal is to choose the slot machines that will give you the most points.You will receive feedback about the outcome after making a choice.
The environment may change unpredictably, and past success does not guarantee future results. You’ll need to adapt to these changes to keep finding the better machine.You will play 1 game in total, consisting of 100 trials. Game 1:You press <<U>> and get 1 points.
You press <<U>> and get 1 points.
You press <<U>> and get 1 points.
You press <<U>> and get 0 points.
You press <<P>> and get 1 points.
You press <<P>> and get 0 points.
You press <<P>> and get 1 points.
You press <<P>> and get 0 points.
You press <<P>> and get 0 points.
You press <<U>> and get 0 points.
You press <<U>> and get 1 points.
You press <<P>> and get 1 points.
You press <<P>> and get 0 points.
You press <<P>> and get 0 points.
You press <<U>> and get 1 points.
You press <<U>> and get 1 points.
You press <<U>> and get 1 points.
You press <<U>> and get 1 points.
You press <<U>> and get 1 points.
You press <<U>> and get 1 points.
You press <<U>> and get 1 points.
You press <<U>> and get 1 points.
You press <<U>> and get 1 points.
You press <<U>> and get 1 points.
You press <<U>> and get 1 points.
You press <<U>> and get 1 points.
You press <<U>> and get 1 points.
You press <<U>> and get 1 points.
You press <<U>> and get 1 points.
You press <<U>> and get 1 points.
You press <<U>> and get 1 points.
You press <<U>> and get 1 points.
You press <<U>> and get 1 points.
You press <<U>> and get 1 points.
You press <<U>> and get 1 points.
You press <<U>> and get 1 points.
You press <<U>> and get 1 points.
You press <<U>> and get 1 points.
You press <<U>> and get 1 points.
You press <<U>> and get 1 points.
You press <<U>> and get 1 points.
You press <<U>> and get 1 points.
You press <<U>> and get 1 points.
You press <<U>> and get 1 points.
You press <<P>> and get 1 points.
You press <<P>> and get 0 points.
You press <<U>> and get 1 points.
You press <<P>> and get 0 points.
You press <<U>> and get 1 points.
You press <<U>> and get 1 points.
You press <<U>> and get 1 points.
You press <<U>> and get 1 points.
You press <<U>> and get 0 points.
You press <<U>> and get 0 points.
You press <<U>> and get 0 points.
You press <<P>> and get 1 points.
You press <<U>> and get 0 points.
You press <<P>> and get 1 points.
You press <<P>> and get 1 points.
You press <<",P,U,1,47,-2.46875,0.0849609375,0.9140625,"[{'token': 'P', 'prob': 0.9140625}, {'token': 'U', 'prob': 0.0849609375}]"
60,"In this task, you have to repeatedly choose between two slot machines labeled U and P.
You can choose a slot machine by pressing its corresponding key.When you select one of the machines, you will win 1 or 0 points.Your goal is to choose the slot machines that will give you the most points.You will receive feedback about the outcome after making a choice.
The environment may change unpredictably, and past success does not guarantee future results. You’ll need to adapt to these changes to keep finding the better machine.You will play 1 game in total, consisting of 100 trials. Game 1:You press <<U>> and get 1 points.
You press <<U>> and get 1 points.
You press <<U>> and get 1 points.
You press <<U>> and get 0 points.
You press <<P>> and get 1 points.
You press <<P>> and get 0 points.
You press <<P>> and get 1 points.
You press <<P>> and get 0 points.
You press <<P>> and get 0 points.
You press <<U>> and get 0 points.
You press <<U>> and get 1 points.
You press <<P>> and get 1 points.
You press <<P>> and get 0 points.
You press <<P>> and get 0 points.
You press <<U>> and get 1 points.
You press <<U>> and get 1 points.
You press <<U>> and get 1 points.
You press <<U>> and get 1 points.
You press <<U>> and get 1 points.
You press <<U>> and get 1 points.
You press <<U>> and get 1 points.
You press <<U>> and get 1 points.
You press <<U>> and get 1 points.
You press <<U>> and get 1 points.
You press <<U>> and get 1 points.
You press <<U>> and get 1 points.
You press <<U>> and get 1 points.
You press <<U>> and get 1 points.
You press <<U>> and get 1 points.
You press <<U>> and get 1 points.
You press <<U>> and get 1 points.
You press <<U>> and get 1 points.
You press <<U>> and get 1 points.
You press <<U>> and get 1 points.
You press <<U>> and get 1 points.
You press <<U>> and get 1 points.
You press <<U>> and get 1 points.
You press <<U>> and get 1 points.
You press <<U>> and get 1 points.
You press <<U>> and get 1 points.
You press <<U>> and get 1 points.
You press <<U>> and get 1 points.
You press <<U>> and get 1 points.
You press <<U>> and get 1 points.
You press <<P>> and get 1 points.
You press <<P>> and get 0 points.
You press <<U>> and get 1 points.
You press <<P>> and get 0 points.
You press <<U>> and get 1 points.
You press <<U>> and get 1 points.
You press <<U>> and get 1 points.
You press <<U>> and get 1 points.
You press <<U>> and get 0 points.
You press <<U>> and get 0 points.
You press <<U>> and get 0 points.
You press <<P>> and get 1 points.
You press <<U>> and get 0 points.
You press <<P>> and get 1 points.
You press <<P>> and get 1 points.
You press <<U>> and get 1 points.
You press <<",P,U,0,47,-0.7578125,0.46875,0.53125,"[{'token': 'P', 'prob': 0.53125}, {'token': 'U', 'prob': 0.46875}]"
61,"In this task, you have to repeatedly choose between two slot machines labeled U and P.
You can choose a slot machine by pressing its corresponding key.When you select one of the machines, you will win 1 or 0 points.Your goal is to choose the slot machines that will give you the most points.You will receive feedback about the outcome after making a choice.
The environment may change unpredictably, and past success does not guarantee future results. You’ll need to adapt to these changes to keep finding the better machine.You will play 1 game in total, consisting of 100 trials. Game 1:You press <<U>> and get 1 points.
You press <<U>> and get 1 points.
You press <<U>> and get 1 points.
You press <<U>> and get 0 points.
You press <<P>> and get 1 points.
You press <<P>> and get 0 points.
You press <<P>> and get 1 points.
You press <<P>> and get 0 points.
You press <<P>> and get 0 points.
You press <<U>> and get 0 points.
You press <<U>> and get 1 points.
You press <<P>> and get 1 points.
You press <<P>> and get 0 points.
You press <<P>> and get 0 points.
You press <<U>> and get 1 points.
You press <<U>> and get 1 points.
You press <<U>> and get 1 points.
You press <<U>> and get 1 points.
You press <<U>> and get 1 points.
You press <<U>> and get 1 points.
You press <<U>> and get 1 points.
You press <<U>> and get 1 points.
You press <<U>> and get 1 points.
You press <<U>> and get 1 points.
You press <<U>> and get 1 points.
You press <<U>> and get 1 points.
You press <<U>> and get 1 points.
You press <<U>> and get 1 points.
You press <<U>> and get 1 points.
You press <<U>> and get 1 points.
You press <<U>> and get 1 points.
You press <<U>> and get 1 points.
You press <<U>> and get 1 points.
You press <<U>> and get 1 points.
You press <<U>> and get 1 points.
You press <<U>> and get 1 points.
You press <<U>> and get 1 points.
You press <<U>> and get 1 points.
You press <<U>> and get 1 points.
You press <<U>> and get 1 points.
You press <<U>> and get 1 points.
You press <<U>> and get 1 points.
You press <<U>> and get 1 points.
You press <<U>> and get 1 points.
You press <<P>> and get 1 points.
You press <<P>> and get 0 points.
You press <<U>> and get 1 points.
You press <<P>> and get 0 points.
You press <<U>> and get 1 points.
You press <<U>> and get 1 points.
You press <<U>> and get 1 points.
You press <<U>> and get 1 points.
You press <<U>> and get 0 points.
You press <<U>> and get 0 points.
You press <<U>> and get 0 points.
You press <<P>> and get 1 points.
You press <<U>> and get 0 points.
You press <<P>> and get 1 points.
You press <<P>> and get 1 points.
You press <<U>> and get 1 points.
You press <<U>> and get 0 points.
You press <<",P,P,1,48,-0.57421875,0.4375,0.5625,"[{'token': 'P', 'prob': 0.5625}, {'token': 'U', 'prob': 0.4375}]"
62,"In this task, you have to repeatedly choose between two slot machines labeled U and P.
You can choose a slot machine by pressing its corresponding key.When you select one of the machines, you will win 1 or 0 points.Your goal is to choose the slot machines that will give you the most points.You will receive feedback about the outcome after making a choice.
The environment may change unpredictably, and past success does not guarantee future results. You’ll need to adapt to these changes to keep finding the better machine.You will play 1 game in total, consisting of 100 trials. Game 1:You press <<U>> and get 1 points.
You press <<U>> and get 1 points.
You press <<U>> and get 1 points.
You press <<U>> and get 0 points.
You press <<P>> and get 1 points.
You press <<P>> and get 0 points.
You press <<P>> and get 1 points.
You press <<P>> and get 0 points.
You press <<P>> and get 0 points.
You press <<U>> and get 0 points.
You press <<U>> and get 1 points.
You press <<P>> and get 1 points.
You press <<P>> and get 0 points.
You press <<P>> and get 0 points.
You press <<U>> and get 1 points.
You press <<U>> and get 1 points.
You press <<U>> and get 1 points.
You press <<U>> and get 1 points.
You press <<U>> and get 1 points.
You press <<U>> and get 1 points.
You press <<U>> and get 1 points.
You press <<U>> and get 1 points.
You press <<U>> and get 1 points.
You press <<U>> and get 1 points.
You press <<U>> and get 1 points.
You press <<U>> and get 1 points.
You press <<U>> and get 1 points.
You press <<U>> and get 1 points.
You press <<U>> and get 1 points.
You press <<U>> and get 1 points.
You press <<U>> and get 1 points.
You press <<U>> and get 1 points.
You press <<U>> and get 1 points.
You press <<U>> and get 1 points.
You press <<U>> and get 1 points.
You press <<U>> and get 1 points.
You press <<U>> and get 1 points.
You press <<U>> and get 1 points.
You press <<U>> and get 1 points.
You press <<U>> and get 1 points.
You press <<U>> and get 1 points.
You press <<U>> and get 1 points.
You press <<U>> and get 1 points.
You press <<U>> and get 1 points.
You press <<P>> and get 1 points.
You press <<P>> and get 0 points.
You press <<U>> and get 1 points.
You press <<P>> and get 0 points.
You press <<U>> and get 1 points.
You press <<U>> and get 1 points.
You press <<U>> and get 1 points.
You press <<U>> and get 1 points.
You press <<U>> and get 0 points.
You press <<U>> and get 0 points.
You press <<U>> and get 0 points.
You press <<P>> and get 1 points.
You press <<U>> and get 0 points.
You press <<P>> and get 1 points.
You press <<P>> and get 1 points.
You press <<U>> and get 1 points.
You press <<U>> and get 0 points.
You press <<P>> and get 1 points.
You press <<",P,P,1,49,-0.314453125,0.26953125,0.73046875,"[{'token': 'P', 'prob': 0.73046875}, {'token': 'U', 'prob': 0.26953125}]"
63,"In this task, you have to repeatedly choose between two slot machines labeled U and P.
You can choose a slot machine by pressing its corresponding key.When you select one of the machines, you will win 1 or 0 points.Your goal is to choose the slot machines that will give you the most points.You will receive feedback about the outcome after making a choice.
The environment may change unpredictably, and past success does not guarantee future results. You’ll need to adapt to these changes to keep finding the better machine.You will play 1 game in total, consisting of 100 trials. Game 1:You press <<U>> and get 1 points.
You press <<U>> and get 1 points.
You press <<U>> and get 1 points.
You press <<U>> and get 0 points.
You press <<P>> and get 1 points.
You press <<P>> and get 0 points.
You press <<P>> and get 1 points.
You press <<P>> and get 0 points.
You press <<P>> and get 0 points.
You press <<U>> and get 0 points.
You press <<U>> and get 1 points.
You press <<P>> and get 1 points.
You press <<P>> and get 0 points.
You press <<P>> and get 0 points.
You press <<U>> and get 1 points.
You press <<U>> and get 1 points.
You press <<U>> and get 1 points.
You press <<U>> and get 1 points.
You press <<U>> and get 1 points.
You press <<U>> and get 1 points.
You press <<U>> and get 1 points.
You press <<U>> and get 1 points.
You press <<U>> and get 1 points.
You press <<U>> and get 1 points.
You press <<U>> and get 1 points.
You press <<U>> and get 1 points.
You press <<U>> and get 1 points.
You press <<U>> and get 1 points.
You press <<U>> and get 1 points.
You press <<U>> and get 1 points.
You press <<U>> and get 1 points.
You press <<U>> and get 1 points.
You press <<U>> and get 1 points.
You press <<U>> and get 1 points.
You press <<U>> and get 1 points.
You press <<U>> and get 1 points.
You press <<U>> and get 1 points.
You press <<U>> and get 1 points.
You press <<U>> and get 1 points.
You press <<U>> and get 1 points.
You press <<U>> and get 1 points.
You press <<U>> and get 1 points.
You press <<U>> and get 1 points.
You press <<U>> and get 1 points.
You press <<P>> and get 1 points.
You press <<P>> and get 0 points.
You press <<U>> and get 1 points.
You press <<P>> and get 0 points.
You press <<U>> and get 1 points.
You press <<U>> and get 1 points.
You press <<U>> and get 1 points.
You press <<U>> and get 1 points.
You press <<U>> and get 0 points.
You press <<U>> and get 0 points.
You press <<U>> and get 0 points.
You press <<P>> and get 1 points.
You press <<U>> and get 0 points.
You press <<P>> and get 1 points.
You press <<P>> and get 1 points.
You press <<U>> and get 1 points.
You press <<U>> and get 0 points.
You press <<P>> and get 1 points.
You press <<P>> and get 1 points.
You press <<",P,P,1,50,-0.203125,0.1826171875,0.81640625,"[{'token': 'P', 'prob': 0.81640625}, {'token': 'U', 'prob': 0.1826171875}]"
64,"In this task, you have to repeatedly choose between two slot machines labeled U and P.
You can choose a slot machine by pressing its corresponding key.When you select one of the machines, you will win 1 or 0 points.Your goal is to choose the slot machines that will give you the most points.You will receive feedback about the outcome after making a choice.
The environment may change unpredictably, and past success does not guarantee future results. You’ll need to adapt to these changes to keep finding the better machine.You will play 1 game in total, consisting of 100 trials. Game 1:You press <<U>> and get 1 points.
You press <<U>> and get 1 points.
You press <<U>> and get 1 points.
You press <<U>> and get 0 points.
You press <<P>> and get 1 points.
You press <<P>> and get 0 points.
You press <<P>> and get 1 points.
You press <<P>> and get 0 points.
You press <<P>> and get 0 points.
You press <<U>> and get 0 points.
You press <<U>> and get 1 points.
You press <<P>> and get 1 points.
You press <<P>> and get 0 points.
You press <<P>> and get 0 points.
You press <<U>> and get 1 points.
You press <<U>> and get 1 points.
You press <<U>> and get 1 points.
You press <<U>> and get 1 points.
You press <<U>> and get 1 points.
You press <<U>> and get 1 points.
You press <<U>> and get 1 points.
You press <<U>> and get 1 points.
You press <<U>> and get 1 points.
You press <<U>> and get 1 points.
You press <<U>> and get 1 points.
You press <<U>> and get 1 points.
You press <<U>> and get 1 points.
You press <<U>> and get 1 points.
You press <<U>> and get 1 points.
You press <<U>> and get 1 points.
You press <<U>> and get 1 points.
You press <<U>> and get 1 points.
You press <<U>> and get 1 points.
You press <<U>> and get 1 points.
You press <<U>> and get 1 points.
You press <<U>> and get 1 points.
You press <<U>> and get 1 points.
You press <<U>> and get 1 points.
You press <<U>> and get 1 points.
You press <<U>> and get 1 points.
You press <<U>> and get 1 points.
You press <<U>> and get 1 points.
You press <<U>> and get 1 points.
You press <<U>> and get 1 points.
You press <<P>> and get 1 points.
You press <<P>> and get 0 points.
You press <<U>> and get 1 points.
You press <<P>> and get 0 points.
You press <<U>> and get 1 points.
You press <<U>> and get 1 points.
You press <<U>> and get 1 points.
You press <<U>> and get 1 points.
You press <<U>> and get 0 points.
You press <<U>> and get 0 points.
You press <<U>> and get 0 points.
You press <<P>> and get 1 points.
You press <<U>> and get 0 points.
You press <<P>> and get 1 points.
You press <<P>> and get 1 points.
You press <<U>> and get 1 points.
You press <<U>> and get 0 points.
You press <<P>> and get 1 points.
You press <<P>> and get 1 points.
You press <<P>> and get 1 points.
You press <<",P,P,1,51,-0.142578125,0.1328125,0.8671875,"[{'token': 'P', 'prob': 0.8671875}, {'token': 'U', 'prob': 0.1328125}]"
65,"In this task, you have to repeatedly choose between two slot machines labeled U and P.
You can choose a slot machine by pressing its corresponding key.When you select one of the machines, you will win 1 or 0 points.Your goal is to choose the slot machines that will give you the most points.You will receive feedback about the outcome after making a choice.
The environment may change unpredictably, and past success does not guarantee future results. You’ll need to adapt to these changes to keep finding the better machine.You will play 1 game in total, consisting of 100 trials. Game 1:You press <<U>> and get 1 points.
You press <<U>> and get 1 points.
You press <<U>> and get 1 points.
You press <<U>> and get 0 points.
You press <<P>> and get 1 points.
You press <<P>> and get 0 points.
You press <<P>> and get 1 points.
You press <<P>> and get 0 points.
You press <<P>> and get 0 points.
You press <<U>> and get 0 points.
You press <<U>> and get 1 points.
You press <<P>> and get 1 points.
You press <<P>> and get 0 points.
You press <<P>> and get 0 points.
You press <<U>> and get 1 points.
You press <<U>> and get 1 points.
You press <<U>> and get 1 points.
You press <<U>> and get 1 points.
You press <<U>> and get 1 points.
You press <<U>> and get 1 points.
You press <<U>> and get 1 points.
You press <<U>> and get 1 points.
You press <<U>> and get 1 points.
You press <<U>> and get 1 points.
You press <<U>> and get 1 points.
You press <<U>> and get 1 points.
You press <<U>> and get 1 points.
You press <<U>> and get 1 points.
You press <<U>> and get 1 points.
You press <<U>> and get 1 points.
You press <<U>> and get 1 points.
You press <<U>> and get 1 points.
You press <<U>> and get 1 points.
You press <<U>> and get 1 points.
You press <<U>> and get 1 points.
You press <<U>> and get 1 points.
You press <<U>> and get 1 points.
You press <<U>> and get 1 points.
You press <<U>> and get 1 points.
You press <<U>> and get 1 points.
You press <<U>> and get 1 points.
You press <<U>> and get 1 points.
You press <<U>> and get 1 points.
You press <<U>> and get 1 points.
You press <<P>> and get 1 points.
You press <<P>> and get 0 points.
You press <<U>> and get 1 points.
You press <<P>> and get 0 points.
You press <<U>> and get 1 points.
You press <<U>> and get 1 points.
You press <<U>> and get 1 points.
You press <<U>> and get 1 points.
You press <<U>> and get 0 points.
You press <<U>> and get 0 points.
You press <<U>> and get 0 points.
You press <<P>> and get 1 points.
You press <<U>> and get 0 points.
You press <<P>> and get 1 points.
You press <<P>> and get 1 points.
You press <<U>> and get 1 points.
You press <<U>> and get 0 points.
You press <<P>> and get 1 points.
You press <<P>> and get 1 points.
You press <<P>> and get 1 points.
You press <<P>> and get 1 points.
You press <<",P,P,1,52,-0.0986328125,0.09521484375,0.90625,"[{'token': 'P', 'prob': 0.90625}, {'token': 'U', 'prob': 0.09521484375}]"
66,"In this task, you have to repeatedly choose between two slot machines labeled U and P.
You can choose a slot machine by pressing its corresponding key.When you select one of the machines, you will win 1 or 0 points.Your goal is to choose the slot machines that will give you the most points.You will receive feedback about the outcome after making a choice.
The environment may change unpredictably, and past success does not guarantee future results. You’ll need to adapt to these changes to keep finding the better machine.You will play 1 game in total, consisting of 100 trials. Game 1:You press <<U>> and get 1 points.
You press <<U>> and get 1 points.
You press <<U>> and get 1 points.
You press <<U>> and get 0 points.
You press <<P>> and get 1 points.
You press <<P>> and get 0 points.
You press <<P>> and get 1 points.
You press <<P>> and get 0 points.
You press <<P>> and get 0 points.
You press <<U>> and get 0 points.
You press <<U>> and get 1 points.
You press <<P>> and get 1 points.
You press <<P>> and get 0 points.
You press <<P>> and get 0 points.
You press <<U>> and get 1 points.
You press <<U>> and get 1 points.
You press <<U>> and get 1 points.
You press <<U>> and get 1 points.
You press <<U>> and get 1 points.
You press <<U>> and get 1 points.
You press <<U>> and get 1 points.
You press <<U>> and get 1 points.
You press <<U>> and get 1 points.
You press <<U>> and get 1 points.
You press <<U>> and get 1 points.
You press <<U>> and get 1 points.
You press <<U>> and get 1 points.
You press <<U>> and get 1 points.
You press <<U>> and get 1 points.
You press <<U>> and get 1 points.
You press <<U>> and get 1 points.
You press <<U>> and get 1 points.
You press <<U>> and get 1 points.
You press <<U>> and get 1 points.
You press <<U>> and get 1 points.
You press <<U>> and get 1 points.
You press <<U>> and get 1 points.
You press <<U>> and get 1 points.
You press <<U>> and get 1 points.
You press <<U>> and get 1 points.
You press <<U>> and get 1 points.
You press <<U>> and get 1 points.
You press <<U>> and get 1 points.
You press <<U>> and get 1 points.
You press <<P>> and get 1 points.
You press <<P>> and get 0 points.
You press <<U>> and get 1 points.
You press <<P>> and get 0 points.
You press <<U>> and get 1 points.
You press <<U>> and get 1 points.
You press <<U>> and get 1 points.
You press <<U>> and get 1 points.
You press <<U>> and get 0 points.
You press <<U>> and get 0 points.
You press <<U>> and get 0 points.
You press <<P>> and get 1 points.
You press <<U>> and get 0 points.
You press <<P>> and get 1 points.
You press <<P>> and get 1 points.
You press <<U>> and get 1 points.
You press <<U>> and get 0 points.
You press <<P>> and get 1 points.
You press <<P>> and get 1 points.
You press <<P>> and get 1 points.
You press <<P>> and get 1 points.
You press <<P>> and get 1 points.
You press <<",P,U,0,52,-2.703125,0.0673828125,0.93359375,"[{'token': 'P', 'prob': 0.93359375}, {'token': 'U', 'prob': 0.0673828125}]"
67,"In this task, you have to repeatedly choose between two slot machines labeled U and P.
You can choose a slot machine by pressing its corresponding key.When you select one of the machines, you will win 1 or 0 points.Your goal is to choose the slot machines that will give you the most points.You will receive feedback about the outcome after making a choice.
The environment may change unpredictably, and past success does not guarantee future results. You’ll need to adapt to these changes to keep finding the better machine.You will play 1 game in total, consisting of 100 trials. Game 1:You press <<U>> and get 1 points.
You press <<U>> and get 1 points.
You press <<U>> and get 1 points.
You press <<U>> and get 0 points.
You press <<P>> and get 1 points.
You press <<P>> and get 0 points.
You press <<P>> and get 1 points.
You press <<P>> and get 0 points.
You press <<P>> and get 0 points.
You press <<U>> and get 0 points.
You press <<U>> and get 1 points.
You press <<P>> and get 1 points.
You press <<P>> and get 0 points.
You press <<P>> and get 0 points.
You press <<U>> and get 1 points.
You press <<U>> and get 1 points.
You press <<U>> and get 1 points.
You press <<U>> and get 1 points.
You press <<U>> and get 1 points.
You press <<U>> and get 1 points.
You press <<U>> and get 1 points.
You press <<U>> and get 1 points.
You press <<U>> and get 1 points.
You press <<U>> and get 1 points.
You press <<U>> and get 1 points.
You press <<U>> and get 1 points.
You press <<U>> and get 1 points.
You press <<U>> and get 1 points.
You press <<U>> and get 1 points.
You press <<U>> and get 1 points.
You press <<U>> and get 1 points.
You press <<U>> and get 1 points.
You press <<U>> and get 1 points.
You press <<U>> and get 1 points.
You press <<U>> and get 1 points.
You press <<U>> and get 1 points.
You press <<U>> and get 1 points.
You press <<U>> and get 1 points.
You press <<U>> and get 1 points.
You press <<U>> and get 1 points.
You press <<U>> and get 1 points.
You press <<U>> and get 1 points.
You press <<U>> and get 1 points.
You press <<U>> and get 1 points.
You press <<P>> and get 1 points.
You press <<P>> and get 0 points.
You press <<U>> and get 1 points.
You press <<P>> and get 0 points.
You press <<U>> and get 1 points.
You press <<U>> and get 1 points.
You press <<U>> and get 1 points.
You press <<U>> and get 1 points.
You press <<U>> and get 0 points.
You press <<U>> and get 0 points.
You press <<U>> and get 0 points.
You press <<P>> and get 1 points.
You press <<U>> and get 0 points.
You press <<P>> and get 1 points.
You press <<P>> and get 1 points.
You press <<U>> and get 1 points.
You press <<U>> and get 0 points.
You press <<P>> and get 1 points.
You press <<P>> and get 1 points.
You press <<P>> and get 1 points.
You press <<P>> and get 1 points.
You press <<P>> and get 1 points.
You press <<U>> and get 0 points.
You press <<",P,P,1,53,-0.314453125,0.26953125,0.73046875,"[{'token': 'P', 'prob': 0.73046875}, {'token': 'U', 'prob': 0.26953125}]"
68,"In this task, you have to repeatedly choose between two slot machines labeled U and P.
You can choose a slot machine by pressing its corresponding key.When you select one of the machines, you will win 1 or 0 points.Your goal is to choose the slot machines that will give you the most points.You will receive feedback about the outcome after making a choice.
The environment may change unpredictably, and past success does not guarantee future results. You’ll need to adapt to these changes to keep finding the better machine.You will play 1 game in total, consisting of 100 trials. Game 1:You press <<U>> and get 1 points.
You press <<U>> and get 1 points.
You press <<U>> and get 1 points.
You press <<U>> and get 0 points.
You press <<P>> and get 1 points.
You press <<P>> and get 0 points.
You press <<P>> and get 1 points.
You press <<P>> and get 0 points.
You press <<P>> and get 0 points.
You press <<U>> and get 0 points.
You press <<U>> and get 1 points.
You press <<P>> and get 1 points.
You press <<P>> and get 0 points.
You press <<P>> and get 0 points.
You press <<U>> and get 1 points.
You press <<U>> and get 1 points.
You press <<U>> and get 1 points.
You press <<U>> and get 1 points.
You press <<U>> and get 1 points.
You press <<U>> and get 1 points.
You press <<U>> and get 1 points.
You press <<U>> and get 1 points.
You press <<U>> and get 1 points.
You press <<U>> and get 1 points.
You press <<U>> and get 1 points.
You press <<U>> and get 1 points.
You press <<U>> and get 1 points.
You press <<U>> and get 1 points.
You press <<U>> and get 1 points.
You press <<U>> and get 1 points.
You press <<U>> and get 1 points.
You press <<U>> and get 1 points.
You press <<U>> and get 1 points.
You press <<U>> and get 1 points.
You press <<U>> and get 1 points.
You press <<U>> and get 1 points.
You press <<U>> and get 1 points.
You press <<U>> and get 1 points.
You press <<U>> and get 1 points.
You press <<U>> and get 1 points.
You press <<U>> and get 1 points.
You press <<U>> and get 1 points.
You press <<U>> and get 1 points.
You press <<U>> and get 1 points.
You press <<P>> and get 1 points.
You press <<P>> and get 0 points.
You press <<U>> and get 1 points.
You press <<P>> and get 0 points.
You press <<U>> and get 1 points.
You press <<U>> and get 1 points.
You press <<U>> and get 1 points.
You press <<U>> and get 1 points.
You press <<U>> and get 0 points.
You press <<U>> and get 0 points.
You press <<U>> and get 0 points.
You press <<P>> and get 1 points.
You press <<U>> and get 0 points.
You press <<P>> and get 1 points.
You press <<P>> and get 1 points.
You press <<U>> and get 1 points.
You press <<U>> and get 0 points.
You press <<P>> and get 1 points.
You press <<P>> and get 1 points.
You press <<P>> and get 1 points.
You press <<P>> and get 1 points.
You press <<P>> and get 1 points.
You press <<U>> and get 0 points.
You press <<P>> and get 1 points.
You press <<",P,P,1,54,-0.142578125,0.1328125,0.8671875,"[{'token': 'P', 'prob': 0.8671875}, {'token': 'U', 'prob': 0.1328125}]"
69,"In this task, you have to repeatedly choose between two slot machines labeled U and P.
You can choose a slot machine by pressing its corresponding key.When you select one of the machines, you will win 1 or 0 points.Your goal is to choose the slot machines that will give you the most points.You will receive feedback about the outcome after making a choice.
The environment may change unpredictably, and past success does not guarantee future results. You’ll need to adapt to these changes to keep finding the better machine.You will play 1 game in total, consisting of 100 trials. Game 1:You press <<U>> and get 1 points.
You press <<U>> and get 1 points.
You press <<U>> and get 1 points.
You press <<U>> and get 0 points.
You press <<P>> and get 1 points.
You press <<P>> and get 0 points.
You press <<P>> and get 1 points.
You press <<P>> and get 0 points.
You press <<P>> and get 0 points.
You press <<U>> and get 0 points.
You press <<U>> and get 1 points.
You press <<P>> and get 1 points.
You press <<P>> and get 0 points.
You press <<P>> and get 0 points.
You press <<U>> and get 1 points.
You press <<U>> and get 1 points.
You press <<U>> and get 1 points.
You press <<U>> and get 1 points.
You press <<U>> and get 1 points.
You press <<U>> and get 1 points.
You press <<U>> and get 1 points.
You press <<U>> and get 1 points.
You press <<U>> and get 1 points.
You press <<U>> and get 1 points.
You press <<U>> and get 1 points.
You press <<U>> and get 1 points.
You press <<U>> and get 1 points.
You press <<U>> and get 1 points.
You press <<U>> and get 1 points.
You press <<U>> and get 1 points.
You press <<U>> and get 1 points.
You press <<U>> and get 1 points.
You press <<U>> and get 1 points.
You press <<U>> and get 1 points.
You press <<U>> and get 1 points.
You press <<U>> and get 1 points.
You press <<U>> and get 1 points.
You press <<U>> and get 1 points.
You press <<U>> and get 1 points.
You press <<U>> and get 1 points.
You press <<U>> and get 1 points.
You press <<U>> and get 1 points.
You press <<U>> and get 1 points.
You press <<U>> and get 1 points.
You press <<P>> and get 1 points.
You press <<P>> and get 0 points.
You press <<U>> and get 1 points.
You press <<P>> and get 0 points.
You press <<U>> and get 1 points.
You press <<U>> and get 1 points.
You press <<U>> and get 1 points.
You press <<U>> and get 1 points.
You press <<U>> and get 0 points.
You press <<U>> and get 0 points.
You press <<U>> and get 0 points.
You press <<P>> and get 1 points.
You press <<U>> and get 0 points.
You press <<P>> and get 1 points.
You press <<P>> and get 1 points.
You press <<U>> and get 1 points.
You press <<U>> and get 0 points.
You press <<P>> and get 1 points.
You press <<P>> and get 1 points.
You press <<P>> and get 1 points.
You press <<P>> and get 1 points.
You press <<P>> and get 1 points.
You press <<U>> and get 0 points.
You press <<P>> and get 1 points.
You press <<P>> and get 1 points.
You press <<",P,P,1,55,-0.08984375,0.0849609375,0.9140625,"[{'token': 'P', 'prob': 0.9140625}, {'token': 'U', 'prob': 0.0849609375}]"
70,"In this task, you have to repeatedly choose between two slot machines labeled U and P.
You can choose a slot machine by pressing its corresponding key.When you select one of the machines, you will win 1 or 0 points.Your goal is to choose the slot machines that will give you the most points.You will receive feedback about the outcome after making a choice.
The environment may change unpredictably, and past success does not guarantee future results. You’ll need to adapt to these changes to keep finding the better machine.You will play 1 game in total, consisting of 100 trials. Game 1:You press <<U>> and get 1 points.
You press <<U>> and get 1 points.
You press <<U>> and get 1 points.
You press <<U>> and get 0 points.
You press <<P>> and get 1 points.
You press <<P>> and get 0 points.
You press <<P>> and get 1 points.
You press <<P>> and get 0 points.
You press <<P>> and get 0 points.
You press <<U>> and get 0 points.
You press <<U>> and get 1 points.
You press <<P>> and get 1 points.
You press <<P>> and get 0 points.
You press <<P>> and get 0 points.
You press <<U>> and get 1 points.
You press <<U>> and get 1 points.
You press <<U>> and get 1 points.
You press <<U>> and get 1 points.
You press <<U>> and get 1 points.
You press <<U>> and get 1 points.
You press <<U>> and get 1 points.
You press <<U>> and get 1 points.
You press <<U>> and get 1 points.
You press <<U>> and get 1 points.
You press <<U>> and get 1 points.
You press <<U>> and get 1 points.
You press <<U>> and get 1 points.
You press <<U>> and get 1 points.
You press <<U>> and get 1 points.
You press <<U>> and get 1 points.
You press <<U>> and get 1 points.
You press <<U>> and get 1 points.
You press <<U>> and get 1 points.
You press <<U>> and get 1 points.
You press <<U>> and get 1 points.
You press <<U>> and get 1 points.
You press <<U>> and get 1 points.
You press <<U>> and get 1 points.
You press <<U>> and get 1 points.
You press <<U>> and get 1 points.
You press <<U>> and get 1 points.
You press <<U>> and get 1 points.
You press <<U>> and get 1 points.
You press <<U>> and get 1 points.
You press <<P>> and get 1 points.
You press <<P>> and get 0 points.
You press <<U>> and get 1 points.
You press <<P>> and get 0 points.
You press <<U>> and get 1 points.
You press <<U>> and get 1 points.
You press <<U>> and get 1 points.
You press <<U>> and get 1 points.
You press <<U>> and get 0 points.
You press <<U>> and get 0 points.
You press <<U>> and get 0 points.
You press <<P>> and get 1 points.
You press <<U>> and get 0 points.
You press <<P>> and get 1 points.
You press <<P>> and get 1 points.
You press <<U>> and get 1 points.
You press <<U>> and get 0 points.
You press <<P>> and get 1 points.
You press <<P>> and get 1 points.
You press <<P>> and get 1 points.
You press <<P>> and get 1 points.
You press <<P>> and get 1 points.
You press <<U>> and get 0 points.
You press <<P>> and get 1 points.
You press <<P>> and get 1 points.
You press <<P>> and get 1 points.
You press <<",P,P,1,56,-0.0771484375,0.07568359375,0.92578125,"[{'token': 'P', 'prob': 0.92578125}, {'token': 'U', 'prob': 0.07568359375}]"
71,"In this task, you have to repeatedly choose between two slot machines labeled U and P.
You can choose a slot machine by pressing its corresponding key.When you select one of the machines, you will win 1 or 0 points.Your goal is to choose the slot machines that will give you the most points.You will receive feedback about the outcome after making a choice.
The environment may change unpredictably, and past success does not guarantee future results. You’ll need to adapt to these changes to keep finding the better machine.You will play 1 game in total, consisting of 100 trials. Game 1:You press <<U>> and get 1 points.
You press <<U>> and get 1 points.
You press <<U>> and get 1 points.
You press <<U>> and get 0 points.
You press <<P>> and get 1 points.
You press <<P>> and get 0 points.
You press <<P>> and get 1 points.
You press <<P>> and get 0 points.
You press <<P>> and get 0 points.
You press <<U>> and get 0 points.
You press <<U>> and get 1 points.
You press <<P>> and get 1 points.
You press <<P>> and get 0 points.
You press <<P>> and get 0 points.
You press <<U>> and get 1 points.
You press <<U>> and get 1 points.
You press <<U>> and get 1 points.
You press <<U>> and get 1 points.
You press <<U>> and get 1 points.
You press <<U>> and get 1 points.
You press <<U>> and get 1 points.
You press <<U>> and get 1 points.
You press <<U>> and get 1 points.
You press <<U>> and get 1 points.
You press <<U>> and get 1 points.
You press <<U>> and get 1 points.
You press <<U>> and get 1 points.
You press <<U>> and get 1 points.
You press <<U>> and get 1 points.
You press <<U>> and get 1 points.
You press <<U>> and get 1 points.
You press <<U>> and get 1 points.
You press <<U>> and get 1 points.
You press <<U>> and get 1 points.
You press <<U>> and get 1 points.
You press <<U>> and get 1 points.
You press <<U>> and get 1 points.
You press <<U>> and get 1 points.
You press <<U>> and get 1 points.
You press <<U>> and get 1 points.
You press <<U>> and get 1 points.
You press <<U>> and get 1 points.
You press <<U>> and get 1 points.
You press <<U>> and get 1 points.
You press <<P>> and get 1 points.
You press <<P>> and get 0 points.
You press <<U>> and get 1 points.
You press <<P>> and get 0 points.
You press <<U>> and get 1 points.
You press <<U>> and get 1 points.
You press <<U>> and get 1 points.
You press <<U>> and get 1 points.
You press <<U>> and get 0 points.
You press <<U>> and get 0 points.
You press <<U>> and get 0 points.
You press <<P>> and get 1 points.
You press <<U>> and get 0 points.
You press <<P>> and get 1 points.
You press <<P>> and get 1 points.
You press <<U>> and get 1 points.
You press <<U>> and get 0 points.
You press <<P>> and get 1 points.
You press <<P>> and get 1 points.
You press <<P>> and get 1 points.
You press <<P>> and get 1 points.
You press <<P>> and get 1 points.
You press <<U>> and get 0 points.
You press <<P>> and get 1 points.
You press <<P>> and get 1 points.
You press <<P>> and get 1 points.
You press <<P>> and get 1 points.
You press <<",P,P,1,57,-0.0771484375,0.07568359375,0.92578125,"[{'token': 'P', 'prob': 0.92578125}, {'token': 'U', 'prob': 0.07568359375}]"
72,"In this task, you have to repeatedly choose between two slot machines labeled U and P.
You can choose a slot machine by pressing its corresponding key.When you select one of the machines, you will win 1 or 0 points.Your goal is to choose the slot machines that will give you the most points.You will receive feedback about the outcome after making a choice.
The environment may change unpredictably, and past success does not guarantee future results. You’ll need to adapt to these changes to keep finding the better machine.You will play 1 game in total, consisting of 100 trials. Game 1:You press <<U>> and get 1 points.
You press <<U>> and get 1 points.
You press <<U>> and get 1 points.
You press <<U>> and get 0 points.
You press <<P>> and get 1 points.
You press <<P>> and get 0 points.
You press <<P>> and get 1 points.
You press <<P>> and get 0 points.
You press <<P>> and get 0 points.
You press <<U>> and get 0 points.
You press <<U>> and get 1 points.
You press <<P>> and get 1 points.
You press <<P>> and get 0 points.
You press <<P>> and get 0 points.
You press <<U>> and get 1 points.
You press <<U>> and get 1 points.
You press <<U>> and get 1 points.
You press <<U>> and get 1 points.
You press <<U>> and get 1 points.
You press <<U>> and get 1 points.
You press <<U>> and get 1 points.
You press <<U>> and get 1 points.
You press <<U>> and get 1 points.
You press <<U>> and get 1 points.
You press <<U>> and get 1 points.
You press <<U>> and get 1 points.
You press <<U>> and get 1 points.
You press <<U>> and get 1 points.
You press <<U>> and get 1 points.
You press <<U>> and get 1 points.
You press <<U>> and get 1 points.
You press <<U>> and get 1 points.
You press <<U>> and get 1 points.
You press <<U>> and get 1 points.
You press <<U>> and get 1 points.
You press <<U>> and get 1 points.
You press <<U>> and get 1 points.
You press <<U>> and get 1 points.
You press <<U>> and get 1 points.
You press <<U>> and get 1 points.
You press <<U>> and get 1 points.
You press <<U>> and get 1 points.
You press <<U>> and get 1 points.
You press <<U>> and get 1 points.
You press <<P>> and get 1 points.
You press <<P>> and get 0 points.
You press <<U>> and get 1 points.
You press <<P>> and get 0 points.
You press <<U>> and get 1 points.
You press <<U>> and get 1 points.
You press <<U>> and get 1 points.
You press <<U>> and get 1 points.
You press <<U>> and get 0 points.
You press <<U>> and get 0 points.
You press <<U>> and get 0 points.
You press <<P>> and get 1 points.
You press <<U>> and get 0 points.
You press <<P>> and get 1 points.
You press <<P>> and get 1 points.
You press <<U>> and get 1 points.
You press <<U>> and get 0 points.
You press <<P>> and get 1 points.
You press <<P>> and get 1 points.
You press <<P>> and get 1 points.
You press <<P>> and get 1 points.
You press <<P>> and get 1 points.
You press <<U>> and get 0 points.
You press <<P>> and get 1 points.
You press <<P>> and get 1 points.
You press <<P>> and get 1 points.
You press <<P>> and get 1 points.
You press <<P>> and get 1 points.
You press <<",P,P,1,58,-0.0771484375,0.07568359375,0.92578125,"[{'token': 'P', 'prob': 0.92578125}, {'token': 'U', 'prob': 0.07568359375}]"
73,"In this task, you have to repeatedly choose between two slot machines labeled U and P.
You can choose a slot machine by pressing its corresponding key.When you select one of the machines, you will win 1 or 0 points.Your goal is to choose the slot machines that will give you the most points.You will receive feedback about the outcome after making a choice.
The environment may change unpredictably, and past success does not guarantee future results. You’ll need to adapt to these changes to keep finding the better machine.You will play 1 game in total, consisting of 100 trials. Game 1:You press <<U>> and get 1 points.
You press <<U>> and get 1 points.
You press <<U>> and get 1 points.
You press <<U>> and get 0 points.
You press <<P>> and get 1 points.
You press <<P>> and get 0 points.
You press <<P>> and get 1 points.
You press <<P>> and get 0 points.
You press <<P>> and get 0 points.
You press <<U>> and get 0 points.
You press <<U>> and get 1 points.
You press <<P>> and get 1 points.
You press <<P>> and get 0 points.
You press <<P>> and get 0 points.
You press <<U>> and get 1 points.
You press <<U>> and get 1 points.
You press <<U>> and get 1 points.
You press <<U>> and get 1 points.
You press <<U>> and get 1 points.
You press <<U>> and get 1 points.
You press <<U>> and get 1 points.
You press <<U>> and get 1 points.
You press <<U>> and get 1 points.
You press <<U>> and get 1 points.
You press <<U>> and get 1 points.
You press <<U>> and get 1 points.
You press <<U>> and get 1 points.
You press <<U>> and get 1 points.
You press <<U>> and get 1 points.
You press <<U>> and get 1 points.
You press <<U>> and get 1 points.
You press <<U>> and get 1 points.
You press <<U>> and get 1 points.
You press <<U>> and get 1 points.
You press <<U>> and get 1 points.
You press <<U>> and get 1 points.
You press <<U>> and get 1 points.
You press <<U>> and get 1 points.
You press <<U>> and get 1 points.
You press <<U>> and get 1 points.
You press <<U>> and get 1 points.
You press <<U>> and get 1 points.
You press <<U>> and get 1 points.
You press <<U>> and get 1 points.
You press <<P>> and get 1 points.
You press <<P>> and get 0 points.
You press <<U>> and get 1 points.
You press <<P>> and get 0 points.
You press <<U>> and get 1 points.
You press <<U>> and get 1 points.
You press <<U>> and get 1 points.
You press <<U>> and get 1 points.
You press <<U>> and get 0 points.
You press <<U>> and get 0 points.
You press <<U>> and get 0 points.
You press <<P>> and get 1 points.
You press <<U>> and get 0 points.
You press <<P>> and get 1 points.
You press <<P>> and get 1 points.
You press <<U>> and get 1 points.
You press <<U>> and get 0 points.
You press <<P>> and get 1 points.
You press <<P>> and get 1 points.
You press <<P>> and get 1 points.
You press <<P>> and get 1 points.
You press <<P>> and get 1 points.
You press <<U>> and get 0 points.
You press <<P>> and get 1 points.
You press <<P>> and get 1 points.
You press <<P>> and get 1 points.
You press <<P>> and get 1 points.
You press <<P>> and get 1 points.
You press <<P>> and get 1 points.
You press <<",P,P,1,59,-0.060302734375,0.06005859375,0.94140625,"[{'token': 'P', 'prob': 0.94140625}, {'token': 'U', 'prob': 0.06005859375}]"
74,"In this task, you have to repeatedly choose between two slot machines labeled U and P.
You can choose a slot machine by pressing its corresponding key.When you select one of the machines, you will win 1 or 0 points.Your goal is to choose the slot machines that will give you the most points.You will receive feedback about the outcome after making a choice.
The environment may change unpredictably, and past success does not guarantee future results. You’ll need to adapt to these changes to keep finding the better machine.You will play 1 game in total, consisting of 100 trials. Game 1:You press <<U>> and get 1 points.
You press <<U>> and get 1 points.
You press <<U>> and get 1 points.
You press <<U>> and get 0 points.
You press <<P>> and get 1 points.
You press <<P>> and get 0 points.
You press <<P>> and get 1 points.
You press <<P>> and get 0 points.
You press <<P>> and get 0 points.
You press <<U>> and get 0 points.
You press <<U>> and get 1 points.
You press <<P>> and get 1 points.
You press <<P>> and get 0 points.
You press <<P>> and get 0 points.
You press <<U>> and get 1 points.
You press <<U>> and get 1 points.
You press <<U>> and get 1 points.
You press <<U>> and get 1 points.
You press <<U>> and get 1 points.
You press <<U>> and get 1 points.
You press <<U>> and get 1 points.
You press <<U>> and get 1 points.
You press <<U>> and get 1 points.
You press <<U>> and get 1 points.
You press <<U>> and get 1 points.
You press <<U>> and get 1 points.
You press <<U>> and get 1 points.
You press <<U>> and get 1 points.
You press <<U>> and get 1 points.
You press <<U>> and get 1 points.
You press <<U>> and get 1 points.
You press <<U>> and get 1 points.
You press <<U>> and get 1 points.
You press <<U>> and get 1 points.
You press <<U>> and get 1 points.
You press <<U>> and get 1 points.
You press <<U>> and get 1 points.
You press <<U>> and get 1 points.
You press <<U>> and get 1 points.
You press <<U>> and get 1 points.
You press <<U>> and get 1 points.
You press <<U>> and get 1 points.
You press <<U>> and get 1 points.
You press <<U>> and get 1 points.
You press <<P>> and get 1 points.
You press <<P>> and get 0 points.
You press <<U>> and get 1 points.
You press <<P>> and get 0 points.
You press <<U>> and get 1 points.
You press <<U>> and get 1 points.
You press <<U>> and get 1 points.
You press <<U>> and get 1 points.
You press <<U>> and get 0 points.
You press <<U>> and get 0 points.
You press <<U>> and get 0 points.
You press <<P>> and get 1 points.
You press <<U>> and get 0 points.
You press <<P>> and get 1 points.
You press <<P>> and get 1 points.
You press <<U>> and get 1 points.
You press <<U>> and get 0 points.
You press <<P>> and get 1 points.
You press <<P>> and get 1 points.
You press <<P>> and get 1 points.
You press <<P>> and get 1 points.
You press <<P>> and get 1 points.
You press <<U>> and get 0 points.
You press <<P>> and get 1 points.
You press <<P>> and get 1 points.
You press <<P>> and get 1 points.
You press <<P>> and get 1 points.
You press <<P>> and get 1 points.
You press <<P>> and get 1 points.
You press <<P>> and get 1 points.
You press <<",P,P,1,60,-0.05615234375,0.053466796875,0.9453125,"[{'token': 'P', 'prob': 0.9453125}, {'token': 'U', 'prob': 0.053466796875}]"
75,"In this task, you have to repeatedly choose between two slot machines labeled U and P.
You can choose a slot machine by pressing its corresponding key.When you select one of the machines, you will win 1 or 0 points.Your goal is to choose the slot machines that will give you the most points.You will receive feedback about the outcome after making a choice.
The environment may change unpredictably, and past success does not guarantee future results. You’ll need to adapt to these changes to keep finding the better machine.You will play 1 game in total, consisting of 100 trials. Game 1:You press <<U>> and get 1 points.
You press <<U>> and get 1 points.
You press <<U>> and get 1 points.
You press <<U>> and get 0 points.
You press <<P>> and get 1 points.
You press <<P>> and get 0 points.
You press <<P>> and get 1 points.
You press <<P>> and get 0 points.
You press <<P>> and get 0 points.
You press <<U>> and get 0 points.
You press <<U>> and get 1 points.
You press <<P>> and get 1 points.
You press <<P>> and get 0 points.
You press <<P>> and get 0 points.
You press <<U>> and get 1 points.
You press <<U>> and get 1 points.
You press <<U>> and get 1 points.
You press <<U>> and get 1 points.
You press <<U>> and get 1 points.
You press <<U>> and get 1 points.
You press <<U>> and get 1 points.
You press <<U>> and get 1 points.
You press <<U>> and get 1 points.
You press <<U>> and get 1 points.
You press <<U>> and get 1 points.
You press <<U>> and get 1 points.
You press <<U>> and get 1 points.
You press <<U>> and get 1 points.
You press <<U>> and get 1 points.
You press <<U>> and get 1 points.
You press <<U>> and get 1 points.
You press <<U>> and get 1 points.
You press <<U>> and get 1 points.
You press <<U>> and get 1 points.
You press <<U>> and get 1 points.
You press <<U>> and get 1 points.
You press <<U>> and get 1 points.
You press <<U>> and get 1 points.
You press <<U>> and get 1 points.
You press <<U>> and get 1 points.
You press <<U>> and get 1 points.
You press <<U>> and get 1 points.
You press <<U>> and get 1 points.
You press <<U>> and get 1 points.
You press <<P>> and get 1 points.
You press <<P>> and get 0 points.
You press <<U>> and get 1 points.
You press <<P>> and get 0 points.
You press <<U>> and get 1 points.
You press <<U>> and get 1 points.
You press <<U>> and get 1 points.
You press <<U>> and get 1 points.
You press <<U>> and get 0 points.
You press <<U>> and get 0 points.
You press <<U>> and get 0 points.
You press <<P>> and get 1 points.
You press <<U>> and get 0 points.
You press <<P>> and get 1 points.
You press <<P>> and get 1 points.
You press <<U>> and get 1 points.
You press <<U>> and get 0 points.
You press <<P>> and get 1 points.
You press <<P>> and get 1 points.
You press <<P>> and get 1 points.
You press <<P>> and get 1 points.
You press <<P>> and get 1 points.
You press <<U>> and get 0 points.
You press <<P>> and get 1 points.
You press <<P>> and get 1 points.
You press <<P>> and get 1 points.
You press <<P>> and get 1 points.
You press <<P>> and get 1 points.
You press <<P>> and get 1 points.
You press <<P>> and get 1 points.
You press <<P>> and get 1 points.
You press <<",P,P,1,61,-0.048095703125,0.04736328125,0.953125,"[{'token': 'P', 'prob': 0.953125}, {'token': 'U', 'prob': 0.04736328125}]"
76,"In this task, you have to repeatedly choose between two slot machines labeled U and P.
You can choose a slot machine by pressing its corresponding key.When you select one of the machines, you will win 1 or 0 points.Your goal is to choose the slot machines that will give you the most points.You will receive feedback about the outcome after making a choice.
The environment may change unpredictably, and past success does not guarantee future results. You’ll need to adapt to these changes to keep finding the better machine.You will play 1 game in total, consisting of 100 trials. Game 1:You press <<U>> and get 1 points.
You press <<U>> and get 1 points.
You press <<U>> and get 1 points.
You press <<U>> and get 0 points.
You press <<P>> and get 1 points.
You press <<P>> and get 0 points.
You press <<P>> and get 1 points.
You press <<P>> and get 0 points.
You press <<P>> and get 0 points.
You press <<U>> and get 0 points.
You press <<U>> and get 1 points.
You press <<P>> and get 1 points.
You press <<P>> and get 0 points.
You press <<P>> and get 0 points.
You press <<U>> and get 1 points.
You press <<U>> and get 1 points.
You press <<U>> and get 1 points.
You press <<U>> and get 1 points.
You press <<U>> and get 1 points.
You press <<U>> and get 1 points.
You press <<U>> and get 1 points.
You press <<U>> and get 1 points.
You press <<U>> and get 1 points.
You press <<U>> and get 1 points.
You press <<U>> and get 1 points.
You press <<U>> and get 1 points.
You press <<U>> and get 1 points.
You press <<U>> and get 1 points.
You press <<U>> and get 1 points.
You press <<U>> and get 1 points.
You press <<U>> and get 1 points.
You press <<U>> and get 1 points.
You press <<U>> and get 1 points.
You press <<U>> and get 1 points.
You press <<U>> and get 1 points.
You press <<U>> and get 1 points.
You press <<U>> and get 1 points.
You press <<U>> and get 1 points.
You press <<U>> and get 1 points.
You press <<U>> and get 1 points.
You press <<U>> and get 1 points.
You press <<U>> and get 1 points.
You press <<U>> and get 1 points.
You press <<U>> and get 1 points.
You press <<P>> and get 1 points.
You press <<P>> and get 0 points.
You press <<U>> and get 1 points.
You press <<P>> and get 0 points.
You press <<U>> and get 1 points.
You press <<U>> and get 1 points.
You press <<U>> and get 1 points.
You press <<U>> and get 1 points.
You press <<U>> and get 0 points.
You press <<U>> and get 0 points.
You press <<U>> and get 0 points.
You press <<P>> and get 1 points.
You press <<U>> and get 0 points.
You press <<P>> and get 1 points.
You press <<P>> and get 1 points.
You press <<U>> and get 1 points.
You press <<U>> and get 0 points.
You press <<P>> and get 1 points.
You press <<P>> and get 1 points.
You press <<P>> and get 1 points.
You press <<P>> and get 1 points.
You press <<P>> and get 1 points.
You press <<U>> and get 0 points.
You press <<P>> and get 1 points.
You press <<P>> and get 1 points.
You press <<P>> and get 1 points.
You press <<P>> and get 1 points.
You press <<P>> and get 1 points.
You press <<P>> and get 1 points.
You press <<P>> and get 1 points.
You press <<P>> and get 1 points.
You press <<P>> and get 1 points.
You press <<",P,P,1,62,-0.0439453125,0.0419921875,0.95703125,"[{'token': 'P', 'prob': 0.95703125}, {'token': 'U', 'prob': 0.0419921875}]"
77,"In this task, you have to repeatedly choose between two slot machines labeled U and P.
You can choose a slot machine by pressing its corresponding key.When you select one of the machines, you will win 1 or 0 points.Your goal is to choose the slot machines that will give you the most points.You will receive feedback about the outcome after making a choice.
The environment may change unpredictably, and past success does not guarantee future results. You’ll need to adapt to these changes to keep finding the better machine.You will play 1 game in total, consisting of 100 trials. Game 1:You press <<U>> and get 1 points.
You press <<U>> and get 1 points.
You press <<U>> and get 1 points.
You press <<U>> and get 0 points.
You press <<P>> and get 1 points.
You press <<P>> and get 0 points.
You press <<P>> and get 1 points.
You press <<P>> and get 0 points.
You press <<P>> and get 0 points.
You press <<U>> and get 0 points.
You press <<U>> and get 1 points.
You press <<P>> and get 1 points.
You press <<P>> and get 0 points.
You press <<P>> and get 0 points.
You press <<U>> and get 1 points.
You press <<U>> and get 1 points.
You press <<U>> and get 1 points.
You press <<U>> and get 1 points.
You press <<U>> and get 1 points.
You press <<U>> and get 1 points.
You press <<U>> and get 1 points.
You press <<U>> and get 1 points.
You press <<U>> and get 1 points.
You press <<U>> and get 1 points.
You press <<U>> and get 1 points.
You press <<U>> and get 1 points.
You press <<U>> and get 1 points.
You press <<U>> and get 1 points.
You press <<U>> and get 1 points.
You press <<U>> and get 1 points.
You press <<U>> and get 1 points.
You press <<U>> and get 1 points.
You press <<U>> and get 1 points.
You press <<U>> and get 1 points.
You press <<U>> and get 1 points.
You press <<U>> and get 1 points.
You press <<U>> and get 1 points.
You press <<U>> and get 1 points.
You press <<U>> and get 1 points.
You press <<U>> and get 1 points.
You press <<U>> and get 1 points.
You press <<U>> and get 1 points.
You press <<U>> and get 1 points.
You press <<U>> and get 1 points.
You press <<P>> and get 1 points.
You press <<P>> and get 0 points.
You press <<U>> and get 1 points.
You press <<P>> and get 0 points.
You press <<U>> and get 1 points.
You press <<U>> and get 1 points.
You press <<U>> and get 1 points.
You press <<U>> and get 1 points.
You press <<U>> and get 0 points.
You press <<U>> and get 0 points.
You press <<U>> and get 0 points.
You press <<P>> and get 1 points.
You press <<U>> and get 0 points.
You press <<P>> and get 1 points.
You press <<P>> and get 1 points.
You press <<U>> and get 1 points.
You press <<U>> and get 0 points.
You press <<P>> and get 1 points.
You press <<P>> and get 1 points.
You press <<P>> and get 1 points.
You press <<P>> and get 1 points.
You press <<P>> and get 1 points.
You press <<U>> and get 0 points.
You press <<P>> and get 1 points.
You press <<P>> and get 1 points.
You press <<P>> and get 1 points.
You press <<P>> and get 1 points.
You press <<P>> and get 1 points.
You press <<P>> and get 1 points.
You press <<P>> and get 1 points.
You press <<P>> and get 1 points.
You press <<P>> and get 1 points.
You press <<P>> and get 1 points.
You press <<",P,P,1,63,-0.060302734375,0.06005859375,0.94140625,"[{'token': 'P', 'prob': 0.94140625}, {'token': 'U', 'prob': 0.06005859375}]"
78,"In this task, you have to repeatedly choose between two slot machines labeled U and P.
You can choose a slot machine by pressing its corresponding key.When you select one of the machines, you will win 1 or 0 points.Your goal is to choose the slot machines that will give you the most points.You will receive feedback about the outcome after making a choice.
The environment may change unpredictably, and past success does not guarantee future results. You’ll need to adapt to these changes to keep finding the better machine.You will play 1 game in total, consisting of 100 trials. Game 1:You press <<U>> and get 1 points.
You press <<U>> and get 1 points.
You press <<U>> and get 1 points.
You press <<U>> and get 0 points.
You press <<P>> and get 1 points.
You press <<P>> and get 0 points.
You press <<P>> and get 1 points.
You press <<P>> and get 0 points.
You press <<P>> and get 0 points.
You press <<U>> and get 0 points.
You press <<U>> and get 1 points.
You press <<P>> and get 1 points.
You press <<P>> and get 0 points.
You press <<P>> and get 0 points.
You press <<U>> and get 1 points.
You press <<U>> and get 1 points.
You press <<U>> and get 1 points.
You press <<U>> and get 1 points.
You press <<U>> and get 1 points.
You press <<U>> and get 1 points.
You press <<U>> and get 1 points.
You press <<U>> and get 1 points.
You press <<U>> and get 1 points.
You press <<U>> and get 1 points.
You press <<U>> and get 1 points.
You press <<U>> and get 1 points.
You press <<U>> and get 1 points.
You press <<U>> and get 1 points.
You press <<U>> and get 1 points.
You press <<U>> and get 1 points.
You press <<U>> and get 1 points.
You press <<U>> and get 1 points.
You press <<U>> and get 1 points.
You press <<U>> and get 1 points.
You press <<U>> and get 1 points.
You press <<U>> and get 1 points.
You press <<U>> and get 1 points.
You press <<U>> and get 1 points.
You press <<U>> and get 1 points.
You press <<U>> and get 1 points.
You press <<U>> and get 1 points.
You press <<U>> and get 1 points.
You press <<U>> and get 1 points.
You press <<U>> and get 1 points.
You press <<P>> and get 1 points.
You press <<P>> and get 0 points.
You press <<U>> and get 1 points.
You press <<P>> and get 0 points.
You press <<U>> and get 1 points.
You press <<U>> and get 1 points.
You press <<U>> and get 1 points.
You press <<U>> and get 1 points.
You press <<U>> and get 0 points.
You press <<U>> and get 0 points.
You press <<U>> and get 0 points.
You press <<P>> and get 1 points.
You press <<U>> and get 0 points.
You press <<P>> and get 1 points.
You press <<P>> and get 1 points.
You press <<U>> and get 1 points.
You press <<U>> and get 0 points.
You press <<P>> and get 1 points.
You press <<P>> and get 1 points.
You press <<P>> and get 1 points.
You press <<P>> and get 1 points.
You press <<P>> and get 1 points.
You press <<U>> and get 0 points.
You press <<P>> and get 1 points.
You press <<P>> and get 1 points.
You press <<P>> and get 1 points.
You press <<P>> and get 1 points.
You press <<P>> and get 1 points.
You press <<P>> and get 1 points.
You press <<P>> and get 1 points.
You press <<P>> and get 1 points.
You press <<P>> and get 1 points.
You press <<P>> and get 1 points.
You press <<P>> and get 1 points.
You press <<",P,P,1,64,-0.05615234375,0.053466796875,0.9453125,"[{'token': 'P', 'prob': 0.9453125}, {'token': 'U', 'prob': 0.053466796875}]"
79,"In this task, you have to repeatedly choose between two slot machines labeled U and P.
You can choose a slot machine by pressing its corresponding key.When you select one of the machines, you will win 1 or 0 points.Your goal is to choose the slot machines that will give you the most points.You will receive feedback about the outcome after making a choice.
The environment may change unpredictably, and past success does not guarantee future results. You’ll need to adapt to these changes to keep finding the better machine.You will play 1 game in total, consisting of 100 trials. Game 1:You press <<U>> and get 1 points.
You press <<U>> and get 1 points.
You press <<U>> and get 1 points.
You press <<U>> and get 0 points.
You press <<P>> and get 1 points.
You press <<P>> and get 0 points.
You press <<P>> and get 1 points.
You press <<P>> and get 0 points.
You press <<P>> and get 0 points.
You press <<U>> and get 0 points.
You press <<U>> and get 1 points.
You press <<P>> and get 1 points.
You press <<P>> and get 0 points.
You press <<P>> and get 0 points.
You press <<U>> and get 1 points.
You press <<U>> and get 1 points.
You press <<U>> and get 1 points.
You press <<U>> and get 1 points.
You press <<U>> and get 1 points.
You press <<U>> and get 1 points.
You press <<U>> and get 1 points.
You press <<U>> and get 1 points.
You press <<U>> and get 1 points.
You press <<U>> and get 1 points.
You press <<U>> and get 1 points.
You press <<U>> and get 1 points.
You press <<U>> and get 1 points.
You press <<U>> and get 1 points.
You press <<U>> and get 1 points.
You press <<U>> and get 1 points.
You press <<U>> and get 1 points.
You press <<U>> and get 1 points.
You press <<U>> and get 1 points.
You press <<U>> and get 1 points.
You press <<U>> and get 1 points.
You press <<U>> and get 1 points.
You press <<U>> and get 1 points.
You press <<U>> and get 1 points.
You press <<U>> and get 1 points.
You press <<U>> and get 1 points.
You press <<U>> and get 1 points.
You press <<U>> and get 1 points.
You press <<U>> and get 1 points.
You press <<U>> and get 1 points.
You press <<P>> and get 1 points.
You press <<P>> and get 0 points.
You press <<U>> and get 1 points.
You press <<P>> and get 0 points.
You press <<U>> and get 1 points.
You press <<U>> and get 1 points.
You press <<U>> and get 1 points.
You press <<U>> and get 1 points.
You press <<U>> and get 0 points.
You press <<U>> and get 0 points.
You press <<U>> and get 0 points.
You press <<P>> and get 1 points.
You press <<U>> and get 0 points.
You press <<P>> and get 1 points.
You press <<P>> and get 1 points.
You press <<U>> and get 1 points.
You press <<U>> and get 0 points.
You press <<P>> and get 1 points.
You press <<P>> and get 1 points.
You press <<P>> and get 1 points.
You press <<P>> and get 1 points.
You press <<P>> and get 1 points.
You press <<U>> and get 0 points.
You press <<P>> and get 1 points.
You press <<P>> and get 1 points.
You press <<P>> and get 1 points.
You press <<P>> and get 1 points.
You press <<P>> and get 1 points.
You press <<P>> and get 1 points.
You press <<P>> and get 1 points.
You press <<P>> and get 1 points.
You press <<P>> and get 1 points.
You press <<P>> and get 1 points.
You press <<P>> and get 1 points.
You press <<P>> and get 1 points.
You press <<",P,P,1,65,-0.0439453125,0.0419921875,0.95703125,"[{'token': 'P', 'prob': 0.95703125}, {'token': 'U', 'prob': 0.0419921875}]"
80,"In this task, you have to repeatedly choose between two slot machines labeled U and P.
You can choose a slot machine by pressing its corresponding key.When you select one of the machines, you will win 1 or 0 points.Your goal is to choose the slot machines that will give you the most points.You will receive feedback about the outcome after making a choice.
The environment may change unpredictably, and past success does not guarantee future results. You’ll need to adapt to these changes to keep finding the better machine.You will play 1 game in total, consisting of 100 trials. Game 1:You press <<U>> and get 1 points.
You press <<U>> and get 1 points.
You press <<U>> and get 1 points.
You press <<U>> and get 0 points.
You press <<P>> and get 1 points.
You press <<P>> and get 0 points.
You press <<P>> and get 1 points.
You press <<P>> and get 0 points.
You press <<P>> and get 0 points.
You press <<U>> and get 0 points.
You press <<U>> and get 1 points.
You press <<P>> and get 1 points.
You press <<P>> and get 0 points.
You press <<P>> and get 0 points.
You press <<U>> and get 1 points.
You press <<U>> and get 1 points.
You press <<U>> and get 1 points.
You press <<U>> and get 1 points.
You press <<U>> and get 1 points.
You press <<U>> and get 1 points.
You press <<U>> and get 1 points.
You press <<U>> and get 1 points.
You press <<U>> and get 1 points.
You press <<U>> and get 1 points.
You press <<U>> and get 1 points.
You press <<U>> and get 1 points.
You press <<U>> and get 1 points.
You press <<U>> and get 1 points.
You press <<U>> and get 1 points.
You press <<U>> and get 1 points.
You press <<U>> and get 1 points.
You press <<U>> and get 1 points.
You press <<U>> and get 1 points.
You press <<U>> and get 1 points.
You press <<U>> and get 1 points.
You press <<U>> and get 1 points.
You press <<U>> and get 1 points.
You press <<U>> and get 1 points.
You press <<U>> and get 1 points.
You press <<U>> and get 1 points.
You press <<U>> and get 1 points.
You press <<U>> and get 1 points.
You press <<U>> and get 1 points.
You press <<U>> and get 1 points.
You press <<P>> and get 1 points.
You press <<P>> and get 0 points.
You press <<U>> and get 1 points.
You press <<P>> and get 0 points.
You press <<U>> and get 1 points.
You press <<U>> and get 1 points.
You press <<U>> and get 1 points.
You press <<U>> and get 1 points.
You press <<U>> and get 0 points.
You press <<U>> and get 0 points.
You press <<U>> and get 0 points.
You press <<P>> and get 1 points.
You press <<U>> and get 0 points.
You press <<P>> and get 1 points.
You press <<P>> and get 1 points.
You press <<U>> and get 1 points.
You press <<U>> and get 0 points.
You press <<P>> and get 1 points.
You press <<P>> and get 1 points.
You press <<P>> and get 1 points.
You press <<P>> and get 1 points.
You press <<P>> and get 1 points.
You press <<U>> and get 0 points.
You press <<P>> and get 1 points.
You press <<P>> and get 1 points.
You press <<P>> and get 1 points.
You press <<P>> and get 1 points.
You press <<P>> and get 1 points.
You press <<P>> and get 1 points.
You press <<P>> and get 1 points.
You press <<P>> and get 1 points.
You press <<P>> and get 1 points.
You press <<P>> and get 1 points.
You press <<P>> and get 1 points.
You press <<P>> and get 1 points.
You press <<P>> and get 1 points.
You press <<",P,P,1,66,-0.048095703125,0.04736328125,0.953125,"[{'token': 'P', 'prob': 0.953125}, {'token': 'U', 'prob': 0.04736328125}]"
81,"In this task, you have to repeatedly choose between two slot machines labeled U and P.
You can choose a slot machine by pressing its corresponding key.When you select one of the machines, you will win 1 or 0 points.Your goal is to choose the slot machines that will give you the most points.You will receive feedback about the outcome after making a choice.
The environment may change unpredictably, and past success does not guarantee future results. You’ll need to adapt to these changes to keep finding the better machine.You will play 1 game in total, consisting of 100 trials. Game 1:You press <<U>> and get 1 points.
You press <<U>> and get 1 points.
You press <<U>> and get 1 points.
You press <<U>> and get 0 points.
You press <<P>> and get 1 points.
You press <<P>> and get 0 points.
You press <<P>> and get 1 points.
You press <<P>> and get 0 points.
You press <<P>> and get 0 points.
You press <<U>> and get 0 points.
You press <<U>> and get 1 points.
You press <<P>> and get 1 points.
You press <<P>> and get 0 points.
You press <<P>> and get 0 points.
You press <<U>> and get 1 points.
You press <<U>> and get 1 points.
You press <<U>> and get 1 points.
You press <<U>> and get 1 points.
You press <<U>> and get 1 points.
You press <<U>> and get 1 points.
You press <<U>> and get 1 points.
You press <<U>> and get 1 points.
You press <<U>> and get 1 points.
You press <<U>> and get 1 points.
You press <<U>> and get 1 points.
You press <<U>> and get 1 points.
You press <<U>> and get 1 points.
You press <<U>> and get 1 points.
You press <<U>> and get 1 points.
You press <<U>> and get 1 points.
You press <<U>> and get 1 points.
You press <<U>> and get 1 points.
You press <<U>> and get 1 points.
You press <<U>> and get 1 points.
You press <<U>> and get 1 points.
You press <<U>> and get 1 points.
You press <<U>> and get 1 points.
You press <<U>> and get 1 points.
You press <<U>> and get 1 points.
You press <<U>> and get 1 points.
You press <<U>> and get 1 points.
You press <<U>> and get 1 points.
You press <<U>> and get 1 points.
You press <<U>> and get 1 points.
You press <<P>> and get 1 points.
You press <<P>> and get 0 points.
You press <<U>> and get 1 points.
You press <<P>> and get 0 points.
You press <<U>> and get 1 points.
You press <<U>> and get 1 points.
You press <<U>> and get 1 points.
You press <<U>> and get 1 points.
You press <<U>> and get 0 points.
You press <<U>> and get 0 points.
You press <<U>> and get 0 points.
You press <<P>> and get 1 points.
You press <<U>> and get 0 points.
You press <<P>> and get 1 points.
You press <<P>> and get 1 points.
You press <<U>> and get 1 points.
You press <<U>> and get 0 points.
You press <<P>> and get 1 points.
You press <<P>> and get 1 points.
You press <<P>> and get 1 points.
You press <<P>> and get 1 points.
You press <<P>> and get 1 points.
You press <<U>> and get 0 points.
You press <<P>> and get 1 points.
You press <<P>> and get 1 points.
You press <<P>> and get 1 points.
You press <<P>> and get 1 points.
You press <<P>> and get 1 points.
You press <<P>> and get 1 points.
You press <<P>> and get 1 points.
You press <<P>> and get 1 points.
You press <<P>> and get 1 points.
You press <<P>> and get 1 points.
You press <<P>> and get 1 points.
You press <<P>> and get 1 points.
You press <<P>> and get 1 points.
You press <<P>> and get 1 points.
You press <<",P,P,1,67,-0.0439453125,0.0419921875,0.95703125,"[{'token': 'P', 'prob': 0.95703125}, {'token': 'U', 'prob': 0.0419921875}]"
82,"In this task, you have to repeatedly choose between two slot machines labeled U and P.
You can choose a slot machine by pressing its corresponding key.When you select one of the machines, you will win 1 or 0 points.Your goal is to choose the slot machines that will give you the most points.You will receive feedback about the outcome after making a choice.
The environment may change unpredictably, and past success does not guarantee future results. You’ll need to adapt to these changes to keep finding the better machine.You will play 1 game in total, consisting of 100 trials. Game 1:You press <<U>> and get 1 points.
You press <<U>> and get 1 points.
You press <<U>> and get 1 points.
You press <<U>> and get 0 points.
You press <<P>> and get 1 points.
You press <<P>> and get 0 points.
You press <<P>> and get 1 points.
You press <<P>> and get 0 points.
You press <<P>> and get 0 points.
You press <<U>> and get 0 points.
You press <<U>> and get 1 points.
You press <<P>> and get 1 points.
You press <<P>> and get 0 points.
You press <<P>> and get 0 points.
You press <<U>> and get 1 points.
You press <<U>> and get 1 points.
You press <<U>> and get 1 points.
You press <<U>> and get 1 points.
You press <<U>> and get 1 points.
You press <<U>> and get 1 points.
You press <<U>> and get 1 points.
You press <<U>> and get 1 points.
You press <<U>> and get 1 points.
You press <<U>> and get 1 points.
You press <<U>> and get 1 points.
You press <<U>> and get 1 points.
You press <<U>> and get 1 points.
You press <<U>> and get 1 points.
You press <<U>> and get 1 points.
You press <<U>> and get 1 points.
You press <<U>> and get 1 points.
You press <<U>> and get 1 points.
You press <<U>> and get 1 points.
You press <<U>> and get 1 points.
You press <<U>> and get 1 points.
You press <<U>> and get 1 points.
You press <<U>> and get 1 points.
You press <<U>> and get 1 points.
You press <<U>> and get 1 points.
You press <<U>> and get 1 points.
You press <<U>> and get 1 points.
You press <<U>> and get 1 points.
You press <<U>> and get 1 points.
You press <<U>> and get 1 points.
You press <<P>> and get 1 points.
You press <<P>> and get 0 points.
You press <<U>> and get 1 points.
You press <<P>> and get 0 points.
You press <<U>> and get 1 points.
You press <<U>> and get 1 points.
You press <<U>> and get 1 points.
You press <<U>> and get 1 points.
You press <<U>> and get 0 points.
You press <<U>> and get 0 points.
You press <<U>> and get 0 points.
You press <<P>> and get 1 points.
You press <<U>> and get 0 points.
You press <<P>> and get 1 points.
You press <<P>> and get 1 points.
You press <<U>> and get 1 points.
You press <<U>> and get 0 points.
You press <<P>> and get 1 points.
You press <<P>> and get 1 points.
You press <<P>> and get 1 points.
You press <<P>> and get 1 points.
You press <<P>> and get 1 points.
You press <<U>> and get 0 points.
You press <<P>> and get 1 points.
You press <<P>> and get 1 points.
You press <<P>> and get 1 points.
You press <<P>> and get 1 points.
You press <<P>> and get 1 points.
You press <<P>> and get 1 points.
You press <<P>> and get 1 points.
You press <<P>> and get 1 points.
You press <<P>> and get 1 points.
You press <<P>> and get 1 points.
You press <<P>> and get 1 points.
You press <<P>> and get 1 points.
You press <<P>> and get 1 points.
You press <<P>> and get 1 points.
You press <<P>> and get 1 points.
You press <<",P,P,1,68,-0.03173828125,0.033203125,0.96875,"[{'token': 'P', 'prob': 0.96875}, {'token': 'U', 'prob': 0.033203125}]"
83,"In this task, you have to repeatedly choose between two slot machines labeled U and P.
You can choose a slot machine by pressing its corresponding key.When you select one of the machines, you will win 1 or 0 points.Your goal is to choose the slot machines that will give you the most points.You will receive feedback about the outcome after making a choice.
The environment may change unpredictably, and past success does not guarantee future results. You’ll need to adapt to these changes to keep finding the better machine.You will play 1 game in total, consisting of 100 trials. Game 1:You press <<U>> and get 1 points.
You press <<U>> and get 1 points.
You press <<U>> and get 1 points.
You press <<U>> and get 0 points.
You press <<P>> and get 1 points.
You press <<P>> and get 0 points.
You press <<P>> and get 1 points.
You press <<P>> and get 0 points.
You press <<P>> and get 0 points.
You press <<U>> and get 0 points.
You press <<U>> and get 1 points.
You press <<P>> and get 1 points.
You press <<P>> and get 0 points.
You press <<P>> and get 0 points.
You press <<U>> and get 1 points.
You press <<U>> and get 1 points.
You press <<U>> and get 1 points.
You press <<U>> and get 1 points.
You press <<U>> and get 1 points.
You press <<U>> and get 1 points.
You press <<U>> and get 1 points.
You press <<U>> and get 1 points.
You press <<U>> and get 1 points.
You press <<U>> and get 1 points.
You press <<U>> and get 1 points.
You press <<U>> and get 1 points.
You press <<U>> and get 1 points.
You press <<U>> and get 1 points.
You press <<U>> and get 1 points.
You press <<U>> and get 1 points.
You press <<U>> and get 1 points.
You press <<U>> and get 1 points.
You press <<U>> and get 1 points.
You press <<U>> and get 1 points.
You press <<U>> and get 1 points.
You press <<U>> and get 1 points.
You press <<U>> and get 1 points.
You press <<U>> and get 1 points.
You press <<U>> and get 1 points.
You press <<U>> and get 1 points.
You press <<U>> and get 1 points.
You press <<U>> and get 1 points.
You press <<U>> and get 1 points.
You press <<U>> and get 1 points.
You press <<P>> and get 1 points.
You press <<P>> and get 0 points.
You press <<U>> and get 1 points.
You press <<P>> and get 0 points.
You press <<U>> and get 1 points.
You press <<U>> and get 1 points.
You press <<U>> and get 1 points.
You press <<U>> and get 1 points.
You press <<U>> and get 0 points.
You press <<U>> and get 0 points.
You press <<U>> and get 0 points.
You press <<P>> and get 1 points.
You press <<U>> and get 0 points.
You press <<P>> and get 1 points.
You press <<P>> and get 1 points.
You press <<U>> and get 1 points.
You press <<U>> and get 0 points.
You press <<P>> and get 1 points.
You press <<P>> and get 1 points.
You press <<P>> and get 1 points.
You press <<P>> and get 1 points.
You press <<P>> and get 1 points.
You press <<U>> and get 0 points.
You press <<P>> and get 1 points.
You press <<P>> and get 1 points.
You press <<P>> and get 1 points.
You press <<P>> and get 1 points.
You press <<P>> and get 1 points.
You press <<P>> and get 1 points.
You press <<P>> and get 1 points.
You press <<P>> and get 1 points.
You press <<P>> and get 1 points.
You press <<P>> and get 1 points.
You press <<P>> and get 1 points.
You press <<P>> and get 1 points.
You press <<P>> and get 1 points.
You press <<P>> and get 1 points.
You press <<P>> and get 1 points.
You press <<P>> and get 1 points.
You press <<",P,P,1,69,-0.03173828125,0.033203125,0.96875,"[{'token': 'P', 'prob': 0.96875}, {'token': 'U', 'prob': 0.033203125}]"
84,"In this task, you have to repeatedly choose between two slot machines labeled U and P.
You can choose a slot machine by pressing its corresponding key.When you select one of the machines, you will win 1 or 0 points.Your goal is to choose the slot machines that will give you the most points.You will receive feedback about the outcome after making a choice.
The environment may change unpredictably, and past success does not guarantee future results. You’ll need to adapt to these changes to keep finding the better machine.You will play 1 game in total, consisting of 100 trials. Game 1:You press <<U>> and get 1 points.
You press <<U>> and get 1 points.
You press <<U>> and get 1 points.
You press <<U>> and get 0 points.
You press <<P>> and get 1 points.
You press <<P>> and get 0 points.
You press <<P>> and get 1 points.
You press <<P>> and get 0 points.
You press <<P>> and get 0 points.
You press <<U>> and get 0 points.
You press <<U>> and get 1 points.
You press <<P>> and get 1 points.
You press <<P>> and get 0 points.
You press <<P>> and get 0 points.
You press <<U>> and get 1 points.
You press <<U>> and get 1 points.
You press <<U>> and get 1 points.
You press <<U>> and get 1 points.
You press <<U>> and get 1 points.
You press <<U>> and get 1 points.
You press <<U>> and get 1 points.
You press <<U>> and get 1 points.
You press <<U>> and get 1 points.
You press <<U>> and get 1 points.
You press <<U>> and get 1 points.
You press <<U>> and get 1 points.
You press <<U>> and get 1 points.
You press <<U>> and get 1 points.
You press <<U>> and get 1 points.
You press <<U>> and get 1 points.
You press <<U>> and get 1 points.
You press <<U>> and get 1 points.
You press <<U>> and get 1 points.
You press <<U>> and get 1 points.
You press <<U>> and get 1 points.
You press <<U>> and get 1 points.
You press <<U>> and get 1 points.
You press <<U>> and get 1 points.
You press <<U>> and get 1 points.
You press <<U>> and get 1 points.
You press <<U>> and get 1 points.
You press <<U>> and get 1 points.
You press <<U>> and get 1 points.
You press <<U>> and get 1 points.
You press <<P>> and get 1 points.
You press <<P>> and get 0 points.
You press <<U>> and get 1 points.
You press <<P>> and get 0 points.
You press <<U>> and get 1 points.
You press <<U>> and get 1 points.
You press <<U>> and get 1 points.
You press <<U>> and get 1 points.
You press <<U>> and get 0 points.
You press <<U>> and get 0 points.
You press <<U>> and get 0 points.
You press <<P>> and get 1 points.
You press <<U>> and get 0 points.
You press <<P>> and get 1 points.
You press <<P>> and get 1 points.
You press <<U>> and get 1 points.
You press <<U>> and get 0 points.
You press <<P>> and get 1 points.
You press <<P>> and get 1 points.
You press <<P>> and get 1 points.
You press <<P>> and get 1 points.
You press <<P>> and get 1 points.
You press <<U>> and get 0 points.
You press <<P>> and get 1 points.
You press <<P>> and get 1 points.
You press <<P>> and get 1 points.
You press <<P>> and get 1 points.
You press <<P>> and get 1 points.
You press <<P>> and get 1 points.
You press <<P>> and get 1 points.
You press <<P>> and get 1 points.
You press <<P>> and get 1 points.
You press <<P>> and get 1 points.
You press <<P>> and get 1 points.
You press <<P>> and get 1 points.
You press <<P>> and get 1 points.
You press <<P>> and get 1 points.
You press <<P>> and get 1 points.
You press <<P>> and get 1 points.
You press <<P>> and get 1 points.
You press <<",P,P,1,70,-0.03173828125,0.029296875,0.96875,"[{'token': 'P', 'prob': 0.96875}, {'token': 'U', 'prob': 0.029296875}]"
85,"In this task, you have to repeatedly choose between two slot machines labeled U and P.
You can choose a slot machine by pressing its corresponding key.When you select one of the machines, you will win 1 or 0 points.Your goal is to choose the slot machines that will give you the most points.You will receive feedback about the outcome after making a choice.
The environment may change unpredictably, and past success does not guarantee future results. You’ll need to adapt to these changes to keep finding the better machine.You will play 1 game in total, consisting of 100 trials. Game 1:You press <<U>> and get 1 points.
You press <<U>> and get 1 points.
You press <<U>> and get 1 points.
You press <<U>> and get 0 points.
You press <<P>> and get 1 points.
You press <<P>> and get 0 points.
You press <<P>> and get 1 points.
You press <<P>> and get 0 points.
You press <<P>> and get 0 points.
You press <<U>> and get 0 points.
You press <<U>> and get 1 points.
You press <<P>> and get 1 points.
You press <<P>> and get 0 points.
You press <<P>> and get 0 points.
You press <<U>> and get 1 points.
You press <<U>> and get 1 points.
You press <<U>> and get 1 points.
You press <<U>> and get 1 points.
You press <<U>> and get 1 points.
You press <<U>> and get 1 points.
You press <<U>> and get 1 points.
You press <<U>> and get 1 points.
You press <<U>> and get 1 points.
You press <<U>> and get 1 points.
You press <<U>> and get 1 points.
You press <<U>> and get 1 points.
You press <<U>> and get 1 points.
You press <<U>> and get 1 points.
You press <<U>> and get 1 points.
You press <<U>> and get 1 points.
You press <<U>> and get 1 points.
You press <<U>> and get 1 points.
You press <<U>> and get 1 points.
You press <<U>> and get 1 points.
You press <<U>> and get 1 points.
You press <<U>> and get 1 points.
You press <<U>> and get 1 points.
You press <<U>> and get 1 points.
You press <<U>> and get 1 points.
You press <<U>> and get 1 points.
You press <<U>> and get 1 points.
You press <<U>> and get 1 points.
You press <<U>> and get 1 points.
You press <<U>> and get 1 points.
You press <<P>> and get 1 points.
You press <<P>> and get 0 points.
You press <<U>> and get 1 points.
You press <<P>> and get 0 points.
You press <<U>> and get 1 points.
You press <<U>> and get 1 points.
You press <<U>> and get 1 points.
You press <<U>> and get 1 points.
You press <<U>> and get 0 points.
You press <<U>> and get 0 points.
You press <<U>> and get 0 points.
You press <<P>> and get 1 points.
You press <<U>> and get 0 points.
You press <<P>> and get 1 points.
You press <<P>> and get 1 points.
You press <<U>> and get 1 points.
You press <<U>> and get 0 points.
You press <<P>> and get 1 points.
You press <<P>> and get 1 points.
You press <<P>> and get 1 points.
You press <<P>> and get 1 points.
You press <<P>> and get 1 points.
You press <<U>> and get 0 points.
You press <<P>> and get 1 points.
You press <<P>> and get 1 points.
You press <<P>> and get 1 points.
You press <<P>> and get 1 points.
You press <<P>> and get 1 points.
You press <<P>> and get 1 points.
You press <<P>> and get 1 points.
You press <<P>> and get 1 points.
You press <<P>> and get 1 points.
You press <<P>> and get 1 points.
You press <<P>> and get 1 points.
You press <<P>> and get 1 points.
You press <<P>> and get 1 points.
You press <<P>> and get 1 points.
You press <<P>> and get 1 points.
You press <<P>> and get 1 points.
You press <<P>> and get 1 points.
You press <<P>> and get 1 points.
You press <<",P,P,1,71,-0.0277099609375,0.0260009765625,0.97265625,"[{'token': 'P', 'prob': 0.97265625}, {'token': 'U', 'prob': 0.0260009765625}]"
86,"In this task, you have to repeatedly choose between two slot machines labeled U and P.
You can choose a slot machine by pressing its corresponding key.When you select one of the machines, you will win 1 or 0 points.Your goal is to choose the slot machines that will give you the most points.You will receive feedback about the outcome after making a choice.
The environment may change unpredictably, and past success does not guarantee future results. You’ll need to adapt to these changes to keep finding the better machine.You will play 1 game in total, consisting of 100 trials. Game 1:You press <<U>> and get 1 points.
You press <<U>> and get 1 points.
You press <<U>> and get 1 points.
You press <<U>> and get 0 points.
You press <<P>> and get 1 points.
You press <<P>> and get 0 points.
You press <<P>> and get 1 points.
You press <<P>> and get 0 points.
You press <<P>> and get 0 points.
You press <<U>> and get 0 points.
You press <<U>> and get 1 points.
You press <<P>> and get 1 points.
You press <<P>> and get 0 points.
You press <<P>> and get 0 points.
You press <<U>> and get 1 points.
You press <<U>> and get 1 points.
You press <<U>> and get 1 points.
You press <<U>> and get 1 points.
You press <<U>> and get 1 points.
You press <<U>> and get 1 points.
You press <<U>> and get 1 points.
You press <<U>> and get 1 points.
You press <<U>> and get 1 points.
You press <<U>> and get 1 points.
You press <<U>> and get 1 points.
You press <<U>> and get 1 points.
You press <<U>> and get 1 points.
You press <<U>> and get 1 points.
You press <<U>> and get 1 points.
You press <<U>> and get 1 points.
You press <<U>> and get 1 points.
You press <<U>> and get 1 points.
You press <<U>> and get 1 points.
You press <<U>> and get 1 points.
You press <<U>> and get 1 points.
You press <<U>> and get 1 points.
You press <<U>> and get 1 points.
You press <<U>> and get 1 points.
You press <<U>> and get 1 points.
You press <<U>> and get 1 points.
You press <<U>> and get 1 points.
You press <<U>> and get 1 points.
You press <<U>> and get 1 points.
You press <<U>> and get 1 points.
You press <<P>> and get 1 points.
You press <<P>> and get 0 points.
You press <<U>> and get 1 points.
You press <<P>> and get 0 points.
You press <<U>> and get 1 points.
You press <<U>> and get 1 points.
You press <<U>> and get 1 points.
You press <<U>> and get 1 points.
You press <<U>> and get 0 points.
You press <<U>> and get 0 points.
You press <<U>> and get 0 points.
You press <<P>> and get 1 points.
You press <<U>> and get 0 points.
You press <<P>> and get 1 points.
You press <<P>> and get 1 points.
You press <<U>> and get 1 points.
You press <<U>> and get 0 points.
You press <<P>> and get 1 points.
You press <<P>> and get 1 points.
You press <<P>> and get 1 points.
You press <<P>> and get 1 points.
You press <<P>> and get 1 points.
You press <<U>> and get 0 points.
You press <<P>> and get 1 points.
You press <<P>> and get 1 points.
You press <<P>> and get 1 points.
You press <<P>> and get 1 points.
You press <<P>> and get 1 points.
You press <<P>> and get 1 points.
You press <<P>> and get 1 points.
You press <<P>> and get 1 points.
You press <<P>> and get 1 points.
You press <<P>> and get 1 points.
You press <<P>> and get 1 points.
You press <<P>> and get 1 points.
You press <<P>> and get 1 points.
You press <<P>> and get 1 points.
You press <<P>> and get 1 points.
You press <<P>> and get 1 points.
You press <<P>> and get 1 points.
You press <<P>> and get 1 points.
You press <<P>> and get 1 points.
You press <<",P,P,1,72,-0.0277099609375,0.0260009765625,0.97265625,"[{'token': 'P', 'prob': 0.97265625}, {'token': 'U', 'prob': 0.0260009765625}]"
87,"In this task, you have to repeatedly choose between two slot machines labeled U and P.
You can choose a slot machine by pressing its corresponding key.When you select one of the machines, you will win 1 or 0 points.Your goal is to choose the slot machines that will give you the most points.You will receive feedback about the outcome after making a choice.
The environment may change unpredictably, and past success does not guarantee future results. You’ll need to adapt to these changes to keep finding the better machine.You will play 1 game in total, consisting of 100 trials. Game 1:You press <<U>> and get 1 points.
You press <<U>> and get 1 points.
You press <<U>> and get 1 points.
You press <<U>> and get 0 points.
You press <<P>> and get 1 points.
You press <<P>> and get 0 points.
You press <<P>> and get 1 points.
You press <<P>> and get 0 points.
You press <<P>> and get 0 points.
You press <<U>> and get 0 points.
You press <<U>> and get 1 points.
You press <<P>> and get 1 points.
You press <<P>> and get 0 points.
You press <<P>> and get 0 points.
You press <<U>> and get 1 points.
You press <<U>> and get 1 points.
You press <<U>> and get 1 points.
You press <<U>> and get 1 points.
You press <<U>> and get 1 points.
You press <<U>> and get 1 points.
You press <<U>> and get 1 points.
You press <<U>> and get 1 points.
You press <<U>> and get 1 points.
You press <<U>> and get 1 points.
You press <<U>> and get 1 points.
You press <<U>> and get 1 points.
You press <<U>> and get 1 points.
You press <<U>> and get 1 points.
You press <<U>> and get 1 points.
You press <<U>> and get 1 points.
You press <<U>> and get 1 points.
You press <<U>> and get 1 points.
You press <<U>> and get 1 points.
You press <<U>> and get 1 points.
You press <<U>> and get 1 points.
You press <<U>> and get 1 points.
You press <<U>> and get 1 points.
You press <<U>> and get 1 points.
You press <<U>> and get 1 points.
You press <<U>> and get 1 points.
You press <<U>> and get 1 points.
You press <<U>> and get 1 points.
You press <<U>> and get 1 points.
You press <<U>> and get 1 points.
You press <<P>> and get 1 points.
You press <<P>> and get 0 points.
You press <<U>> and get 1 points.
You press <<P>> and get 0 points.
You press <<U>> and get 1 points.
You press <<U>> and get 1 points.
You press <<U>> and get 1 points.
You press <<U>> and get 1 points.
You press <<U>> and get 0 points.
You press <<U>> and get 0 points.
You press <<U>> and get 0 points.
You press <<P>> and get 1 points.
You press <<U>> and get 0 points.
You press <<P>> and get 1 points.
You press <<P>> and get 1 points.
You press <<U>> and get 1 points.
You press <<U>> and get 0 points.
You press <<P>> and get 1 points.
You press <<P>> and get 1 points.
You press <<P>> and get 1 points.
You press <<P>> and get 1 points.
You press <<P>> and get 1 points.
You press <<U>> and get 0 points.
You press <<P>> and get 1 points.
You press <<P>> and get 1 points.
You press <<P>> and get 1 points.
You press <<P>> and get 1 points.
You press <<P>> and get 1 points.
You press <<P>> and get 1 points.
You press <<P>> and get 1 points.
You press <<P>> and get 1 points.
You press <<P>> and get 1 points.
You press <<P>> and get 1 points.
You press <<P>> and get 1 points.
You press <<P>> and get 1 points.
You press <<P>> and get 1 points.
You press <<P>> and get 1 points.
You press <<P>> and get 1 points.
You press <<P>> and get 1 points.
You press <<P>> and get 1 points.
You press <<P>> and get 1 points.
You press <<P>> and get 1 points.
You press <<P>> and get 1 points.
You press <<",P,U,1,73,-3.53125,0.029296875,0.96875,"[{'token': 'P', 'prob': 0.96875}, {'token': 'U', 'prob': 0.029296875}]"
88,"In this task, you have to repeatedly choose between two slot machines labeled U and P.
You can choose a slot machine by pressing its corresponding key.When you select one of the machines, you will win 1 or 0 points.Your goal is to choose the slot machines that will give you the most points.You will receive feedback about the outcome after making a choice.
The environment may change unpredictably, and past success does not guarantee future results. You’ll need to adapt to these changes to keep finding the better machine.You will play 1 game in total, consisting of 100 trials. Game 1:You press <<U>> and get 1 points.
You press <<U>> and get 1 points.
You press <<U>> and get 1 points.
You press <<U>> and get 0 points.
You press <<P>> and get 1 points.
You press <<P>> and get 0 points.
You press <<P>> and get 1 points.
You press <<P>> and get 0 points.
You press <<P>> and get 0 points.
You press <<U>> and get 0 points.
You press <<U>> and get 1 points.
You press <<P>> and get 1 points.
You press <<P>> and get 0 points.
You press <<P>> and get 0 points.
You press <<U>> and get 1 points.
You press <<U>> and get 1 points.
You press <<U>> and get 1 points.
You press <<U>> and get 1 points.
You press <<U>> and get 1 points.
You press <<U>> and get 1 points.
You press <<U>> and get 1 points.
You press <<U>> and get 1 points.
You press <<U>> and get 1 points.
You press <<U>> and get 1 points.
You press <<U>> and get 1 points.
You press <<U>> and get 1 points.
You press <<U>> and get 1 points.
You press <<U>> and get 1 points.
You press <<U>> and get 1 points.
You press <<U>> and get 1 points.
You press <<U>> and get 1 points.
You press <<U>> and get 1 points.
You press <<U>> and get 1 points.
You press <<U>> and get 1 points.
You press <<U>> and get 1 points.
You press <<U>> and get 1 points.
You press <<U>> and get 1 points.
You press <<U>> and get 1 points.
You press <<U>> and get 1 points.
You press <<U>> and get 1 points.
You press <<U>> and get 1 points.
You press <<U>> and get 1 points.
You press <<U>> and get 1 points.
You press <<U>> and get 1 points.
You press <<P>> and get 1 points.
You press <<P>> and get 0 points.
You press <<U>> and get 1 points.
You press <<P>> and get 0 points.
You press <<U>> and get 1 points.
You press <<U>> and get 1 points.
You press <<U>> and get 1 points.
You press <<U>> and get 1 points.
You press <<U>> and get 0 points.
You press <<U>> and get 0 points.
You press <<U>> and get 0 points.
You press <<P>> and get 1 points.
You press <<U>> and get 0 points.
You press <<P>> and get 1 points.
You press <<P>> and get 1 points.
You press <<U>> and get 1 points.
You press <<U>> and get 0 points.
You press <<P>> and get 1 points.
You press <<P>> and get 1 points.
You press <<P>> and get 1 points.
You press <<P>> and get 1 points.
You press <<P>> and get 1 points.
You press <<U>> and get 0 points.
You press <<P>> and get 1 points.
You press <<P>> and get 1 points.
You press <<P>> and get 1 points.
You press <<P>> and get 1 points.
You press <<P>> and get 1 points.
You press <<P>> and get 1 points.
You press <<P>> and get 1 points.
You press <<P>> and get 1 points.
You press <<P>> and get 1 points.
You press <<P>> and get 1 points.
You press <<P>> and get 1 points.
You press <<P>> and get 1 points.
You press <<P>> and get 1 points.
You press <<P>> and get 1 points.
You press <<P>> and get 1 points.
You press <<P>> and get 1 points.
You press <<P>> and get 1 points.
You press <<P>> and get 1 points.
You press <<P>> and get 1 points.
You press <<P>> and get 1 points.
You press <<U>> and get 1 points.
You press <<",U,P,0,73,-0.89453125,0.59375,0.408203125,"[{'token': 'U', 'prob': 0.59375}, {'token': 'P', 'prob': 0.408203125}]"
89,"In this task, you have to repeatedly choose between two slot machines labeled U and P.
You can choose a slot machine by pressing its corresponding key.When you select one of the machines, you will win 1 or 0 points.Your goal is to choose the slot machines that will give you the most points.You will receive feedback about the outcome after making a choice.
The environment may change unpredictably, and past success does not guarantee future results. You’ll need to adapt to these changes to keep finding the better machine.You will play 1 game in total, consisting of 100 trials. Game 1:You press <<U>> and get 1 points.
You press <<U>> and get 1 points.
You press <<U>> and get 1 points.
You press <<U>> and get 0 points.
You press <<P>> and get 1 points.
You press <<P>> and get 0 points.
You press <<P>> and get 1 points.
You press <<P>> and get 0 points.
You press <<P>> and get 0 points.
You press <<U>> and get 0 points.
You press <<U>> and get 1 points.
You press <<P>> and get 1 points.
You press <<P>> and get 0 points.
You press <<P>> and get 0 points.
You press <<U>> and get 1 points.
You press <<U>> and get 1 points.
You press <<U>> and get 1 points.
You press <<U>> and get 1 points.
You press <<U>> and get 1 points.
You press <<U>> and get 1 points.
You press <<U>> and get 1 points.
You press <<U>> and get 1 points.
You press <<U>> and get 1 points.
You press <<U>> and get 1 points.
You press <<U>> and get 1 points.
You press <<U>> and get 1 points.
You press <<U>> and get 1 points.
You press <<U>> and get 1 points.
You press <<U>> and get 1 points.
You press <<U>> and get 1 points.
You press <<U>> and get 1 points.
You press <<U>> and get 1 points.
You press <<U>> and get 1 points.
You press <<U>> and get 1 points.
You press <<U>> and get 1 points.
You press <<U>> and get 1 points.
You press <<U>> and get 1 points.
You press <<U>> and get 1 points.
You press <<U>> and get 1 points.
You press <<U>> and get 1 points.
You press <<U>> and get 1 points.
You press <<U>> and get 1 points.
You press <<U>> and get 1 points.
You press <<U>> and get 1 points.
You press <<P>> and get 1 points.
You press <<P>> and get 0 points.
You press <<U>> and get 1 points.
You press <<P>> and get 0 points.
You press <<U>> and get 1 points.
You press <<U>> and get 1 points.
You press <<U>> and get 1 points.
You press <<U>> and get 1 points.
You press <<U>> and get 0 points.
You press <<U>> and get 0 points.
You press <<U>> and get 0 points.
You press <<P>> and get 1 points.
You press <<U>> and get 0 points.
You press <<P>> and get 1 points.
You press <<P>> and get 1 points.
You press <<U>> and get 1 points.
You press <<U>> and get 0 points.
You press <<P>> and get 1 points.
You press <<P>> and get 1 points.
You press <<P>> and get 1 points.
You press <<P>> and get 1 points.
You press <<P>> and get 1 points.
You press <<U>> and get 0 points.
You press <<P>> and get 1 points.
You press <<P>> and get 1 points.
You press <<P>> and get 1 points.
You press <<P>> and get 1 points.
You press <<P>> and get 1 points.
You press <<P>> and get 1 points.
You press <<P>> and get 1 points.
You press <<P>> and get 1 points.
You press <<P>> and get 1 points.
You press <<P>> and get 1 points.
You press <<P>> and get 1 points.
You press <<P>> and get 1 points.
You press <<P>> and get 1 points.
You press <<P>> and get 1 points.
You press <<P>> and get 1 points.
You press <<P>> and get 1 points.
You press <<P>> and get 1 points.
You press <<P>> and get 1 points.
You press <<P>> and get 1 points.
You press <<P>> and get 1 points.
You press <<U>> and get 1 points.
You press <<P>> and get 0 points.
You press <<",U,U,1,74,-0.283203125,0.75390625,0.2451171875,"[{'token': 'U', 'prob': 0.75390625}, {'token': 'P', 'prob': 0.2451171875}]"
90,"In this task, you have to repeatedly choose between two slot machines labeled U and P.
You can choose a slot machine by pressing its corresponding key.When you select one of the machines, you will win 1 or 0 points.Your goal is to choose the slot machines that will give you the most points.You will receive feedback about the outcome after making a choice.
The environment may change unpredictably, and past success does not guarantee future results. You’ll need to adapt to these changes to keep finding the better machine.You will play 1 game in total, consisting of 100 trials. Game 1:You press <<U>> and get 1 points.
You press <<U>> and get 1 points.
You press <<U>> and get 1 points.
You press <<U>> and get 0 points.
You press <<P>> and get 1 points.
You press <<P>> and get 0 points.
You press <<P>> and get 1 points.
You press <<P>> and get 0 points.
You press <<P>> and get 0 points.
You press <<U>> and get 0 points.
You press <<U>> and get 1 points.
You press <<P>> and get 1 points.
You press <<P>> and get 0 points.
You press <<P>> and get 0 points.
You press <<U>> and get 1 points.
You press <<U>> and get 1 points.
You press <<U>> and get 1 points.
You press <<U>> and get 1 points.
You press <<U>> and get 1 points.
You press <<U>> and get 1 points.
You press <<U>> and get 1 points.
You press <<U>> and get 1 points.
You press <<U>> and get 1 points.
You press <<U>> and get 1 points.
You press <<U>> and get 1 points.
You press <<U>> and get 1 points.
You press <<U>> and get 1 points.
You press <<U>> and get 1 points.
You press <<U>> and get 1 points.
You press <<U>> and get 1 points.
You press <<U>> and get 1 points.
You press <<U>> and get 1 points.
You press <<U>> and get 1 points.
You press <<U>> and get 1 points.
You press <<U>> and get 1 points.
You press <<U>> and get 1 points.
You press <<U>> and get 1 points.
You press <<U>> and get 1 points.
You press <<U>> and get 1 points.
You press <<U>> and get 1 points.
You press <<U>> and get 1 points.
You press <<U>> and get 1 points.
You press <<U>> and get 1 points.
You press <<U>> and get 1 points.
You press <<P>> and get 1 points.
You press <<P>> and get 0 points.
You press <<U>> and get 1 points.
You press <<P>> and get 0 points.
You press <<U>> and get 1 points.
You press <<U>> and get 1 points.
You press <<U>> and get 1 points.
You press <<U>> and get 1 points.
You press <<U>> and get 0 points.
You press <<U>> and get 0 points.
You press <<U>> and get 0 points.
You press <<P>> and get 1 points.
You press <<U>> and get 0 points.
You press <<P>> and get 1 points.
You press <<P>> and get 1 points.
You press <<U>> and get 1 points.
You press <<U>> and get 0 points.
You press <<P>> and get 1 points.
You press <<P>> and get 1 points.
You press <<P>> and get 1 points.
You press <<P>> and get 1 points.
You press <<P>> and get 1 points.
You press <<U>> and get 0 points.
You press <<P>> and get 1 points.
You press <<P>> and get 1 points.
You press <<P>> and get 1 points.
You press <<P>> and get 1 points.
You press <<P>> and get 1 points.
You press <<P>> and get 1 points.
You press <<P>> and get 1 points.
You press <<P>> and get 1 points.
You press <<P>> and get 1 points.
You press <<P>> and get 1 points.
You press <<P>> and get 1 points.
You press <<P>> and get 1 points.
You press <<P>> and get 1 points.
You press <<P>> and get 1 points.
You press <<P>> and get 1 points.
You press <<P>> and get 1 points.
You press <<P>> and get 1 points.
You press <<P>> and get 1 points.
You press <<P>> and get 1 points.
You press <<P>> and get 1 points.
You press <<U>> and get 1 points.
You press <<P>> and get 0 points.
You press <<U>> and get 1 points.
You press <<",U,P,1,75,-1.5,0.77734375,0.22265625,"[{'token': 'U', 'prob': 0.77734375}, {'token': 'P', 'prob': 0.22265625}]"
91,"In this task, you have to repeatedly choose between two slot machines labeled U and P.
You can choose a slot machine by pressing its corresponding key.When you select one of the machines, you will win 1 or 0 points.Your goal is to choose the slot machines that will give you the most points.You will receive feedback about the outcome after making a choice.
The environment may change unpredictably, and past success does not guarantee future results. You’ll need to adapt to these changes to keep finding the better machine.You will play 1 game in total, consisting of 100 trials. Game 1:You press <<U>> and get 1 points.
You press <<U>> and get 1 points.
You press <<U>> and get 1 points.
You press <<U>> and get 0 points.
You press <<P>> and get 1 points.
You press <<P>> and get 0 points.
You press <<P>> and get 1 points.
You press <<P>> and get 0 points.
You press <<P>> and get 0 points.
You press <<U>> and get 0 points.
You press <<U>> and get 1 points.
You press <<P>> and get 1 points.
You press <<P>> and get 0 points.
You press <<P>> and get 0 points.
You press <<U>> and get 1 points.
You press <<U>> and get 1 points.
You press <<U>> and get 1 points.
You press <<U>> and get 1 points.
You press <<U>> and get 1 points.
You press <<U>> and get 1 points.
You press <<U>> and get 1 points.
You press <<U>> and get 1 points.
You press <<U>> and get 1 points.
You press <<U>> and get 1 points.
You press <<U>> and get 1 points.
You press <<U>> and get 1 points.
You press <<U>> and get 1 points.
You press <<U>> and get 1 points.
You press <<U>> and get 1 points.
You press <<U>> and get 1 points.
You press <<U>> and get 1 points.
You press <<U>> and get 1 points.
You press <<U>> and get 1 points.
You press <<U>> and get 1 points.
You press <<U>> and get 1 points.
You press <<U>> and get 1 points.
You press <<U>> and get 1 points.
You press <<U>> and get 1 points.
You press <<U>> and get 1 points.
You press <<U>> and get 1 points.
You press <<U>> and get 1 points.
You press <<U>> and get 1 points.
You press <<U>> and get 1 points.
You press <<U>> and get 1 points.
You press <<P>> and get 1 points.
You press <<P>> and get 0 points.
You press <<U>> and get 1 points.
You press <<P>> and get 0 points.
You press <<U>> and get 1 points.
You press <<U>> and get 1 points.
You press <<U>> and get 1 points.
You press <<U>> and get 1 points.
You press <<U>> and get 0 points.
You press <<U>> and get 0 points.
You press <<U>> and get 0 points.
You press <<P>> and get 1 points.
You press <<U>> and get 0 points.
You press <<P>> and get 1 points.
You press <<P>> and get 1 points.
You press <<U>> and get 1 points.
You press <<U>> and get 0 points.
You press <<P>> and get 1 points.
You press <<P>> and get 1 points.
You press <<P>> and get 1 points.
You press <<P>> and get 1 points.
You press <<P>> and get 1 points.
You press <<U>> and get 0 points.
You press <<P>> and get 1 points.
You press <<P>> and get 1 points.
You press <<P>> and get 1 points.
You press <<P>> and get 1 points.
You press <<P>> and get 1 points.
You press <<P>> and get 1 points.
You press <<P>> and get 1 points.
You press <<P>> and get 1 points.
You press <<P>> and get 1 points.
You press <<P>> and get 1 points.
You press <<P>> and get 1 points.
You press <<P>> and get 1 points.
You press <<P>> and get 1 points.
You press <<P>> and get 1 points.
You press <<P>> and get 1 points.
You press <<P>> and get 1 points.
You press <<P>> and get 1 points.
You press <<P>> and get 1 points.
You press <<P>> and get 1 points.
You press <<P>> and get 1 points.
You press <<U>> and get 1 points.
You press <<P>> and get 0 points.
You press <<U>> and get 1 points.
You press <<P>> and get 1 points.
You press <<",P,U,0,75,-0.69140625,0.5,0.5,"[{'token': 'U', 'prob': 0.5}, {'token': 'P', 'prob': 0.5}]"
92,"In this task, you have to repeatedly choose between two slot machines labeled U and P.
You can choose a slot machine by pressing its corresponding key.When you select one of the machines, you will win 1 or 0 points.Your goal is to choose the slot machines that will give you the most points.You will receive feedback about the outcome after making a choice.
The environment may change unpredictably, and past success does not guarantee future results. You’ll need to adapt to these changes to keep finding the better machine.You will play 1 game in total, consisting of 100 trials. Game 1:You press <<U>> and get 1 points.
You press <<U>> and get 1 points.
You press <<U>> and get 1 points.
You press <<U>> and get 0 points.
You press <<P>> and get 1 points.
You press <<P>> and get 0 points.
You press <<P>> and get 1 points.
You press <<P>> and get 0 points.
You press <<P>> and get 0 points.
You press <<U>> and get 0 points.
You press <<U>> and get 1 points.
You press <<P>> and get 1 points.
You press <<P>> and get 0 points.
You press <<P>> and get 0 points.
You press <<U>> and get 1 points.
You press <<U>> and get 1 points.
You press <<U>> and get 1 points.
You press <<U>> and get 1 points.
You press <<U>> and get 1 points.
You press <<U>> and get 1 points.
You press <<U>> and get 1 points.
You press <<U>> and get 1 points.
You press <<U>> and get 1 points.
You press <<U>> and get 1 points.
You press <<U>> and get 1 points.
You press <<U>> and get 1 points.
You press <<U>> and get 1 points.
You press <<U>> and get 1 points.
You press <<U>> and get 1 points.
You press <<U>> and get 1 points.
You press <<U>> and get 1 points.
You press <<U>> and get 1 points.
You press <<U>> and get 1 points.
You press <<U>> and get 1 points.
You press <<U>> and get 1 points.
You press <<U>> and get 1 points.
You press <<U>> and get 1 points.
You press <<U>> and get 1 points.
You press <<U>> and get 1 points.
You press <<U>> and get 1 points.
You press <<U>> and get 1 points.
You press <<U>> and get 1 points.
You press <<U>> and get 1 points.
You press <<U>> and get 1 points.
You press <<P>> and get 1 points.
You press <<P>> and get 0 points.
You press <<U>> and get 1 points.
You press <<P>> and get 0 points.
You press <<U>> and get 1 points.
You press <<U>> and get 1 points.
You press <<U>> and get 1 points.
You press <<U>> and get 1 points.
You press <<U>> and get 0 points.
You press <<U>> and get 0 points.
You press <<U>> and get 0 points.
You press <<P>> and get 1 points.
You press <<U>> and get 0 points.
You press <<P>> and get 1 points.
You press <<P>> and get 1 points.
You press <<U>> and get 1 points.
You press <<U>> and get 0 points.
You press <<P>> and get 1 points.
You press <<P>> and get 1 points.
You press <<P>> and get 1 points.
You press <<P>> and get 1 points.
You press <<P>> and get 1 points.
You press <<U>> and get 0 points.
You press <<P>> and get 1 points.
You press <<P>> and get 1 points.
You press <<P>> and get 1 points.
You press <<P>> and get 1 points.
You press <<P>> and get 1 points.
You press <<P>> and get 1 points.
You press <<P>> and get 1 points.
You press <<P>> and get 1 points.
You press <<P>> and get 1 points.
You press <<P>> and get 1 points.
You press <<P>> and get 1 points.
You press <<P>> and get 1 points.
You press <<P>> and get 1 points.
You press <<P>> and get 1 points.
You press <<P>> and get 1 points.
You press <<P>> and get 1 points.
You press <<P>> and get 1 points.
You press <<P>> and get 1 points.
You press <<P>> and get 1 points.
You press <<P>> and get 1 points.
You press <<U>> and get 1 points.
You press <<P>> and get 0 points.
You press <<U>> and get 1 points.
You press <<P>> and get 1 points.
You press <<U>> and get 0 points.
You press <<",P,P,1,76,-0.251953125,0.22265625,0.77734375,"[{'token': 'P', 'prob': 0.77734375}, {'token': 'U', 'prob': 0.22265625}]"
93,"In this task, you have to repeatedly choose between two slot machines labeled U and P.
You can choose a slot machine by pressing its corresponding key.When you select one of the machines, you will win 1 or 0 points.Your goal is to choose the slot machines that will give you the most points.You will receive feedback about the outcome after making a choice.
The environment may change unpredictably, and past success does not guarantee future results. You’ll need to adapt to these changes to keep finding the better machine.You will play 1 game in total, consisting of 100 trials. Game 1:You press <<U>> and get 1 points.
You press <<U>> and get 1 points.
You press <<U>> and get 1 points.
You press <<U>> and get 0 points.
You press <<P>> and get 1 points.
You press <<P>> and get 0 points.
You press <<P>> and get 1 points.
You press <<P>> and get 0 points.
You press <<P>> and get 0 points.
You press <<U>> and get 0 points.
You press <<U>> and get 1 points.
You press <<P>> and get 1 points.
You press <<P>> and get 0 points.
You press <<P>> and get 0 points.
You press <<U>> and get 1 points.
You press <<U>> and get 1 points.
You press <<U>> and get 1 points.
You press <<U>> and get 1 points.
You press <<U>> and get 1 points.
You press <<U>> and get 1 points.
You press <<U>> and get 1 points.
You press <<U>> and get 1 points.
You press <<U>> and get 1 points.
You press <<U>> and get 1 points.
You press <<U>> and get 1 points.
You press <<U>> and get 1 points.
You press <<U>> and get 1 points.
You press <<U>> and get 1 points.
You press <<U>> and get 1 points.
You press <<U>> and get 1 points.
You press <<U>> and get 1 points.
You press <<U>> and get 1 points.
You press <<U>> and get 1 points.
You press <<U>> and get 1 points.
You press <<U>> and get 1 points.
You press <<U>> and get 1 points.
You press <<U>> and get 1 points.
You press <<U>> and get 1 points.
You press <<U>> and get 1 points.
You press <<U>> and get 1 points.
You press <<U>> and get 1 points.
You press <<U>> and get 1 points.
You press <<U>> and get 1 points.
You press <<U>> and get 1 points.
You press <<P>> and get 1 points.
You press <<P>> and get 0 points.
You press <<U>> and get 1 points.
You press <<P>> and get 0 points.
You press <<U>> and get 1 points.
You press <<U>> and get 1 points.
You press <<U>> and get 1 points.
You press <<U>> and get 1 points.
You press <<U>> and get 0 points.
You press <<U>> and get 0 points.
You press <<U>> and get 0 points.
You press <<P>> and get 1 points.
You press <<U>> and get 0 points.
You press <<P>> and get 1 points.
You press <<P>> and get 1 points.
You press <<U>> and get 1 points.
You press <<U>> and get 0 points.
You press <<P>> and get 1 points.
You press <<P>> and get 1 points.
You press <<P>> and get 1 points.
You press <<P>> and get 1 points.
You press <<P>> and get 1 points.
You press <<U>> and get 0 points.
You press <<P>> and get 1 points.
You press <<P>> and get 1 points.
You press <<P>> and get 1 points.
You press <<P>> and get 1 points.
You press <<P>> and get 1 points.
You press <<P>> and get 1 points.
You press <<P>> and get 1 points.
You press <<P>> and get 1 points.
You press <<P>> and get 1 points.
You press <<P>> and get 1 points.
You press <<P>> and get 1 points.
You press <<P>> and get 1 points.
You press <<P>> and get 1 points.
You press <<P>> and get 1 points.
You press <<P>> and get 1 points.
You press <<P>> and get 1 points.
You press <<P>> and get 1 points.
You press <<P>> and get 1 points.
You press <<P>> and get 1 points.
You press <<P>> and get 1 points.
You press <<U>> and get 1 points.
You press <<P>> and get 0 points.
You press <<U>> and get 1 points.
You press <<P>> and get 1 points.
You press <<U>> and get 0 points.
You press <<P>> and get 1 points.
You press <<",P,P,1,77,-0.57421875,0.4375,0.5625,"[{'token': 'P', 'prob': 0.5625}, {'token': 'U', 'prob': 0.4375}]"
94,"In this task, you have to repeatedly choose between two slot machines labeled U and P.
You can choose a slot machine by pressing its corresponding key.When you select one of the machines, you will win 1 or 0 points.Your goal is to choose the slot machines that will give you the most points.You will receive feedback about the outcome after making a choice.
The environment may change unpredictably, and past success does not guarantee future results. You’ll need to adapt to these changes to keep finding the better machine.You will play 1 game in total, consisting of 100 trials. Game 1:You press <<U>> and get 1 points.
You press <<U>> and get 1 points.
You press <<U>> and get 1 points.
You press <<U>> and get 0 points.
You press <<P>> and get 1 points.
You press <<P>> and get 0 points.
You press <<P>> and get 1 points.
You press <<P>> and get 0 points.
You press <<P>> and get 0 points.
You press <<U>> and get 0 points.
You press <<U>> and get 1 points.
You press <<P>> and get 1 points.
You press <<P>> and get 0 points.
You press <<P>> and get 0 points.
You press <<U>> and get 1 points.
You press <<U>> and get 1 points.
You press <<U>> and get 1 points.
You press <<U>> and get 1 points.
You press <<U>> and get 1 points.
You press <<U>> and get 1 points.
You press <<U>> and get 1 points.
You press <<U>> and get 1 points.
You press <<U>> and get 1 points.
You press <<U>> and get 1 points.
You press <<U>> and get 1 points.
You press <<U>> and get 1 points.
You press <<U>> and get 1 points.
You press <<U>> and get 1 points.
You press <<U>> and get 1 points.
You press <<U>> and get 1 points.
You press <<U>> and get 1 points.
You press <<U>> and get 1 points.
You press <<U>> and get 1 points.
You press <<U>> and get 1 points.
You press <<U>> and get 1 points.
You press <<U>> and get 1 points.
You press <<U>> and get 1 points.
You press <<U>> and get 1 points.
You press <<U>> and get 1 points.
You press <<U>> and get 1 points.
You press <<U>> and get 1 points.
You press <<U>> and get 1 points.
You press <<U>> and get 1 points.
You press <<U>> and get 1 points.
You press <<P>> and get 1 points.
You press <<P>> and get 0 points.
You press <<U>> and get 1 points.
You press <<P>> and get 0 points.
You press <<U>> and get 1 points.
You press <<U>> and get 1 points.
You press <<U>> and get 1 points.
You press <<U>> and get 1 points.
You press <<U>> and get 0 points.
You press <<U>> and get 0 points.
You press <<U>> and get 0 points.
You press <<P>> and get 1 points.
You press <<U>> and get 0 points.
You press <<P>> and get 1 points.
You press <<P>> and get 1 points.
You press <<U>> and get 1 points.
You press <<U>> and get 0 points.
You press <<P>> and get 1 points.
You press <<P>> and get 1 points.
You press <<P>> and get 1 points.
You press <<P>> and get 1 points.
You press <<P>> and get 1 points.
You press <<U>> and get 0 points.
You press <<P>> and get 1 points.
You press <<P>> and get 1 points.
You press <<P>> and get 1 points.
You press <<P>> and get 1 points.
You press <<P>> and get 1 points.
You press <<P>> and get 1 points.
You press <<P>> and get 1 points.
You press <<P>> and get 1 points.
You press <<P>> and get 1 points.
You press <<P>> and get 1 points.
You press <<P>> and get 1 points.
You press <<P>> and get 1 points.
You press <<P>> and get 1 points.
You press <<P>> and get 1 points.
You press <<P>> and get 1 points.
You press <<P>> and get 1 points.
You press <<P>> and get 1 points.
You press <<P>> and get 1 points.
You press <<P>> and get 1 points.
You press <<P>> and get 1 points.
You press <<U>> and get 1 points.
You press <<P>> and get 0 points.
You press <<U>> and get 1 points.
You press <<P>> and get 1 points.
You press <<U>> and get 0 points.
You press <<P>> and get 1 points.
You press <<P>> and get 1 points.
You press <<",P,P,1,78,-0.2275390625,0.2021484375,0.796875,"[{'token': 'P', 'prob': 0.796875}, {'token': 'U', 'prob': 0.2021484375}]"
95,"In this task, you have to repeatedly choose between two slot machines labeled U and P.
You can choose a slot machine by pressing its corresponding key.When you select one of the machines, you will win 1 or 0 points.Your goal is to choose the slot machines that will give you the most points.You will receive feedback about the outcome after making a choice.
The environment may change unpredictably, and past success does not guarantee future results. You’ll need to adapt to these changes to keep finding the better machine.You will play 1 game in total, consisting of 100 trials. Game 1:You press <<U>> and get 1 points.
You press <<U>> and get 1 points.
You press <<U>> and get 1 points.
You press <<U>> and get 0 points.
You press <<P>> and get 1 points.
You press <<P>> and get 0 points.
You press <<P>> and get 1 points.
You press <<P>> and get 0 points.
You press <<P>> and get 0 points.
You press <<U>> and get 0 points.
You press <<U>> and get 1 points.
You press <<P>> and get 1 points.
You press <<P>> and get 0 points.
You press <<P>> and get 0 points.
You press <<U>> and get 1 points.
You press <<U>> and get 1 points.
You press <<U>> and get 1 points.
You press <<U>> and get 1 points.
You press <<U>> and get 1 points.
You press <<U>> and get 1 points.
You press <<U>> and get 1 points.
You press <<U>> and get 1 points.
You press <<U>> and get 1 points.
You press <<U>> and get 1 points.
You press <<U>> and get 1 points.
You press <<U>> and get 1 points.
You press <<U>> and get 1 points.
You press <<U>> and get 1 points.
You press <<U>> and get 1 points.
You press <<U>> and get 1 points.
You press <<U>> and get 1 points.
You press <<U>> and get 1 points.
You press <<U>> and get 1 points.
You press <<U>> and get 1 points.
You press <<U>> and get 1 points.
You press <<U>> and get 1 points.
You press <<U>> and get 1 points.
You press <<U>> and get 1 points.
You press <<U>> and get 1 points.
You press <<U>> and get 1 points.
You press <<U>> and get 1 points.
You press <<U>> and get 1 points.
You press <<U>> and get 1 points.
You press <<U>> and get 1 points.
You press <<P>> and get 1 points.
You press <<P>> and get 0 points.
You press <<U>> and get 1 points.
You press <<P>> and get 0 points.
You press <<U>> and get 1 points.
You press <<U>> and get 1 points.
You press <<U>> and get 1 points.
You press <<U>> and get 1 points.
You press <<U>> and get 0 points.
You press <<U>> and get 0 points.
You press <<U>> and get 0 points.
You press <<P>> and get 1 points.
You press <<U>> and get 0 points.
You press <<P>> and get 1 points.
You press <<P>> and get 1 points.
You press <<U>> and get 1 points.
You press <<U>> and get 0 points.
You press <<P>> and get 1 points.
You press <<P>> and get 1 points.
You press <<P>> and get 1 points.
You press <<P>> and get 1 points.
You press <<P>> and get 1 points.
You press <<U>> and get 0 points.
You press <<P>> and get 1 points.
You press <<P>> and get 1 points.
You press <<P>> and get 1 points.
You press <<P>> and get 1 points.
You press <<P>> and get 1 points.
You press <<P>> and get 1 points.
You press <<P>> and get 1 points.
You press <<P>> and get 1 points.
You press <<P>> and get 1 points.
You press <<P>> and get 1 points.
You press <<P>> and get 1 points.
You press <<P>> and get 1 points.
You press <<P>> and get 1 points.
You press <<P>> and get 1 points.
You press <<P>> and get 1 points.
You press <<P>> and get 1 points.
You press <<P>> and get 1 points.
You press <<P>> and get 1 points.
You press <<P>> and get 1 points.
You press <<P>> and get 1 points.
You press <<U>> and get 1 points.
You press <<P>> and get 0 points.
You press <<U>> and get 1 points.
You press <<P>> and get 1 points.
You press <<U>> and get 0 points.
You press <<P>> and get 1 points.
You press <<P>> and get 1 points.
You press <<P>> and get 1 points.
You press <<",P,P,1,79,-0.111328125,0.1064453125,0.89453125,"[{'token': 'P', 'prob': 0.89453125}, {'token': 'U', 'prob': 0.1064453125}]"
96,"In this task, you have to repeatedly choose between two slot machines labeled U and P.
You can choose a slot machine by pressing its corresponding key.When you select one of the machines, you will win 1 or 0 points.Your goal is to choose the slot machines that will give you the most points.You will receive feedback about the outcome after making a choice.
The environment may change unpredictably, and past success does not guarantee future results. You’ll need to adapt to these changes to keep finding the better machine.You will play 1 game in total, consisting of 100 trials. Game 1:You press <<U>> and get 1 points.
You press <<U>> and get 1 points.
You press <<U>> and get 1 points.
You press <<U>> and get 0 points.
You press <<P>> and get 1 points.
You press <<P>> and get 0 points.
You press <<P>> and get 1 points.
You press <<P>> and get 0 points.
You press <<P>> and get 0 points.
You press <<U>> and get 0 points.
You press <<U>> and get 1 points.
You press <<P>> and get 1 points.
You press <<P>> and get 0 points.
You press <<P>> and get 0 points.
You press <<U>> and get 1 points.
You press <<U>> and get 1 points.
You press <<U>> and get 1 points.
You press <<U>> and get 1 points.
You press <<U>> and get 1 points.
You press <<U>> and get 1 points.
You press <<U>> and get 1 points.
You press <<U>> and get 1 points.
You press <<U>> and get 1 points.
You press <<U>> and get 1 points.
You press <<U>> and get 1 points.
You press <<U>> and get 1 points.
You press <<U>> and get 1 points.
You press <<U>> and get 1 points.
You press <<U>> and get 1 points.
You press <<U>> and get 1 points.
You press <<U>> and get 1 points.
You press <<U>> and get 1 points.
You press <<U>> and get 1 points.
You press <<U>> and get 1 points.
You press <<U>> and get 1 points.
You press <<U>> and get 1 points.
You press <<U>> and get 1 points.
You press <<U>> and get 1 points.
You press <<U>> and get 1 points.
You press <<U>> and get 1 points.
You press <<U>> and get 1 points.
You press <<U>> and get 1 points.
You press <<U>> and get 1 points.
You press <<U>> and get 1 points.
You press <<P>> and get 1 points.
You press <<P>> and get 0 points.
You press <<U>> and get 1 points.
You press <<P>> and get 0 points.
You press <<U>> and get 1 points.
You press <<U>> and get 1 points.
You press <<U>> and get 1 points.
You press <<U>> and get 1 points.
You press <<U>> and get 0 points.
You press <<U>> and get 0 points.
You press <<U>> and get 0 points.
You press <<P>> and get 1 points.
You press <<U>> and get 0 points.
You press <<P>> and get 1 points.
You press <<P>> and get 1 points.
You press <<U>> and get 1 points.
You press <<U>> and get 0 points.
You press <<P>> and get 1 points.
You press <<P>> and get 1 points.
You press <<P>> and get 1 points.
You press <<P>> and get 1 points.
You press <<P>> and get 1 points.
You press <<U>> and get 0 points.
You press <<P>> and get 1 points.
You press <<P>> and get 1 points.
You press <<P>> and get 1 points.
You press <<P>> and get 1 points.
You press <<P>> and get 1 points.
You press <<P>> and get 1 points.
You press <<P>> and get 1 points.
You press <<P>> and get 1 points.
You press <<P>> and get 1 points.
You press <<P>> and get 1 points.
You press <<P>> and get 1 points.
You press <<P>> and get 1 points.
You press <<P>> and get 1 points.
You press <<P>> and get 1 points.
You press <<P>> and get 1 points.
You press <<P>> and get 1 points.
You press <<P>> and get 1 points.
You press <<P>> and get 1 points.
You press <<P>> and get 1 points.
You press <<P>> and get 1 points.
You press <<U>> and get 1 points.
You press <<P>> and get 0 points.
You press <<U>> and get 1 points.
You press <<P>> and get 1 points.
You press <<U>> and get 0 points.
You press <<P>> and get 1 points.
You press <<P>> and get 1 points.
You press <<P>> and get 1 points.
You press <<P>> and get 1 points.
You press <<",P,P,1,80,-0.111328125,0.1064453125,0.89453125,"[{'token': 'P', 'prob': 0.89453125}, {'token': 'U', 'prob': 0.1064453125}]"
97,"In this task, you have to repeatedly choose between two slot machines labeled U and P.
You can choose a slot machine by pressing its corresponding key.When you select one of the machines, you will win 1 or 0 points.Your goal is to choose the slot machines that will give you the most points.You will receive feedback about the outcome after making a choice.
The environment may change unpredictably, and past success does not guarantee future results. You’ll need to adapt to these changes to keep finding the better machine.You will play 1 game in total, consisting of 100 trials. Game 1:You press <<U>> and get 1 points.
You press <<U>> and get 1 points.
You press <<U>> and get 1 points.
You press <<U>> and get 0 points.
You press <<P>> and get 1 points.
You press <<P>> and get 0 points.
You press <<P>> and get 1 points.
You press <<P>> and get 0 points.
You press <<P>> and get 0 points.
You press <<U>> and get 0 points.
You press <<U>> and get 1 points.
You press <<P>> and get 1 points.
You press <<P>> and get 0 points.
You press <<P>> and get 0 points.
You press <<U>> and get 1 points.
You press <<U>> and get 1 points.
You press <<U>> and get 1 points.
You press <<U>> and get 1 points.
You press <<U>> and get 1 points.
You press <<U>> and get 1 points.
You press <<U>> and get 1 points.
You press <<U>> and get 1 points.
You press <<U>> and get 1 points.
You press <<U>> and get 1 points.
You press <<U>> and get 1 points.
You press <<U>> and get 1 points.
You press <<U>> and get 1 points.
You press <<U>> and get 1 points.
You press <<U>> and get 1 points.
You press <<U>> and get 1 points.
You press <<U>> and get 1 points.
You press <<U>> and get 1 points.
You press <<U>> and get 1 points.
You press <<U>> and get 1 points.
You press <<U>> and get 1 points.
You press <<U>> and get 1 points.
You press <<U>> and get 1 points.
You press <<U>> and get 1 points.
You press <<U>> and get 1 points.
You press <<U>> and get 1 points.
You press <<U>> and get 1 points.
You press <<U>> and get 1 points.
You press <<U>> and get 1 points.
You press <<U>> and get 1 points.
You press <<P>> and get 1 points.
You press <<P>> and get 0 points.
You press <<U>> and get 1 points.
You press <<P>> and get 0 points.
You press <<U>> and get 1 points.
You press <<U>> and get 1 points.
You press <<U>> and get 1 points.
You press <<U>> and get 1 points.
You press <<U>> and get 0 points.
You press <<U>> and get 0 points.
You press <<U>> and get 0 points.
You press <<P>> and get 1 points.
You press <<U>> and get 0 points.
You press <<P>> and get 1 points.
You press <<P>> and get 1 points.
You press <<U>> and get 1 points.
You press <<U>> and get 0 points.
You press <<P>> and get 1 points.
You press <<P>> and get 1 points.
You press <<P>> and get 1 points.
You press <<P>> and get 1 points.
You press <<P>> and get 1 points.
You press <<U>> and get 0 points.
You press <<P>> and get 1 points.
You press <<P>> and get 1 points.
You press <<P>> and get 1 points.
You press <<P>> and get 1 points.
You press <<P>> and get 1 points.
You press <<P>> and get 1 points.
You press <<P>> and get 1 points.
You press <<P>> and get 1 points.
You press <<P>> and get 1 points.
You press <<P>> and get 1 points.
You press <<P>> and get 1 points.
You press <<P>> and get 1 points.
You press <<P>> and get 1 points.
You press <<P>> and get 1 points.
You press <<P>> and get 1 points.
You press <<P>> and get 1 points.
You press <<P>> and get 1 points.
You press <<P>> and get 1 points.
You press <<P>> and get 1 points.
You press <<P>> and get 1 points.
You press <<U>> and get 1 points.
You press <<P>> and get 0 points.
You press <<U>> and get 1 points.
You press <<P>> and get 1 points.
You press <<U>> and get 0 points.
You press <<P>> and get 1 points.
You press <<P>> and get 1 points.
You press <<P>> and get 1 points.
You press <<P>> and get 1 points.
You press <<P>> and get 1 points.
You press <<",P,P,1,81,-0.0771484375,0.07568359375,0.92578125,"[{'token': 'P', 'prob': 0.92578125}, {'token': 'U', 'prob': 0.07568359375}]"
98,"In this task, you have to repeatedly choose between two slot machines labeled U and P.
You can choose a slot machine by pressing its corresponding key.When you select one of the machines, you will win 1 or 0 points.Your goal is to choose the slot machines that will give you the most points.You will receive feedback about the outcome after making a choice.
The environment may change unpredictably, and past success does not guarantee future results. You’ll need to adapt to these changes to keep finding the better machine.You will play 1 game in total, consisting of 100 trials. Game 1:You press <<U>> and get 1 points.
You press <<U>> and get 1 points.
You press <<U>> and get 1 points.
You press <<U>> and get 0 points.
You press <<P>> and get 1 points.
You press <<P>> and get 0 points.
You press <<P>> and get 1 points.
You press <<P>> and get 0 points.
You press <<P>> and get 0 points.
You press <<U>> and get 0 points.
You press <<U>> and get 1 points.
You press <<P>> and get 1 points.
You press <<P>> and get 0 points.
You press <<P>> and get 0 points.
You press <<U>> and get 1 points.
You press <<U>> and get 1 points.
You press <<U>> and get 1 points.
You press <<U>> and get 1 points.
You press <<U>> and get 1 points.
You press <<U>> and get 1 points.
You press <<U>> and get 1 points.
You press <<U>> and get 1 points.
You press <<U>> and get 1 points.
You press <<U>> and get 1 points.
You press <<U>> and get 1 points.
You press <<U>> and get 1 points.
You press <<U>> and get 1 points.
You press <<U>> and get 1 points.
You press <<U>> and get 1 points.
You press <<U>> and get 1 points.
You press <<U>> and get 1 points.
You press <<U>> and get 1 points.
You press <<U>> and get 1 points.
You press <<U>> and get 1 points.
You press <<U>> and get 1 points.
You press <<U>> and get 1 points.
You press <<U>> and get 1 points.
You press <<U>> and get 1 points.
You press <<U>> and get 1 points.
You press <<U>> and get 1 points.
You press <<U>> and get 1 points.
You press <<U>> and get 1 points.
You press <<U>> and get 1 points.
You press <<U>> and get 1 points.
You press <<P>> and get 1 points.
You press <<P>> and get 0 points.
You press <<U>> and get 1 points.
You press <<P>> and get 0 points.
You press <<U>> and get 1 points.
You press <<U>> and get 1 points.
You press <<U>> and get 1 points.
You press <<U>> and get 1 points.
You press <<U>> and get 0 points.
You press <<U>> and get 0 points.
You press <<U>> and get 0 points.
You press <<P>> and get 1 points.
You press <<U>> and get 0 points.
You press <<P>> and get 1 points.
You press <<P>> and get 1 points.
You press <<U>> and get 1 points.
You press <<U>> and get 0 points.
You press <<P>> and get 1 points.
You press <<P>> and get 1 points.
You press <<P>> and get 1 points.
You press <<P>> and get 1 points.
You press <<P>> and get 1 points.
You press <<U>> and get 0 points.
You press <<P>> and get 1 points.
You press <<P>> and get 1 points.
You press <<P>> and get 1 points.
You press <<P>> and get 1 points.
You press <<P>> and get 1 points.
You press <<P>> and get 1 points.
You press <<P>> and get 1 points.
You press <<P>> and get 1 points.
You press <<P>> and get 1 points.
You press <<P>> and get 1 points.
You press <<P>> and get 1 points.
You press <<P>> and get 1 points.
You press <<P>> and get 1 points.
You press <<P>> and get 1 points.
You press <<P>> and get 1 points.
You press <<P>> and get 1 points.
You press <<P>> and get 1 points.
You press <<P>> and get 1 points.
You press <<P>> and get 1 points.
You press <<P>> and get 1 points.
You press <<U>> and get 1 points.
You press <<P>> and get 0 points.
You press <<U>> and get 1 points.
You press <<P>> and get 1 points.
You press <<U>> and get 0 points.
You press <<P>> and get 1 points.
You press <<P>> and get 1 points.
You press <<P>> and get 1 points.
You press <<P>> and get 1 points.
You press <<P>> and get 1 points.
You press <<P>> and get 1 points.
You press <<",P,P,1,82,-0.0771484375,0.07568359375,0.92578125,"[{'token': 'P', 'prob': 0.92578125}, {'token': 'U', 'prob': 0.07568359375}]"
99,"In this task, you have to repeatedly choose between two slot machines labeled U and P.
You can choose a slot machine by pressing its corresponding key.When you select one of the machines, you will win 1 or 0 points.Your goal is to choose the slot machines that will give you the most points.You will receive feedback about the outcome after making a choice.
The environment may change unpredictably, and past success does not guarantee future results. You’ll need to adapt to these changes to keep finding the better machine.You will play 1 game in total, consisting of 100 trials. Game 1:You press <<U>> and get 1 points.
You press <<U>> and get 1 points.
You press <<U>> and get 1 points.
You press <<U>> and get 0 points.
You press <<P>> and get 1 points.
You press <<P>> and get 0 points.
You press <<P>> and get 1 points.
You press <<P>> and get 0 points.
You press <<P>> and get 0 points.
You press <<U>> and get 0 points.
You press <<U>> and get 1 points.
You press <<P>> and get 1 points.
You press <<P>> and get 0 points.
You press <<P>> and get 0 points.
You press <<U>> and get 1 points.
You press <<U>> and get 1 points.
You press <<U>> and get 1 points.
You press <<U>> and get 1 points.
You press <<U>> and get 1 points.
You press <<U>> and get 1 points.
You press <<U>> and get 1 points.
You press <<U>> and get 1 points.
You press <<U>> and get 1 points.
You press <<U>> and get 1 points.
You press <<U>> and get 1 points.
You press <<U>> and get 1 points.
You press <<U>> and get 1 points.
You press <<U>> and get 1 points.
You press <<U>> and get 1 points.
You press <<U>> and get 1 points.
You press <<U>> and get 1 points.
You press <<U>> and get 1 points.
You press <<U>> and get 1 points.
You press <<U>> and get 1 points.
You press <<U>> and get 1 points.
You press <<U>> and get 1 points.
You press <<U>> and get 1 points.
You press <<U>> and get 1 points.
You press <<U>> and get 1 points.
You press <<U>> and get 1 points.
You press <<U>> and get 1 points.
You press <<U>> and get 1 points.
You press <<U>> and get 1 points.
You press <<U>> and get 1 points.
You press <<P>> and get 1 points.
You press <<P>> and get 0 points.
You press <<U>> and get 1 points.
You press <<P>> and get 0 points.
You press <<U>> and get 1 points.
You press <<U>> and get 1 points.
You press <<U>> and get 1 points.
You press <<U>> and get 1 points.
You press <<U>> and get 0 points.
You press <<U>> and get 0 points.
You press <<U>> and get 0 points.
You press <<P>> and get 1 points.
You press <<U>> and get 0 points.
You press <<P>> and get 1 points.
You press <<P>> and get 1 points.
You press <<U>> and get 1 points.
You press <<U>> and get 0 points.
You press <<P>> and get 1 points.
You press <<P>> and get 1 points.
You press <<P>> and get 1 points.
You press <<P>> and get 1 points.
You press <<P>> and get 1 points.
You press <<U>> and get 0 points.
You press <<P>> and get 1 points.
You press <<P>> and get 1 points.
You press <<P>> and get 1 points.
You press <<P>> and get 1 points.
You press <<P>> and get 1 points.
You press <<P>> and get 1 points.
You press <<P>> and get 1 points.
You press <<P>> and get 1 points.
You press <<P>> and get 1 points.
You press <<P>> and get 1 points.
You press <<P>> and get 1 points.
You press <<P>> and get 1 points.
You press <<P>> and get 1 points.
You press <<P>> and get 1 points.
You press <<P>> and get 1 points.
You press <<P>> and get 1 points.
You press <<P>> and get 1 points.
You press <<P>> and get 1 points.
You press <<P>> and get 1 points.
You press <<P>> and get 1 points.
You press <<U>> and get 1 points.
You press <<P>> and get 0 points.
You press <<U>> and get 1 points.
You press <<P>> and get 1 points.
You press <<U>> and get 0 points.
You press <<P>> and get 1 points.
You press <<P>> and get 1 points.
You press <<P>> and get 1 points.
You press <<P>> and get 1 points.
You press <<P>> and get 1 points.
You press <<P>> and get 1 points.
You press <<P>> and get 1 points.
You press <<",P,P,1,83,-0.060302734375,0.06005859375,0.94140625,"[{'token': 'P', 'prob': 0.94140625}, {'token': 'U', 'prob': 0.06005859375}]"
