masked_position,mask_type,masked_input,masked_token,prob_U_masked,prob_P_masked,delta_U,delta_P,trial_num,model_id,baseline_U,baseline_P
16,choice,"In this task, you have to repeatedly choose between two slot machines labeled U and.
You can choose a slot machine by pressing its corresponding key.When you select one of the machines, you will win 1 or 0 points.Your goal is to choose the slot machines that will give you the most points.You will receive feedback about the outcome after making a choice.
The environment may change unpredictably, and past success does not guarantee future results. You’ll need to adapt to these changes to keep finding the better machine.You will play 1 game in total, consisting of 100 trials. Game 1:You press <<",P,0.99609375,1.0073184967041016e-05,0.43359375,-0.43748992681503296,0,55303,0.5625,0.4375
121,reward,"In this task, you have to repeatedly choose between two slot machines labeled U and P.
You can choose a slot machine by pressing its corresponding key.When you select one of the machines, you will win 1 or 0 points.Your goal is to choose the slot machines that will give you the most points.You will receive feedback about the outcome after making a choice.
The environment may change unpredictably, and past success does not guarantee future results. You’ll need to adapt to these changes to keep finding the better machine.You will play 1 game in total, consisting of 100 trials. Game :You press <<",1,0.5,0.5,-0.0625,0.0625,0,55303,0.5625,0.4375
126,choice,"In this task, you have to repeatedly choose between two slot machines labeled U and P.
You can choose a slot machine by pressing its corresponding key.When you select one of the machines, you will win 1 or 0 points.Your goal is to choose the slot machines that will give you the most points.You will receive feedback about the outcome after making a choice.
The environment may change unpredictably, and past success does not guarantee future results. You’ll need to adapt to these changes to keep finding the better machine.You will play 1 game in total, consisting of 100 trials. Game 1:You press <<>> and get 1 points.
You press <<",U,0.408203125,0.462890625,-0.271484375,0.142578125,1,55303,0.6796875,0.3203125
131,reward,"In this task, you have to repeatedly choose between two slot machines labeled U and P.
You can choose a slot machine by pressing its corresponding key.When you select one of the machines, you will win 1 or 0 points.Your goal is to choose the slot machines that will give you the most points.You will receive feedback about the outcome after making a choice.
The environment may change unpredictably, and past success does not guarantee future results. You’ll need to adapt to these changes to keep finding the better machine.You will play 1 game in total, consisting of 100 trials. Game 1:You press <<U>> and get  points.
You press <<",1,0.26953125,0.73046875,-0.41015625,0.41015625,1,55303,0.6796875,0.3203125
137,choice,"In this task, you have to repeatedly choose between two slot machines labeled U and P.
You can choose a slot machine by pressing its corresponding key.When you select one of the machines, you will win 1 or 0 points.Your goal is to choose the slot machines that will give you the most points.You will receive feedback about the outcome after making a choice.
The environment may change unpredictably, and past success does not guarantee future results. You’ll need to adapt to these changes to keep finding the better machine.You will play 1 game in total, consisting of 100 trials. Game 1:You press <<U>> and get 1 points.
You press <<>> and get 0 points.
You press <<",P,0.64453125,0.345703125,-0.171875,0.1630859375,2,55303,0.81640625,0.1826171875
142,reward,"In this task, you have to repeatedly choose between two slot machines labeled U and P.
You can choose a slot machine by pressing its corresponding key.When you select one of the machines, you will win 1 or 0 points.Your goal is to choose the slot machines that will give you the most points.You will receive feedback about the outcome after making a choice.
The environment may change unpredictably, and past success does not guarantee future results. You’ll need to adapt to these changes to keep finding the better machine.You will play 1 game in total, consisting of 100 trials. Game 1:You press <<U>> and get 1 points.
You press <<P>> and get  points.
You press <<",0,0.81640625,0.1826171875,0.0,0.0,2,55303,0.81640625,0.1826171875
148,choice,"In this task, you have to repeatedly choose between two slot machines labeled U and P.
You can choose a slot machine by pressing its corresponding key.When you select one of the machines, you will win 1 or 0 points.Your goal is to choose the slot machines that will give you the most points.You will receive feedback about the outcome after making a choice.
The environment may change unpredictably, and past success does not guarantee future results. You’ll need to adapt to these changes to keep finding the better machine.You will play 1 game in total, consisting of 100 trials. Game 1:You press <<U>> and get 1 points.
You press <<P>> and get 0 points.
You press <<>> and get 0 points.
You press <<",P,0.67578125,0.318359375,-0.0546875,0.048828125,3,55303,0.73046875,0.26953125
153,reward,"In this task, you have to repeatedly choose between two slot machines labeled U and P.
You can choose a slot machine by pressing its corresponding key.When you select one of the machines, you will win 1 or 0 points.Your goal is to choose the slot machines that will give you the most points.You will receive feedback about the outcome after making a choice.
The environment may change unpredictably, and past success does not guarantee future results. You’ll need to adapt to these changes to keep finding the better machine.You will play 1 game in total, consisting of 100 trials. Game 1:You press <<U>> and get 1 points.
You press <<P>> and get 0 points.
You press <<P>> and get  points.
You press <<",0,0.73046875,0.26953125,0.0,0.0,3,55303,0.73046875,0.26953125
159,choice,"In this task, you have to repeatedly choose between two slot machines labeled U and P.
You can choose a slot machine by pressing its corresponding key.When you select one of the machines, you will win 1 or 0 points.Your goal is to choose the slot machines that will give you the most points.You will receive feedback about the outcome after making a choice.
The environment may change unpredictably, and past success does not guarantee future results. You’ll need to adapt to these changes to keep finding the better machine.You will play 1 game in total, consisting of 100 trials. Game 1:You press <<U>> and get 1 points.
You press <<P>> and get 0 points.
You press <<P>> and get 0 points.
You press <<>> and get 0 points.
You press <<",U,0.6171875,0.375,0.1796875,-0.1875,4,55303,0.4375,0.5625
164,reward,"In this task, you have to repeatedly choose between two slot machines labeled U and P.
You can choose a slot machine by pressing its corresponding key.When you select one of the machines, you will win 1 or 0 points.Your goal is to choose the slot machines that will give you the most points.You will receive feedback about the outcome after making a choice.
The environment may change unpredictably, and past success does not guarantee future results. You’ll need to adapt to these changes to keep finding the better machine.You will play 1 game in total, consisting of 100 trials. Game 1:You press <<U>> and get 1 points.
You press <<P>> and get 0 points.
You press <<P>> and get 0 points.
You press <<U>> and get  points.
You press <<",0,0.53125,0.46875,0.09375,-0.09375,4,55303,0.4375,0.5625
170,choice,"In this task, you have to repeatedly choose between two slot machines labeled U and P.
You can choose a slot machine by pressing its corresponding key.When you select one of the machines, you will win 1 or 0 points.Your goal is to choose the slot machines that will give you the most points.You will receive feedback about the outcome after making a choice.
The environment may change unpredictably, and past success does not guarantee future results. You’ll need to adapt to these changes to keep finding the better machine.You will play 1 game in total, consisting of 100 trials. Game 1:You press <<U>> and get 1 points.
You press <<P>> and get 0 points.
You press <<P>> and get 0 points.
You press <<U>> and get 0 points.
You press <<>> and get 1 points.
You press <<",U,0.5234375,0.4609375,-0.0390625,0.0234375,5,55303,0.5625,0.4375
175,reward,"In this task, you have to repeatedly choose between two slot machines labeled U and P.
You can choose a slot machine by pressing its corresponding key.When you select one of the machines, you will win 1 or 0 points.Your goal is to choose the slot machines that will give you the most points.You will receive feedback about the outcome after making a choice.
The environment may change unpredictably, and past success does not guarantee future results. You’ll need to adapt to these changes to keep finding the better machine.You will play 1 game in total, consisting of 100 trials. Game 1:You press <<U>> and get 1 points.
You press <<P>> and get 0 points.
You press <<P>> and get 0 points.
You press <<U>> and get 0 points.
You press <<U>> and get  points.
You press <<",1,0.5,0.5,-0.0625,0.0625,5,55303,0.5625,0.4375
181,choice,"In this task, you have to repeatedly choose between two slot machines labeled U and P.
You can choose a slot machine by pressing its corresponding key.When you select one of the machines, you will win 1 or 0 points.Your goal is to choose the slot machines that will give you the most points.You will receive feedback about the outcome after making a choice.
The environment may change unpredictably, and past success does not guarantee future results. You’ll need to adapt to these changes to keep finding the better machine.You will play 1 game in total, consisting of 100 trials. Game 1:You press <<U>> and get 1 points.
You press <<P>> and get 0 points.
You press <<P>> and get 0 points.
You press <<U>> and get 0 points.
You press <<U>> and get 1 points.
You press <<>> and get 1 points.
You press <<",U,0.61328125,0.37109375,-0.06640625,0.05078125,6,55303,0.6796875,0.3203125
186,reward,"In this task, you have to repeatedly choose between two slot machines labeled U and P.
You can choose a slot machine by pressing its corresponding key.When you select one of the machines, you will win 1 or 0 points.Your goal is to choose the slot machines that will give you the most points.You will receive feedback about the outcome after making a choice.
The environment may change unpredictably, and past success does not guarantee future results. You’ll need to adapt to these changes to keep finding the better machine.You will play 1 game in total, consisting of 100 trials. Game 1:You press <<U>> and get 1 points.
You press <<P>> and get 0 points.
You press <<P>> and get 0 points.
You press <<U>> and get 0 points.
You press <<U>> and get 1 points.
You press <<U>> and get  points.
You press <<",1,0.5,0.5,-0.1796875,0.1796875,6,55303,0.6796875,0.3203125
192,choice,"In this task, you have to repeatedly choose between two slot machines labeled U and P.
You can choose a slot machine by pressing its corresponding key.When you select one of the machines, you will win 1 or 0 points.Your goal is to choose the slot machines that will give you the most points.You will receive feedback about the outcome after making a choice.
The environment may change unpredictably, and past success does not guarantee future results. You’ll need to adapt to these changes to keep finding the better machine.You will play 1 game in total, consisting of 100 trials. Game 1:You press <<U>> and get 1 points.
You press <<P>> and get 0 points.
You press <<P>> and get 0 points.
You press <<U>> and get 0 points.
You press <<U>> and get 1 points.
You press <<U>> and get 1 points.
You press <<>> and get 1 points.
You press <<",U,0.7421875,0.240234375,-0.07421875,0.0576171875,7,55303,0.81640625,0.1826171875
197,reward,"In this task, you have to repeatedly choose between two slot machines labeled U and P.
You can choose a slot machine by pressing its corresponding key.When you select one of the machines, you will win 1 or 0 points.Your goal is to choose the slot machines that will give you the most points.You will receive feedback about the outcome after making a choice.
The environment may change unpredictably, and past success does not guarantee future results. You’ll need to adapt to these changes to keep finding the better machine.You will play 1 game in total, consisting of 100 trials. Game 1:You press <<U>> and get 1 points.
You press <<P>> and get 0 points.
You press <<P>> and get 0 points.
You press <<U>> and get 0 points.
You press <<U>> and get 1 points.
You press <<U>> and get 1 points.
You press <<U>> and get  points.
You press <<",1,0.5,0.5,-0.31640625,0.3173828125,7,55303,0.81640625,0.1826171875
203,choice,"In this task, you have to repeatedly choose between two slot machines labeled U and P.
You can choose a slot machine by pressing its corresponding key.When you select one of the machines, you will win 1 or 0 points.Your goal is to choose the slot machines that will give you the most points.You will receive feedback about the outcome after making a choice.
The environment may change unpredictably, and past success does not guarantee future results. You’ll need to adapt to these changes to keep finding the better machine.You will play 1 game in total, consisting of 100 trials. Game 1:You press <<U>> and get 1 points.
You press <<P>> and get 0 points.
You press <<P>> and get 0 points.
You press <<U>> and get 0 points.
You press <<U>> and get 1 points.
You press <<U>> and get 1 points.
You press <<U>> and get 1 points.
You press <<>> and get 1 points.
You press <<",U,0.8046875,0.1787109375,-0.046875,0.0302734375,8,55303,0.8515625,0.1484375
208,reward,"In this task, you have to repeatedly choose between two slot machines labeled U and P.
You can choose a slot machine by pressing its corresponding key.When you select one of the machines, you will win 1 or 0 points.Your goal is to choose the slot machines that will give you the most points.You will receive feedback about the outcome after making a choice.
The environment may change unpredictably, and past success does not guarantee future results. You’ll need to adapt to these changes to keep finding the better machine.You will play 1 game in total, consisting of 100 trials. Game 1:You press <<U>> and get 1 points.
You press <<P>> and get 0 points.
You press <<P>> and get 0 points.
You press <<U>> and get 0 points.
You press <<U>> and get 1 points.
You press <<U>> and get 1 points.
You press <<U>> and get 1 points.
You press <<U>> and get  points.
You press <<",1,0.59375,0.408203125,-0.2578125,0.259765625,8,55303,0.8515625,0.1484375
214,choice,"In this task, you have to repeatedly choose between two slot machines labeled U and P.
You can choose a slot machine by pressing its corresponding key.When you select one of the machines, you will win 1 or 0 points.Your goal is to choose the slot machines that will give you the most points.You will receive feedback about the outcome after making a choice.
The environment may change unpredictably, and past success does not guarantee future results. You’ll need to adapt to these changes to keep finding the better machine.You will play 1 game in total, consisting of 100 trials. Game 1:You press <<U>> and get 1 points.
You press <<P>> and get 0 points.
You press <<P>> and get 0 points.
You press <<U>> and get 0 points.
You press <<U>> and get 1 points.
You press <<U>> and get 1 points.
You press <<U>> and get 1 points.
You press <<U>> and get 1 points.
You press <<>> and get 1 points.
You press <<",U,0.8203125,0.1611328125,-0.0859375,0.06591796875,9,55303,0.90625,0.09521484375
219,reward,"In this task, you have to repeatedly choose between two slot machines labeled U and P.
You can choose a slot machine by pressing its corresponding key.When you select one of the machines, you will win 1 or 0 points.Your goal is to choose the slot machines that will give you the most points.You will receive feedback about the outcome after making a choice.
The environment may change unpredictably, and past success does not guarantee future results. You’ll need to adapt to these changes to keep finding the better machine.You will play 1 game in total, consisting of 100 trials. Game 1:You press <<U>> and get 1 points.
You press <<P>> and get 0 points.
You press <<P>> and get 0 points.
You press <<U>> and get 0 points.
You press <<U>> and get 1 points.
You press <<U>> and get 1 points.
You press <<U>> and get 1 points.
You press <<U>> and get 1 points.
You press <<U>> and get  points.
You press <<",1,0.70703125,0.294921875,-0.19921875,0.19970703125,9,55303,0.90625,0.09521484375
225,choice,"In this task, you have to repeatedly choose between two slot machines labeled U and P.
You can choose a slot machine by pressing its corresponding key.When you select one of the machines, you will win 1 or 0 points.Your goal is to choose the slot machines that will give you the most points.You will receive feedback about the outcome after making a choice.
The environment may change unpredictably, and past success does not guarantee future results. You’ll need to adapt to these changes to keep finding the better machine.You will play 1 game in total, consisting of 100 trials. Game 1:You press <<U>> and get 1 points.
You press <<P>> and get 0 points.
You press <<P>> and get 0 points.
You press <<U>> and get 0 points.
You press <<U>> and get 1 points.
You press <<U>> and get 1 points.
You press <<U>> and get 1 points.
You press <<U>> and get 1 points.
You press <<U>> and get 1 points.
You press <<>> and get 0 points.
You press <<",U,0.67578125,0.318359375,0.0234375,-0.029296875,10,55303,0.65234375,0.34765625
230,reward,"In this task, you have to repeatedly choose between two slot machines labeled U and P.
You can choose a slot machine by pressing its corresponding key.When you select one of the machines, you will win 1 or 0 points.Your goal is to choose the slot machines that will give you the most points.You will receive feedback about the outcome after making a choice.
The environment may change unpredictably, and past success does not guarantee future results. You’ll need to adapt to these changes to keep finding the better machine.You will play 1 game in total, consisting of 100 trials. Game 1:You press <<U>> and get 1 points.
You press <<P>> and get 0 points.
You press <<P>> and get 0 points.
You press <<U>> and get 0 points.
You press <<U>> and get 1 points.
You press <<U>> and get 1 points.
You press <<U>> and get 1 points.
You press <<U>> and get 1 points.
You press <<U>> and get 1 points.
You press <<U>> and get  points.
You press <<",0,0.70703125,0.294921875,0.0546875,-0.052734375,10,55303,0.65234375,0.34765625
236,choice,"In this task, you have to repeatedly choose between two slot machines labeled U and P.
You can choose a slot machine by pressing its corresponding key.When you select one of the machines, you will win 1 or 0 points.Your goal is to choose the slot machines that will give you the most points.You will receive feedback about the outcome after making a choice.
The environment may change unpredictably, and past success does not guarantee future results. You’ll need to adapt to these changes to keep finding the better machine.You will play 1 game in total, consisting of 100 trials. Game 1:You press <<U>> and get 1 points.
You press <<P>> and get 0 points.
You press <<P>> and get 0 points.
You press <<U>> and get 0 points.
You press <<U>> and get 1 points.
You press <<U>> and get 1 points.
You press <<U>> and get 1 points.
You press <<U>> and get 1 points.
You press <<U>> and get 1 points.
You press <<U>> and get 0 points.
You press <<>> and get 1 points.
You press <<",U,0.69140625,0.287109375,-0.1875,0.16796875,11,55303,0.87890625,0.119140625
241,reward,"In this task, you have to repeatedly choose between two slot machines labeled U and P.
You can choose a slot machine by pressing its corresponding key.When you select one of the machines, you will win 1 or 0 points.Your goal is to choose the slot machines that will give you the most points.You will receive feedback about the outcome after making a choice.
The environment may change unpredictably, and past success does not guarantee future results. You’ll need to adapt to these changes to keep finding the better machine.You will play 1 game in total, consisting of 100 trials. Game 1:You press <<U>> and get 1 points.
You press <<P>> and get 0 points.
You press <<P>> and get 0 points.
You press <<U>> and get 0 points.
You press <<U>> and get 1 points.
You press <<U>> and get 1 points.
You press <<U>> and get 1 points.
You press <<U>> and get 1 points.
You press <<U>> and get 1 points.
You press <<U>> and get 0 points.
You press <<U>> and get  points.
You press <<",1,0.59375,0.408203125,-0.28515625,0.2890625,11,55303,0.87890625,0.119140625
247,choice,"In this task, you have to repeatedly choose between two slot machines labeled U and P.
You can choose a slot machine by pressing its corresponding key.When you select one of the machines, you will win 1 or 0 points.Your goal is to choose the slot machines that will give you the most points.You will receive feedback about the outcome after making a choice.
The environment may change unpredictably, and past success does not guarantee future results. You’ll need to adapt to these changes to keep finding the better machine.You will play 1 game in total, consisting of 100 trials. Game 1:You press <<U>> and get 1 points.
You press <<P>> and get 0 points.
You press <<P>> and get 0 points.
You press <<U>> and get 0 points.
You press <<U>> and get 1 points.
You press <<U>> and get 1 points.
You press <<U>> and get 1 points.
You press <<U>> and get 1 points.
You press <<U>> and get 1 points.
You press <<U>> and get 0 points.
You press <<U>> and get 1 points.
You press <<>> and get 1 points.
You press <<",U,0.8359375,0.1455078125,-0.04296875,0.0263671875,12,55303,0.87890625,0.119140625
252,reward,"In this task, you have to repeatedly choose between two slot machines labeled U and P.
You can choose a slot machine by pressing its corresponding key.When you select one of the machines, you will win 1 or 0 points.Your goal is to choose the slot machines that will give you the most points.You will receive feedback about the outcome after making a choice.
The environment may change unpredictably, and past success does not guarantee future results. You’ll need to adapt to these changes to keep finding the better machine.You will play 1 game in total, consisting of 100 trials. Game 1:You press <<U>> and get 1 points.
You press <<P>> and get 0 points.
You press <<P>> and get 0 points.
You press <<U>> and get 0 points.
You press <<U>> and get 1 points.
You press <<U>> and get 1 points.
You press <<U>> and get 1 points.
You press <<U>> and get 1 points.
You press <<U>> and get 1 points.
You press <<U>> and get 0 points.
You press <<U>> and get 1 points.
You press <<U>> and get  points.
You press <<",1,0.81640625,0.1826171875,-0.0625,0.0634765625,12,55303,0.87890625,0.119140625
258,choice,"In this task, you have to repeatedly choose between two slot machines labeled U and P.
You can choose a slot machine by pressing its corresponding key.When you select one of the machines, you will win 1 or 0 points.Your goal is to choose the slot machines that will give you the most points.You will receive feedback about the outcome after making a choice.
The environment may change unpredictably, and past success does not guarantee future results. You’ll need to adapt to these changes to keep finding the better machine.You will play 1 game in total, consisting of 100 trials. Game 1:You press <<U>> and get 1 points.
You press <<P>> and get 0 points.
You press <<P>> and get 0 points.
You press <<U>> and get 0 points.
You press <<U>> and get 1 points.
You press <<U>> and get 1 points.
You press <<U>> and get 1 points.
You press <<U>> and get 1 points.
You press <<U>> and get 1 points.
You press <<U>> and get 0 points.
You press <<U>> and get 1 points.
You press <<U>> and get 1 points.
You press <<>> and get 1 points.
You press <<",U,0.8515625,0.130859375,-0.0546875,0.03564453125,13,55303,0.90625,0.09521484375
263,reward,"In this task, you have to repeatedly choose between two slot machines labeled U and P.
You can choose a slot machine by pressing its corresponding key.When you select one of the machines, you will win 1 or 0 points.Your goal is to choose the slot machines that will give you the most points.You will receive feedback about the outcome after making a choice.
The environment may change unpredictably, and past success does not guarantee future results. You’ll need to adapt to these changes to keep finding the better machine.You will play 1 game in total, consisting of 100 trials. Game 1:You press <<U>> and get 1 points.
You press <<P>> and get 0 points.
You press <<P>> and get 0 points.
You press <<U>> and get 0 points.
You press <<U>> and get 1 points.
You press <<U>> and get 1 points.
You press <<U>> and get 1 points.
You press <<U>> and get 1 points.
You press <<U>> and get 1 points.
You press <<U>> and get 0 points.
You press <<U>> and get 1 points.
You press <<U>> and get 1 points.
You press <<U>> and get  points.
You press <<",1,0.81640625,0.1826171875,-0.08984375,0.08740234375,13,55303,0.90625,0.09521484375
269,choice,"In this task, you have to repeatedly choose between two slot machines labeled U and P.
You can choose a slot machine by pressing its corresponding key.When you select one of the machines, you will win 1 or 0 points.Your goal is to choose the slot machines that will give you the most points.You will receive feedback about the outcome after making a choice.
The environment may change unpredictably, and past success does not guarantee future results. You’ll need to adapt to these changes to keep finding the better machine.You will play 1 game in total, consisting of 100 trials. Game 1:You press <<U>> and get 1 points.
You press <<P>> and get 0 points.
You press <<P>> and get 0 points.
You press <<U>> and get 0 points.
You press <<U>> and get 1 points.
You press <<U>> and get 1 points.
You press <<U>> and get 1 points.
You press <<U>> and get 1 points.
You press <<U>> and get 1 points.
You press <<U>> and get 0 points.
You press <<U>> and get 1 points.
You press <<U>> and get 1 points.
You press <<U>> and get 1 points.
You press <<>> and get 0 points.
You press <<",P,0.7265625,0.267578125,0.046875,-0.052734375,14,55303,0.6796875,0.3203125
274,reward,"In this task, you have to repeatedly choose between two slot machines labeled U and P.
You can choose a slot machine by pressing its corresponding key.When you select one of the machines, you will win 1 or 0 points.Your goal is to choose the slot machines that will give you the most points.You will receive feedback about the outcome after making a choice.
The environment may change unpredictably, and past success does not guarantee future results. You’ll need to adapt to these changes to keep finding the better machine.You will play 1 game in total, consisting of 100 trials. Game 1:You press <<U>> and get 1 points.
You press <<P>> and get 0 points.
You press <<P>> and get 0 points.
You press <<U>> and get 0 points.
You press <<U>> and get 1 points.
You press <<U>> and get 1 points.
You press <<U>> and get 1 points.
You press <<U>> and get 1 points.
You press <<U>> and get 1 points.
You press <<U>> and get 0 points.
You press <<U>> and get 1 points.
You press <<U>> and get 1 points.
You press <<U>> and get 1 points.
You press <<P>> and get  points.
You press <<",0,0.59375,0.408203125,-0.0859375,0.087890625,14,55303,0.6796875,0.3203125
280,choice,"In this task, you have to repeatedly choose between two slot machines labeled U and P.
You can choose a slot machine by pressing its corresponding key.When you select one of the machines, you will win 1 or 0 points.Your goal is to choose the slot machines that will give you the most points.You will receive feedback about the outcome after making a choice.
The environment may change unpredictably, and past success does not guarantee future results. You’ll need to adapt to these changes to keep finding the better machine.You will play 1 game in total, consisting of 100 trials. Game 1:You press <<U>> and get 1 points.
You press <<P>> and get 0 points.
You press <<P>> and get 0 points.
You press <<U>> and get 0 points.
You press <<U>> and get 1 points.
You press <<U>> and get 1 points.
You press <<U>> and get 1 points.
You press <<U>> and get 1 points.
You press <<U>> and get 1 points.
You press <<U>> and get 0 points.
You press <<U>> and get 1 points.
You press <<U>> and get 1 points.
You press <<U>> and get 1 points.
You press <<P>> and get 0 points.
You press <<>> and get 1 points.
You press <<",U,0.80859375,0.1806640625,-0.0703125,0.0615234375,15,55303,0.87890625,0.119140625
285,reward,"In this task, you have to repeatedly choose between two slot machines labeled U and P.
You can choose a slot machine by pressing its corresponding key.When you select one of the machines, you will win 1 or 0 points.Your goal is to choose the slot machines that will give you the most points.You will receive feedback about the outcome after making a choice.
The environment may change unpredictably, and past success does not guarantee future results. You’ll need to adapt to these changes to keep finding the better machine.You will play 1 game in total, consisting of 100 trials. Game 1:You press <<U>> and get 1 points.
You press <<P>> and get 0 points.
You press <<P>> and get 0 points.
You press <<U>> and get 0 points.
You press <<U>> and get 1 points.
You press <<U>> and get 1 points.
You press <<U>> and get 1 points.
You press <<U>> and get 1 points.
You press <<U>> and get 1 points.
You press <<U>> and get 0 points.
You press <<U>> and get 1 points.
You press <<U>> and get 1 points.
You press <<U>> and get 1 points.
You press <<P>> and get 0 points.
You press <<U>> and get  points.
You press <<",1,0.81640625,0.1826171875,-0.0625,0.0634765625,15,55303,0.87890625,0.119140625
291,choice,"In this task, you have to repeatedly choose between two slot machines labeled U and P.
You can choose a slot machine by pressing its corresponding key.When you select one of the machines, you will win 1 or 0 points.Your goal is to choose the slot machines that will give you the most points.You will receive feedback about the outcome after making a choice.
The environment may change unpredictably, and past success does not guarantee future results. You’ll need to adapt to these changes to keep finding the better machine.You will play 1 game in total, consisting of 100 trials. Game 1:You press <<U>> and get 1 points.
You press <<P>> and get 0 points.
You press <<P>> and get 0 points.
You press <<U>> and get 0 points.
You press <<U>> and get 1 points.
You press <<U>> and get 1 points.
You press <<U>> and get 1 points.
You press <<U>> and get 1 points.
You press <<U>> and get 1 points.
You press <<U>> and get 0 points.
You press <<U>> and get 1 points.
You press <<U>> and get 1 points.
You press <<U>> and get 1 points.
You press <<P>> and get 0 points.
You press <<U>> and get 1 points.
You press <<>> and get 1 points.
You press <<",U,0.87109375,0.1181640625,-0.03515625,0.02294921875,16,55303,0.90625,0.09521484375
296,reward,"In this task, you have to repeatedly choose between two slot machines labeled U and P.
You can choose a slot machine by pressing its corresponding key.When you select one of the machines, you will win 1 or 0 points.Your goal is to choose the slot machines that will give you the most points.You will receive feedback about the outcome after making a choice.
The environment may change unpredictably, and past success does not guarantee future results. You’ll need to adapt to these changes to keep finding the better machine.You will play 1 game in total, consisting of 100 trials. Game 1:You press <<U>> and get 1 points.
You press <<P>> and get 0 points.
You press <<P>> and get 0 points.
You press <<U>> and get 0 points.
You press <<U>> and get 1 points.
You press <<U>> and get 1 points.
You press <<U>> and get 1 points.
You press <<U>> and get 1 points.
You press <<U>> and get 1 points.
You press <<U>> and get 0 points.
You press <<U>> and get 1 points.
You press <<U>> and get 1 points.
You press <<U>> and get 1 points.
You press <<P>> and get 0 points.
You press <<U>> and get 1 points.
You press <<U>> and get  points.
You press <<",1,0.796875,0.2021484375,-0.109375,0.10693359375,16,55303,0.90625,0.09521484375
302,choice,"In this task, you have to repeatedly choose between two slot machines labeled U and P.
You can choose a slot machine by pressing its corresponding key.When you select one of the machines, you will win 1 or 0 points.Your goal is to choose the slot machines that will give you the most points.You will receive feedback about the outcome after making a choice.
The environment may change unpredictably, and past success does not guarantee future results. You’ll need to adapt to these changes to keep finding the better machine.You will play 1 game in total, consisting of 100 trials. Game 1:You press <<U>> and get 1 points.
You press <<P>> and get 0 points.
You press <<P>> and get 0 points.
You press <<U>> and get 0 points.
You press <<U>> and get 1 points.
You press <<U>> and get 1 points.
You press <<U>> and get 1 points.
You press <<U>> and get 1 points.
You press <<U>> and get 1 points.
You press <<U>> and get 0 points.
You press <<U>> and get 1 points.
You press <<U>> and get 1 points.
You press <<U>> and get 1 points.
You press <<P>> and get 0 points.
You press <<U>> and get 1 points.
You press <<U>> and get 1 points.
You press <<>> and get 1 points.
You press <<",U,0.8984375,0.0947265625,-0.0078125,-0.00048828125,17,55303,0.90625,0.09521484375
307,reward,"In this task, you have to repeatedly choose between two slot machines labeled U and P.
You can choose a slot machine by pressing its corresponding key.When you select one of the machines, you will win 1 or 0 points.Your goal is to choose the slot machines that will give you the most points.You will receive feedback about the outcome after making a choice.
The environment may change unpredictably, and past success does not guarantee future results. You’ll need to adapt to these changes to keep finding the better machine.You will play 1 game in total, consisting of 100 trials. Game 1:You press <<U>> and get 1 points.
You press <<P>> and get 0 points.
You press <<P>> and get 0 points.
You press <<U>> and get 0 points.
You press <<U>> and get 1 points.
You press <<U>> and get 1 points.
You press <<U>> and get 1 points.
You press <<U>> and get 1 points.
You press <<U>> and get 1 points.
You press <<U>> and get 0 points.
You press <<U>> and get 1 points.
You press <<U>> and get 1 points.
You press <<U>> and get 1 points.
You press <<P>> and get 0 points.
You press <<U>> and get 1 points.
You press <<U>> and get 1 points.
You press <<U>> and get  points.
You press <<",1,0.796875,0.2021484375,-0.109375,0.10693359375,17,55303,0.90625,0.09521484375
313,choice,"In this task, you have to repeatedly choose between two slot machines labeled U and P.
You can choose a slot machine by pressing its corresponding key.When you select one of the machines, you will win 1 or 0 points.Your goal is to choose the slot machines that will give you the most points.You will receive feedback about the outcome after making a choice.
The environment may change unpredictably, and past success does not guarantee future results. You’ll need to adapt to these changes to keep finding the better machine.You will play 1 game in total, consisting of 100 trials. Game 1:You press <<U>> and get 1 points.
You press <<P>> and get 0 points.
You press <<P>> and get 0 points.
You press <<U>> and get 0 points.
You press <<U>> and get 1 points.
You press <<U>> and get 1 points.
You press <<U>> and get 1 points.
You press <<U>> and get 1 points.
You press <<U>> and get 1 points.
You press <<U>> and get 0 points.
You press <<U>> and get 1 points.
You press <<U>> and get 1 points.
You press <<U>> and get 1 points.
You press <<P>> and get 0 points.
You press <<U>> and get 1 points.
You press <<U>> and get 1 points.
You press <<U>> and get 1 points.
You press <<>> and get 1 points.
You press <<",U,0.89453125,0.09423828125,-0.03125,0.0185546875,18,55303,0.92578125,0.07568359375
318,reward,"In this task, you have to repeatedly choose between two slot machines labeled U and P.
You can choose a slot machine by pressing its corresponding key.When you select one of the machines, you will win 1 or 0 points.Your goal is to choose the slot machines that will give you the most points.You will receive feedback about the outcome after making a choice.
The environment may change unpredictably, and past success does not guarantee future results. You’ll need to adapt to these changes to keep finding the better machine.You will play 1 game in total, consisting of 100 trials. Game 1:You press <<U>> and get 1 points.
You press <<P>> and get 0 points.
You press <<P>> and get 0 points.
You press <<U>> and get 0 points.
You press <<U>> and get 1 points.
You press <<U>> and get 1 points.
You press <<U>> and get 1 points.
You press <<U>> and get 1 points.
You press <<U>> and get 1 points.
You press <<U>> and get 0 points.
You press <<U>> and get 1 points.
You press <<U>> and get 1 points.
You press <<U>> and get 1 points.
You press <<P>> and get 0 points.
You press <<U>> and get 1 points.
You press <<U>> and get 1 points.
You press <<U>> and get 1 points.
You press <<U>> and get  points.
You press <<",1,0.8359375,0.1640625,-0.08984375,0.08837890625,18,55303,0.92578125,0.07568359375
324,choice,"In this task, you have to repeatedly choose between two slot machines labeled U and P.
You can choose a slot machine by pressing its corresponding key.When you select one of the machines, you will win 1 or 0 points.Your goal is to choose the slot machines that will give you the most points.You will receive feedback about the outcome after making a choice.
The environment may change unpredictably, and past success does not guarantee future results. You’ll need to adapt to these changes to keep finding the better machine.You will play 1 game in total, consisting of 100 trials. Game 1:You press <<U>> and get 1 points.
You press <<P>> and get 0 points.
You press <<P>> and get 0 points.
You press <<U>> and get 0 points.
You press <<U>> and get 1 points.
You press <<U>> and get 1 points.
You press <<U>> and get 1 points.
You press <<U>> and get 1 points.
You press <<U>> and get 1 points.
You press <<U>> and get 0 points.
You press <<U>> and get 1 points.
You press <<U>> and get 1 points.
You press <<U>> and get 1 points.
You press <<P>> and get 0 points.
You press <<U>> and get 1 points.
You press <<U>> and get 1 points.
You press <<U>> and get 1 points.
You press <<U>> and get 1 points.
You press <<>> and get 1 points.
You press <<",U,0.89453125,0.09423828125,-0.046875,0.0341796875,19,55303,0.94140625,0.06005859375
329,reward,"In this task, you have to repeatedly choose between two slot machines labeled U and P.
You can choose a slot machine by pressing its corresponding key.When you select one of the machines, you will win 1 or 0 points.Your goal is to choose the slot machines that will give you the most points.You will receive feedback about the outcome after making a choice.
The environment may change unpredictably, and past success does not guarantee future results. You’ll need to adapt to these changes to keep finding the better machine.You will play 1 game in total, consisting of 100 trials. Game 1:You press <<U>> and get 1 points.
You press <<P>> and get 0 points.
You press <<P>> and get 0 points.
You press <<U>> and get 0 points.
You press <<U>> and get 1 points.
You press <<U>> and get 1 points.
You press <<U>> and get 1 points.
You press <<U>> and get 1 points.
You press <<U>> and get 1 points.
You press <<U>> and get 0 points.
You press <<U>> and get 1 points.
You press <<U>> and get 1 points.
You press <<U>> and get 1 points.
You press <<P>> and get 0 points.
You press <<U>> and get 1 points.
You press <<U>> and get 1 points.
You press <<U>> and get 1 points.
You press <<U>> and get 1 points.
You press <<U>> and get  points.
You press <<",1,0.8515625,0.1484375,-0.08984375,0.08837890625,19,55303,0.94140625,0.06005859375
335,choice,"In this task, you have to repeatedly choose between two slot machines labeled U and P.
You can choose a slot machine by pressing its corresponding key.When you select one of the machines, you will win 1 or 0 points.Your goal is to choose the slot machines that will give you the most points.You will receive feedback about the outcome after making a choice.
The environment may change unpredictably, and past success does not guarantee future results. You’ll need to adapt to these changes to keep finding the better machine.You will play 1 game in total, consisting of 100 trials. Game 1:You press <<U>> and get 1 points.
You press <<P>> and get 0 points.
You press <<P>> and get 0 points.
You press <<U>> and get 0 points.
You press <<U>> and get 1 points.
You press <<U>> and get 1 points.
You press <<U>> and get 1 points.
You press <<U>> and get 1 points.
You press <<U>> and get 1 points.
You press <<U>> and get 0 points.
You press <<U>> and get 1 points.
You press <<U>> and get 1 points.
You press <<U>> and get 1 points.
You press <<P>> and get 0 points.
You press <<U>> and get 1 points.
You press <<U>> and get 1 points.
You press <<U>> and get 1 points.
You press <<U>> and get 1 points.
You press <<U>> and get 1 points.
You press <<>> and get 1 points.
You press <<",U,0.8828125,0.10546875,-0.04296875,0.02978515625,20,55303,0.92578125,0.07568359375
340,reward,"In this task, you have to repeatedly choose between two slot machines labeled U and P.
You can choose a slot machine by pressing its corresponding key.When you select one of the machines, you will win 1 or 0 points.Your goal is to choose the slot machines that will give you the most points.You will receive feedback about the outcome after making a choice.
The environment may change unpredictably, and past success does not guarantee future results. You’ll need to adapt to these changes to keep finding the better machine.You will play 1 game in total, consisting of 100 trials. Game 1:You press <<U>> and get 1 points.
You press <<P>> and get 0 points.
You press <<P>> and get 0 points.
You press <<U>> and get 0 points.
You press <<U>> and get 1 points.
You press <<U>> and get 1 points.
You press <<U>> and get 1 points.
You press <<U>> and get 1 points.
You press <<U>> and get 1 points.
You press <<U>> and get 0 points.
You press <<U>> and get 1 points.
You press <<U>> and get 1 points.
You press <<U>> and get 1 points.
You press <<P>> and get 0 points.
You press <<U>> and get 1 points.
You press <<U>> and get 1 points.
You press <<U>> and get 1 points.
You press <<U>> and get 1 points.
You press <<U>> and get 1 points.
You press <<U>> and get  points.
You press <<",1,0.8671875,0.1328125,-0.05859375,0.05712890625,20,55303,0.92578125,0.07568359375
346,choice,"In this task, you have to repeatedly choose between two slot machines labeled U and P.
You can choose a slot machine by pressing its corresponding key.When you select one of the machines, you will win 1 or 0 points.Your goal is to choose the slot machines that will give you the most points.You will receive feedback about the outcome after making a choice.
The environment may change unpredictably, and past success does not guarantee future results. You’ll need to adapt to these changes to keep finding the better machine.You will play 1 game in total, consisting of 100 trials. Game 1:You press <<U>> and get 1 points.
You press <<P>> and get 0 points.
You press <<P>> and get 0 points.
You press <<U>> and get 0 points.
You press <<U>> and get 1 points.
You press <<U>> and get 1 points.
You press <<U>> and get 1 points.
You press <<U>> and get 1 points.
You press <<U>> and get 1 points.
You press <<U>> and get 0 points.
You press <<U>> and get 1 points.
You press <<U>> and get 1 points.
You press <<U>> and get 1 points.
You press <<P>> and get 0 points.
You press <<U>> and get 1 points.
You press <<U>> and get 1 points.
You press <<U>> and get 1 points.
You press <<U>> and get 1 points.
You press <<U>> and get 1 points.
You press <<U>> and get 1 points.
You press <<>> and get 0 points.
You press <<",P,0.796875,0.201171875,-0.01953125,0.0185546875,21,55303,0.81640625,0.1826171875
351,reward,"In this task, you have to repeatedly choose between two slot machines labeled U and P.
You can choose a slot machine by pressing its corresponding key.When you select one of the machines, you will win 1 or 0 points.Your goal is to choose the slot machines that will give you the most points.You will receive feedback about the outcome after making a choice.
The environment may change unpredictably, and past success does not guarantee future results. You’ll need to adapt to these changes to keep finding the better machine.You will play 1 game in total, consisting of 100 trials. Game 1:You press <<U>> and get 1 points.
You press <<P>> and get 0 points.
You press <<P>> and get 0 points.
You press <<U>> and get 0 points.
You press <<U>> and get 1 points.
You press <<U>> and get 1 points.
You press <<U>> and get 1 points.
You press <<U>> and get 1 points.
You press <<U>> and get 1 points.
You press <<U>> and get 0 points.
You press <<U>> and get 1 points.
You press <<U>> and get 1 points.
You press <<U>> and get 1 points.
You press <<P>> and get 0 points.
You press <<U>> and get 1 points.
You press <<U>> and get 1 points.
You press <<U>> and get 1 points.
You press <<U>> and get 1 points.
You press <<U>> and get 1 points.
You press <<U>> and get 1 points.
You press <<P>> and get  points.
You press <<",0,0.77734375,0.22265625,-0.0390625,0.0400390625,21,55303,0.81640625,0.1826171875
357,choice,"In this task, you have to repeatedly choose between two slot machines labeled U and P.
You can choose a slot machine by pressing its corresponding key.When you select one of the machines, you will win 1 or 0 points.Your goal is to choose the slot machines that will give you the most points.You will receive feedback about the outcome after making a choice.
The environment may change unpredictably, and past success does not guarantee future results. You’ll need to adapt to these changes to keep finding the better machine.You will play 1 game in total, consisting of 100 trials. Game 1:You press <<U>> and get 1 points.
You press <<P>> and get 0 points.
You press <<P>> and get 0 points.
You press <<U>> and get 0 points.
You press <<U>> and get 1 points.
You press <<U>> and get 1 points.
You press <<U>> and get 1 points.
You press <<U>> and get 1 points.
You press <<U>> and get 1 points.
You press <<U>> and get 0 points.
You press <<U>> and get 1 points.
You press <<U>> and get 1 points.
You press <<U>> and get 1 points.
You press <<P>> and get 0 points.
You press <<U>> and get 1 points.
You press <<U>> and get 1 points.
You press <<U>> and get 1 points.
You press <<U>> and get 1 points.
You press <<U>> and get 1 points.
You press <<U>> and get 1 points.
You press <<P>> and get 0 points.
You press <<>> and get 1 points.
You press <<",U,0.84375,0.146484375,-0.0625,0.05126953125,22,55303,0.90625,0.09521484375
362,reward,"In this task, you have to repeatedly choose between two slot machines labeled U and P.
You can choose a slot machine by pressing its corresponding key.When you select one of the machines, you will win 1 or 0 points.Your goal is to choose the slot machines that will give you the most points.You will receive feedback about the outcome after making a choice.
The environment may change unpredictably, and past success does not guarantee future results. You’ll need to adapt to these changes to keep finding the better machine.You will play 1 game in total, consisting of 100 trials. Game 1:You press <<U>> and get 1 points.
You press <<P>> and get 0 points.
You press <<P>> and get 0 points.
You press <<U>> and get 0 points.
You press <<U>> and get 1 points.
You press <<U>> and get 1 points.
You press <<U>> and get 1 points.
You press <<U>> and get 1 points.
You press <<U>> and get 1 points.
You press <<U>> and get 0 points.
You press <<U>> and get 1 points.
You press <<U>> and get 1 points.
You press <<U>> and get 1 points.
You press <<P>> and get 0 points.
You press <<U>> and get 1 points.
You press <<U>> and get 1 points.
You press <<U>> and get 1 points.
You press <<U>> and get 1 points.
You press <<U>> and get 1 points.
You press <<U>> and get 1 points.
You press <<P>> and get 0 points.
You press <<U>> and get  points.
You press <<",1,0.87890625,0.119140625,-0.02734375,0.02392578125,22,55303,0.90625,0.09521484375
368,choice,"In this task, you have to repeatedly choose between two slot machines labeled U and P.
You can choose a slot machine by pressing its corresponding key.When you select one of the machines, you will win 1 or 0 points.Your goal is to choose the slot machines that will give you the most points.You will receive feedback about the outcome after making a choice.
The environment may change unpredictably, and past success does not guarantee future results. You’ll need to adapt to these changes to keep finding the better machine.You will play 1 game in total, consisting of 100 trials. Game 1:You press <<U>> and get 1 points.
You press <<P>> and get 0 points.
You press <<P>> and get 0 points.
You press <<U>> and get 0 points.
You press <<U>> and get 1 points.
You press <<U>> and get 1 points.
You press <<U>> and get 1 points.
You press <<U>> and get 1 points.
You press <<U>> and get 1 points.
You press <<U>> and get 0 points.
You press <<U>> and get 1 points.
You press <<U>> and get 1 points.
You press <<U>> and get 1 points.
You press <<P>> and get 0 points.
You press <<U>> and get 1 points.
You press <<U>> and get 1 points.
You press <<U>> and get 1 points.
You press <<U>> and get 1 points.
You press <<U>> and get 1 points.
You press <<U>> and get 1 points.
You press <<P>> and get 0 points.
You press <<U>> and get 1 points.
You press <<>> and get 1 points.
You press <<",U,0.89453125,0.09423828125,-0.03125,0.0185546875,23,55303,0.92578125,0.07568359375
373,reward,"In this task, you have to repeatedly choose between two slot machines labeled U and P.
You can choose a slot machine by pressing its corresponding key.When you select one of the machines, you will win 1 or 0 points.Your goal is to choose the slot machines that will give you the most points.You will receive feedback about the outcome after making a choice.
The environment may change unpredictably, and past success does not guarantee future results. You’ll need to adapt to these changes to keep finding the better machine.You will play 1 game in total, consisting of 100 trials. Game 1:You press <<U>> and get 1 points.
You press <<P>> and get 0 points.
You press <<P>> and get 0 points.
You press <<U>> and get 0 points.
You press <<U>> and get 1 points.
You press <<U>> and get 1 points.
You press <<U>> and get 1 points.
You press <<U>> and get 1 points.
You press <<U>> and get 1 points.
You press <<U>> and get 0 points.
You press <<U>> and get 1 points.
You press <<U>> and get 1 points.
You press <<U>> and get 1 points.
You press <<P>> and get 0 points.
You press <<U>> and get 1 points.
You press <<U>> and get 1 points.
You press <<U>> and get 1 points.
You press <<U>> and get 1 points.
You press <<U>> and get 1 points.
You press <<U>> and get 1 points.
You press <<P>> and get 0 points.
You press <<U>> and get 1 points.
You press <<U>> and get  points.
You press <<",1,0.8515625,0.1484375,-0.07421875,0.07275390625,23,55303,0.92578125,0.07568359375
379,choice,"In this task, you have to repeatedly choose between two slot machines labeled U and P.
You can choose a slot machine by pressing its corresponding key.When you select one of the machines, you will win 1 or 0 points.Your goal is to choose the slot machines that will give you the most points.You will receive feedback about the outcome after making a choice.
The environment may change unpredictably, and past success does not guarantee future results. You’ll need to adapt to these changes to keep finding the better machine.You will play 1 game in total, consisting of 100 trials. Game 1:You press <<U>> and get 1 points.
You press <<P>> and get 0 points.
You press <<P>> and get 0 points.
You press <<U>> and get 0 points.
You press <<U>> and get 1 points.
You press <<U>> and get 1 points.
You press <<U>> and get 1 points.
You press <<U>> and get 1 points.
You press <<U>> and get 1 points.
You press <<U>> and get 0 points.
You press <<U>> and get 1 points.
You press <<U>> and get 1 points.
You press <<U>> and get 1 points.
You press <<P>> and get 0 points.
You press <<U>> and get 1 points.
You press <<U>> and get 1 points.
You press <<U>> and get 1 points.
You press <<U>> and get 1 points.
You press <<U>> and get 1 points.
You press <<U>> and get 1 points.
You press <<P>> and get 0 points.
You press <<U>> and get 1 points.
You press <<U>> and get 1 points.
You press <<>> and get 1 points.
You press <<",U,0.90625,0.08447265625,-0.01953125,0.0087890625,24,55303,0.92578125,0.07568359375
384,reward,"In this task, you have to repeatedly choose between two slot machines labeled U and P.
You can choose a slot machine by pressing its corresponding key.When you select one of the machines, you will win 1 or 0 points.Your goal is to choose the slot machines that will give you the most points.You will receive feedback about the outcome after making a choice.
The environment may change unpredictably, and past success does not guarantee future results. You’ll need to adapt to these changes to keep finding the better machine.You will play 1 game in total, consisting of 100 trials. Game 1:You press <<U>> and get 1 points.
You press <<P>> and get 0 points.
You press <<P>> and get 0 points.
You press <<U>> and get 0 points.
You press <<U>> and get 1 points.
You press <<U>> and get 1 points.
You press <<U>> and get 1 points.
You press <<U>> and get 1 points.
You press <<U>> and get 1 points.
You press <<U>> and get 0 points.
You press <<U>> and get 1 points.
You press <<U>> and get 1 points.
You press <<U>> and get 1 points.
You press <<P>> and get 0 points.
You press <<U>> and get 1 points.
You press <<U>> and get 1 points.
You press <<U>> and get 1 points.
You press <<U>> and get 1 points.
You press <<U>> and get 1 points.
You press <<U>> and get 1 points.
You press <<P>> and get 0 points.
You press <<U>> and get 1 points.
You press <<U>> and get 1 points.
You press <<U>> and get  points.
You press <<",1,0.8515625,0.1484375,-0.07421875,0.07275390625,24,55303,0.92578125,0.07568359375
390,choice,"In this task, you have to repeatedly choose between two slot machines labeled U and P.
You can choose a slot machine by pressing its corresponding key.When you select one of the machines, you will win 1 or 0 points.Your goal is to choose the slot machines that will give you the most points.You will receive feedback about the outcome after making a choice.
The environment may change unpredictably, and past success does not guarantee future results. You’ll need to adapt to these changes to keep finding the better machine.You will play 1 game in total, consisting of 100 trials. Game 1:You press <<U>> and get 1 points.
You press <<P>> and get 0 points.
You press <<P>> and get 0 points.
You press <<U>> and get 0 points.
You press <<U>> and get 1 points.
You press <<U>> and get 1 points.
You press <<U>> and get 1 points.
You press <<U>> and get 1 points.
You press <<U>> and get 1 points.
You press <<U>> and get 0 points.
You press <<U>> and get 1 points.
You press <<U>> and get 1 points.
You press <<U>> and get 1 points.
You press <<P>> and get 0 points.
You press <<U>> and get 1 points.
You press <<U>> and get 1 points.
You press <<U>> and get 1 points.
You press <<U>> and get 1 points.
You press <<U>> and get 1 points.
You press <<U>> and get 1 points.
You press <<P>> and get 0 points.
You press <<U>> and get 1 points.
You press <<U>> and get 1 points.
You press <<U>> and get 1 points.
You press <<>> and get 1 points.
You press <<",U,0.91796875,0.0751953125,-0.0234375,0.01513671875,25,55303,0.94140625,0.06005859375
395,reward,"In this task, you have to repeatedly choose between two slot machines labeled U and P.
You can choose a slot machine by pressing its corresponding key.When you select one of the machines, you will win 1 or 0 points.Your goal is to choose the slot machines that will give you the most points.You will receive feedback about the outcome after making a choice.
The environment may change unpredictably, and past success does not guarantee future results. You’ll need to adapt to these changes to keep finding the better machine.You will play 1 game in total, consisting of 100 trials. Game 1:You press <<U>> and get 1 points.
You press <<P>> and get 0 points.
You press <<P>> and get 0 points.
You press <<U>> and get 0 points.
You press <<U>> and get 1 points.
You press <<U>> and get 1 points.
You press <<U>> and get 1 points.
You press <<U>> and get 1 points.
You press <<U>> and get 1 points.
You press <<U>> and get 0 points.
You press <<U>> and get 1 points.
You press <<U>> and get 1 points.
You press <<U>> and get 1 points.
You press <<P>> and get 0 points.
You press <<U>> and get 1 points.
You press <<U>> and get 1 points.
You press <<U>> and get 1 points.
You press <<U>> and get 1 points.
You press <<U>> and get 1 points.
You press <<U>> and get 1 points.
You press <<P>> and get 0 points.
You press <<U>> and get 1 points.
You press <<U>> and get 1 points.
You press <<U>> and get 1 points.
You press <<U>> and get  points.
You press <<",1,0.8515625,0.1484375,-0.08984375,0.08837890625,25,55303,0.94140625,0.06005859375
401,choice,"In this task, you have to repeatedly choose between two slot machines labeled U and P.
You can choose a slot machine by pressing its corresponding key.When you select one of the machines, you will win 1 or 0 points.Your goal is to choose the slot machines that will give you the most points.You will receive feedback about the outcome after making a choice.
The environment may change unpredictably, and past success does not guarantee future results. You’ll need to adapt to these changes to keep finding the better machine.You will play 1 game in total, consisting of 100 trials. Game 1:You press <<U>> and get 1 points.
You press <<P>> and get 0 points.
You press <<P>> and get 0 points.
You press <<U>> and get 0 points.
You press <<U>> and get 1 points.
You press <<U>> and get 1 points.
You press <<U>> and get 1 points.
You press <<U>> and get 1 points.
You press <<U>> and get 1 points.
You press <<U>> and get 0 points.
You press <<U>> and get 1 points.
You press <<U>> and get 1 points.
You press <<U>> and get 1 points.
You press <<P>> and get 0 points.
You press <<U>> and get 1 points.
You press <<U>> and get 1 points.
You press <<U>> and get 1 points.
You press <<U>> and get 1 points.
You press <<U>> and get 1 points.
You press <<U>> and get 1 points.
You press <<P>> and get 0 points.
You press <<U>> and get 1 points.
You press <<U>> and get 1 points.
You press <<U>> and get 1 points.
You press <<U>> and get 1 points.
You press <<>> and get 1 points.
You press <<",U,0.9140625,0.0751953125,-0.01171875,-0.00048828125,26,55303,0.92578125,0.07568359375
406,reward,"In this task, you have to repeatedly choose between two slot machines labeled U and P.
You can choose a slot machine by pressing its corresponding key.When you select one of the machines, you will win 1 or 0 points.Your goal is to choose the slot machines that will give you the most points.You will receive feedback about the outcome after making a choice.
The environment may change unpredictably, and past success does not guarantee future results. You’ll need to adapt to these changes to keep finding the better machine.You will play 1 game in total, consisting of 100 trials. Game 1:You press <<U>> and get 1 points.
You press <<P>> and get 0 points.
You press <<P>> and get 0 points.
You press <<U>> and get 0 points.
You press <<U>> and get 1 points.
You press <<U>> and get 1 points.
You press <<U>> and get 1 points.
You press <<U>> and get 1 points.
You press <<U>> and get 1 points.
You press <<U>> and get 0 points.
You press <<U>> and get 1 points.
You press <<U>> and get 1 points.
You press <<U>> and get 1 points.
You press <<P>> and get 0 points.
You press <<U>> and get 1 points.
You press <<U>> and get 1 points.
You press <<U>> and get 1 points.
You press <<U>> and get 1 points.
You press <<U>> and get 1 points.
You press <<U>> and get 1 points.
You press <<P>> and get 0 points.
You press <<U>> and get 1 points.
You press <<U>> and get 1 points.
You press <<U>> and get 1 points.
You press <<U>> and get 1 points.
You press <<U>> and get  points.
You press <<",1,0.87890625,0.119140625,-0.046875,0.04345703125,26,55303,0.92578125,0.07568359375
412,choice,"In this task, you have to repeatedly choose between two slot machines labeled U and P.
You can choose a slot machine by pressing its corresponding key.When you select one of the machines, you will win 1 or 0 points.Your goal is to choose the slot machines that will give you the most points.You will receive feedback about the outcome after making a choice.
The environment may change unpredictably, and past success does not guarantee future results. You’ll need to adapt to these changes to keep finding the better machine.You will play 1 game in total, consisting of 100 trials. Game 1:You press <<U>> and get 1 points.
You press <<P>> and get 0 points.
You press <<P>> and get 0 points.
You press <<U>> and get 0 points.
You press <<U>> and get 1 points.
You press <<U>> and get 1 points.
You press <<U>> and get 1 points.
You press <<U>> and get 1 points.
You press <<U>> and get 1 points.
You press <<U>> and get 0 points.
You press <<U>> and get 1 points.
You press <<U>> and get 1 points.
You press <<U>> and get 1 points.
You press <<P>> and get 0 points.
You press <<U>> and get 1 points.
You press <<U>> and get 1 points.
You press <<U>> and get 1 points.
You press <<U>> and get 1 points.
You press <<U>> and get 1 points.
You press <<U>> and get 1 points.
You press <<P>> and get 0 points.
You press <<U>> and get 1 points.
You press <<U>> and get 1 points.
You press <<U>> and get 1 points.
You press <<U>> and get 1 points.
You press <<U>> and get 1 points.
You press <<>> and get 1 points.
You press <<",U,0.89453125,0.09423828125,-0.01171875,-0.0009765625,27,55303,0.90625,0.09521484375
417,reward,"In this task, you have to repeatedly choose between two slot machines labeled U and P.
You can choose a slot machine by pressing its corresponding key.When you select one of the machines, you will win 1 or 0 points.Your goal is to choose the slot machines that will give you the most points.You will receive feedback about the outcome after making a choice.
The environment may change unpredictably, and past success does not guarantee future results. You’ll need to adapt to these changes to keep finding the better machine.You will play 1 game in total, consisting of 100 trials. Game 1:You press <<U>> and get 1 points.
You press <<P>> and get 0 points.
You press <<P>> and get 0 points.
You press <<U>> and get 0 points.
You press <<U>> and get 1 points.
You press <<U>> and get 1 points.
You press <<U>> and get 1 points.
You press <<U>> and get 1 points.
You press <<U>> and get 1 points.
You press <<U>> and get 0 points.
You press <<U>> and get 1 points.
You press <<U>> and get 1 points.
You press <<U>> and get 1 points.
You press <<P>> and get 0 points.
You press <<U>> and get 1 points.
You press <<U>> and get 1 points.
You press <<U>> and get 1 points.
You press <<U>> and get 1 points.
You press <<U>> and get 1 points.
You press <<U>> and get 1 points.
You press <<P>> and get 0 points.
You press <<U>> and get 1 points.
You press <<U>> and get 1 points.
You press <<U>> and get 1 points.
You press <<U>> and get 1 points.
You press <<U>> and get 1 points.
You press <<U>> and get  points.
You press <<",1,0.8515625,0.1484375,-0.0546875,0.05322265625,27,55303,0.90625,0.09521484375
423,choice,"In this task, you have to repeatedly choose between two slot machines labeled U and P.
You can choose a slot machine by pressing its corresponding key.When you select one of the machines, you will win 1 or 0 points.Your goal is to choose the slot machines that will give you the most points.You will receive feedback about the outcome after making a choice.
The environment may change unpredictably, and past success does not guarantee future results. You’ll need to adapt to these changes to keep finding the better machine.You will play 1 game in total, consisting of 100 trials. Game 1:You press <<U>> and get 1 points.
You press <<P>> and get 0 points.
You press <<P>> and get 0 points.
You press <<U>> and get 0 points.
You press <<U>> and get 1 points.
You press <<U>> and get 1 points.
You press <<U>> and get 1 points.
You press <<U>> and get 1 points.
You press <<U>> and get 1 points.
You press <<U>> and get 0 points.
You press <<U>> and get 1 points.
You press <<U>> and get 1 points.
You press <<U>> and get 1 points.
You press <<P>> and get 0 points.
You press <<U>> and get 1 points.
You press <<U>> and get 1 points.
You press <<U>> and get 1 points.
You press <<U>> and get 1 points.
You press <<U>> and get 1 points.
You press <<U>> and get 1 points.
You press <<P>> and get 0 points.
You press <<U>> and get 1 points.
You press <<U>> and get 1 points.
You press <<U>> and get 1 points.
You press <<U>> and get 1 points.
You press <<U>> and get 1 points.
You press <<U>> and get 1 points.
You press <<>> and get 1 points.
You press <<",U,0.8828125,0.10546875,-0.04296875,0.02978515625,28,55303,0.92578125,0.07568359375
428,reward,"In this task, you have to repeatedly choose between two slot machines labeled U and P.
You can choose a slot machine by pressing its corresponding key.When you select one of the machines, you will win 1 or 0 points.Your goal is to choose the slot machines that will give you the most points.You will receive feedback about the outcome after making a choice.
The environment may change unpredictably, and past success does not guarantee future results. You’ll need to adapt to these changes to keep finding the better machine.You will play 1 game in total, consisting of 100 trials. Game 1:You press <<U>> and get 1 points.
You press <<P>> and get 0 points.
You press <<P>> and get 0 points.
You press <<U>> and get 0 points.
You press <<U>> and get 1 points.
You press <<U>> and get 1 points.
You press <<U>> and get 1 points.
You press <<U>> and get 1 points.
You press <<U>> and get 1 points.
You press <<U>> and get 0 points.
You press <<U>> and get 1 points.
You press <<U>> and get 1 points.
You press <<U>> and get 1 points.
You press <<P>> and get 0 points.
You press <<U>> and get 1 points.
You press <<U>> and get 1 points.
You press <<U>> and get 1 points.
You press <<U>> and get 1 points.
You press <<U>> and get 1 points.
You press <<U>> and get 1 points.
You press <<P>> and get 0 points.
You press <<U>> and get 1 points.
You press <<U>> and get 1 points.
You press <<U>> and get 1 points.
You press <<U>> and get 1 points.
You press <<U>> and get 1 points.
You press <<U>> and get 1 points.
You press <<U>> and get  points.
You press <<",1,0.8359375,0.1640625,-0.08984375,0.08837890625,28,55303,0.92578125,0.07568359375
434,choice,"In this task, you have to repeatedly choose between two slot machines labeled U and P.
You can choose a slot machine by pressing its corresponding key.When you select one of the machines, you will win 1 or 0 points.Your goal is to choose the slot machines that will give you the most points.You will receive feedback about the outcome after making a choice.
The environment may change unpredictably, and past success does not guarantee future results. You’ll need to adapt to these changes to keep finding the better machine.You will play 1 game in total, consisting of 100 trials. Game 1:You press <<U>> and get 1 points.
You press <<P>> and get 0 points.
You press <<P>> and get 0 points.
You press <<U>> and get 0 points.
You press <<U>> and get 1 points.
You press <<U>> and get 1 points.
You press <<U>> and get 1 points.
You press <<U>> and get 1 points.
You press <<U>> and get 1 points.
You press <<U>> and get 0 points.
You press <<U>> and get 1 points.
You press <<U>> and get 1 points.
You press <<U>> and get 1 points.
You press <<P>> and get 0 points.
You press <<U>> and get 1 points.
You press <<U>> and get 1 points.
You press <<U>> and get 1 points.
You press <<U>> and get 1 points.
You press <<U>> and get 1 points.
You press <<U>> and get 1 points.
You press <<P>> and get 0 points.
You press <<U>> and get 1 points.
You press <<U>> and get 1 points.
You press <<U>> and get 1 points.
You press <<U>> and get 1 points.
You press <<U>> and get 1 points.
You press <<U>> and get 1 points.
You press <<U>> and get 1 points.
You press <<>> and get 1 points.
You press <<",U,0.90625,0.08447265625,-0.01953125,0.0087890625,29,55303,0.92578125,0.07568359375
439,reward,"In this task, you have to repeatedly choose between two slot machines labeled U and P.
You can choose a slot machine by pressing its corresponding key.When you select one of the machines, you will win 1 or 0 points.Your goal is to choose the slot machines that will give you the most points.You will receive feedback about the outcome after making a choice.
The environment may change unpredictably, and past success does not guarantee future results. You’ll need to adapt to these changes to keep finding the better machine.You will play 1 game in total, consisting of 100 trials. Game 1:You press <<U>> and get 1 points.
You press <<P>> and get 0 points.
You press <<P>> and get 0 points.
You press <<U>> and get 0 points.
You press <<U>> and get 1 points.
You press <<U>> and get 1 points.
You press <<U>> and get 1 points.
You press <<U>> and get 1 points.
You press <<U>> and get 1 points.
You press <<U>> and get 0 points.
You press <<U>> and get 1 points.
You press <<U>> and get 1 points.
You press <<U>> and get 1 points.
You press <<P>> and get 0 points.
You press <<U>> and get 1 points.
You press <<U>> and get 1 points.
You press <<U>> and get 1 points.
You press <<U>> and get 1 points.
You press <<U>> and get 1 points.
You press <<U>> and get 1 points.
You press <<P>> and get 0 points.
You press <<U>> and get 1 points.
You press <<U>> and get 1 points.
You press <<U>> and get 1 points.
You press <<U>> and get 1 points.
You press <<U>> and get 1 points.
You press <<U>> and get 1 points.
You press <<U>> and get 1 points.
You press <<U>> and get  points.
You press <<",1,0.8359375,0.1640625,-0.08984375,0.08837890625,29,55303,0.92578125,0.07568359375
445,choice,"In this task, you have to repeatedly choose between two slot machines labeled U and P.
You can choose a slot machine by pressing its corresponding key.When you select one of the machines, you will win 1 or 0 points.Your goal is to choose the slot machines that will give you the most points.You will receive feedback about the outcome after making a choice.
The environment may change unpredictably, and past success does not guarantee future results. You’ll need to adapt to these changes to keep finding the better machine.You will play 1 game in total, consisting of 100 trials. Game 1:You press <<U>> and get 1 points.
You press <<P>> and get 0 points.
You press <<P>> and get 0 points.
You press <<U>> and get 0 points.
You press <<U>> and get 1 points.
You press <<U>> and get 1 points.
You press <<U>> and get 1 points.
You press <<U>> and get 1 points.
You press <<U>> and get 1 points.
You press <<U>> and get 0 points.
You press <<U>> and get 1 points.
You press <<U>> and get 1 points.
You press <<U>> and get 1 points.
You press <<P>> and get 0 points.
You press <<U>> and get 1 points.
You press <<U>> and get 1 points.
You press <<U>> and get 1 points.
You press <<U>> and get 1 points.
You press <<U>> and get 1 points.
You press <<U>> and get 1 points.
You press <<P>> and get 0 points.
You press <<U>> and get 1 points.
You press <<U>> and get 1 points.
You press <<U>> and get 1 points.
You press <<U>> and get 1 points.
You press <<U>> and get 1 points.
You press <<U>> and get 1 points.
You press <<U>> and get 1 points.
You press <<U>> and get 1 points.
You press <<>> and get 1 points.
You press <<",U,0.90625,0.08447265625,-0.01953125,0.0087890625,30,55303,0.92578125,0.07568359375
450,reward,"In this task, you have to repeatedly choose between two slot machines labeled U and P.
You can choose a slot machine by pressing its corresponding key.When you select one of the machines, you will win 1 or 0 points.Your goal is to choose the slot machines that will give you the most points.You will receive feedback about the outcome after making a choice.
The environment may change unpredictably, and past success does not guarantee future results. You’ll need to adapt to these changes to keep finding the better machine.You will play 1 game in total, consisting of 100 trials. Game 1:You press <<U>> and get 1 points.
You press <<P>> and get 0 points.
You press <<P>> and get 0 points.
You press <<U>> and get 0 points.
You press <<U>> and get 1 points.
You press <<U>> and get 1 points.
You press <<U>> and get 1 points.
You press <<U>> and get 1 points.
You press <<U>> and get 1 points.
You press <<U>> and get 0 points.
You press <<U>> and get 1 points.
You press <<U>> and get 1 points.
You press <<U>> and get 1 points.
You press <<P>> and get 0 points.
You press <<U>> and get 1 points.
You press <<U>> and get 1 points.
You press <<U>> and get 1 points.
You press <<U>> and get 1 points.
You press <<U>> and get 1 points.
You press <<U>> and get 1 points.
You press <<P>> and get 0 points.
You press <<U>> and get 1 points.
You press <<U>> and get 1 points.
You press <<U>> and get 1 points.
You press <<U>> and get 1 points.
You press <<U>> and get 1 points.
You press <<U>> and get 1 points.
You press <<U>> and get 1 points.
You press <<U>> and get 1 points.
You press <<U>> and get  points.
You press <<",1,0.8515625,0.1484375,-0.07421875,0.07275390625,30,55303,0.92578125,0.07568359375
456,choice,"In this task, you have to repeatedly choose between two slot machines labeled U and P.
You can choose a slot machine by pressing its corresponding key.When you select one of the machines, you will win 1 or 0 points.Your goal is to choose the slot machines that will give you the most points.You will receive feedback about the outcome after making a choice.
The environment may change unpredictably, and past success does not guarantee future results. You’ll need to adapt to these changes to keep finding the better machine.You will play 1 game in total, consisting of 100 trials. Game 1:You press <<U>> and get 1 points.
You press <<P>> and get 0 points.
You press <<P>> and get 0 points.
You press <<U>> and get 0 points.
You press <<U>> and get 1 points.
You press <<U>> and get 1 points.
You press <<U>> and get 1 points.
You press <<U>> and get 1 points.
You press <<U>> and get 1 points.
You press <<U>> and get 0 points.
You press <<U>> and get 1 points.
You press <<U>> and get 1 points.
You press <<U>> and get 1 points.
You press <<P>> and get 0 points.
You press <<U>> and get 1 points.
You press <<U>> and get 1 points.
You press <<U>> and get 1 points.
You press <<U>> and get 1 points.
You press <<U>> and get 1 points.
You press <<U>> and get 1 points.
You press <<P>> and get 0 points.
You press <<U>> and get 1 points.
You press <<U>> and get 1 points.
You press <<U>> and get 1 points.
You press <<U>> and get 1 points.
You press <<U>> and get 1 points.
You press <<U>> and get 1 points.
You press <<U>> and get 1 points.
You press <<U>> and get 1 points.
You press <<U>> and get 1 points.
You press <<>> and get 1 points.
You press <<",U,0.90234375,0.083984375,-0.0234375,0.00830078125,31,55303,0.92578125,0.07568359375
461,reward,"In this task, you have to repeatedly choose between two slot machines labeled U and P.
You can choose a slot machine by pressing its corresponding key.When you select one of the machines, you will win 1 or 0 points.Your goal is to choose the slot machines that will give you the most points.You will receive feedback about the outcome after making a choice.
The environment may change unpredictably, and past success does not guarantee future results. You’ll need to adapt to these changes to keep finding the better machine.You will play 1 game in total, consisting of 100 trials. Game 1:You press <<U>> and get 1 points.
You press <<P>> and get 0 points.
You press <<P>> and get 0 points.
You press <<U>> and get 0 points.
You press <<U>> and get 1 points.
You press <<U>> and get 1 points.
You press <<U>> and get 1 points.
You press <<U>> and get 1 points.
You press <<U>> and get 1 points.
You press <<U>> and get 0 points.
You press <<U>> and get 1 points.
You press <<U>> and get 1 points.
You press <<U>> and get 1 points.
You press <<P>> and get 0 points.
You press <<U>> and get 1 points.
You press <<U>> and get 1 points.
You press <<U>> and get 1 points.
You press <<U>> and get 1 points.
You press <<U>> and get 1 points.
You press <<U>> and get 1 points.
You press <<P>> and get 0 points.
You press <<U>> and get 1 points.
You press <<U>> and get 1 points.
You press <<U>> and get 1 points.
You press <<U>> and get 1 points.
You press <<U>> and get 1 points.
You press <<U>> and get 1 points.
You press <<U>> and get 1 points.
You press <<U>> and get 1 points.
You press <<U>> and get 1 points.
You press <<U>> and get  points.
You press <<",1,0.8359375,0.1640625,-0.08984375,0.08837890625,31,55303,0.92578125,0.07568359375
467,choice,"In this task, you have to repeatedly choose between two slot machines labeled U and P.
You can choose a slot machine by pressing its corresponding key.When you select one of the machines, you will win 1 or 0 points.Your goal is to choose the slot machines that will give you the most points.You will receive feedback about the outcome after making a choice.
The environment may change unpredictably, and past success does not guarantee future results. You’ll need to adapt to these changes to keep finding the better machine.You will play 1 game in total, consisting of 100 trials. Game 1:You press <<U>> and get 1 points.
You press <<P>> and get 0 points.
You press <<P>> and get 0 points.
You press <<U>> and get 0 points.
You press <<U>> and get 1 points.
You press <<U>> and get 1 points.
You press <<U>> and get 1 points.
You press <<U>> and get 1 points.
You press <<U>> and get 1 points.
You press <<U>> and get 0 points.
You press <<U>> and get 1 points.
You press <<U>> and get 1 points.
You press <<U>> and get 1 points.
You press <<P>> and get 0 points.
You press <<U>> and get 1 points.
You press <<U>> and get 1 points.
You press <<U>> and get 1 points.
You press <<U>> and get 1 points.
You press <<U>> and get 1 points.
You press <<U>> and get 1 points.
You press <<P>> and get 0 points.
You press <<U>> and get 1 points.
You press <<U>> and get 1 points.
You press <<U>> and get 1 points.
You press <<U>> and get 1 points.
You press <<U>> and get 1 points.
You press <<U>> and get 1 points.
You press <<U>> and get 1 points.
You press <<U>> and get 1 points.
You press <<U>> and get 1 points.
You press <<U>> and get 1 points.
You press <<>> and get 1 points.
You press <<",U,0.90625,0.083984375,-0.03515625,0.02392578125,32,55303,0.94140625,0.06005859375
472,reward,"In this task, you have to repeatedly choose between two slot machines labeled U and P.
You can choose a slot machine by pressing its corresponding key.When you select one of the machines, you will win 1 or 0 points.Your goal is to choose the slot machines that will give you the most points.You will receive feedback about the outcome after making a choice.
The environment may change unpredictably, and past success does not guarantee future results. You’ll need to adapt to these changes to keep finding the better machine.You will play 1 game in total, consisting of 100 trials. Game 1:You press <<U>> and get 1 points.
You press <<P>> and get 0 points.
You press <<P>> and get 0 points.
You press <<U>> and get 0 points.
You press <<U>> and get 1 points.
You press <<U>> and get 1 points.
You press <<U>> and get 1 points.
You press <<U>> and get 1 points.
You press <<U>> and get 1 points.
You press <<U>> and get 0 points.
You press <<U>> and get 1 points.
You press <<U>> and get 1 points.
You press <<U>> and get 1 points.
You press <<P>> and get 0 points.
You press <<U>> and get 1 points.
You press <<U>> and get 1 points.
You press <<U>> and get 1 points.
You press <<U>> and get 1 points.
You press <<U>> and get 1 points.
You press <<U>> and get 1 points.
You press <<P>> and get 0 points.
You press <<U>> and get 1 points.
You press <<U>> and get 1 points.
You press <<U>> and get 1 points.
You press <<U>> and get 1 points.
You press <<U>> and get 1 points.
You press <<U>> and get 1 points.
You press <<U>> and get 1 points.
You press <<U>> and get 1 points.
You press <<U>> and get 1 points.
You press <<U>> and get 1 points.
You press <<U>> and get  points.
You press <<",1,0.87890625,0.119140625,-0.0625,0.05908203125,32,55303,0.94140625,0.06005859375
478,choice,"In this task, you have to repeatedly choose between two slot machines labeled U and P.
You can choose a slot machine by pressing its corresponding key.When you select one of the machines, you will win 1 or 0 points.Your goal is to choose the slot machines that will give you the most points.You will receive feedback about the outcome after making a choice.
The environment may change unpredictably, and past success does not guarantee future results. You’ll need to adapt to these changes to keep finding the better machine.You will play 1 game in total, consisting of 100 trials. Game 1:You press <<U>> and get 1 points.
You press <<P>> and get 0 points.
You press <<P>> and get 0 points.
You press <<U>> and get 0 points.
You press <<U>> and get 1 points.
You press <<U>> and get 1 points.
You press <<U>> and get 1 points.
You press <<U>> and get 1 points.
You press <<U>> and get 1 points.
You press <<U>> and get 0 points.
You press <<U>> and get 1 points.
You press <<U>> and get 1 points.
You press <<U>> and get 1 points.
You press <<P>> and get 0 points.
You press <<U>> and get 1 points.
You press <<U>> and get 1 points.
You press <<U>> and get 1 points.
You press <<U>> and get 1 points.
You press <<U>> and get 1 points.
You press <<U>> and get 1 points.
You press <<P>> and get 0 points.
You press <<U>> and get 1 points.
You press <<U>> and get 1 points.
You press <<U>> and get 1 points.
You press <<U>> and get 1 points.
You press <<U>> and get 1 points.
You press <<U>> and get 1 points.
You press <<U>> and get 1 points.
You press <<U>> and get 1 points.
You press <<U>> and get 1 points.
You press <<U>> and get 1 points.
You press <<U>> and get 1 points.
You press <<>> and get 1 points.
You press <<",U,0.9140625,0.0751953125,-0.02734375,0.01513671875,33,55303,0.94140625,0.06005859375
483,reward,"In this task, you have to repeatedly choose between two slot machines labeled U and P.
You can choose a slot machine by pressing its corresponding key.When you select one of the machines, you will win 1 or 0 points.Your goal is to choose the slot machines that will give you the most points.You will receive feedback about the outcome after making a choice.
The environment may change unpredictably, and past success does not guarantee future results. You’ll need to adapt to these changes to keep finding the better machine.You will play 1 game in total, consisting of 100 trials. Game 1:You press <<U>> and get 1 points.
You press <<P>> and get 0 points.
You press <<P>> and get 0 points.
You press <<U>> and get 0 points.
You press <<U>> and get 1 points.
You press <<U>> and get 1 points.
You press <<U>> and get 1 points.
You press <<U>> and get 1 points.
You press <<U>> and get 1 points.
You press <<U>> and get 0 points.
You press <<U>> and get 1 points.
You press <<U>> and get 1 points.
You press <<U>> and get 1 points.
You press <<P>> and get 0 points.
You press <<U>> and get 1 points.
You press <<U>> and get 1 points.
You press <<U>> and get 1 points.
You press <<U>> and get 1 points.
You press <<U>> and get 1 points.
You press <<U>> and get 1 points.
You press <<P>> and get 0 points.
You press <<U>> and get 1 points.
You press <<U>> and get 1 points.
You press <<U>> and get 1 points.
You press <<U>> and get 1 points.
You press <<U>> and get 1 points.
You press <<U>> and get 1 points.
You press <<U>> and get 1 points.
You press <<U>> and get 1 points.
You press <<U>> and get 1 points.
You press <<U>> and get 1 points.
You press <<U>> and get 1 points.
You press <<U>> and get  points.
You press <<",1,0.8515625,0.1484375,-0.08984375,0.08837890625,33,55303,0.94140625,0.06005859375
489,choice,"In this task, you have to repeatedly choose between two slot machines labeled U and P.
You can choose a slot machine by pressing its corresponding key.When you select one of the machines, you will win 1 or 0 points.Your goal is to choose the slot machines that will give you the most points.You will receive feedback about the outcome after making a choice.
The environment may change unpredictably, and past success does not guarantee future results. You’ll need to adapt to these changes to keep finding the better machine.You will play 1 game in total, consisting of 100 trials. Game 1:You press <<U>> and get 1 points.
You press <<P>> and get 0 points.
You press <<P>> and get 0 points.
You press <<U>> and get 0 points.
You press <<U>> and get 1 points.
You press <<U>> and get 1 points.
You press <<U>> and get 1 points.
You press <<U>> and get 1 points.
You press <<U>> and get 1 points.
You press <<U>> and get 0 points.
You press <<U>> and get 1 points.
You press <<U>> and get 1 points.
You press <<U>> and get 1 points.
You press <<P>> and get 0 points.
You press <<U>> and get 1 points.
You press <<U>> and get 1 points.
You press <<U>> and get 1 points.
You press <<U>> and get 1 points.
You press <<U>> and get 1 points.
You press <<U>> and get 1 points.
You press <<P>> and get 0 points.
You press <<U>> and get 1 points.
You press <<U>> and get 1 points.
You press <<U>> and get 1 points.
You press <<U>> and get 1 points.
You press <<U>> and get 1 points.
You press <<U>> and get 1 points.
You press <<U>> and get 1 points.
You press <<U>> and get 1 points.
You press <<U>> and get 1 points.
You press <<U>> and get 1 points.
You press <<U>> and get 1 points.
You press <<U>> and get 1 points.
You press <<>> and get 1 points.
You press <<",U,0.9140625,0.0751953125,-0.02734375,0.01513671875,34,55303,0.94140625,0.06005859375
494,reward,"In this task, you have to repeatedly choose between two slot machines labeled U and P.
You can choose a slot machine by pressing its corresponding key.When you select one of the machines, you will win 1 or 0 points.Your goal is to choose the slot machines that will give you the most points.You will receive feedback about the outcome after making a choice.
The environment may change unpredictably, and past success does not guarantee future results. You’ll need to adapt to these changes to keep finding the better machine.You will play 1 game in total, consisting of 100 trials. Game 1:You press <<U>> and get 1 points.
You press <<P>> and get 0 points.
You press <<P>> and get 0 points.
You press <<U>> and get 0 points.
You press <<U>> and get 1 points.
You press <<U>> and get 1 points.
You press <<U>> and get 1 points.
You press <<U>> and get 1 points.
You press <<U>> and get 1 points.
You press <<U>> and get 0 points.
You press <<U>> and get 1 points.
You press <<U>> and get 1 points.
You press <<U>> and get 1 points.
You press <<P>> and get 0 points.
You press <<U>> and get 1 points.
You press <<U>> and get 1 points.
You press <<U>> and get 1 points.
You press <<U>> and get 1 points.
You press <<U>> and get 1 points.
You press <<U>> and get 1 points.
You press <<P>> and get 0 points.
You press <<U>> and get 1 points.
You press <<U>> and get 1 points.
You press <<U>> and get 1 points.
You press <<U>> and get 1 points.
You press <<U>> and get 1 points.
You press <<U>> and get 1 points.
You press <<U>> and get 1 points.
You press <<U>> and get 1 points.
You press <<U>> and get 1 points.
You press <<U>> and get 1 points.
You press <<U>> and get 1 points.
You press <<U>> and get 1 points.
You press <<U>> and get  points.
You press <<",1,0.8515625,0.1484375,-0.08984375,0.08837890625,34,55303,0.94140625,0.06005859375
500,choice,"In this task, you have to repeatedly choose between two slot machines labeled U and P.
You can choose a slot machine by pressing its corresponding key.When you select one of the machines, you will win 1 or 0 points.Your goal is to choose the slot machines that will give you the most points.You will receive feedback about the outcome after making a choice.
The environment may change unpredictably, and past success does not guarantee future results. You’ll need to adapt to these changes to keep finding the better machine.You will play 1 game in total, consisting of 100 trials. Game 1:You press <<U>> and get 1 points.
You press <<P>> and get 0 points.
You press <<P>> and get 0 points.
You press <<U>> and get 0 points.
You press <<U>> and get 1 points.
You press <<U>> and get 1 points.
You press <<U>> and get 1 points.
You press <<U>> and get 1 points.
You press <<U>> and get 1 points.
You press <<U>> and get 0 points.
You press <<U>> and get 1 points.
You press <<U>> and get 1 points.
You press <<U>> and get 1 points.
You press <<P>> and get 0 points.
You press <<U>> and get 1 points.
You press <<U>> and get 1 points.
You press <<U>> and get 1 points.
You press <<U>> and get 1 points.
You press <<U>> and get 1 points.
You press <<U>> and get 1 points.
You press <<P>> and get 0 points.
You press <<U>> and get 1 points.
You press <<U>> and get 1 points.
You press <<U>> and get 1 points.
You press <<U>> and get 1 points.
You press <<U>> and get 1 points.
You press <<U>> and get 1 points.
You press <<U>> and get 1 points.
You press <<U>> and get 1 points.
You press <<U>> and get 1 points.
You press <<U>> and get 1 points.
You press <<U>> and get 1 points.
You press <<U>> and get 1 points.
You press <<U>> and get 1 points.
You press <<>> and get 0 points.
You press <<",P,0.79296875,0.201171875,-0.05859375,0.052734375,35,55303,0.8515625,0.1484375
505,reward,"In this task, you have to repeatedly choose between two slot machines labeled U and P.
You can choose a slot machine by pressing its corresponding key.When you select one of the machines, you will win 1 or 0 points.Your goal is to choose the slot machines that will give you the most points.You will receive feedback about the outcome after making a choice.
The environment may change unpredictably, and past success does not guarantee future results. You’ll need to adapt to these changes to keep finding the better machine.You will play 1 game in total, consisting of 100 trials. Game 1:You press <<U>> and get 1 points.
You press <<P>> and get 0 points.
You press <<P>> and get 0 points.
You press <<U>> and get 0 points.
You press <<U>> and get 1 points.
You press <<U>> and get 1 points.
You press <<U>> and get 1 points.
You press <<U>> and get 1 points.
You press <<U>> and get 1 points.
You press <<U>> and get 0 points.
You press <<U>> and get 1 points.
You press <<U>> and get 1 points.
You press <<U>> and get 1 points.
You press <<P>> and get 0 points.
You press <<U>> and get 1 points.
You press <<U>> and get 1 points.
You press <<U>> and get 1 points.
You press <<U>> and get 1 points.
You press <<U>> and get 1 points.
You press <<U>> and get 1 points.
You press <<P>> and get 0 points.
You press <<U>> and get 1 points.
You press <<U>> and get 1 points.
You press <<U>> and get 1 points.
You press <<U>> and get 1 points.
You press <<U>> and get 1 points.
You press <<U>> and get 1 points.
You press <<U>> and get 1 points.
You press <<U>> and get 1 points.
You press <<U>> and get 1 points.
You press <<U>> and get 1 points.
You press <<U>> and get 1 points.
You press <<U>> and get 1 points.
You press <<U>> and get 1 points.
You press <<P>> and get  points.
You press <<",0,0.81640625,0.1826171875,-0.03515625,0.0341796875,35,55303,0.8515625,0.1484375
511,choice,"In this task, you have to repeatedly choose between two slot machines labeled U and P.
You can choose a slot machine by pressing its corresponding key.When you select one of the machines, you will win 1 or 0 points.Your goal is to choose the slot machines that will give you the most points.You will receive feedback about the outcome after making a choice.
The environment may change unpredictably, and past success does not guarantee future results. You’ll need to adapt to these changes to keep finding the better machine.You will play 1 game in total, consisting of 100 trials. Game 1:You press <<U>> and get 1 points.
You press <<P>> and get 0 points.
You press <<P>> and get 0 points.
You press <<U>> and get 0 points.
You press <<U>> and get 1 points.
You press <<U>> and get 1 points.
You press <<U>> and get 1 points.
You press <<U>> and get 1 points.
You press <<U>> and get 1 points.
You press <<U>> and get 0 points.
You press <<U>> and get 1 points.
You press <<U>> and get 1 points.
You press <<U>> and get 1 points.
You press <<P>> and get 0 points.
You press <<U>> and get 1 points.
You press <<U>> and get 1 points.
You press <<U>> and get 1 points.
You press <<U>> and get 1 points.
You press <<U>> and get 1 points.
You press <<U>> and get 1 points.
You press <<P>> and get 0 points.
You press <<U>> and get 1 points.
You press <<U>> and get 1 points.
You press <<U>> and get 1 points.
You press <<U>> and get 1 points.
You press <<U>> and get 1 points.
You press <<U>> and get 1 points.
You press <<U>> and get 1 points.
You press <<U>> and get 1 points.
You press <<U>> and get 1 points.
You press <<U>> and get 1 points.
You press <<U>> and get 1 points.
You press <<U>> and get 1 points.
You press <<U>> and get 1 points.
You press <<P>> and get 0 points.
You press <<>> and get 1 points.
You press <<",U,0.88671875,0.10595703125,-0.06640625,0.05859375,36,55303,0.953125,0.04736328125
516,reward,"In this task, you have to repeatedly choose between two slot machines labeled U and P.
You can choose a slot machine by pressing its corresponding key.When you select one of the machines, you will win 1 or 0 points.Your goal is to choose the slot machines that will give you the most points.You will receive feedback about the outcome after making a choice.
The environment may change unpredictably, and past success does not guarantee future results. You’ll need to adapt to these changes to keep finding the better machine.You will play 1 game in total, consisting of 100 trials. Game 1:You press <<U>> and get 1 points.
You press <<P>> and get 0 points.
You press <<P>> and get 0 points.
You press <<U>> and get 0 points.
You press <<U>> and get 1 points.
You press <<U>> and get 1 points.
You press <<U>> and get 1 points.
You press <<U>> and get 1 points.
You press <<U>> and get 1 points.
You press <<U>> and get 0 points.
You press <<U>> and get 1 points.
You press <<U>> and get 1 points.
You press <<U>> and get 1 points.
You press <<P>> and get 0 points.
You press <<U>> and get 1 points.
You press <<U>> and get 1 points.
You press <<U>> and get 1 points.
You press <<U>> and get 1 points.
You press <<U>> and get 1 points.
You press <<U>> and get 1 points.
You press <<P>> and get 0 points.
You press <<U>> and get 1 points.
You press <<U>> and get 1 points.
You press <<U>> and get 1 points.
You press <<U>> and get 1 points.
You press <<U>> and get 1 points.
You press <<U>> and get 1 points.
You press <<U>> and get 1 points.
You press <<U>> and get 1 points.
You press <<U>> and get 1 points.
You press <<U>> and get 1 points.
You press <<U>> and get 1 points.
You press <<U>> and get 1 points.
You press <<U>> and get 1 points.
You press <<P>> and get 0 points.
You press <<U>> and get  points.
You press <<",1,0.9140625,0.0849609375,-0.0390625,0.03759765625,36,55303,0.953125,0.04736328125
522,choice,"In this task, you have to repeatedly choose between two slot machines labeled U and P.
You can choose a slot machine by pressing its corresponding key.When you select one of the machines, you will win 1 or 0 points.Your goal is to choose the slot machines that will give you the most points.You will receive feedback about the outcome after making a choice.
The environment may change unpredictably, and past success does not guarantee future results. You’ll need to adapt to these changes to keep finding the better machine.You will play 1 game in total, consisting of 100 trials. Game 1:You press <<U>> and get 1 points.
You press <<P>> and get 0 points.
You press <<P>> and get 0 points.
You press <<U>> and get 0 points.
You press <<U>> and get 1 points.
You press <<U>> and get 1 points.
You press <<U>> and get 1 points.
You press <<U>> and get 1 points.
You press <<U>> and get 1 points.
You press <<U>> and get 0 points.
You press <<U>> and get 1 points.
You press <<U>> and get 1 points.
You press <<U>> and get 1 points.
You press <<P>> and get 0 points.
You press <<U>> and get 1 points.
You press <<U>> and get 1 points.
You press <<U>> and get 1 points.
You press <<U>> and get 1 points.
You press <<U>> and get 1 points.
You press <<U>> and get 1 points.
You press <<P>> and get 0 points.
You press <<U>> and get 1 points.
You press <<U>> and get 1 points.
You press <<U>> and get 1 points.
You press <<U>> and get 1 points.
You press <<U>> and get 1 points.
You press <<U>> and get 1 points.
You press <<U>> and get 1 points.
You press <<U>> and get 1 points.
You press <<U>> and get 1 points.
You press <<U>> and get 1 points.
You press <<U>> and get 1 points.
You press <<U>> and get 1 points.
You press <<U>> and get 1 points.
You press <<P>> and get 0 points.
You press <<U>> and get 1 points.
You press <<>> and get 1 points.
You press <<",U,0.9296875,0.0595703125,-0.0234375,0.01220703125,37,55303,0.953125,0.04736328125
527,reward,"In this task, you have to repeatedly choose between two slot machines labeled U and P.
You can choose a slot machine by pressing its corresponding key.When you select one of the machines, you will win 1 or 0 points.Your goal is to choose the slot machines that will give you the most points.You will receive feedback about the outcome after making a choice.
The environment may change unpredictably, and past success does not guarantee future results. You’ll need to adapt to these changes to keep finding the better machine.You will play 1 game in total, consisting of 100 trials. Game 1:You press <<U>> and get 1 points.
You press <<P>> and get 0 points.
You press <<P>> and get 0 points.
You press <<U>> and get 0 points.
You press <<U>> and get 1 points.
You press <<U>> and get 1 points.
You press <<U>> and get 1 points.
You press <<U>> and get 1 points.
You press <<U>> and get 1 points.
You press <<U>> and get 0 points.
You press <<U>> and get 1 points.
You press <<U>> and get 1 points.
You press <<U>> and get 1 points.
You press <<P>> and get 0 points.
You press <<U>> and get 1 points.
You press <<U>> and get 1 points.
You press <<U>> and get 1 points.
You press <<U>> and get 1 points.
You press <<U>> and get 1 points.
You press <<U>> and get 1 points.
You press <<P>> and get 0 points.
You press <<U>> and get 1 points.
You press <<U>> and get 1 points.
You press <<U>> and get 1 points.
You press <<U>> and get 1 points.
You press <<U>> and get 1 points.
You press <<U>> and get 1 points.
You press <<U>> and get 1 points.
You press <<U>> and get 1 points.
You press <<U>> and get 1 points.
You press <<U>> and get 1 points.
You press <<U>> and get 1 points.
You press <<U>> and get 1 points.
You press <<U>> and get 1 points.
You press <<P>> and get 0 points.
You press <<U>> and get 1 points.
You press <<U>> and get  points.
You press <<",1,0.89453125,0.1064453125,-0.05859375,0.05908203125,37,55303,0.953125,0.04736328125
533,choice,"In this task, you have to repeatedly choose between two slot machines labeled U and P.
You can choose a slot machine by pressing its corresponding key.When you select one of the machines, you will win 1 or 0 points.Your goal is to choose the slot machines that will give you the most points.You will receive feedback about the outcome after making a choice.
The environment may change unpredictably, and past success does not guarantee future results. You’ll need to adapt to these changes to keep finding the better machine.You will play 1 game in total, consisting of 100 trials. Game 1:You press <<U>> and get 1 points.
You press <<P>> and get 0 points.
You press <<P>> and get 0 points.
You press <<U>> and get 0 points.
You press <<U>> and get 1 points.
You press <<U>> and get 1 points.
You press <<U>> and get 1 points.
You press <<U>> and get 1 points.
You press <<U>> and get 1 points.
You press <<U>> and get 0 points.
You press <<U>> and get 1 points.
You press <<U>> and get 1 points.
You press <<U>> and get 1 points.
You press <<P>> and get 0 points.
You press <<U>> and get 1 points.
You press <<U>> and get 1 points.
You press <<U>> and get 1 points.
You press <<U>> and get 1 points.
You press <<U>> and get 1 points.
You press <<U>> and get 1 points.
You press <<P>> and get 0 points.
You press <<U>> and get 1 points.
You press <<U>> and get 1 points.
You press <<U>> and get 1 points.
You press <<U>> and get 1 points.
You press <<U>> and get 1 points.
You press <<U>> and get 1 points.
You press <<U>> and get 1 points.
You press <<U>> and get 1 points.
You press <<U>> and get 1 points.
You press <<U>> and get 1 points.
You press <<U>> and get 1 points.
You press <<U>> and get 1 points.
You press <<U>> and get 1 points.
You press <<P>> and get 0 points.
You press <<U>> and get 1 points.
You press <<U>> and get 1 points.
You press <<>> and get 1 points.
You press <<",U,0.93359375,0.0595703125,-0.02734375,0.022216796875,38,55303,0.9609375,0.037353515625
538,reward,"In this task, you have to repeatedly choose between two slot machines labeled U and P.
You can choose a slot machine by pressing its corresponding key.When you select one of the machines, you will win 1 or 0 points.Your goal is to choose the slot machines that will give you the most points.You will receive feedback about the outcome after making a choice.
The environment may change unpredictably, and past success does not guarantee future results. You’ll need to adapt to these changes to keep finding the better machine.You will play 1 game in total, consisting of 100 trials. Game 1:You press <<U>> and get 1 points.
You press <<P>> and get 0 points.
You press <<P>> and get 0 points.
You press <<U>> and get 0 points.
You press <<U>> and get 1 points.
You press <<U>> and get 1 points.
You press <<U>> and get 1 points.
You press <<U>> and get 1 points.
You press <<U>> and get 1 points.
You press <<U>> and get 0 points.
You press <<U>> and get 1 points.
You press <<U>> and get 1 points.
You press <<U>> and get 1 points.
You press <<P>> and get 0 points.
You press <<U>> and get 1 points.
You press <<U>> and get 1 points.
You press <<U>> and get 1 points.
You press <<U>> and get 1 points.
You press <<U>> and get 1 points.
You press <<U>> and get 1 points.
You press <<P>> and get 0 points.
You press <<U>> and get 1 points.
You press <<U>> and get 1 points.
You press <<U>> and get 1 points.
You press <<U>> and get 1 points.
You press <<U>> and get 1 points.
You press <<U>> and get 1 points.
You press <<U>> and get 1 points.
You press <<U>> and get 1 points.
You press <<U>> and get 1 points.
You press <<U>> and get 1 points.
You press <<U>> and get 1 points.
You press <<U>> and get 1 points.
You press <<U>> and get 1 points.
You press <<P>> and get 0 points.
You press <<U>> and get 1 points.
You press <<U>> and get 1 points.
You press <<U>> and get  points.
You press <<",1,0.87890625,0.119140625,-0.08203125,0.081787109375,38,55303,0.9609375,0.037353515625
544,choice,"In this task, you have to repeatedly choose between two slot machines labeled U and P.
You can choose a slot machine by pressing its corresponding key.When you select one of the machines, you will win 1 or 0 points.Your goal is to choose the slot machines that will give you the most points.You will receive feedback about the outcome after making a choice.
The environment may change unpredictably, and past success does not guarantee future results. You’ll need to adapt to these changes to keep finding the better machine.You will play 1 game in total, consisting of 100 trials. Game 1:You press <<U>> and get 1 points.
You press <<P>> and get 0 points.
You press <<P>> and get 0 points.
You press <<U>> and get 0 points.
You press <<U>> and get 1 points.
You press <<U>> and get 1 points.
You press <<U>> and get 1 points.
You press <<U>> and get 1 points.
You press <<U>> and get 1 points.
You press <<U>> and get 0 points.
You press <<U>> and get 1 points.
You press <<U>> and get 1 points.
You press <<U>> and get 1 points.
You press <<P>> and get 0 points.
You press <<U>> and get 1 points.
You press <<U>> and get 1 points.
You press <<U>> and get 1 points.
You press <<U>> and get 1 points.
You press <<U>> and get 1 points.
You press <<U>> and get 1 points.
You press <<P>> and get 0 points.
You press <<U>> and get 1 points.
You press <<U>> and get 1 points.
You press <<U>> and get 1 points.
You press <<U>> and get 1 points.
You press <<U>> and get 1 points.
You press <<U>> and get 1 points.
You press <<U>> and get 1 points.
You press <<U>> and get 1 points.
You press <<U>> and get 1 points.
You press <<U>> and get 1 points.
You press <<U>> and get 1 points.
You press <<U>> and get 1 points.
You press <<U>> and get 1 points.
You press <<P>> and get 0 points.
You press <<U>> and get 1 points.
You press <<U>> and get 1 points.
You press <<U>> and get 1 points.
You press <<>> and get 1 points.
You press <<",U,0.9296875,0.0595703125,-0.03125,0.022216796875,39,55303,0.9609375,0.037353515625
549,reward,"In this task, you have to repeatedly choose between two slot machines labeled U and P.
You can choose a slot machine by pressing its corresponding key.When you select one of the machines, you will win 1 or 0 points.Your goal is to choose the slot machines that will give you the most points.You will receive feedback about the outcome after making a choice.
The environment may change unpredictably, and past success does not guarantee future results. You’ll need to adapt to these changes to keep finding the better machine.You will play 1 game in total, consisting of 100 trials. Game 1:You press <<U>> and get 1 points.
You press <<P>> and get 0 points.
You press <<P>> and get 0 points.
You press <<U>> and get 0 points.
You press <<U>> and get 1 points.
You press <<U>> and get 1 points.
You press <<U>> and get 1 points.
You press <<U>> and get 1 points.
You press <<U>> and get 1 points.
You press <<U>> and get 0 points.
You press <<U>> and get 1 points.
You press <<U>> and get 1 points.
You press <<U>> and get 1 points.
You press <<P>> and get 0 points.
You press <<U>> and get 1 points.
You press <<U>> and get 1 points.
You press <<U>> and get 1 points.
You press <<U>> and get 1 points.
You press <<U>> and get 1 points.
You press <<U>> and get 1 points.
You press <<P>> and get 0 points.
You press <<U>> and get 1 points.
You press <<U>> and get 1 points.
You press <<U>> and get 1 points.
You press <<U>> and get 1 points.
You press <<U>> and get 1 points.
You press <<U>> and get 1 points.
You press <<U>> and get 1 points.
You press <<U>> and get 1 points.
You press <<U>> and get 1 points.
You press <<U>> and get 1 points.
You press <<U>> and get 1 points.
You press <<U>> and get 1 points.
You press <<U>> and get 1 points.
You press <<P>> and get 0 points.
You press <<U>> and get 1 points.
You press <<U>> and get 1 points.
You press <<U>> and get 1 points.
You press <<U>> and get  points.
You press <<",1,0.90625,0.09521484375,-0.0546875,0.057861328125,39,55303,0.9609375,0.037353515625
555,choice,"In this task, you have to repeatedly choose between two slot machines labeled U and P.
You can choose a slot machine by pressing its corresponding key.When you select one of the machines, you will win 1 or 0 points.Your goal is to choose the slot machines that will give you the most points.You will receive feedback about the outcome after making a choice.
The environment may change unpredictably, and past success does not guarantee future results. You’ll need to adapt to these changes to keep finding the better machine.You will play 1 game in total, consisting of 100 trials. Game 1:You press <<U>> and get 1 points.
You press <<P>> and get 0 points.
You press <<P>> and get 0 points.
You press <<U>> and get 0 points.
You press <<U>> and get 1 points.
You press <<U>> and get 1 points.
You press <<U>> and get 1 points.
You press <<U>> and get 1 points.
You press <<U>> and get 1 points.
You press <<U>> and get 0 points.
You press <<U>> and get 1 points.
You press <<U>> and get 1 points.
You press <<U>> and get 1 points.
You press <<P>> and get 0 points.
You press <<U>> and get 1 points.
You press <<U>> and get 1 points.
You press <<U>> and get 1 points.
You press <<U>> and get 1 points.
You press <<U>> and get 1 points.
You press <<U>> and get 1 points.
You press <<P>> and get 0 points.
You press <<U>> and get 1 points.
You press <<U>> and get 1 points.
You press <<U>> and get 1 points.
You press <<U>> and get 1 points.
You press <<U>> and get 1 points.
You press <<U>> and get 1 points.
You press <<U>> and get 1 points.
You press <<U>> and get 1 points.
You press <<U>> and get 1 points.
You press <<U>> and get 1 points.
You press <<U>> and get 1 points.
You press <<U>> and get 1 points.
You press <<U>> and get 1 points.
You press <<P>> and get 0 points.
You press <<U>> and get 1 points.
You press <<U>> and get 1 points.
You press <<U>> and get 1 points.
You press <<U>> and get 1 points.
You press <<>> and get 1 points.
You press <<",U,0.94140625,0.052978515625,-0.01953125,0.015625,40,55303,0.9609375,0.037353515625
560,reward,"In this task, you have to repeatedly choose between two slot machines labeled U and P.
You can choose a slot machine by pressing its corresponding key.When you select one of the machines, you will win 1 or 0 points.Your goal is to choose the slot machines that will give you the most points.You will receive feedback about the outcome after making a choice.
The environment may change unpredictably, and past success does not guarantee future results. You’ll need to adapt to these changes to keep finding the better machine.You will play 1 game in total, consisting of 100 trials. Game 1:You press <<U>> and get 1 points.
You press <<P>> and get 0 points.
You press <<P>> and get 0 points.
You press <<U>> and get 0 points.
You press <<U>> and get 1 points.
You press <<U>> and get 1 points.
You press <<U>> and get 1 points.
You press <<U>> and get 1 points.
You press <<U>> and get 1 points.
You press <<U>> and get 0 points.
You press <<U>> and get 1 points.
You press <<U>> and get 1 points.
You press <<U>> and get 1 points.
You press <<P>> and get 0 points.
You press <<U>> and get 1 points.
You press <<U>> and get 1 points.
You press <<U>> and get 1 points.
You press <<U>> and get 1 points.
You press <<U>> and get 1 points.
You press <<U>> and get 1 points.
You press <<P>> and get 0 points.
You press <<U>> and get 1 points.
You press <<U>> and get 1 points.
You press <<U>> and get 1 points.
You press <<U>> and get 1 points.
You press <<U>> and get 1 points.
You press <<U>> and get 1 points.
You press <<U>> and get 1 points.
You press <<U>> and get 1 points.
You press <<U>> and get 1 points.
You press <<U>> and get 1 points.
You press <<U>> and get 1 points.
You press <<U>> and get 1 points.
You press <<U>> and get 1 points.
You press <<P>> and get 0 points.
You press <<U>> and get 1 points.
You press <<U>> and get 1 points.
You press <<U>> and get 1 points.
You press <<U>> and get 1 points.
You press <<U>> and get  points.
You press <<",1,0.90625,0.09521484375,-0.0546875,0.057861328125,40,55303,0.9609375,0.037353515625
566,choice,"In this task, you have to repeatedly choose between two slot machines labeled U and P.
You can choose a slot machine by pressing its corresponding key.When you select one of the machines, you will win 1 or 0 points.Your goal is to choose the slot machines that will give you the most points.You will receive feedback about the outcome after making a choice.
The environment may change unpredictably, and past success does not guarantee future results. You’ll need to adapt to these changes to keep finding the better machine.You will play 1 game in total, consisting of 100 trials. Game 1:You press <<U>> and get 1 points.
You press <<P>> and get 0 points.
You press <<P>> and get 0 points.
You press <<U>> and get 0 points.
You press <<U>> and get 1 points.
You press <<U>> and get 1 points.
You press <<U>> and get 1 points.
You press <<U>> and get 1 points.
You press <<U>> and get 1 points.
You press <<U>> and get 0 points.
You press <<U>> and get 1 points.
You press <<U>> and get 1 points.
You press <<U>> and get 1 points.
You press <<P>> and get 0 points.
You press <<U>> and get 1 points.
You press <<U>> and get 1 points.
You press <<U>> and get 1 points.
You press <<U>> and get 1 points.
You press <<U>> and get 1 points.
You press <<U>> and get 1 points.
You press <<P>> and get 0 points.
You press <<U>> and get 1 points.
You press <<U>> and get 1 points.
You press <<U>> and get 1 points.
You press <<U>> and get 1 points.
You press <<U>> and get 1 points.
You press <<U>> and get 1 points.
You press <<U>> and get 1 points.
You press <<U>> and get 1 points.
You press <<U>> and get 1 points.
You press <<U>> and get 1 points.
You press <<U>> and get 1 points.
You press <<U>> and get 1 points.
You press <<U>> and get 1 points.
You press <<P>> and get 0 points.
You press <<U>> and get 1 points.
You press <<U>> and get 1 points.
You press <<U>> and get 1 points.
You press <<U>> and get 1 points.
You press <<U>> and get 1 points.
You press <<>> and get 1 points.
You press <<",U,0.92578125,0.06689453125,-0.02734375,0.01953125,41,55303,0.953125,0.04736328125
571,reward,"In this task, you have to repeatedly choose between two slot machines labeled U and P.
You can choose a slot machine by pressing its corresponding key.When you select one of the machines, you will win 1 or 0 points.Your goal is to choose the slot machines that will give you the most points.You will receive feedback about the outcome after making a choice.
The environment may change unpredictably, and past success does not guarantee future results. You’ll need to adapt to these changes to keep finding the better machine.You will play 1 game in total, consisting of 100 trials. Game 1:You press <<U>> and get 1 points.
You press <<P>> and get 0 points.
You press <<P>> and get 0 points.
You press <<U>> and get 0 points.
You press <<U>> and get 1 points.
You press <<U>> and get 1 points.
You press <<U>> and get 1 points.
You press <<U>> and get 1 points.
You press <<U>> and get 1 points.
You press <<U>> and get 0 points.
You press <<U>> and get 1 points.
You press <<U>> and get 1 points.
You press <<U>> and get 1 points.
You press <<P>> and get 0 points.
You press <<U>> and get 1 points.
You press <<U>> and get 1 points.
You press <<U>> and get 1 points.
You press <<U>> and get 1 points.
You press <<U>> and get 1 points.
You press <<U>> and get 1 points.
You press <<P>> and get 0 points.
You press <<U>> and get 1 points.
You press <<U>> and get 1 points.
You press <<U>> and get 1 points.
You press <<U>> and get 1 points.
You press <<U>> and get 1 points.
You press <<U>> and get 1 points.
You press <<U>> and get 1 points.
You press <<U>> and get 1 points.
You press <<U>> and get 1 points.
You press <<U>> and get 1 points.
You press <<U>> and get 1 points.
You press <<U>> and get 1 points.
You press <<U>> and get 1 points.
You press <<P>> and get 0 points.
You press <<U>> and get 1 points.
You press <<U>> and get 1 points.
You press <<U>> and get 1 points.
You press <<U>> and get 1 points.
You press <<U>> and get 1 points.
You press <<U>> and get  points.
You press <<",1,0.87890625,0.119140625,-0.07421875,0.07177734375,41,55303,0.953125,0.04736328125
577,choice,"In this task, you have to repeatedly choose between two slot machines labeled U and P.
You can choose a slot machine by pressing its corresponding key.When you select one of the machines, you will win 1 or 0 points.Your goal is to choose the slot machines that will give you the most points.You will receive feedback about the outcome after making a choice.
The environment may change unpredictably, and past success does not guarantee future results. You’ll need to adapt to these changes to keep finding the better machine.You will play 1 game in total, consisting of 100 trials. Game 1:You press <<U>> and get 1 points.
You press <<P>> and get 0 points.
You press <<P>> and get 0 points.
You press <<U>> and get 0 points.
You press <<U>> and get 1 points.
You press <<U>> and get 1 points.
You press <<U>> and get 1 points.
You press <<U>> and get 1 points.
You press <<U>> and get 1 points.
You press <<U>> and get 0 points.
You press <<U>> and get 1 points.
You press <<U>> and get 1 points.
You press <<U>> and get 1 points.
You press <<P>> and get 0 points.
You press <<U>> and get 1 points.
You press <<U>> and get 1 points.
You press <<U>> and get 1 points.
You press <<U>> and get 1 points.
You press <<U>> and get 1 points.
You press <<U>> and get 1 points.
You press <<P>> and get 0 points.
You press <<U>> and get 1 points.
You press <<U>> and get 1 points.
You press <<U>> and get 1 points.
You press <<U>> and get 1 points.
You press <<U>> and get 1 points.
You press <<U>> and get 1 points.
You press <<U>> and get 1 points.
You press <<U>> and get 1 points.
You press <<U>> and get 1 points.
You press <<U>> and get 1 points.
You press <<U>> and get 1 points.
You press <<U>> and get 1 points.
You press <<U>> and get 1 points.
You press <<P>> and get 0 points.
You press <<U>> and get 1 points.
You press <<U>> and get 1 points.
You press <<U>> and get 1 points.
You press <<U>> and get 1 points.
You press <<U>> and get 1 points.
You press <<U>> and get 1 points.
You press <<>> and get 1 points.
You press <<",U,0.9140625,0.0751953125,-0.0390625,0.02783203125,42,55303,0.953125,0.04736328125
582,reward,"In this task, you have to repeatedly choose between two slot machines labeled U and P.
You can choose a slot machine by pressing its corresponding key.When you select one of the machines, you will win 1 or 0 points.Your goal is to choose the slot machines that will give you the most points.You will receive feedback about the outcome after making a choice.
The environment may change unpredictably, and past success does not guarantee future results. You’ll need to adapt to these changes to keep finding the better machine.You will play 1 game in total, consisting of 100 trials. Game 1:You press <<U>> and get 1 points.
You press <<P>> and get 0 points.
You press <<P>> and get 0 points.
You press <<U>> and get 0 points.
You press <<U>> and get 1 points.
You press <<U>> and get 1 points.
You press <<U>> and get 1 points.
You press <<U>> and get 1 points.
You press <<U>> and get 1 points.
You press <<U>> and get 0 points.
You press <<U>> and get 1 points.
You press <<U>> and get 1 points.
You press <<U>> and get 1 points.
You press <<P>> and get 0 points.
You press <<U>> and get 1 points.
You press <<U>> and get 1 points.
You press <<U>> and get 1 points.
You press <<U>> and get 1 points.
You press <<U>> and get 1 points.
You press <<U>> and get 1 points.
You press <<P>> and get 0 points.
You press <<U>> and get 1 points.
You press <<U>> and get 1 points.
You press <<U>> and get 1 points.
You press <<U>> and get 1 points.
You press <<U>> and get 1 points.
You press <<U>> and get 1 points.
You press <<U>> and get 1 points.
You press <<U>> and get 1 points.
You press <<U>> and get 1 points.
You press <<U>> and get 1 points.
You press <<U>> and get 1 points.
You press <<U>> and get 1 points.
You press <<U>> and get 1 points.
You press <<P>> and get 0 points.
You press <<U>> and get 1 points.
You press <<U>> and get 1 points.
You press <<U>> and get 1 points.
You press <<U>> and get 1 points.
You press <<U>> and get 1 points.
You press <<U>> and get 1 points.
You press <<U>> and get  points.
You press <<",1,0.87890625,0.119140625,-0.07421875,0.07177734375,42,55303,0.953125,0.04736328125
588,choice,"In this task, you have to repeatedly choose between two slot machines labeled U and P.
You can choose a slot machine by pressing its corresponding key.When you select one of the machines, you will win 1 or 0 points.Your goal is to choose the slot machines that will give you the most points.You will receive feedback about the outcome after making a choice.
The environment may change unpredictably, and past success does not guarantee future results. You’ll need to adapt to these changes to keep finding the better machine.You will play 1 game in total, consisting of 100 trials. Game 1:You press <<U>> and get 1 points.
You press <<P>> and get 0 points.
You press <<P>> and get 0 points.
You press <<U>> and get 0 points.
You press <<U>> and get 1 points.
You press <<U>> and get 1 points.
You press <<U>> and get 1 points.
You press <<U>> and get 1 points.
You press <<U>> and get 1 points.
You press <<U>> and get 0 points.
You press <<U>> and get 1 points.
You press <<U>> and get 1 points.
You press <<U>> and get 1 points.
You press <<P>> and get 0 points.
You press <<U>> and get 1 points.
You press <<U>> and get 1 points.
You press <<U>> and get 1 points.
You press <<U>> and get 1 points.
You press <<U>> and get 1 points.
You press <<U>> and get 1 points.
You press <<P>> and get 0 points.
You press <<U>> and get 1 points.
You press <<U>> and get 1 points.
You press <<U>> and get 1 points.
You press <<U>> and get 1 points.
You press <<U>> and get 1 points.
You press <<U>> and get 1 points.
You press <<U>> and get 1 points.
You press <<U>> and get 1 points.
You press <<U>> and get 1 points.
You press <<U>> and get 1 points.
You press <<U>> and get 1 points.
You press <<U>> and get 1 points.
You press <<U>> and get 1 points.
You press <<P>> and get 0 points.
You press <<U>> and get 1 points.
You press <<U>> and get 1 points.
You press <<U>> and get 1 points.
You press <<U>> and get 1 points.
You press <<U>> and get 1 points.
You press <<U>> and get 1 points.
You press <<U>> and get 1 points.
You press <<>> and get 1 points.
You press <<",U,0.93359375,0.0595703125,-0.02734375,0.022216796875,43,55303,0.9609375,0.037353515625
593,reward,"In this task, you have to repeatedly choose between two slot machines labeled U and P.
You can choose a slot machine by pressing its corresponding key.When you select one of the machines, you will win 1 or 0 points.Your goal is to choose the slot machines that will give you the most points.You will receive feedback about the outcome after making a choice.
The environment may change unpredictably, and past success does not guarantee future results. You’ll need to adapt to these changes to keep finding the better machine.You will play 1 game in total, consisting of 100 trials. Game 1:You press <<U>> and get 1 points.
You press <<P>> and get 0 points.
You press <<P>> and get 0 points.
You press <<U>> and get 0 points.
You press <<U>> and get 1 points.
You press <<U>> and get 1 points.
You press <<U>> and get 1 points.
You press <<U>> and get 1 points.
You press <<U>> and get 1 points.
You press <<U>> and get 0 points.
You press <<U>> and get 1 points.
You press <<U>> and get 1 points.
You press <<U>> and get 1 points.
You press <<P>> and get 0 points.
You press <<U>> and get 1 points.
You press <<U>> and get 1 points.
You press <<U>> and get 1 points.
You press <<U>> and get 1 points.
You press <<U>> and get 1 points.
You press <<U>> and get 1 points.
You press <<P>> and get 0 points.
You press <<U>> and get 1 points.
You press <<U>> and get 1 points.
You press <<U>> and get 1 points.
You press <<U>> and get 1 points.
You press <<U>> and get 1 points.
You press <<U>> and get 1 points.
You press <<U>> and get 1 points.
You press <<U>> and get 1 points.
You press <<U>> and get 1 points.
You press <<U>> and get 1 points.
You press <<U>> and get 1 points.
You press <<U>> and get 1 points.
You press <<U>> and get 1 points.
You press <<P>> and get 0 points.
You press <<U>> and get 1 points.
You press <<U>> and get 1 points.
You press <<U>> and get 1 points.
You press <<U>> and get 1 points.
You press <<U>> and get 1 points.
You press <<U>> and get 1 points.
You press <<U>> and get 1 points.
You press <<U>> and get  points.
You press <<",1,0.87890625,0.119140625,-0.08203125,0.081787109375,43,55303,0.9609375,0.037353515625
599,choice,"In this task, you have to repeatedly choose between two slot machines labeled U and P.
You can choose a slot machine by pressing its corresponding key.When you select one of the machines, you will win 1 or 0 points.Your goal is to choose the slot machines that will give you the most points.You will receive feedback about the outcome after making a choice.
The environment may change unpredictably, and past success does not guarantee future results. You’ll need to adapt to these changes to keep finding the better machine.You will play 1 game in total, consisting of 100 trials. Game 1:You press <<U>> and get 1 points.
You press <<P>> and get 0 points.
You press <<P>> and get 0 points.
You press <<U>> and get 0 points.
You press <<U>> and get 1 points.
You press <<U>> and get 1 points.
You press <<U>> and get 1 points.
You press <<U>> and get 1 points.
You press <<U>> and get 1 points.
You press <<U>> and get 0 points.
You press <<U>> and get 1 points.
You press <<U>> and get 1 points.
You press <<U>> and get 1 points.
You press <<P>> and get 0 points.
You press <<U>> and get 1 points.
You press <<U>> and get 1 points.
You press <<U>> and get 1 points.
You press <<U>> and get 1 points.
You press <<U>> and get 1 points.
You press <<U>> and get 1 points.
You press <<P>> and get 0 points.
You press <<U>> and get 1 points.
You press <<U>> and get 1 points.
You press <<U>> and get 1 points.
You press <<U>> and get 1 points.
You press <<U>> and get 1 points.
You press <<U>> and get 1 points.
You press <<U>> and get 1 points.
You press <<U>> and get 1 points.
You press <<U>> and get 1 points.
You press <<U>> and get 1 points.
You press <<U>> and get 1 points.
You press <<U>> and get 1 points.
You press <<U>> and get 1 points.
You press <<P>> and get 0 points.
You press <<U>> and get 1 points.
You press <<U>> and get 1 points.
You press <<U>> and get 1 points.
You press <<U>> and get 1 points.
You press <<U>> and get 1 points.
You press <<U>> and get 1 points.
You press <<U>> and get 1 points.
You press <<U>> and get 1 points.
You press <<>> and get 1 points.
You press <<",U,0.93359375,0.0595703125,-0.02734375,0.022216796875,44,55303,0.9609375,0.037353515625
604,reward,"In this task, you have to repeatedly choose between two slot machines labeled U and P.
You can choose a slot machine by pressing its corresponding key.When you select one of the machines, you will win 1 or 0 points.Your goal is to choose the slot machines that will give you the most points.You will receive feedback about the outcome after making a choice.
The environment may change unpredictably, and past success does not guarantee future results. You’ll need to adapt to these changes to keep finding the better machine.You will play 1 game in total, consisting of 100 trials. Game 1:You press <<U>> and get 1 points.
You press <<P>> and get 0 points.
You press <<P>> and get 0 points.
You press <<U>> and get 0 points.
You press <<U>> and get 1 points.
You press <<U>> and get 1 points.
You press <<U>> and get 1 points.
You press <<U>> and get 1 points.
You press <<U>> and get 1 points.
You press <<U>> and get 0 points.
You press <<U>> and get 1 points.
You press <<U>> and get 1 points.
You press <<U>> and get 1 points.
You press <<P>> and get 0 points.
You press <<U>> and get 1 points.
You press <<U>> and get 1 points.
You press <<U>> and get 1 points.
You press <<U>> and get 1 points.
You press <<U>> and get 1 points.
You press <<U>> and get 1 points.
You press <<P>> and get 0 points.
You press <<U>> and get 1 points.
You press <<U>> and get 1 points.
You press <<U>> and get 1 points.
You press <<U>> and get 1 points.
You press <<U>> and get 1 points.
You press <<U>> and get 1 points.
You press <<U>> and get 1 points.
You press <<U>> and get 1 points.
You press <<U>> and get 1 points.
You press <<U>> and get 1 points.
You press <<U>> and get 1 points.
You press <<U>> and get 1 points.
You press <<U>> and get 1 points.
You press <<P>> and get 0 points.
You press <<U>> and get 1 points.
You press <<U>> and get 1 points.
You press <<U>> and get 1 points.
You press <<U>> and get 1 points.
You press <<U>> and get 1 points.
You press <<U>> and get 1 points.
You press <<U>> and get 1 points.
You press <<U>> and get 1 points.
You press <<U>> and get  points.
You press <<",1,0.87890625,0.119140625,-0.08203125,0.081787109375,44,55303,0.9609375,0.037353515625
610,choice,"In this task, you have to repeatedly choose between two slot machines labeled U and P.
You can choose a slot machine by pressing its corresponding key.When you select one of the machines, you will win 1 or 0 points.Your goal is to choose the slot machines that will give you the most points.You will receive feedback about the outcome after making a choice.
The environment may change unpredictably, and past success does not guarantee future results. You’ll need to adapt to these changes to keep finding the better machine.You will play 1 game in total, consisting of 100 trials. Game 1:You press <<U>> and get 1 points.
You press <<P>> and get 0 points.
You press <<P>> and get 0 points.
You press <<U>> and get 0 points.
You press <<U>> and get 1 points.
You press <<U>> and get 1 points.
You press <<U>> and get 1 points.
You press <<U>> and get 1 points.
You press <<U>> and get 1 points.
You press <<U>> and get 0 points.
You press <<U>> and get 1 points.
You press <<U>> and get 1 points.
You press <<U>> and get 1 points.
You press <<P>> and get 0 points.
You press <<U>> and get 1 points.
You press <<U>> and get 1 points.
You press <<U>> and get 1 points.
You press <<U>> and get 1 points.
You press <<U>> and get 1 points.
You press <<U>> and get 1 points.
You press <<P>> and get 0 points.
You press <<U>> and get 1 points.
You press <<U>> and get 1 points.
You press <<U>> and get 1 points.
You press <<U>> and get 1 points.
You press <<U>> and get 1 points.
You press <<U>> and get 1 points.
You press <<U>> and get 1 points.
You press <<U>> and get 1 points.
You press <<U>> and get 1 points.
You press <<U>> and get 1 points.
You press <<U>> and get 1 points.
You press <<U>> and get 1 points.
You press <<U>> and get 1 points.
You press <<P>> and get 0 points.
You press <<U>> and get 1 points.
You press <<U>> and get 1 points.
You press <<U>> and get 1 points.
You press <<U>> and get 1 points.
You press <<U>> and get 1 points.
You press <<U>> and get 1 points.
You press <<U>> and get 1 points.
You press <<U>> and get 1 points.
You press <<U>> and get 1 points.
You press <<>> and get 1 points.
You press <<",U,0.921875,0.06689453125,-0.03125,0.01953125,45,55303,0.953125,0.04736328125
615,reward,"In this task, you have to repeatedly choose between two slot machines labeled U and P.
You can choose a slot machine by pressing its corresponding key.When you select one of the machines, you will win 1 or 0 points.Your goal is to choose the slot machines that will give you the most points.You will receive feedback about the outcome after making a choice.
The environment may change unpredictably, and past success does not guarantee future results. You’ll need to adapt to these changes to keep finding the better machine.You will play 1 game in total, consisting of 100 trials. Game 1:You press <<U>> and get 1 points.
You press <<P>> and get 0 points.
You press <<P>> and get 0 points.
You press <<U>> and get 0 points.
You press <<U>> and get 1 points.
You press <<U>> and get 1 points.
You press <<U>> and get 1 points.
You press <<U>> and get 1 points.
You press <<U>> and get 1 points.
You press <<U>> and get 0 points.
You press <<U>> and get 1 points.
You press <<U>> and get 1 points.
You press <<U>> and get 1 points.
You press <<P>> and get 0 points.
You press <<U>> and get 1 points.
You press <<U>> and get 1 points.
You press <<U>> and get 1 points.
You press <<U>> and get 1 points.
You press <<U>> and get 1 points.
You press <<U>> and get 1 points.
You press <<P>> and get 0 points.
You press <<U>> and get 1 points.
You press <<U>> and get 1 points.
You press <<U>> and get 1 points.
You press <<U>> and get 1 points.
You press <<U>> and get 1 points.
You press <<U>> and get 1 points.
You press <<U>> and get 1 points.
You press <<U>> and get 1 points.
You press <<U>> and get 1 points.
You press <<U>> and get 1 points.
You press <<U>> and get 1 points.
You press <<U>> and get 1 points.
You press <<U>> and get 1 points.
You press <<P>> and get 0 points.
You press <<U>> and get 1 points.
You press <<U>> and get 1 points.
You press <<U>> and get 1 points.
You press <<U>> and get 1 points.
You press <<U>> and get 1 points.
You press <<U>> and get 1 points.
You press <<U>> and get 1 points.
You press <<U>> and get 1 points.
You press <<U>> and get 1 points.
You press <<U>> and get  points.
You press <<",1,0.8515625,0.1484375,-0.1015625,0.10107421875,45,55303,0.953125,0.04736328125
621,choice,"In this task, you have to repeatedly choose between two slot machines labeled U and P.
You can choose a slot machine by pressing its corresponding key.When you select one of the machines, you will win 1 or 0 points.Your goal is to choose the slot machines that will give you the most points.You will receive feedback about the outcome after making a choice.
The environment may change unpredictably, and past success does not guarantee future results. You’ll need to adapt to these changes to keep finding the better machine.You will play 1 game in total, consisting of 100 trials. Game 1:You press <<U>> and get 1 points.
You press <<P>> and get 0 points.
You press <<P>> and get 0 points.
You press <<U>> and get 0 points.
You press <<U>> and get 1 points.
You press <<U>> and get 1 points.
You press <<U>> and get 1 points.
You press <<U>> and get 1 points.
You press <<U>> and get 1 points.
You press <<U>> and get 0 points.
You press <<U>> and get 1 points.
You press <<U>> and get 1 points.
You press <<U>> and get 1 points.
You press <<P>> and get 0 points.
You press <<U>> and get 1 points.
You press <<U>> and get 1 points.
You press <<U>> and get 1 points.
You press <<U>> and get 1 points.
You press <<U>> and get 1 points.
You press <<U>> and get 1 points.
You press <<P>> and get 0 points.
You press <<U>> and get 1 points.
You press <<U>> and get 1 points.
You press <<U>> and get 1 points.
You press <<U>> and get 1 points.
You press <<U>> and get 1 points.
You press <<U>> and get 1 points.
You press <<U>> and get 1 points.
You press <<U>> and get 1 points.
You press <<U>> and get 1 points.
You press <<U>> and get 1 points.
You press <<U>> and get 1 points.
You press <<U>> and get 1 points.
You press <<U>> and get 1 points.
You press <<P>> and get 0 points.
You press <<U>> and get 1 points.
You press <<U>> and get 1 points.
You press <<U>> and get 1 points.
You press <<U>> and get 1 points.
You press <<U>> and get 1 points.
You press <<U>> and get 1 points.
You press <<U>> and get 1 points.
You press <<U>> and get 1 points.
You press <<U>> and get 1 points.
You press <<U>> and get 1 points.
You press <<>> and get 1 points.
You press <<",U,0.9140625,0.0751953125,-0.02734375,0.01513671875,46,55303,0.94140625,0.06005859375
626,reward,"In this task, you have to repeatedly choose between two slot machines labeled U and P.
You can choose a slot machine by pressing its corresponding key.When you select one of the machines, you will win 1 or 0 points.Your goal is to choose the slot machines that will give you the most points.You will receive feedback about the outcome after making a choice.
The environment may change unpredictably, and past success does not guarantee future results. You’ll need to adapt to these changes to keep finding the better machine.You will play 1 game in total, consisting of 100 trials. Game 1:You press <<U>> and get 1 points.
You press <<P>> and get 0 points.
You press <<P>> and get 0 points.
You press <<U>> and get 0 points.
You press <<U>> and get 1 points.
You press <<U>> and get 1 points.
You press <<U>> and get 1 points.
You press <<U>> and get 1 points.
You press <<U>> and get 1 points.
You press <<U>> and get 0 points.
You press <<U>> and get 1 points.
You press <<U>> and get 1 points.
You press <<U>> and get 1 points.
You press <<P>> and get 0 points.
You press <<U>> and get 1 points.
You press <<U>> and get 1 points.
You press <<U>> and get 1 points.
You press <<U>> and get 1 points.
You press <<U>> and get 1 points.
You press <<U>> and get 1 points.
You press <<P>> and get 0 points.
You press <<U>> and get 1 points.
You press <<U>> and get 1 points.
You press <<U>> and get 1 points.
You press <<U>> and get 1 points.
You press <<U>> and get 1 points.
You press <<U>> and get 1 points.
You press <<U>> and get 1 points.
You press <<U>> and get 1 points.
You press <<U>> and get 1 points.
You press <<U>> and get 1 points.
You press <<U>> and get 1 points.
You press <<U>> and get 1 points.
You press <<U>> and get 1 points.
You press <<P>> and get 0 points.
You press <<U>> and get 1 points.
You press <<U>> and get 1 points.
You press <<U>> and get 1 points.
You press <<U>> and get 1 points.
You press <<U>> and get 1 points.
You press <<U>> and get 1 points.
You press <<U>> and get 1 points.
You press <<U>> and get 1 points.
You press <<U>> and get 1 points.
You press <<U>> and get 1 points.
You press <<U>> and get  points.
You press <<",1,0.8515625,0.1484375,-0.08984375,0.08837890625,46,55303,0.94140625,0.06005859375
632,choice,"In this task, you have to repeatedly choose between two slot machines labeled U and P.
You can choose a slot machine by pressing its corresponding key.When you select one of the machines, you will win 1 or 0 points.Your goal is to choose the slot machines that will give you the most points.You will receive feedback about the outcome after making a choice.
The environment may change unpredictably, and past success does not guarantee future results. You’ll need to adapt to these changes to keep finding the better machine.You will play 1 game in total, consisting of 100 trials. Game 1:You press <<U>> and get 1 points.
You press <<P>> and get 0 points.
You press <<P>> and get 0 points.
You press <<U>> and get 0 points.
You press <<U>> and get 1 points.
You press <<U>> and get 1 points.
You press <<U>> and get 1 points.
You press <<U>> and get 1 points.
You press <<U>> and get 1 points.
You press <<U>> and get 0 points.
You press <<U>> and get 1 points.
You press <<U>> and get 1 points.
You press <<U>> and get 1 points.
You press <<P>> and get 0 points.
You press <<U>> and get 1 points.
You press <<U>> and get 1 points.
You press <<U>> and get 1 points.
You press <<U>> and get 1 points.
You press <<U>> and get 1 points.
You press <<U>> and get 1 points.
You press <<P>> and get 0 points.
You press <<U>> and get 1 points.
You press <<U>> and get 1 points.
You press <<U>> and get 1 points.
You press <<U>> and get 1 points.
You press <<U>> and get 1 points.
You press <<U>> and get 1 points.
You press <<U>> and get 1 points.
You press <<U>> and get 1 points.
You press <<U>> and get 1 points.
You press <<U>> and get 1 points.
You press <<U>> and get 1 points.
You press <<U>> and get 1 points.
You press <<U>> and get 1 points.
You press <<P>> and get 0 points.
You press <<U>> and get 1 points.
You press <<U>> and get 1 points.
You press <<U>> and get 1 points.
You press <<U>> and get 1 points.
You press <<U>> and get 1 points.
You press <<U>> and get 1 points.
You press <<U>> and get 1 points.
You press <<U>> and get 1 points.
You press <<U>> and get 1 points.
You press <<U>> and get 1 points.
You press <<U>> and get 1 points.
You press <<>> and get 1 points.
You press <<",U,0.9140625,0.0751953125,-0.02734375,0.01513671875,47,55303,0.94140625,0.06005859375
637,reward,"In this task, you have to repeatedly choose between two slot machines labeled U and P.
You can choose a slot machine by pressing its corresponding key.When you select one of the machines, you will win 1 or 0 points.Your goal is to choose the slot machines that will give you the most points.You will receive feedback about the outcome after making a choice.
The environment may change unpredictably, and past success does not guarantee future results. You’ll need to adapt to these changes to keep finding the better machine.You will play 1 game in total, consisting of 100 trials. Game 1:You press <<U>> and get 1 points.
You press <<P>> and get 0 points.
You press <<P>> and get 0 points.
You press <<U>> and get 0 points.
You press <<U>> and get 1 points.
You press <<U>> and get 1 points.
You press <<U>> and get 1 points.
You press <<U>> and get 1 points.
You press <<U>> and get 1 points.
You press <<U>> and get 0 points.
You press <<U>> and get 1 points.
You press <<U>> and get 1 points.
You press <<U>> and get 1 points.
You press <<P>> and get 0 points.
You press <<U>> and get 1 points.
You press <<U>> and get 1 points.
You press <<U>> and get 1 points.
You press <<U>> and get 1 points.
You press <<U>> and get 1 points.
You press <<U>> and get 1 points.
You press <<P>> and get 0 points.
You press <<U>> and get 1 points.
You press <<U>> and get 1 points.
You press <<U>> and get 1 points.
You press <<U>> and get 1 points.
You press <<U>> and get 1 points.
You press <<U>> and get 1 points.
You press <<U>> and get 1 points.
You press <<U>> and get 1 points.
You press <<U>> and get 1 points.
You press <<U>> and get 1 points.
You press <<U>> and get 1 points.
You press <<U>> and get 1 points.
You press <<U>> and get 1 points.
You press <<P>> and get 0 points.
You press <<U>> and get 1 points.
You press <<U>> and get 1 points.
You press <<U>> and get 1 points.
You press <<U>> and get 1 points.
You press <<U>> and get 1 points.
You press <<U>> and get 1 points.
You press <<U>> and get 1 points.
You press <<U>> and get 1 points.
You press <<U>> and get 1 points.
You press <<U>> and get 1 points.
You press <<U>> and get 1 points.
You press <<U>> and get  points.
You press <<",1,0.8515625,0.1484375,-0.08984375,0.08837890625,47,55303,0.94140625,0.06005859375
643,choice,"In this task, you have to repeatedly choose between two slot machines labeled U and P.
You can choose a slot machine by pressing its corresponding key.When you select one of the machines, you will win 1 or 0 points.Your goal is to choose the slot machines that will give you the most points.You will receive feedback about the outcome after making a choice.
The environment may change unpredictably, and past success does not guarantee future results. You’ll need to adapt to these changes to keep finding the better machine.You will play 1 game in total, consisting of 100 trials. Game 1:You press <<U>> and get 1 points.
You press <<P>> and get 0 points.
You press <<P>> and get 0 points.
You press <<U>> and get 0 points.
You press <<U>> and get 1 points.
You press <<U>> and get 1 points.
You press <<U>> and get 1 points.
You press <<U>> and get 1 points.
You press <<U>> and get 1 points.
You press <<U>> and get 0 points.
You press <<U>> and get 1 points.
You press <<U>> and get 1 points.
You press <<U>> and get 1 points.
You press <<P>> and get 0 points.
You press <<U>> and get 1 points.
You press <<U>> and get 1 points.
You press <<U>> and get 1 points.
You press <<U>> and get 1 points.
You press <<U>> and get 1 points.
You press <<U>> and get 1 points.
You press <<P>> and get 0 points.
You press <<U>> and get 1 points.
You press <<U>> and get 1 points.
You press <<U>> and get 1 points.
You press <<U>> and get 1 points.
You press <<U>> and get 1 points.
You press <<U>> and get 1 points.
You press <<U>> and get 1 points.
You press <<U>> and get 1 points.
You press <<U>> and get 1 points.
You press <<U>> and get 1 points.
You press <<U>> and get 1 points.
You press <<U>> and get 1 points.
You press <<U>> and get 1 points.
You press <<P>> and get 0 points.
You press <<U>> and get 1 points.
You press <<U>> and get 1 points.
You press <<U>> and get 1 points.
You press <<U>> and get 1 points.
You press <<U>> and get 1 points.
You press <<U>> and get 1 points.
You press <<U>> and get 1 points.
You press <<U>> and get 1 points.
You press <<U>> and get 1 points.
You press <<U>> and get 1 points.
You press <<U>> and get 1 points.
You press <<U>> and get 1 points.
You press <<>> and get 0 points.
You press <<",P,0.8515625,0.1474609375,-0.0546875,0.05224609375,48,55303,0.90625,0.09521484375
648,reward,"In this task, you have to repeatedly choose between two slot machines labeled U and P.
You can choose a slot machine by pressing its corresponding key.When you select one of the machines, you will win 1 or 0 points.Your goal is to choose the slot machines that will give you the most points.You will receive feedback about the outcome after making a choice.
The environment may change unpredictably, and past success does not guarantee future results. You’ll need to adapt to these changes to keep finding the better machine.You will play 1 game in total, consisting of 100 trials. Game 1:You press <<U>> and get 1 points.
You press <<P>> and get 0 points.
You press <<P>> and get 0 points.
You press <<U>> and get 0 points.
You press <<U>> and get 1 points.
You press <<U>> and get 1 points.
You press <<U>> and get 1 points.
You press <<U>> and get 1 points.
You press <<U>> and get 1 points.
You press <<U>> and get 0 points.
You press <<U>> and get 1 points.
You press <<U>> and get 1 points.
You press <<U>> and get 1 points.
You press <<P>> and get 0 points.
You press <<U>> and get 1 points.
You press <<U>> and get 1 points.
You press <<U>> and get 1 points.
You press <<U>> and get 1 points.
You press <<U>> and get 1 points.
You press <<U>> and get 1 points.
You press <<P>> and get 0 points.
You press <<U>> and get 1 points.
You press <<U>> and get 1 points.
You press <<U>> and get 1 points.
You press <<U>> and get 1 points.
You press <<U>> and get 1 points.
You press <<U>> and get 1 points.
You press <<U>> and get 1 points.
You press <<U>> and get 1 points.
You press <<U>> and get 1 points.
You press <<U>> and get 1 points.
You press <<U>> and get 1 points.
You press <<U>> and get 1 points.
You press <<U>> and get 1 points.
You press <<P>> and get 0 points.
You press <<U>> and get 1 points.
You press <<U>> and get 1 points.
You press <<U>> and get 1 points.
You press <<U>> and get 1 points.
You press <<U>> and get 1 points.
You press <<U>> and get 1 points.
You press <<U>> and get 1 points.
You press <<U>> and get 1 points.
You press <<U>> and get 1 points.
You press <<U>> and get 1 points.
You press <<U>> and get 1 points.
You press <<U>> and get 1 points.
You press <<P>> and get  points.
You press <<",0,0.81640625,0.1826171875,-0.08984375,0.08740234375,48,55303,0.90625,0.09521484375
654,choice,"In this task, you have to repeatedly choose between two slot machines labeled U and P.
You can choose a slot machine by pressing its corresponding key.When you select one of the machines, you will win 1 or 0 points.Your goal is to choose the slot machines that will give you the most points.You will receive feedback about the outcome after making a choice.
The environment may change unpredictably, and past success does not guarantee future results. You’ll need to adapt to these changes to keep finding the better machine.You will play 1 game in total, consisting of 100 trials. Game 1:You press <<U>> and get 1 points.
You press <<P>> and get 0 points.
You press <<P>> and get 0 points.
You press <<U>> and get 0 points.
You press <<U>> and get 1 points.
You press <<U>> and get 1 points.
You press <<U>> and get 1 points.
You press <<U>> and get 1 points.
You press <<U>> and get 1 points.
You press <<U>> and get 0 points.
You press <<U>> and get 1 points.
You press <<U>> and get 1 points.
You press <<U>> and get 1 points.
You press <<P>> and get 0 points.
You press <<U>> and get 1 points.
You press <<U>> and get 1 points.
You press <<U>> and get 1 points.
You press <<U>> and get 1 points.
You press <<U>> and get 1 points.
You press <<U>> and get 1 points.
You press <<P>> and get 0 points.
You press <<U>> and get 1 points.
You press <<U>> and get 1 points.
You press <<U>> and get 1 points.
You press <<U>> and get 1 points.
You press <<U>> and get 1 points.
You press <<U>> and get 1 points.
You press <<U>> and get 1 points.
You press <<U>> and get 1 points.
You press <<U>> and get 1 points.
You press <<U>> and get 1 points.
You press <<U>> and get 1 points.
You press <<U>> and get 1 points.
You press <<U>> and get 1 points.
You press <<P>> and get 0 points.
You press <<U>> and get 1 points.
You press <<U>> and get 1 points.
You press <<U>> and get 1 points.
You press <<U>> and get 1 points.
You press <<U>> and get 1 points.
You press <<U>> and get 1 points.
You press <<U>> and get 1 points.
You press <<U>> and get 1 points.
You press <<U>> and get 1 points.
You press <<U>> and get 1 points.
You press <<U>> and get 1 points.
You press <<U>> and get 1 points.
You press <<P>> and get 0 points.
You press <<>> and get 1 points.
You press <<",U,0.90625,0.08447265625,-0.0625,0.05517578125,49,55303,0.96875,0.029296875
659,reward,"In this task, you have to repeatedly choose between two slot machines labeled U and P.
You can choose a slot machine by pressing its corresponding key.When you select one of the machines, you will win 1 or 0 points.Your goal is to choose the slot machines that will give you the most points.You will receive feedback about the outcome after making a choice.
The environment may change unpredictably, and past success does not guarantee future results. You’ll need to adapt to these changes to keep finding the better machine.You will play 1 game in total, consisting of 100 trials. Game 1:You press <<U>> and get 1 points.
You press <<P>> and get 0 points.
You press <<P>> and get 0 points.
You press <<U>> and get 0 points.
You press <<U>> and get 1 points.
You press <<U>> and get 1 points.
You press <<U>> and get 1 points.
You press <<U>> and get 1 points.
You press <<U>> and get 1 points.
You press <<U>> and get 0 points.
You press <<U>> and get 1 points.
You press <<U>> and get 1 points.
You press <<U>> and get 1 points.
You press <<P>> and get 0 points.
You press <<U>> and get 1 points.
You press <<U>> and get 1 points.
You press <<U>> and get 1 points.
You press <<U>> and get 1 points.
You press <<U>> and get 1 points.
You press <<U>> and get 1 points.
You press <<P>> and get 0 points.
You press <<U>> and get 1 points.
You press <<U>> and get 1 points.
You press <<U>> and get 1 points.
You press <<U>> and get 1 points.
You press <<U>> and get 1 points.
You press <<U>> and get 1 points.
You press <<U>> and get 1 points.
You press <<U>> and get 1 points.
You press <<U>> and get 1 points.
You press <<U>> and get 1 points.
You press <<U>> and get 1 points.
You press <<U>> and get 1 points.
You press <<U>> and get 1 points.
You press <<P>> and get 0 points.
You press <<U>> and get 1 points.
You press <<U>> and get 1 points.
You press <<U>> and get 1 points.
You press <<U>> and get 1 points.
You press <<U>> and get 1 points.
You press <<U>> and get 1 points.
You press <<U>> and get 1 points.
You press <<U>> and get 1 points.
You press <<U>> and get 1 points.
You press <<U>> and get 1 points.
You press <<U>> and get 1 points.
You press <<U>> and get 1 points.
You press <<P>> and get 0 points.
You press <<U>> and get  points.
You press <<",1,0.92578125,0.07568359375,-0.04296875,0.04638671875,49,55303,0.96875,0.029296875
665,choice,"In this task, you have to repeatedly choose between two slot machines labeled U and P.
You can choose a slot machine by pressing its corresponding key.When you select one of the machines, you will win 1 or 0 points.Your goal is to choose the slot machines that will give you the most points.You will receive feedback about the outcome after making a choice.
The environment may change unpredictably, and past success does not guarantee future results. You’ll need to adapt to these changes to keep finding the better machine.You will play 1 game in total, consisting of 100 trials. Game 1:You press <<U>> and get 1 points.
You press <<P>> and get 0 points.
You press <<P>> and get 0 points.
You press <<U>> and get 0 points.
You press <<U>> and get 1 points.
You press <<U>> and get 1 points.
You press <<U>> and get 1 points.
You press <<U>> and get 1 points.
You press <<U>> and get 1 points.
You press <<U>> and get 0 points.
You press <<U>> and get 1 points.
You press <<U>> and get 1 points.
You press <<U>> and get 1 points.
You press <<P>> and get 0 points.
You press <<U>> and get 1 points.
You press <<U>> and get 1 points.
You press <<U>> and get 1 points.
You press <<U>> and get 1 points.
You press <<U>> and get 1 points.
You press <<U>> and get 1 points.
You press <<P>> and get 0 points.
You press <<U>> and get 1 points.
You press <<U>> and get 1 points.
You press <<U>> and get 1 points.
You press <<U>> and get 1 points.
You press <<U>> and get 1 points.
You press <<U>> and get 1 points.
You press <<U>> and get 1 points.
You press <<U>> and get 1 points.
You press <<U>> and get 1 points.
You press <<U>> and get 1 points.
You press <<U>> and get 1 points.
You press <<U>> and get 1 points.
You press <<U>> and get 1 points.
You press <<P>> and get 0 points.
You press <<U>> and get 1 points.
You press <<U>> and get 1 points.
You press <<U>> and get 1 points.
You press <<U>> and get 1 points.
You press <<U>> and get 1 points.
You press <<U>> and get 1 points.
You press <<U>> and get 1 points.
You press <<U>> and get 1 points.
You press <<U>> and get 1 points.
You press <<U>> and get 1 points.
You press <<U>> and get 1 points.
You press <<U>> and get 1 points.
You press <<P>> and get 0 points.
You press <<U>> and get 1 points.
You press <<>> and get 1 points.
You press <<",U,0.953125,0.041748046875,-0.0234375,0.018798828125,50,55303,0.9765625,0.02294921875
670,reward,"In this task, you have to repeatedly choose between two slot machines labeled U and P.
You can choose a slot machine by pressing its corresponding key.When you select one of the machines, you will win 1 or 0 points.Your goal is to choose the slot machines that will give you the most points.You will receive feedback about the outcome after making a choice.
The environment may change unpredictably, and past success does not guarantee future results. You’ll need to adapt to these changes to keep finding the better machine.You will play 1 game in total, consisting of 100 trials. Game 1:You press <<U>> and get 1 points.
You press <<P>> and get 0 points.
You press <<P>> and get 0 points.
You press <<U>> and get 0 points.
You press <<U>> and get 1 points.
You press <<U>> and get 1 points.
You press <<U>> and get 1 points.
You press <<U>> and get 1 points.
You press <<U>> and get 1 points.
You press <<U>> and get 0 points.
You press <<U>> and get 1 points.
You press <<U>> and get 1 points.
You press <<U>> and get 1 points.
You press <<P>> and get 0 points.
You press <<U>> and get 1 points.
You press <<U>> and get 1 points.
You press <<U>> and get 1 points.
You press <<U>> and get 1 points.
You press <<U>> and get 1 points.
You press <<U>> and get 1 points.
You press <<P>> and get 0 points.
You press <<U>> and get 1 points.
You press <<U>> and get 1 points.
You press <<U>> and get 1 points.
You press <<U>> and get 1 points.
You press <<U>> and get 1 points.
You press <<U>> and get 1 points.
You press <<U>> and get 1 points.
You press <<U>> and get 1 points.
You press <<U>> and get 1 points.
You press <<U>> and get 1 points.
You press <<U>> and get 1 points.
You press <<U>> and get 1 points.
You press <<U>> and get 1 points.
You press <<P>> and get 0 points.
You press <<U>> and get 1 points.
You press <<U>> and get 1 points.
You press <<U>> and get 1 points.
You press <<U>> and get 1 points.
You press <<U>> and get 1 points.
You press <<U>> and get 1 points.
You press <<U>> and get 1 points.
You press <<U>> and get 1 points.
You press <<U>> and get 1 points.
You press <<U>> and get 1 points.
You press <<U>> and get 1 points.
You press <<U>> and get 1 points.
You press <<P>> and get 0 points.
You press <<U>> and get 1 points.
You press <<U>> and get  points.
You press <<",1,0.90625,0.09521484375,-0.0703125,0.072265625,50,55303,0.9765625,0.02294921875
676,choice,"In this task, you have to repeatedly choose between two slot machines labeled U and P.
You can choose a slot machine by pressing its corresponding key.When you select one of the machines, you will win 1 or 0 points.Your goal is to choose the slot machines that will give you the most points.You will receive feedback about the outcome after making a choice.
The environment may change unpredictably, and past success does not guarantee future results. You’ll need to adapt to these changes to keep finding the better machine.You will play 1 game in total, consisting of 100 trials. Game 1:You press <<U>> and get 1 points.
You press <<P>> and get 0 points.
You press <<P>> and get 0 points.
You press <<U>> and get 0 points.
You press <<U>> and get 1 points.
You press <<U>> and get 1 points.
You press <<U>> and get 1 points.
You press <<U>> and get 1 points.
You press <<U>> and get 1 points.
You press <<U>> and get 0 points.
You press <<U>> and get 1 points.
You press <<U>> and get 1 points.
You press <<U>> and get 1 points.
You press <<P>> and get 0 points.
You press <<U>> and get 1 points.
You press <<U>> and get 1 points.
You press <<U>> and get 1 points.
You press <<U>> and get 1 points.
You press <<U>> and get 1 points.
You press <<U>> and get 1 points.
You press <<P>> and get 0 points.
You press <<U>> and get 1 points.
You press <<U>> and get 1 points.
You press <<U>> and get 1 points.
You press <<U>> and get 1 points.
You press <<U>> and get 1 points.
You press <<U>> and get 1 points.
You press <<U>> and get 1 points.
You press <<U>> and get 1 points.
You press <<U>> and get 1 points.
You press <<U>> and get 1 points.
You press <<U>> and get 1 points.
You press <<U>> and get 1 points.
You press <<U>> and get 1 points.
You press <<P>> and get 0 points.
You press <<U>> and get 1 points.
You press <<U>> and get 1 points.
You press <<U>> and get 1 points.
You press <<U>> and get 1 points.
You press <<U>> and get 1 points.
You press <<U>> and get 1 points.
You press <<U>> and get 1 points.
You press <<U>> and get 1 points.
You press <<U>> and get 1 points.
You press <<U>> and get 1 points.
You press <<U>> and get 1 points.
You press <<U>> and get 1 points.
You press <<P>> and get 0 points.
You press <<U>> and get 1 points.
You press <<U>> and get 1 points.
You press <<>> and get 1 points.
You press <<",P,0.95703125,0.037109375,0.39453125,-0.400390625,51,55303,0.5625,0.4375
681,reward,"In this task, you have to repeatedly choose between two slot machines labeled U and P.
You can choose a slot machine by pressing its corresponding key.When you select one of the machines, you will win 1 or 0 points.Your goal is to choose the slot machines that will give you the most points.You will receive feedback about the outcome after making a choice.
The environment may change unpredictably, and past success does not guarantee future results. You’ll need to adapt to these changes to keep finding the better machine.You will play 1 game in total, consisting of 100 trials. Game 1:You press <<U>> and get 1 points.
You press <<P>> and get 0 points.
You press <<P>> and get 0 points.
You press <<U>> and get 0 points.
You press <<U>> and get 1 points.
You press <<U>> and get 1 points.
You press <<U>> and get 1 points.
You press <<U>> and get 1 points.
You press <<U>> and get 1 points.
You press <<U>> and get 0 points.
You press <<U>> and get 1 points.
You press <<U>> and get 1 points.
You press <<U>> and get 1 points.
You press <<P>> and get 0 points.
You press <<U>> and get 1 points.
You press <<U>> and get 1 points.
You press <<U>> and get 1 points.
You press <<U>> and get 1 points.
You press <<U>> and get 1 points.
You press <<U>> and get 1 points.
You press <<P>> and get 0 points.
You press <<U>> and get 1 points.
You press <<U>> and get 1 points.
You press <<U>> and get 1 points.
You press <<U>> and get 1 points.
You press <<U>> and get 1 points.
You press <<U>> and get 1 points.
You press <<U>> and get 1 points.
You press <<U>> and get 1 points.
You press <<U>> and get 1 points.
You press <<U>> and get 1 points.
You press <<U>> and get 1 points.
You press <<U>> and get 1 points.
You press <<U>> and get 1 points.
You press <<P>> and get 0 points.
You press <<U>> and get 1 points.
You press <<U>> and get 1 points.
You press <<U>> and get 1 points.
You press <<U>> and get 1 points.
You press <<U>> and get 1 points.
You press <<U>> and get 1 points.
You press <<U>> and get 1 points.
You press <<U>> and get 1 points.
You press <<U>> and get 1 points.
You press <<U>> and get 1 points.
You press <<U>> and get 1 points.
You press <<U>> and get 1 points.
You press <<P>> and get 0 points.
You press <<U>> and get 1 points.
You press <<U>> and get 1 points.
You press <<P>> and get  points.
You press <<",1,0.81640625,0.1826171875,0.25390625,-0.2548828125,51,55303,0.5625,0.4375
687,choice,"In this task, you have to repeatedly choose between two slot machines labeled U and P.
You can choose a slot machine by pressing its corresponding key.When you select one of the machines, you will win 1 or 0 points.Your goal is to choose the slot machines that will give you the most points.You will receive feedback about the outcome after making a choice.
The environment may change unpredictably, and past success does not guarantee future results. You’ll need to adapt to these changes to keep finding the better machine.You will play 1 game in total, consisting of 100 trials. Game 1:You press <<U>> and get 1 points.
You press <<P>> and get 0 points.
You press <<P>> and get 0 points.
You press <<U>> and get 0 points.
You press <<U>> and get 1 points.
You press <<U>> and get 1 points.
You press <<U>> and get 1 points.
You press <<U>> and get 1 points.
You press <<U>> and get 1 points.
You press <<U>> and get 0 points.
You press <<U>> and get 1 points.
You press <<U>> and get 1 points.
You press <<U>> and get 1 points.
You press <<P>> and get 0 points.
You press <<U>> and get 1 points.
You press <<U>> and get 1 points.
You press <<U>> and get 1 points.
You press <<U>> and get 1 points.
You press <<U>> and get 1 points.
You press <<U>> and get 1 points.
You press <<P>> and get 0 points.
You press <<U>> and get 1 points.
You press <<U>> and get 1 points.
You press <<U>> and get 1 points.
You press <<U>> and get 1 points.
You press <<U>> and get 1 points.
You press <<U>> and get 1 points.
You press <<U>> and get 1 points.
You press <<U>> and get 1 points.
You press <<U>> and get 1 points.
You press <<U>> and get 1 points.
You press <<U>> and get 1 points.
You press <<U>> and get 1 points.
You press <<U>> and get 1 points.
You press <<P>> and get 0 points.
You press <<U>> and get 1 points.
You press <<U>> and get 1 points.
You press <<U>> and get 1 points.
You press <<U>> and get 1 points.
You press <<U>> and get 1 points.
You press <<U>> and get 1 points.
You press <<U>> and get 1 points.
You press <<U>> and get 1 points.
You press <<U>> and get 1 points.
You press <<U>> and get 1 points.
You press <<U>> and get 1 points.
You press <<U>> and get 1 points.
You press <<P>> and get 0 points.
You press <<U>> and get 1 points.
You press <<U>> and get 1 points.
You press <<P>> and get 1 points.
You press <<>> and get 1 points.
You press <<",U,0.52734375,0.46484375,-0.125,0.1171875,52,55303,0.65234375,0.34765625
692,reward,"In this task, you have to repeatedly choose between two slot machines labeled U and P.
You can choose a slot machine by pressing its corresponding key.When you select one of the machines, you will win 1 or 0 points.Your goal is to choose the slot machines that will give you the most points.You will receive feedback about the outcome after making a choice.
The environment may change unpredictably, and past success does not guarantee future results. You’ll need to adapt to these changes to keep finding the better machine.You will play 1 game in total, consisting of 100 trials. Game 1:You press <<U>> and get 1 points.
You press <<P>> and get 0 points.
You press <<P>> and get 0 points.
You press <<U>> and get 0 points.
You press <<U>> and get 1 points.
You press <<U>> and get 1 points.
You press <<U>> and get 1 points.
You press <<U>> and get 1 points.
You press <<U>> and get 1 points.
You press <<U>> and get 0 points.
You press <<U>> and get 1 points.
You press <<U>> and get 1 points.
You press <<U>> and get 1 points.
You press <<P>> and get 0 points.
You press <<U>> and get 1 points.
You press <<U>> and get 1 points.
You press <<U>> and get 1 points.
You press <<U>> and get 1 points.
You press <<U>> and get 1 points.
You press <<U>> and get 1 points.
You press <<P>> and get 0 points.
You press <<U>> and get 1 points.
You press <<U>> and get 1 points.
You press <<U>> and get 1 points.
You press <<U>> and get 1 points.
You press <<U>> and get 1 points.
You press <<U>> and get 1 points.
You press <<U>> and get 1 points.
You press <<U>> and get 1 points.
You press <<U>> and get 1 points.
You press <<U>> and get 1 points.
You press <<U>> and get 1 points.
You press <<U>> and get 1 points.
You press <<U>> and get 1 points.
You press <<P>> and get 0 points.
You press <<U>> and get 1 points.
You press <<U>> and get 1 points.
You press <<U>> and get 1 points.
You press <<U>> and get 1 points.
You press <<U>> and get 1 points.
You press <<U>> and get 1 points.
You press <<U>> and get 1 points.
You press <<U>> and get 1 points.
You press <<U>> and get 1 points.
You press <<U>> and get 1 points.
You press <<U>> and get 1 points.
You press <<U>> and get 1 points.
You press <<P>> and get 0 points.
You press <<U>> and get 1 points.
You press <<U>> and get 1 points.
You press <<P>> and get 1 points.
You press <<U>> and get  points.
You press <<",1,0.5,0.5,-0.15234375,0.15234375,52,55303,0.65234375,0.34765625
698,choice,"In this task, you have to repeatedly choose between two slot machines labeled U and P.
You can choose a slot machine by pressing its corresponding key.When you select one of the machines, you will win 1 or 0 points.Your goal is to choose the slot machines that will give you the most points.You will receive feedback about the outcome after making a choice.
The environment may change unpredictably, and past success does not guarantee future results. You’ll need to adapt to these changes to keep finding the better machine.You will play 1 game in total, consisting of 100 trials. Game 1:You press <<U>> and get 1 points.
You press <<P>> and get 0 points.
You press <<P>> and get 0 points.
You press <<U>> and get 0 points.
You press <<U>> and get 1 points.
You press <<U>> and get 1 points.
You press <<U>> and get 1 points.
You press <<U>> and get 1 points.
You press <<U>> and get 1 points.
You press <<U>> and get 0 points.
You press <<U>> and get 1 points.
You press <<U>> and get 1 points.
You press <<U>> and get 1 points.
You press <<P>> and get 0 points.
You press <<U>> and get 1 points.
You press <<U>> and get 1 points.
You press <<U>> and get 1 points.
You press <<U>> and get 1 points.
You press <<U>> and get 1 points.
You press <<U>> and get 1 points.
You press <<P>> and get 0 points.
You press <<U>> and get 1 points.
You press <<U>> and get 1 points.
You press <<U>> and get 1 points.
You press <<U>> and get 1 points.
You press <<U>> and get 1 points.
You press <<U>> and get 1 points.
You press <<U>> and get 1 points.
You press <<U>> and get 1 points.
You press <<U>> and get 1 points.
You press <<U>> and get 1 points.
You press <<U>> and get 1 points.
You press <<U>> and get 1 points.
You press <<U>> and get 1 points.
You press <<P>> and get 0 points.
You press <<U>> and get 1 points.
You press <<U>> and get 1 points.
You press <<U>> and get 1 points.
You press <<U>> and get 1 points.
You press <<U>> and get 1 points.
You press <<U>> and get 1 points.
You press <<U>> and get 1 points.
You press <<U>> and get 1 points.
You press <<U>> and get 1 points.
You press <<U>> and get 1 points.
You press <<U>> and get 1 points.
You press <<U>> and get 1 points.
You press <<P>> and get 0 points.
You press <<U>> and get 1 points.
You press <<U>> and get 1 points.
You press <<P>> and get 1 points.
You press <<U>> and get 1 points.
You press <<>> and get 0 points.
You press <<",U,0.73046875,0.26953125,0.078125,-0.078125,53,55303,0.65234375,0.34765625
703,reward,"In this task, you have to repeatedly choose between two slot machines labeled U and P.
You can choose a slot machine by pressing its corresponding key.When you select one of the machines, you will win 1 or 0 points.Your goal is to choose the slot machines that will give you the most points.You will receive feedback about the outcome after making a choice.
The environment may change unpredictably, and past success does not guarantee future results. You’ll need to adapt to these changes to keep finding the better machine.You will play 1 game in total, consisting of 100 trials. Game 1:You press <<U>> and get 1 points.
You press <<P>> and get 0 points.
You press <<P>> and get 0 points.
You press <<U>> and get 0 points.
You press <<U>> and get 1 points.
You press <<U>> and get 1 points.
You press <<U>> and get 1 points.
You press <<U>> and get 1 points.
You press <<U>> and get 1 points.
You press <<U>> and get 0 points.
You press <<U>> and get 1 points.
You press <<U>> and get 1 points.
You press <<U>> and get 1 points.
You press <<P>> and get 0 points.
You press <<U>> and get 1 points.
You press <<U>> and get 1 points.
You press <<U>> and get 1 points.
You press <<U>> and get 1 points.
You press <<U>> and get 1 points.
You press <<U>> and get 1 points.
You press <<P>> and get 0 points.
You press <<U>> and get 1 points.
You press <<U>> and get 1 points.
You press <<U>> and get 1 points.
You press <<U>> and get 1 points.
You press <<U>> and get 1 points.
You press <<U>> and get 1 points.
You press <<U>> and get 1 points.
You press <<U>> and get 1 points.
You press <<U>> and get 1 points.
You press <<U>> and get 1 points.
You press <<U>> and get 1 points.
You press <<U>> and get 1 points.
You press <<U>> and get 1 points.
You press <<P>> and get 0 points.
You press <<U>> and get 1 points.
You press <<U>> and get 1 points.
You press <<U>> and get 1 points.
You press <<U>> and get 1 points.
You press <<U>> and get 1 points.
You press <<U>> and get 1 points.
You press <<U>> and get 1 points.
You press <<U>> and get 1 points.
You press <<U>> and get 1 points.
You press <<U>> and get 1 points.
You press <<U>> and get 1 points.
You press <<U>> and get 1 points.
You press <<P>> and get 0 points.
You press <<U>> and get 1 points.
You press <<U>> and get 1 points.
You press <<P>> and get 1 points.
You press <<U>> and get 1 points.
You press <<U>> and get  points.
You press <<",0,0.70703125,0.294921875,0.0546875,-0.052734375,53,55303,0.65234375,0.34765625
709,choice,"In this task, you have to repeatedly choose between two slot machines labeled U and P.
You can choose a slot machine by pressing its corresponding key.When you select one of the machines, you will win 1 or 0 points.Your goal is to choose the slot machines that will give you the most points.You will receive feedback about the outcome after making a choice.
The environment may change unpredictably, and past success does not guarantee future results. You’ll need to adapt to these changes to keep finding the better machine.You will play 1 game in total, consisting of 100 trials. Game 1:You press <<U>> and get 1 points.
You press <<P>> and get 0 points.
You press <<P>> and get 0 points.
You press <<U>> and get 0 points.
You press <<U>> and get 1 points.
You press <<U>> and get 1 points.
You press <<U>> and get 1 points.
You press <<U>> and get 1 points.
You press <<U>> and get 1 points.
You press <<U>> and get 0 points.
You press <<U>> and get 1 points.
You press <<U>> and get 1 points.
You press <<U>> and get 1 points.
You press <<P>> and get 0 points.
You press <<U>> and get 1 points.
You press <<U>> and get 1 points.
You press <<U>> and get 1 points.
You press <<U>> and get 1 points.
You press <<U>> and get 1 points.
You press <<U>> and get 1 points.
You press <<P>> and get 0 points.
You press <<U>> and get 1 points.
You press <<U>> and get 1 points.
You press <<U>> and get 1 points.
You press <<U>> and get 1 points.
You press <<U>> and get 1 points.
You press <<U>> and get 1 points.
You press <<U>> and get 1 points.
You press <<U>> and get 1 points.
You press <<U>> and get 1 points.
You press <<U>> and get 1 points.
You press <<U>> and get 1 points.
You press <<U>> and get 1 points.
You press <<U>> and get 1 points.
You press <<P>> and get 0 points.
You press <<U>> and get 1 points.
You press <<U>> and get 1 points.
You press <<U>> and get 1 points.
You press <<U>> and get 1 points.
You press <<U>> and get 1 points.
You press <<U>> and get 1 points.
You press <<U>> and get 1 points.
You press <<U>> and get 1 points.
You press <<U>> and get 1 points.
You press <<U>> and get 1 points.
You press <<U>> and get 1 points.
You press <<U>> and get 1 points.
You press <<P>> and get 0 points.
You press <<U>> and get 1 points.
You press <<U>> and get 1 points.
You press <<P>> and get 1 points.
You press <<U>> and get 1 points.
You press <<U>> and get 0 points.
You press <<>> and get 0 points.
You press <<",U,0.62109375,0.375,0.02734375,-0.033203125,54,55303,0.59375,0.408203125
714,reward,"In this task, you have to repeatedly choose between two slot machines labeled U and P.
You can choose a slot machine by pressing its corresponding key.When you select one of the machines, you will win 1 or 0 points.Your goal is to choose the slot machines that will give you the most points.You will receive feedback about the outcome after making a choice.
The environment may change unpredictably, and past success does not guarantee future results. You’ll need to adapt to these changes to keep finding the better machine.You will play 1 game in total, consisting of 100 trials. Game 1:You press <<U>> and get 1 points.
You press <<P>> and get 0 points.
You press <<P>> and get 0 points.
You press <<U>> and get 0 points.
You press <<U>> and get 1 points.
You press <<U>> and get 1 points.
You press <<U>> and get 1 points.
You press <<U>> and get 1 points.
You press <<U>> and get 1 points.
You press <<U>> and get 0 points.
You press <<U>> and get 1 points.
You press <<U>> and get 1 points.
You press <<U>> and get 1 points.
You press <<P>> and get 0 points.
You press <<U>> and get 1 points.
You press <<U>> and get 1 points.
You press <<U>> and get 1 points.
You press <<U>> and get 1 points.
You press <<U>> and get 1 points.
You press <<U>> and get 1 points.
You press <<P>> and get 0 points.
You press <<U>> and get 1 points.
You press <<U>> and get 1 points.
You press <<U>> and get 1 points.
You press <<U>> and get 1 points.
You press <<U>> and get 1 points.
You press <<U>> and get 1 points.
You press <<U>> and get 1 points.
You press <<U>> and get 1 points.
You press <<U>> and get 1 points.
You press <<U>> and get 1 points.
You press <<U>> and get 1 points.
You press <<U>> and get 1 points.
You press <<U>> and get 1 points.
You press <<P>> and get 0 points.
You press <<U>> and get 1 points.
You press <<U>> and get 1 points.
You press <<U>> and get 1 points.
You press <<U>> and get 1 points.
You press <<U>> and get 1 points.
You press <<U>> and get 1 points.
You press <<U>> and get 1 points.
You press <<U>> and get 1 points.
You press <<U>> and get 1 points.
You press <<U>> and get 1 points.
You press <<U>> and get 1 points.
You press <<U>> and get 1 points.
You press <<P>> and get 0 points.
You press <<U>> and get 1 points.
You press <<U>> and get 1 points.
You press <<P>> and get 1 points.
You press <<U>> and get 1 points.
You press <<U>> and get 0 points.
You press <<U>> and get  points.
You press <<",0,0.6796875,0.3203125,0.0859375,-0.087890625,54,55303,0.59375,0.408203125
720,choice,"In this task, you have to repeatedly choose between two slot machines labeled U and P.
You can choose a slot machine by pressing its corresponding key.When you select one of the machines, you will win 1 or 0 points.Your goal is to choose the slot machines that will give you the most points.You will receive feedback about the outcome after making a choice.
The environment may change unpredictably, and past success does not guarantee future results. You’ll need to adapt to these changes to keep finding the better machine.You will play 1 game in total, consisting of 100 trials. Game 1:You press <<U>> and get 1 points.
You press <<P>> and get 0 points.
You press <<P>> and get 0 points.
You press <<U>> and get 0 points.
You press <<U>> and get 1 points.
You press <<U>> and get 1 points.
You press <<U>> and get 1 points.
You press <<U>> and get 1 points.
You press <<U>> and get 1 points.
You press <<U>> and get 0 points.
You press <<U>> and get 1 points.
You press <<U>> and get 1 points.
You press <<U>> and get 1 points.
You press <<P>> and get 0 points.
You press <<U>> and get 1 points.
You press <<U>> and get 1 points.
You press <<U>> and get 1 points.
You press <<U>> and get 1 points.
You press <<U>> and get 1 points.
You press <<U>> and get 1 points.
You press <<P>> and get 0 points.
You press <<U>> and get 1 points.
You press <<U>> and get 1 points.
You press <<U>> and get 1 points.
You press <<U>> and get 1 points.
You press <<U>> and get 1 points.
You press <<U>> and get 1 points.
You press <<U>> and get 1 points.
You press <<U>> and get 1 points.
You press <<U>> and get 1 points.
You press <<U>> and get 1 points.
You press <<U>> and get 1 points.
You press <<U>> and get 1 points.
You press <<U>> and get 1 points.
You press <<P>> and get 0 points.
You press <<U>> and get 1 points.
You press <<U>> and get 1 points.
You press <<U>> and get 1 points.
You press <<U>> and get 1 points.
You press <<U>> and get 1 points.
You press <<U>> and get 1 points.
You press <<U>> and get 1 points.
You press <<U>> and get 1 points.
You press <<U>> and get 1 points.
You press <<U>> and get 1 points.
You press <<U>> and get 1 points.
You press <<U>> and get 1 points.
You press <<P>> and get 0 points.
You press <<U>> and get 1 points.
You press <<U>> and get 1 points.
You press <<P>> and get 1 points.
You press <<U>> and get 1 points.
You press <<U>> and get 0 points.
You press <<U>> and get 0 points.
You press <<>> and get 1 points.
You press <<",P,0.58203125,0.400390625,0.359375,-0.376953125,55,55303,0.22265625,0.77734375
725,reward,"In this task, you have to repeatedly choose between two slot machines labeled U and P.
You can choose a slot machine by pressing its corresponding key.When you select one of the machines, you will win 1 or 0 points.Your goal is to choose the slot machines that will give you the most points.You will receive feedback about the outcome after making a choice.
The environment may change unpredictably, and past success does not guarantee future results. You’ll need to adapt to these changes to keep finding the better machine.You will play 1 game in total, consisting of 100 trials. Game 1:You press <<U>> and get 1 points.
You press <<P>> and get 0 points.
You press <<P>> and get 0 points.
You press <<U>> and get 0 points.
You press <<U>> and get 1 points.
You press <<U>> and get 1 points.
You press <<U>> and get 1 points.
You press <<U>> and get 1 points.
You press <<U>> and get 1 points.
You press <<U>> and get 0 points.
You press <<U>> and get 1 points.
You press <<U>> and get 1 points.
You press <<U>> and get 1 points.
You press <<P>> and get 0 points.
You press <<U>> and get 1 points.
You press <<U>> and get 1 points.
You press <<U>> and get 1 points.
You press <<U>> and get 1 points.
You press <<U>> and get 1 points.
You press <<U>> and get 1 points.
You press <<P>> and get 0 points.
You press <<U>> and get 1 points.
You press <<U>> and get 1 points.
You press <<U>> and get 1 points.
You press <<U>> and get 1 points.
You press <<U>> and get 1 points.
You press <<U>> and get 1 points.
You press <<U>> and get 1 points.
You press <<U>> and get 1 points.
You press <<U>> and get 1 points.
You press <<U>> and get 1 points.
You press <<U>> and get 1 points.
You press <<U>> and get 1 points.
You press <<U>> and get 1 points.
You press <<P>> and get 0 points.
You press <<U>> and get 1 points.
You press <<U>> and get 1 points.
You press <<U>> and get 1 points.
You press <<U>> and get 1 points.
You press <<U>> and get 1 points.
You press <<U>> and get 1 points.
You press <<U>> and get 1 points.
You press <<U>> and get 1 points.
You press <<U>> and get 1 points.
You press <<U>> and get 1 points.
You press <<U>> and get 1 points.
You press <<U>> and get 1 points.
You press <<P>> and get 0 points.
You press <<U>> and get 1 points.
You press <<U>> and get 1 points.
You press <<P>> and get 1 points.
You press <<U>> and get 1 points.
You press <<U>> and get 0 points.
You press <<U>> and get 0 points.
You press <<P>> and get  points.
You press <<",1,0.376953125,0.62109375,0.154296875,-0.15625,55,55303,0.22265625,0.77734375
731,choice,"In this task, you have to repeatedly choose between two slot machines labeled U and P.
You can choose a slot machine by pressing its corresponding key.When you select one of the machines, you will win 1 or 0 points.Your goal is to choose the slot machines that will give you the most points.You will receive feedback about the outcome after making a choice.
The environment may change unpredictably, and past success does not guarantee future results. You’ll need to adapt to these changes to keep finding the better machine.You will play 1 game in total, consisting of 100 trials. Game 1:You press <<U>> and get 1 points.
You press <<P>> and get 0 points.
You press <<P>> and get 0 points.
You press <<U>> and get 0 points.
You press <<U>> and get 1 points.
You press <<U>> and get 1 points.
You press <<U>> and get 1 points.
You press <<U>> and get 1 points.
You press <<U>> and get 1 points.
You press <<U>> and get 0 points.
You press <<U>> and get 1 points.
You press <<U>> and get 1 points.
You press <<U>> and get 1 points.
You press <<P>> and get 0 points.
You press <<U>> and get 1 points.
You press <<U>> and get 1 points.
You press <<U>> and get 1 points.
You press <<U>> and get 1 points.
You press <<U>> and get 1 points.
You press <<U>> and get 1 points.
You press <<P>> and get 0 points.
You press <<U>> and get 1 points.
You press <<U>> and get 1 points.
You press <<U>> and get 1 points.
You press <<U>> and get 1 points.
You press <<U>> and get 1 points.
You press <<U>> and get 1 points.
You press <<U>> and get 1 points.
You press <<U>> and get 1 points.
You press <<U>> and get 1 points.
You press <<U>> and get 1 points.
You press <<U>> and get 1 points.
You press <<U>> and get 1 points.
You press <<U>> and get 1 points.
You press <<P>> and get 0 points.
You press <<U>> and get 1 points.
You press <<U>> and get 1 points.
You press <<U>> and get 1 points.
You press <<U>> and get 1 points.
You press <<U>> and get 1 points.
You press <<U>> and get 1 points.
You press <<U>> and get 1 points.
You press <<U>> and get 1 points.
You press <<U>> and get 1 points.
You press <<U>> and get 1 points.
You press <<U>> and get 1 points.
You press <<U>> and get 1 points.
You press <<P>> and get 0 points.
You press <<U>> and get 1 points.
You press <<U>> and get 1 points.
You press <<P>> and get 1 points.
You press <<U>> and get 1 points.
You press <<U>> and get 0 points.
You press <<U>> and get 0 points.
You press <<P>> and get 1 points.
You press <<>> and get 1 points.
You press <<",P,0.2001953125,0.79296875,0.12451171875,-0.1328125,56,55303,0.07568359375,0.92578125
736,reward,"In this task, you have to repeatedly choose between two slot machines labeled U and P.
You can choose a slot machine by pressing its corresponding key.When you select one of the machines, you will win 1 or 0 points.Your goal is to choose the slot machines that will give you the most points.You will receive feedback about the outcome after making a choice.
The environment may change unpredictably, and past success does not guarantee future results. You’ll need to adapt to these changes to keep finding the better machine.You will play 1 game in total, consisting of 100 trials. Game 1:You press <<U>> and get 1 points.
You press <<P>> and get 0 points.
You press <<P>> and get 0 points.
You press <<U>> and get 0 points.
You press <<U>> and get 1 points.
You press <<U>> and get 1 points.
You press <<U>> and get 1 points.
You press <<U>> and get 1 points.
You press <<U>> and get 1 points.
You press <<U>> and get 0 points.
You press <<U>> and get 1 points.
You press <<U>> and get 1 points.
You press <<U>> and get 1 points.
You press <<P>> and get 0 points.
You press <<U>> and get 1 points.
You press <<U>> and get 1 points.
You press <<U>> and get 1 points.
You press <<U>> and get 1 points.
You press <<U>> and get 1 points.
You press <<U>> and get 1 points.
You press <<P>> and get 0 points.
You press <<U>> and get 1 points.
You press <<U>> and get 1 points.
You press <<U>> and get 1 points.
You press <<U>> and get 1 points.
You press <<U>> and get 1 points.
You press <<U>> and get 1 points.
You press <<U>> and get 1 points.
You press <<U>> and get 1 points.
You press <<U>> and get 1 points.
You press <<U>> and get 1 points.
You press <<U>> and get 1 points.
You press <<U>> and get 1 points.
You press <<U>> and get 1 points.
You press <<P>> and get 0 points.
You press <<U>> and get 1 points.
You press <<U>> and get 1 points.
You press <<U>> and get 1 points.
You press <<U>> and get 1 points.
You press <<U>> and get 1 points.
You press <<U>> and get 1 points.
You press <<U>> and get 1 points.
You press <<U>> and get 1 points.
You press <<U>> and get 1 points.
You press <<U>> and get 1 points.
You press <<U>> and get 1 points.
You press <<U>> and get 1 points.
You press <<P>> and get 0 points.
You press <<U>> and get 1 points.
You press <<U>> and get 1 points.
You press <<P>> and get 1 points.
You press <<U>> and get 1 points.
You press <<U>> and get 0 points.
You press <<U>> and get 0 points.
You press <<P>> and get 1 points.
You press <<P>> and get  points.
You press <<",1,0.294921875,0.70703125,0.21923828125,-0.21875,56,55303,0.07568359375,0.92578125
742,choice,"In this task, you have to repeatedly choose between two slot machines labeled U and P.
You can choose a slot machine by pressing its corresponding key.When you select one of the machines, you will win 1 or 0 points.Your goal is to choose the slot machines that will give you the most points.You will receive feedback about the outcome after making a choice.
The environment may change unpredictably, and past success does not guarantee future results. You’ll need to adapt to these changes to keep finding the better machine.You will play 1 game in total, consisting of 100 trials. Game 1:You press <<U>> and get 1 points.
You press <<P>> and get 0 points.
You press <<P>> and get 0 points.
You press <<U>> and get 0 points.
You press <<U>> and get 1 points.
You press <<U>> and get 1 points.
You press <<U>> and get 1 points.
You press <<U>> and get 1 points.
You press <<U>> and get 1 points.
You press <<U>> and get 0 points.
You press <<U>> and get 1 points.
You press <<U>> and get 1 points.
You press <<U>> and get 1 points.
You press <<P>> and get 0 points.
You press <<U>> and get 1 points.
You press <<U>> and get 1 points.
You press <<U>> and get 1 points.
You press <<U>> and get 1 points.
You press <<U>> and get 1 points.
You press <<U>> and get 1 points.
You press <<P>> and get 0 points.
You press <<U>> and get 1 points.
You press <<U>> and get 1 points.
You press <<U>> and get 1 points.
You press <<U>> and get 1 points.
You press <<U>> and get 1 points.
You press <<U>> and get 1 points.
You press <<U>> and get 1 points.
You press <<U>> and get 1 points.
You press <<U>> and get 1 points.
You press <<U>> and get 1 points.
You press <<U>> and get 1 points.
You press <<U>> and get 1 points.
You press <<U>> and get 1 points.
You press <<P>> and get 0 points.
You press <<U>> and get 1 points.
You press <<U>> and get 1 points.
You press <<U>> and get 1 points.
You press <<U>> and get 1 points.
You press <<U>> and get 1 points.
You press <<U>> and get 1 points.
You press <<U>> and get 1 points.
You press <<U>> and get 1 points.
You press <<U>> and get 1 points.
You press <<U>> and get 1 points.
You press <<U>> and get 1 points.
You press <<U>> and get 1 points.
You press <<P>> and get 0 points.
You press <<U>> and get 1 points.
You press <<U>> and get 1 points.
You press <<P>> and get 1 points.
You press <<U>> and get 1 points.
You press <<U>> and get 0 points.
You press <<U>> and get 0 points.
You press <<P>> and get 1 points.
You press <<P>> and get 1 points.
You press <<>> and get 1 points.
You press <<",P,0.08447265625,0.91015625,0.0244140625,-0.03125,57,55303,0.06005859375,0.94140625
747,reward,"In this task, you have to repeatedly choose between two slot machines labeled U and P.
You can choose a slot machine by pressing its corresponding key.When you select one of the machines, you will win 1 or 0 points.Your goal is to choose the slot machines that will give you the most points.You will receive feedback about the outcome after making a choice.
The environment may change unpredictably, and past success does not guarantee future results. You’ll need to adapt to these changes to keep finding the better machine.You will play 1 game in total, consisting of 100 trials. Game 1:You press <<U>> and get 1 points.
You press <<P>> and get 0 points.
You press <<P>> and get 0 points.
You press <<U>> and get 0 points.
You press <<U>> and get 1 points.
You press <<U>> and get 1 points.
You press <<U>> and get 1 points.
You press <<U>> and get 1 points.
You press <<U>> and get 1 points.
You press <<U>> and get 0 points.
You press <<U>> and get 1 points.
You press <<U>> and get 1 points.
You press <<U>> and get 1 points.
You press <<P>> and get 0 points.
You press <<U>> and get 1 points.
You press <<U>> and get 1 points.
You press <<U>> and get 1 points.
You press <<U>> and get 1 points.
You press <<U>> and get 1 points.
You press <<U>> and get 1 points.
You press <<P>> and get 0 points.
You press <<U>> and get 1 points.
You press <<U>> and get 1 points.
You press <<U>> and get 1 points.
You press <<U>> and get 1 points.
You press <<U>> and get 1 points.
You press <<U>> and get 1 points.
You press <<U>> and get 1 points.
You press <<U>> and get 1 points.
You press <<U>> and get 1 points.
You press <<U>> and get 1 points.
You press <<U>> and get 1 points.
You press <<U>> and get 1 points.
You press <<U>> and get 1 points.
You press <<P>> and get 0 points.
You press <<U>> and get 1 points.
You press <<U>> and get 1 points.
You press <<U>> and get 1 points.
You press <<U>> and get 1 points.
You press <<U>> and get 1 points.
You press <<U>> and get 1 points.
You press <<U>> and get 1 points.
You press <<U>> and get 1 points.
You press <<U>> and get 1 points.
You press <<U>> and get 1 points.
You press <<U>> and get 1 points.
You press <<U>> and get 1 points.
You press <<P>> and get 0 points.
You press <<U>> and get 1 points.
You press <<U>> and get 1 points.
You press <<P>> and get 1 points.
You press <<U>> and get 1 points.
You press <<U>> and get 0 points.
You press <<U>> and get 0 points.
You press <<P>> and get 1 points.
You press <<P>> and get 1 points.
You press <<P>> and get  points.
You press <<",1,0.294921875,0.70703125,0.23486328125,-0.234375,57,55303,0.06005859375,0.94140625
753,choice,"In this task, you have to repeatedly choose between two slot machines labeled U and P.
You can choose a slot machine by pressing its corresponding key.When you select one of the machines, you will win 1 or 0 points.Your goal is to choose the slot machines that will give you the most points.You will receive feedback about the outcome after making a choice.
The environment may change unpredictably, and past success does not guarantee future results. You’ll need to adapt to these changes to keep finding the better machine.You will play 1 game in total, consisting of 100 trials. Game 1:You press <<U>> and get 1 points.
You press <<P>> and get 0 points.
You press <<P>> and get 0 points.
You press <<U>> and get 0 points.
You press <<U>> and get 1 points.
You press <<U>> and get 1 points.
You press <<U>> and get 1 points.
You press <<U>> and get 1 points.
You press <<U>> and get 1 points.
You press <<U>> and get 0 points.
You press <<U>> and get 1 points.
You press <<U>> and get 1 points.
You press <<U>> and get 1 points.
You press <<P>> and get 0 points.
You press <<U>> and get 1 points.
You press <<U>> and get 1 points.
You press <<U>> and get 1 points.
You press <<U>> and get 1 points.
You press <<U>> and get 1 points.
You press <<U>> and get 1 points.
You press <<P>> and get 0 points.
You press <<U>> and get 1 points.
You press <<U>> and get 1 points.
You press <<U>> and get 1 points.
You press <<U>> and get 1 points.
You press <<U>> and get 1 points.
You press <<U>> and get 1 points.
You press <<U>> and get 1 points.
You press <<U>> and get 1 points.
You press <<U>> and get 1 points.
You press <<U>> and get 1 points.
You press <<U>> and get 1 points.
You press <<U>> and get 1 points.
You press <<U>> and get 1 points.
You press <<P>> and get 0 points.
You press <<U>> and get 1 points.
You press <<U>> and get 1 points.
You press <<U>> and get 1 points.
You press <<U>> and get 1 points.
You press <<U>> and get 1 points.
You press <<U>> and get 1 points.
You press <<U>> and get 1 points.
You press <<U>> and get 1 points.
You press <<U>> and get 1 points.
You press <<U>> and get 1 points.
You press <<U>> and get 1 points.
You press <<U>> and get 1 points.
You press <<P>> and get 0 points.
You press <<U>> and get 1 points.
You press <<U>> and get 1 points.
You press <<P>> and get 1 points.
You press <<U>> and get 1 points.
You press <<U>> and get 0 points.
You press <<U>> and get 0 points.
You press <<P>> and get 1 points.
You press <<P>> and get 1 points.
You press <<P>> and get 1 points.
You press <<>> and get 1 points.
You press <<",P,0.0751953125,0.91796875,0.02783203125,-0.03515625,58,55303,0.04736328125,0.953125
758,reward,"In this task, you have to repeatedly choose between two slot machines labeled U and P.
You can choose a slot machine by pressing its corresponding key.When you select one of the machines, you will win 1 or 0 points.Your goal is to choose the slot machines that will give you the most points.You will receive feedback about the outcome after making a choice.
The environment may change unpredictably, and past success does not guarantee future results. You’ll need to adapt to these changes to keep finding the better machine.You will play 1 game in total, consisting of 100 trials. Game 1:You press <<U>> and get 1 points.
You press <<P>> and get 0 points.
You press <<P>> and get 0 points.
You press <<U>> and get 0 points.
You press <<U>> and get 1 points.
You press <<U>> and get 1 points.
You press <<U>> and get 1 points.
You press <<U>> and get 1 points.
You press <<U>> and get 1 points.
You press <<U>> and get 0 points.
You press <<U>> and get 1 points.
You press <<U>> and get 1 points.
You press <<U>> and get 1 points.
You press <<P>> and get 0 points.
You press <<U>> and get 1 points.
You press <<U>> and get 1 points.
You press <<U>> and get 1 points.
You press <<U>> and get 1 points.
You press <<U>> and get 1 points.
You press <<U>> and get 1 points.
You press <<P>> and get 0 points.
You press <<U>> and get 1 points.
You press <<U>> and get 1 points.
You press <<U>> and get 1 points.
You press <<U>> and get 1 points.
You press <<U>> and get 1 points.
You press <<U>> and get 1 points.
You press <<U>> and get 1 points.
You press <<U>> and get 1 points.
You press <<U>> and get 1 points.
You press <<U>> and get 1 points.
You press <<U>> and get 1 points.
You press <<U>> and get 1 points.
You press <<U>> and get 1 points.
You press <<P>> and get 0 points.
You press <<U>> and get 1 points.
You press <<U>> and get 1 points.
You press <<U>> and get 1 points.
You press <<U>> and get 1 points.
You press <<U>> and get 1 points.
You press <<U>> and get 1 points.
You press <<U>> and get 1 points.
You press <<U>> and get 1 points.
You press <<U>> and get 1 points.
You press <<U>> and get 1 points.
You press <<U>> and get 1 points.
You press <<U>> and get 1 points.
You press <<P>> and get 0 points.
You press <<U>> and get 1 points.
You press <<U>> and get 1 points.
You press <<P>> and get 1 points.
You press <<U>> and get 1 points.
You press <<U>> and get 0 points.
You press <<U>> and get 0 points.
You press <<P>> and get 1 points.
You press <<P>> and get 1 points.
You press <<P>> and get 1 points.
You press <<P>> and get  points.
You press <<",1,0.1826171875,0.81640625,0.13525390625,-0.13671875,58,55303,0.04736328125,0.953125
764,choice,"In this task, you have to repeatedly choose between two slot machines labeled U and P.
You can choose a slot machine by pressing its corresponding key.When you select one of the machines, you will win 1 or 0 points.Your goal is to choose the slot machines that will give you the most points.You will receive feedback about the outcome after making a choice.
The environment may change unpredictably, and past success does not guarantee future results. You’ll need to adapt to these changes to keep finding the better machine.You will play 1 game in total, consisting of 100 trials. Game 1:You press <<U>> and get 1 points.
You press <<P>> and get 0 points.
You press <<P>> and get 0 points.
You press <<U>> and get 0 points.
You press <<U>> and get 1 points.
You press <<U>> and get 1 points.
You press <<U>> and get 1 points.
You press <<U>> and get 1 points.
You press <<U>> and get 1 points.
You press <<U>> and get 0 points.
You press <<U>> and get 1 points.
You press <<U>> and get 1 points.
You press <<U>> and get 1 points.
You press <<P>> and get 0 points.
You press <<U>> and get 1 points.
You press <<U>> and get 1 points.
You press <<U>> and get 1 points.
You press <<U>> and get 1 points.
You press <<U>> and get 1 points.
You press <<U>> and get 1 points.
You press <<P>> and get 0 points.
You press <<U>> and get 1 points.
You press <<U>> and get 1 points.
You press <<U>> and get 1 points.
You press <<U>> and get 1 points.
You press <<U>> and get 1 points.
You press <<U>> and get 1 points.
You press <<U>> and get 1 points.
You press <<U>> and get 1 points.
You press <<U>> and get 1 points.
You press <<U>> and get 1 points.
You press <<U>> and get 1 points.
You press <<U>> and get 1 points.
You press <<U>> and get 1 points.
You press <<P>> and get 0 points.
You press <<U>> and get 1 points.
You press <<U>> and get 1 points.
You press <<U>> and get 1 points.
You press <<U>> and get 1 points.
You press <<U>> and get 1 points.
You press <<U>> and get 1 points.
You press <<U>> and get 1 points.
You press <<U>> and get 1 points.
You press <<U>> and get 1 points.
You press <<U>> and get 1 points.
You press <<U>> and get 1 points.
You press <<U>> and get 1 points.
You press <<P>> and get 0 points.
You press <<U>> and get 1 points.
You press <<U>> and get 1 points.
You press <<P>> and get 1 points.
You press <<U>> and get 1 points.
You press <<U>> and get 0 points.
You press <<U>> and get 0 points.
You press <<P>> and get 1 points.
You press <<P>> and get 1 points.
You press <<P>> and get 1 points.
You press <<P>> and get 1 points.
You press <<>> and get 1 points.
You press <<",P,0.06689453125,0.92578125,0.029541015625,-0.03515625,59,55303,0.037353515625,0.9609375
769,reward,"In this task, you have to repeatedly choose between two slot machines labeled U and P.
You can choose a slot machine by pressing its corresponding key.When you select one of the machines, you will win 1 or 0 points.Your goal is to choose the slot machines that will give you the most points.You will receive feedback about the outcome after making a choice.
The environment may change unpredictably, and past success does not guarantee future results. You’ll need to adapt to these changes to keep finding the better machine.You will play 1 game in total, consisting of 100 trials. Game 1:You press <<U>> and get 1 points.
You press <<P>> and get 0 points.
You press <<P>> and get 0 points.
You press <<U>> and get 0 points.
You press <<U>> and get 1 points.
You press <<U>> and get 1 points.
You press <<U>> and get 1 points.
You press <<U>> and get 1 points.
You press <<U>> and get 1 points.
You press <<U>> and get 0 points.
You press <<U>> and get 1 points.
You press <<U>> and get 1 points.
You press <<U>> and get 1 points.
You press <<P>> and get 0 points.
You press <<U>> and get 1 points.
You press <<U>> and get 1 points.
You press <<U>> and get 1 points.
You press <<U>> and get 1 points.
You press <<U>> and get 1 points.
You press <<U>> and get 1 points.
You press <<P>> and get 0 points.
You press <<U>> and get 1 points.
You press <<U>> and get 1 points.
You press <<U>> and get 1 points.
You press <<U>> and get 1 points.
You press <<U>> and get 1 points.
You press <<U>> and get 1 points.
You press <<U>> and get 1 points.
You press <<U>> and get 1 points.
You press <<U>> and get 1 points.
You press <<U>> and get 1 points.
You press <<U>> and get 1 points.
You press <<U>> and get 1 points.
You press <<U>> and get 1 points.
You press <<P>> and get 0 points.
You press <<U>> and get 1 points.
You press <<U>> and get 1 points.
You press <<U>> and get 1 points.
You press <<U>> and get 1 points.
You press <<U>> and get 1 points.
You press <<U>> and get 1 points.
You press <<U>> and get 1 points.
You press <<U>> and get 1 points.
You press <<U>> and get 1 points.
You press <<U>> and get 1 points.
You press <<U>> and get 1 points.
You press <<U>> and get 1 points.
You press <<P>> and get 0 points.
You press <<U>> and get 1 points.
You press <<U>> and get 1 points.
You press <<P>> and get 1 points.
You press <<U>> and get 1 points.
You press <<U>> and get 0 points.
You press <<U>> and get 0 points.
You press <<P>> and get 1 points.
You press <<P>> and get 1 points.
You press <<P>> and get 1 points.
You press <<P>> and get 1 points.
You press <<P>> and get  points.
You press <<",1,0.1484375,0.8515625,0.111083984375,-0.109375,59,55303,0.037353515625,0.9609375
775,choice,"In this task, you have to repeatedly choose between two slot machines labeled U and P.
You can choose a slot machine by pressing its corresponding key.When you select one of the machines, you will win 1 or 0 points.Your goal is to choose the slot machines that will give you the most points.You will receive feedback about the outcome after making a choice.
The environment may change unpredictably, and past success does not guarantee future results. You’ll need to adapt to these changes to keep finding the better machine.You will play 1 game in total, consisting of 100 trials. Game 1:You press <<U>> and get 1 points.
You press <<P>> and get 0 points.
You press <<P>> and get 0 points.
You press <<U>> and get 0 points.
You press <<U>> and get 1 points.
You press <<U>> and get 1 points.
You press <<U>> and get 1 points.
You press <<U>> and get 1 points.
You press <<U>> and get 1 points.
You press <<U>> and get 0 points.
You press <<U>> and get 1 points.
You press <<U>> and get 1 points.
You press <<U>> and get 1 points.
You press <<P>> and get 0 points.
You press <<U>> and get 1 points.
You press <<U>> and get 1 points.
You press <<U>> and get 1 points.
You press <<U>> and get 1 points.
You press <<U>> and get 1 points.
You press <<U>> and get 1 points.
You press <<P>> and get 0 points.
You press <<U>> and get 1 points.
You press <<U>> and get 1 points.
You press <<U>> and get 1 points.
You press <<U>> and get 1 points.
You press <<U>> and get 1 points.
You press <<U>> and get 1 points.
You press <<U>> and get 1 points.
You press <<U>> and get 1 points.
You press <<U>> and get 1 points.
You press <<U>> and get 1 points.
You press <<U>> and get 1 points.
You press <<U>> and get 1 points.
You press <<U>> and get 1 points.
You press <<P>> and get 0 points.
You press <<U>> and get 1 points.
You press <<U>> and get 1 points.
You press <<U>> and get 1 points.
You press <<U>> and get 1 points.
You press <<U>> and get 1 points.
You press <<U>> and get 1 points.
You press <<U>> and get 1 points.
You press <<U>> and get 1 points.
You press <<U>> and get 1 points.
You press <<U>> and get 1 points.
You press <<U>> and get 1 points.
You press <<U>> and get 1 points.
You press <<P>> and get 0 points.
You press <<U>> and get 1 points.
You press <<U>> and get 1 points.
You press <<P>> and get 1 points.
You press <<U>> and get 1 points.
You press <<U>> and get 0 points.
You press <<U>> and get 0 points.
You press <<P>> and get 1 points.
You press <<P>> and get 1 points.
You press <<P>> and get 1 points.
You press <<P>> and get 1 points.
You press <<P>> and get 1 points.
You press <<>> and get 1 points.
You press <<",P,0.06689453125,0.92578125,0.01953125,-0.02734375,60,55303,0.04736328125,0.953125
780,reward,"In this task, you have to repeatedly choose between two slot machines labeled U and P.
You can choose a slot machine by pressing its corresponding key.When you select one of the machines, you will win 1 or 0 points.Your goal is to choose the slot machines that will give you the most points.You will receive feedback about the outcome after making a choice.
The environment may change unpredictably, and past success does not guarantee future results. You’ll need to adapt to these changes to keep finding the better machine.You will play 1 game in total, consisting of 100 trials. Game 1:You press <<U>> and get 1 points.
You press <<P>> and get 0 points.
You press <<P>> and get 0 points.
You press <<U>> and get 0 points.
You press <<U>> and get 1 points.
You press <<U>> and get 1 points.
You press <<U>> and get 1 points.
You press <<U>> and get 1 points.
You press <<U>> and get 1 points.
You press <<U>> and get 0 points.
You press <<U>> and get 1 points.
You press <<U>> and get 1 points.
You press <<U>> and get 1 points.
You press <<P>> and get 0 points.
You press <<U>> and get 1 points.
You press <<U>> and get 1 points.
You press <<U>> and get 1 points.
You press <<U>> and get 1 points.
You press <<U>> and get 1 points.
You press <<U>> and get 1 points.
You press <<P>> and get 0 points.
You press <<U>> and get 1 points.
You press <<U>> and get 1 points.
You press <<U>> and get 1 points.
You press <<U>> and get 1 points.
You press <<U>> and get 1 points.
You press <<U>> and get 1 points.
You press <<U>> and get 1 points.
You press <<U>> and get 1 points.
You press <<U>> and get 1 points.
You press <<U>> and get 1 points.
You press <<U>> and get 1 points.
You press <<U>> and get 1 points.
You press <<U>> and get 1 points.
You press <<P>> and get 0 points.
You press <<U>> and get 1 points.
You press <<U>> and get 1 points.
You press <<U>> and get 1 points.
You press <<U>> and get 1 points.
You press <<U>> and get 1 points.
You press <<U>> and get 1 points.
You press <<U>> and get 1 points.
You press <<U>> and get 1 points.
You press <<U>> and get 1 points.
You press <<U>> and get 1 points.
You press <<U>> and get 1 points.
You press <<U>> and get 1 points.
You press <<P>> and get 0 points.
You press <<U>> and get 1 points.
You press <<U>> and get 1 points.
You press <<P>> and get 1 points.
You press <<U>> and get 1 points.
You press <<U>> and get 0 points.
You press <<U>> and get 0 points.
You press <<P>> and get 1 points.
You press <<P>> and get 1 points.
You press <<P>> and get 1 points.
You press <<P>> and get 1 points.
You press <<P>> and get 1 points.
You press <<P>> and get  points.
You press <<",1,0.119140625,0.87890625,0.07177734375,-0.07421875,60,55303,0.04736328125,0.953125
786,choice,"In this task, you have to repeatedly choose between two slot machines labeled U and P.
You can choose a slot machine by pressing its corresponding key.When you select one of the machines, you will win 1 or 0 points.Your goal is to choose the slot machines that will give you the most points.You will receive feedback about the outcome after making a choice.
The environment may change unpredictably, and past success does not guarantee future results. You’ll need to adapt to these changes to keep finding the better machine.You will play 1 game in total, consisting of 100 trials. Game 1:You press <<U>> and get 1 points.
You press <<P>> and get 0 points.
You press <<P>> and get 0 points.
You press <<U>> and get 0 points.
You press <<U>> and get 1 points.
You press <<U>> and get 1 points.
You press <<U>> and get 1 points.
You press <<U>> and get 1 points.
You press <<U>> and get 1 points.
You press <<U>> and get 0 points.
You press <<U>> and get 1 points.
You press <<U>> and get 1 points.
You press <<U>> and get 1 points.
You press <<P>> and get 0 points.
You press <<U>> and get 1 points.
You press <<U>> and get 1 points.
You press <<U>> and get 1 points.
You press <<U>> and get 1 points.
You press <<U>> and get 1 points.
You press <<U>> and get 1 points.
You press <<P>> and get 0 points.
You press <<U>> and get 1 points.
You press <<U>> and get 1 points.
You press <<U>> and get 1 points.
You press <<U>> and get 1 points.
You press <<U>> and get 1 points.
You press <<U>> and get 1 points.
You press <<U>> and get 1 points.
You press <<U>> and get 1 points.
You press <<U>> and get 1 points.
You press <<U>> and get 1 points.
You press <<U>> and get 1 points.
You press <<U>> and get 1 points.
You press <<U>> and get 1 points.
You press <<P>> and get 0 points.
You press <<U>> and get 1 points.
You press <<U>> and get 1 points.
You press <<U>> and get 1 points.
You press <<U>> and get 1 points.
You press <<U>> and get 1 points.
You press <<U>> and get 1 points.
You press <<U>> and get 1 points.
You press <<U>> and get 1 points.
You press <<U>> and get 1 points.
You press <<U>> and get 1 points.
You press <<U>> and get 1 points.
You press <<U>> and get 1 points.
You press <<P>> and get 0 points.
You press <<U>> and get 1 points.
You press <<U>> and get 1 points.
You press <<P>> and get 1 points.
You press <<U>> and get 1 points.
You press <<U>> and get 0 points.
You press <<U>> and get 0 points.
You press <<P>> and get 1 points.
You press <<P>> and get 1 points.
You press <<P>> and get 1 points.
You press <<P>> and get 1 points.
You press <<P>> and get 1 points.
You press <<P>> and get 1 points.
You press <<>> and get 1 points.
You press <<",P,0.06689453125,0.92578125,0.01953125,-0.02734375,61,55303,0.04736328125,0.953125
791,reward,"In this task, you have to repeatedly choose between two slot machines labeled U and P.
You can choose a slot machine by pressing its corresponding key.When you select one of the machines, you will win 1 or 0 points.Your goal is to choose the slot machines that will give you the most points.You will receive feedback about the outcome after making a choice.
The environment may change unpredictably, and past success does not guarantee future results. You’ll need to adapt to these changes to keep finding the better machine.You will play 1 game in total, consisting of 100 trials. Game 1:You press <<U>> and get 1 points.
You press <<P>> and get 0 points.
You press <<P>> and get 0 points.
You press <<U>> and get 0 points.
You press <<U>> and get 1 points.
You press <<U>> and get 1 points.
You press <<U>> and get 1 points.
You press <<U>> and get 1 points.
You press <<U>> and get 1 points.
You press <<U>> and get 0 points.
You press <<U>> and get 1 points.
You press <<U>> and get 1 points.
You press <<U>> and get 1 points.
You press <<P>> and get 0 points.
You press <<U>> and get 1 points.
You press <<U>> and get 1 points.
You press <<U>> and get 1 points.
You press <<U>> and get 1 points.
You press <<U>> and get 1 points.
You press <<U>> and get 1 points.
You press <<P>> and get 0 points.
You press <<U>> and get 1 points.
You press <<U>> and get 1 points.
You press <<U>> and get 1 points.
You press <<U>> and get 1 points.
You press <<U>> and get 1 points.
You press <<U>> and get 1 points.
You press <<U>> and get 1 points.
You press <<U>> and get 1 points.
You press <<U>> and get 1 points.
You press <<U>> and get 1 points.
You press <<U>> and get 1 points.
You press <<U>> and get 1 points.
You press <<U>> and get 1 points.
You press <<P>> and get 0 points.
You press <<U>> and get 1 points.
You press <<U>> and get 1 points.
You press <<U>> and get 1 points.
You press <<U>> and get 1 points.
You press <<U>> and get 1 points.
You press <<U>> and get 1 points.
You press <<U>> and get 1 points.
You press <<U>> and get 1 points.
You press <<U>> and get 1 points.
You press <<U>> and get 1 points.
You press <<U>> and get 1 points.
You press <<U>> and get 1 points.
You press <<P>> and get 0 points.
You press <<U>> and get 1 points.
You press <<U>> and get 1 points.
You press <<P>> and get 1 points.
You press <<U>> and get 1 points.
You press <<U>> and get 0 points.
You press <<U>> and get 0 points.
You press <<P>> and get 1 points.
You press <<P>> and get 1 points.
You press <<P>> and get 1 points.
You press <<P>> and get 1 points.
You press <<P>> and get 1 points.
You press <<P>> and get 1 points.
You press <<P>> and get  points.
You press <<",1,0.1640625,0.8359375,0.11669921875,-0.1171875,61,55303,0.04736328125,0.953125
797,choice,"In this task, you have to repeatedly choose between two slot machines labeled U and P.
You can choose a slot machine by pressing its corresponding key.When you select one of the machines, you will win 1 or 0 points.Your goal is to choose the slot machines that will give you the most points.You will receive feedback about the outcome after making a choice.
The environment may change unpredictably, and past success does not guarantee future results. You’ll need to adapt to these changes to keep finding the better machine.You will play 1 game in total, consisting of 100 trials. Game 1:You press <<U>> and get 1 points.
You press <<P>> and get 0 points.
You press <<P>> and get 0 points.
You press <<U>> and get 0 points.
You press <<U>> and get 1 points.
You press <<U>> and get 1 points.
You press <<U>> and get 1 points.
You press <<U>> and get 1 points.
You press <<U>> and get 1 points.
You press <<U>> and get 0 points.
You press <<U>> and get 1 points.
You press <<U>> and get 1 points.
You press <<U>> and get 1 points.
You press <<P>> and get 0 points.
You press <<U>> and get 1 points.
You press <<U>> and get 1 points.
You press <<U>> and get 1 points.
You press <<U>> and get 1 points.
You press <<U>> and get 1 points.
You press <<U>> and get 1 points.
You press <<P>> and get 0 points.
You press <<U>> and get 1 points.
You press <<U>> and get 1 points.
You press <<U>> and get 1 points.
You press <<U>> and get 1 points.
You press <<U>> and get 1 points.
You press <<U>> and get 1 points.
You press <<U>> and get 1 points.
You press <<U>> and get 1 points.
You press <<U>> and get 1 points.
You press <<U>> and get 1 points.
You press <<U>> and get 1 points.
You press <<U>> and get 1 points.
You press <<U>> and get 1 points.
You press <<P>> and get 0 points.
You press <<U>> and get 1 points.
You press <<U>> and get 1 points.
You press <<U>> and get 1 points.
You press <<U>> and get 1 points.
You press <<U>> and get 1 points.
You press <<U>> and get 1 points.
You press <<U>> and get 1 points.
You press <<U>> and get 1 points.
You press <<U>> and get 1 points.
You press <<U>> and get 1 points.
You press <<U>> and get 1 points.
You press <<U>> and get 1 points.
You press <<P>> and get 0 points.
You press <<U>> and get 1 points.
You press <<U>> and get 1 points.
You press <<P>> and get 1 points.
You press <<U>> and get 1 points.
You press <<U>> and get 0 points.
You press <<U>> and get 0 points.
You press <<P>> and get 1 points.
You press <<P>> and get 1 points.
You press <<P>> and get 1 points.
You press <<P>> and get 1 points.
You press <<P>> and get 1 points.
You press <<P>> and get 1 points.
You press <<P>> and get 1 points.
You press <<>> and get 1 points.
You press <<",P,0.05322265625,0.94140625,0.005859375,-0.01171875,62,55303,0.04736328125,0.953125
802,reward,"In this task, you have to repeatedly choose between two slot machines labeled U and P.
You can choose a slot machine by pressing its corresponding key.When you select one of the machines, you will win 1 or 0 points.Your goal is to choose the slot machines that will give you the most points.You will receive feedback about the outcome after making a choice.
The environment may change unpredictably, and past success does not guarantee future results. You’ll need to adapt to these changes to keep finding the better machine.You will play 1 game in total, consisting of 100 trials. Game 1:You press <<U>> and get 1 points.
You press <<P>> and get 0 points.
You press <<P>> and get 0 points.
You press <<U>> and get 0 points.
You press <<U>> and get 1 points.
You press <<U>> and get 1 points.
You press <<U>> and get 1 points.
You press <<U>> and get 1 points.
You press <<U>> and get 1 points.
You press <<U>> and get 0 points.
You press <<U>> and get 1 points.
You press <<U>> and get 1 points.
You press <<U>> and get 1 points.
You press <<P>> and get 0 points.
You press <<U>> and get 1 points.
You press <<U>> and get 1 points.
You press <<U>> and get 1 points.
You press <<U>> and get 1 points.
You press <<U>> and get 1 points.
You press <<U>> and get 1 points.
You press <<P>> and get 0 points.
You press <<U>> and get 1 points.
You press <<U>> and get 1 points.
You press <<U>> and get 1 points.
You press <<U>> and get 1 points.
You press <<U>> and get 1 points.
You press <<U>> and get 1 points.
You press <<U>> and get 1 points.
You press <<U>> and get 1 points.
You press <<U>> and get 1 points.
You press <<U>> and get 1 points.
You press <<U>> and get 1 points.
You press <<U>> and get 1 points.
You press <<U>> and get 1 points.
You press <<P>> and get 0 points.
You press <<U>> and get 1 points.
You press <<U>> and get 1 points.
You press <<U>> and get 1 points.
You press <<U>> and get 1 points.
You press <<U>> and get 1 points.
You press <<U>> and get 1 points.
You press <<U>> and get 1 points.
You press <<U>> and get 1 points.
You press <<U>> and get 1 points.
You press <<U>> and get 1 points.
You press <<U>> and get 1 points.
You press <<U>> and get 1 points.
You press <<P>> and get 0 points.
You press <<U>> and get 1 points.
You press <<U>> and get 1 points.
You press <<P>> and get 1 points.
You press <<U>> and get 1 points.
You press <<U>> and get 0 points.
You press <<U>> and get 0 points.
You press <<P>> and get 1 points.
You press <<P>> and get 1 points.
You press <<P>> and get 1 points.
You press <<P>> and get 1 points.
You press <<P>> and get 1 points.
You press <<P>> and get 1 points.
You press <<P>> and get 1 points.
You press <<P>> and get  points.
You press <<",1,0.1328125,0.8671875,0.08544921875,-0.0859375,62,55303,0.04736328125,0.953125
808,choice,"In this task, you have to repeatedly choose between two slot machines labeled U and P.
You can choose a slot machine by pressing its corresponding key.When you select one of the machines, you will win 1 or 0 points.Your goal is to choose the slot machines that will give you the most points.You will receive feedback about the outcome after making a choice.
The environment may change unpredictably, and past success does not guarantee future results. You’ll need to adapt to these changes to keep finding the better machine.You will play 1 game in total, consisting of 100 trials. Game 1:You press <<U>> and get 1 points.
You press <<P>> and get 0 points.
You press <<P>> and get 0 points.
You press <<U>> and get 0 points.
You press <<U>> and get 1 points.
You press <<U>> and get 1 points.
You press <<U>> and get 1 points.
You press <<U>> and get 1 points.
You press <<U>> and get 1 points.
You press <<U>> and get 0 points.
You press <<U>> and get 1 points.
You press <<U>> and get 1 points.
You press <<U>> and get 1 points.
You press <<P>> and get 0 points.
You press <<U>> and get 1 points.
You press <<U>> and get 1 points.
You press <<U>> and get 1 points.
You press <<U>> and get 1 points.
You press <<U>> and get 1 points.
You press <<U>> and get 1 points.
You press <<P>> and get 0 points.
You press <<U>> and get 1 points.
You press <<U>> and get 1 points.
You press <<U>> and get 1 points.
You press <<U>> and get 1 points.
You press <<U>> and get 1 points.
You press <<U>> and get 1 points.
You press <<U>> and get 1 points.
You press <<U>> and get 1 points.
You press <<U>> and get 1 points.
You press <<U>> and get 1 points.
You press <<U>> and get 1 points.
You press <<U>> and get 1 points.
You press <<U>> and get 1 points.
You press <<P>> and get 0 points.
You press <<U>> and get 1 points.
You press <<U>> and get 1 points.
You press <<U>> and get 1 points.
You press <<U>> and get 1 points.
You press <<U>> and get 1 points.
You press <<U>> and get 1 points.
You press <<U>> and get 1 points.
You press <<U>> and get 1 points.
You press <<U>> and get 1 points.
You press <<U>> and get 1 points.
You press <<U>> and get 1 points.
You press <<U>> and get 1 points.
You press <<P>> and get 0 points.
You press <<U>> and get 1 points.
You press <<U>> and get 1 points.
You press <<P>> and get 1 points.
You press <<U>> and get 1 points.
You press <<U>> and get 0 points.
You press <<U>> and get 0 points.
You press <<P>> and get 1 points.
You press <<P>> and get 1 points.
You press <<P>> and get 1 points.
You press <<P>> and get 1 points.
You press <<P>> and get 1 points.
You press <<P>> and get 1 points.
You press <<P>> and get 1 points.
You press <<P>> and get 1 points.
You press <<>> and get 1 points.
You press <<",P,0.052978515625,0.94140625,0.015625,-0.01953125,63,55303,0.037353515625,0.9609375
813,reward,"In this task, you have to repeatedly choose between two slot machines labeled U and P.
You can choose a slot machine by pressing its corresponding key.When you select one of the machines, you will win 1 or 0 points.Your goal is to choose the slot machines that will give you the most points.You will receive feedback about the outcome after making a choice.
The environment may change unpredictably, and past success does not guarantee future results. You’ll need to adapt to these changes to keep finding the better machine.You will play 1 game in total, consisting of 100 trials. Game 1:You press <<U>> and get 1 points.
You press <<P>> and get 0 points.
You press <<P>> and get 0 points.
You press <<U>> and get 0 points.
You press <<U>> and get 1 points.
You press <<U>> and get 1 points.
You press <<U>> and get 1 points.
You press <<U>> and get 1 points.
You press <<U>> and get 1 points.
You press <<U>> and get 0 points.
You press <<U>> and get 1 points.
You press <<U>> and get 1 points.
You press <<U>> and get 1 points.
You press <<P>> and get 0 points.
You press <<U>> and get 1 points.
You press <<U>> and get 1 points.
You press <<U>> and get 1 points.
You press <<U>> and get 1 points.
You press <<U>> and get 1 points.
You press <<U>> and get 1 points.
You press <<P>> and get 0 points.
You press <<U>> and get 1 points.
You press <<U>> and get 1 points.
You press <<U>> and get 1 points.
You press <<U>> and get 1 points.
You press <<U>> and get 1 points.
You press <<U>> and get 1 points.
You press <<U>> and get 1 points.
You press <<U>> and get 1 points.
You press <<U>> and get 1 points.
You press <<U>> and get 1 points.
You press <<U>> and get 1 points.
You press <<U>> and get 1 points.
You press <<U>> and get 1 points.
You press <<P>> and get 0 points.
You press <<U>> and get 1 points.
You press <<U>> and get 1 points.
You press <<U>> and get 1 points.
You press <<U>> and get 1 points.
You press <<U>> and get 1 points.
You press <<U>> and get 1 points.
You press <<U>> and get 1 points.
You press <<U>> and get 1 points.
You press <<U>> and get 1 points.
You press <<U>> and get 1 points.
You press <<U>> and get 1 points.
You press <<U>> and get 1 points.
You press <<P>> and get 0 points.
You press <<U>> and get 1 points.
You press <<U>> and get 1 points.
You press <<P>> and get 1 points.
You press <<U>> and get 1 points.
You press <<U>> and get 0 points.
You press <<U>> and get 0 points.
You press <<P>> and get 1 points.
You press <<P>> and get 1 points.
You press <<P>> and get 1 points.
You press <<P>> and get 1 points.
You press <<P>> and get 1 points.
You press <<P>> and get 1 points.
You press <<P>> and get 1 points.
You press <<P>> and get 1 points.
You press <<P>> and get  points.
You press <<",1,0.1328125,0.8671875,0.095458984375,-0.09375,63,55303,0.037353515625,0.9609375
819,choice,"In this task, you have to repeatedly choose between two slot machines labeled U and P.
You can choose a slot machine by pressing its corresponding key.When you select one of the machines, you will win 1 or 0 points.Your goal is to choose the slot machines that will give you the most points.You will receive feedback about the outcome after making a choice.
The environment may change unpredictably, and past success does not guarantee future results. You’ll need to adapt to these changes to keep finding the better machine.You will play 1 game in total, consisting of 100 trials. Game 1:You press <<U>> and get 1 points.
You press <<P>> and get 0 points.
You press <<P>> and get 0 points.
You press <<U>> and get 0 points.
You press <<U>> and get 1 points.
You press <<U>> and get 1 points.
You press <<U>> and get 1 points.
You press <<U>> and get 1 points.
You press <<U>> and get 1 points.
You press <<U>> and get 0 points.
You press <<U>> and get 1 points.
You press <<U>> and get 1 points.
You press <<U>> and get 1 points.
You press <<P>> and get 0 points.
You press <<U>> and get 1 points.
You press <<U>> and get 1 points.
You press <<U>> and get 1 points.
You press <<U>> and get 1 points.
You press <<U>> and get 1 points.
You press <<U>> and get 1 points.
You press <<P>> and get 0 points.
You press <<U>> and get 1 points.
You press <<U>> and get 1 points.
You press <<U>> and get 1 points.
You press <<U>> and get 1 points.
You press <<U>> and get 1 points.
You press <<U>> and get 1 points.
You press <<U>> and get 1 points.
You press <<U>> and get 1 points.
You press <<U>> and get 1 points.
You press <<U>> and get 1 points.
You press <<U>> and get 1 points.
You press <<U>> and get 1 points.
You press <<U>> and get 1 points.
You press <<P>> and get 0 points.
You press <<U>> and get 1 points.
You press <<U>> and get 1 points.
You press <<U>> and get 1 points.
You press <<U>> and get 1 points.
You press <<U>> and get 1 points.
You press <<U>> and get 1 points.
You press <<U>> and get 1 points.
You press <<U>> and get 1 points.
You press <<U>> and get 1 points.
You press <<U>> and get 1 points.
You press <<U>> and get 1 points.
You press <<U>> and get 1 points.
You press <<P>> and get 0 points.
You press <<U>> and get 1 points.
You press <<U>> and get 1 points.
You press <<P>> and get 1 points.
You press <<U>> and get 1 points.
You press <<U>> and get 0 points.
You press <<U>> and get 0 points.
You press <<P>> and get 1 points.
You press <<P>> and get 1 points.
You press <<P>> and get 1 points.
You press <<P>> and get 1 points.
You press <<P>> and get 1 points.
You press <<P>> and get 1 points.
You press <<P>> and get 1 points.
You press <<P>> and get 1 points.
You press <<P>> and get 1 points.
You press <<>> and get 0 points.
You press <<",U,0.1474609375,0.8515625,0.05224609375,-0.0546875,64,55303,0.09521484375,0.90625
824,reward,"In this task, you have to repeatedly choose between two slot machines labeled U and P.
You can choose a slot machine by pressing its corresponding key.When you select one of the machines, you will win 1 or 0 points.Your goal is to choose the slot machines that will give you the most points.You will receive feedback about the outcome after making a choice.
The environment may change unpredictably, and past success does not guarantee future results. You’ll need to adapt to these changes to keep finding the better machine.You will play 1 game in total, consisting of 100 trials. Game 1:You press <<U>> and get 1 points.
You press <<P>> and get 0 points.
You press <<P>> and get 0 points.
You press <<U>> and get 0 points.
You press <<U>> and get 1 points.
You press <<U>> and get 1 points.
You press <<U>> and get 1 points.
You press <<U>> and get 1 points.
You press <<U>> and get 1 points.
You press <<U>> and get 0 points.
You press <<U>> and get 1 points.
You press <<U>> and get 1 points.
You press <<U>> and get 1 points.
You press <<P>> and get 0 points.
You press <<U>> and get 1 points.
You press <<U>> and get 1 points.
You press <<U>> and get 1 points.
You press <<U>> and get 1 points.
You press <<U>> and get 1 points.
You press <<U>> and get 1 points.
You press <<P>> and get 0 points.
You press <<U>> and get 1 points.
You press <<U>> and get 1 points.
You press <<U>> and get 1 points.
You press <<U>> and get 1 points.
You press <<U>> and get 1 points.
You press <<U>> and get 1 points.
You press <<U>> and get 1 points.
You press <<U>> and get 1 points.
You press <<U>> and get 1 points.
You press <<U>> and get 1 points.
You press <<U>> and get 1 points.
You press <<U>> and get 1 points.
You press <<U>> and get 1 points.
You press <<P>> and get 0 points.
You press <<U>> and get 1 points.
You press <<U>> and get 1 points.
You press <<U>> and get 1 points.
You press <<U>> and get 1 points.
You press <<U>> and get 1 points.
You press <<U>> and get 1 points.
You press <<U>> and get 1 points.
You press <<U>> and get 1 points.
You press <<U>> and get 1 points.
You press <<U>> and get 1 points.
You press <<U>> and get 1 points.
You press <<U>> and get 1 points.
You press <<P>> and get 0 points.
You press <<U>> and get 1 points.
You press <<U>> and get 1 points.
You press <<P>> and get 1 points.
You press <<U>> and get 1 points.
You press <<U>> and get 0 points.
You press <<U>> and get 0 points.
You press <<P>> and get 1 points.
You press <<P>> and get 1 points.
You press <<P>> and get 1 points.
You press <<P>> and get 1 points.
You press <<P>> and get 1 points.
You press <<P>> and get 1 points.
You press <<P>> and get 1 points.
You press <<P>> and get 1 points.
You press <<P>> and get 1 points.
You press <<U>> and get  points.
You press <<",0,0.2021484375,0.796875,0.10693359375,-0.109375,64,55303,0.09521484375,0.90625
830,choice,"In this task, you have to repeatedly choose between two slot machines labeled U and P.
You can choose a slot machine by pressing its corresponding key.When you select one of the machines, you will win 1 or 0 points.Your goal is to choose the slot machines that will give you the most points.You will receive feedback about the outcome after making a choice.
The environment may change unpredictably, and past success does not guarantee future results. You’ll need to adapt to these changes to keep finding the better machine.You will play 1 game in total, consisting of 100 trials. Game 1:You press <<U>> and get 1 points.
You press <<P>> and get 0 points.
You press <<P>> and get 0 points.
You press <<U>> and get 0 points.
You press <<U>> and get 1 points.
You press <<U>> and get 1 points.
You press <<U>> and get 1 points.
You press <<U>> and get 1 points.
You press <<U>> and get 1 points.
You press <<U>> and get 0 points.
You press <<U>> and get 1 points.
You press <<U>> and get 1 points.
You press <<U>> and get 1 points.
You press <<P>> and get 0 points.
You press <<U>> and get 1 points.
You press <<U>> and get 1 points.
You press <<U>> and get 1 points.
You press <<U>> and get 1 points.
You press <<U>> and get 1 points.
You press <<U>> and get 1 points.
You press <<P>> and get 0 points.
You press <<U>> and get 1 points.
You press <<U>> and get 1 points.
You press <<U>> and get 1 points.
You press <<U>> and get 1 points.
You press <<U>> and get 1 points.
You press <<U>> and get 1 points.
You press <<U>> and get 1 points.
You press <<U>> and get 1 points.
You press <<U>> and get 1 points.
You press <<U>> and get 1 points.
You press <<U>> and get 1 points.
You press <<U>> and get 1 points.
You press <<U>> and get 1 points.
You press <<P>> and get 0 points.
You press <<U>> and get 1 points.
You press <<U>> and get 1 points.
You press <<U>> and get 1 points.
You press <<U>> and get 1 points.
You press <<U>> and get 1 points.
You press <<U>> and get 1 points.
You press <<U>> and get 1 points.
You press <<U>> and get 1 points.
You press <<U>> and get 1 points.
You press <<U>> and get 1 points.
You press <<U>> and get 1 points.
You press <<U>> and get 1 points.
You press <<P>> and get 0 points.
You press <<U>> and get 1 points.
You press <<U>> and get 1 points.
You press <<P>> and get 1 points.
You press <<U>> and get 1 points.
You press <<U>> and get 0 points.
You press <<U>> and get 0 points.
You press <<P>> and get 1 points.
You press <<P>> and get 1 points.
You press <<P>> and get 1 points.
You press <<P>> and get 1 points.
You press <<P>> and get 1 points.
You press <<P>> and get 1 points.
You press <<P>> and get 1 points.
You press <<P>> and get 1 points.
You press <<P>> and get 1 points.
You press <<U>> and get 0 points.
You press <<>> and get 1 points.
You press <<",P,0.0947265625,0.8984375,0.07177734375,-0.078125,65,55303,0.02294921875,0.9765625
835,reward,"In this task, you have to repeatedly choose between two slot machines labeled U and P.
You can choose a slot machine by pressing its corresponding key.When you select one of the machines, you will win 1 or 0 points.Your goal is to choose the slot machines that will give you the most points.You will receive feedback about the outcome after making a choice.
The environment may change unpredictably, and past success does not guarantee future results. You’ll need to adapt to these changes to keep finding the better machine.You will play 1 game in total, consisting of 100 trials. Game 1:You press <<U>> and get 1 points.
You press <<P>> and get 0 points.
You press <<P>> and get 0 points.
You press <<U>> and get 0 points.
You press <<U>> and get 1 points.
You press <<U>> and get 1 points.
You press <<U>> and get 1 points.
You press <<U>> and get 1 points.
You press <<U>> and get 1 points.
You press <<U>> and get 0 points.
You press <<U>> and get 1 points.
You press <<U>> and get 1 points.
You press <<U>> and get 1 points.
You press <<P>> and get 0 points.
You press <<U>> and get 1 points.
You press <<U>> and get 1 points.
You press <<U>> and get 1 points.
You press <<U>> and get 1 points.
You press <<U>> and get 1 points.
You press <<U>> and get 1 points.
You press <<P>> and get 0 points.
You press <<U>> and get 1 points.
You press <<U>> and get 1 points.
You press <<U>> and get 1 points.
You press <<U>> and get 1 points.
You press <<U>> and get 1 points.
You press <<U>> and get 1 points.
You press <<U>> and get 1 points.
You press <<U>> and get 1 points.
You press <<U>> and get 1 points.
You press <<U>> and get 1 points.
You press <<U>> and get 1 points.
You press <<U>> and get 1 points.
You press <<U>> and get 1 points.
You press <<P>> and get 0 points.
You press <<U>> and get 1 points.
You press <<U>> and get 1 points.
You press <<U>> and get 1 points.
You press <<U>> and get 1 points.
You press <<U>> and get 1 points.
You press <<U>> and get 1 points.
You press <<U>> and get 1 points.
You press <<U>> and get 1 points.
You press <<U>> and get 1 points.
You press <<U>> and get 1 points.
You press <<U>> and get 1 points.
You press <<U>> and get 1 points.
You press <<P>> and get 0 points.
You press <<U>> and get 1 points.
You press <<U>> and get 1 points.
You press <<P>> and get 1 points.
You press <<U>> and get 1 points.
You press <<U>> and get 0 points.
You press <<U>> and get 0 points.
You press <<P>> and get 1 points.
You press <<P>> and get 1 points.
You press <<P>> and get 1 points.
You press <<P>> and get 1 points.
You press <<P>> and get 1 points.
You press <<P>> and get 1 points.
You press <<P>> and get 1 points.
You press <<P>> and get 1 points.
You press <<P>> and get 1 points.
You press <<U>> and get 0 points.
You press <<P>> and get  points.
You press <<",1,0.0419921875,0.95703125,0.01904296875,-0.01953125,65,55303,0.02294921875,0.9765625
841,choice,"In this task, you have to repeatedly choose between two slot machines labeled U and P.
You can choose a slot machine by pressing its corresponding key.When you select one of the machines, you will win 1 or 0 points.Your goal is to choose the slot machines that will give you the most points.You will receive feedback about the outcome after making a choice.
The environment may change unpredictably, and past success does not guarantee future results. You’ll need to adapt to these changes to keep finding the better machine.You will play 1 game in total, consisting of 100 trials. Game 1:You press <<U>> and get 1 points.
You press <<P>> and get 0 points.
You press <<P>> and get 0 points.
You press <<U>> and get 0 points.
You press <<U>> and get 1 points.
You press <<U>> and get 1 points.
You press <<U>> and get 1 points.
You press <<U>> and get 1 points.
You press <<U>> and get 1 points.
You press <<U>> and get 0 points.
You press <<U>> and get 1 points.
You press <<U>> and get 1 points.
You press <<U>> and get 1 points.
You press <<P>> and get 0 points.
You press <<U>> and get 1 points.
You press <<U>> and get 1 points.
You press <<U>> and get 1 points.
You press <<U>> and get 1 points.
You press <<U>> and get 1 points.
You press <<U>> and get 1 points.
You press <<P>> and get 0 points.
You press <<U>> and get 1 points.
You press <<U>> and get 1 points.
You press <<U>> and get 1 points.
You press <<U>> and get 1 points.
You press <<U>> and get 1 points.
You press <<U>> and get 1 points.
You press <<U>> and get 1 points.
You press <<U>> and get 1 points.
You press <<U>> and get 1 points.
You press <<U>> and get 1 points.
You press <<U>> and get 1 points.
You press <<U>> and get 1 points.
You press <<U>> and get 1 points.
You press <<P>> and get 0 points.
You press <<U>> and get 1 points.
You press <<U>> and get 1 points.
You press <<U>> and get 1 points.
You press <<U>> and get 1 points.
You press <<U>> and get 1 points.
You press <<U>> and get 1 points.
You press <<U>> and get 1 points.
You press <<U>> and get 1 points.
You press <<U>> and get 1 points.
You press <<U>> and get 1 points.
You press <<U>> and get 1 points.
You press <<U>> and get 1 points.
You press <<P>> and get 0 points.
You press <<U>> and get 1 points.
You press <<U>> and get 1 points.
You press <<P>> and get 1 points.
You press <<U>> and get 1 points.
You press <<U>> and get 0 points.
You press <<U>> and get 0 points.
You press <<P>> and get 1 points.
You press <<P>> and get 1 points.
You press <<P>> and get 1 points.
You press <<P>> and get 1 points.
You press <<P>> and get 1 points.
You press <<P>> and get 1 points.
You press <<P>> and get 1 points.
You press <<P>> and get 1 points.
You press <<P>> and get 1 points.
You press <<U>> and get 0 points.
You press <<P>> and get 1 points.
You press <<>> and get 1 points.
You press <<",P,0.047119140625,0.9453125,0.024169921875,-0.03125,66,55303,0.02294921875,0.9765625
846,reward,"In this task, you have to repeatedly choose between two slot machines labeled U and P.
You can choose a slot machine by pressing its corresponding key.When you select one of the machines, you will win 1 or 0 points.Your goal is to choose the slot machines that will give you the most points.You will receive feedback about the outcome after making a choice.
The environment may change unpredictably, and past success does not guarantee future results. You’ll need to adapt to these changes to keep finding the better machine.You will play 1 game in total, consisting of 100 trials. Game 1:You press <<U>> and get 1 points.
You press <<P>> and get 0 points.
You press <<P>> and get 0 points.
You press <<U>> and get 0 points.
You press <<U>> and get 1 points.
You press <<U>> and get 1 points.
You press <<U>> and get 1 points.
You press <<U>> and get 1 points.
You press <<U>> and get 1 points.
You press <<U>> and get 0 points.
You press <<U>> and get 1 points.
You press <<U>> and get 1 points.
You press <<U>> and get 1 points.
You press <<P>> and get 0 points.
You press <<U>> and get 1 points.
You press <<U>> and get 1 points.
You press <<U>> and get 1 points.
You press <<U>> and get 1 points.
You press <<U>> and get 1 points.
You press <<U>> and get 1 points.
You press <<P>> and get 0 points.
You press <<U>> and get 1 points.
You press <<U>> and get 1 points.
You press <<U>> and get 1 points.
You press <<U>> and get 1 points.
You press <<U>> and get 1 points.
You press <<U>> and get 1 points.
You press <<U>> and get 1 points.
You press <<U>> and get 1 points.
You press <<U>> and get 1 points.
You press <<U>> and get 1 points.
You press <<U>> and get 1 points.
You press <<U>> and get 1 points.
You press <<U>> and get 1 points.
You press <<P>> and get 0 points.
You press <<U>> and get 1 points.
You press <<U>> and get 1 points.
You press <<U>> and get 1 points.
You press <<U>> and get 1 points.
You press <<U>> and get 1 points.
You press <<U>> and get 1 points.
You press <<U>> and get 1 points.
You press <<U>> and get 1 points.
You press <<U>> and get 1 points.
You press <<U>> and get 1 points.
You press <<U>> and get 1 points.
You press <<U>> and get 1 points.
You press <<P>> and get 0 points.
You press <<U>> and get 1 points.
You press <<U>> and get 1 points.
You press <<P>> and get 1 points.
You press <<U>> and get 1 points.
You press <<U>> and get 0 points.
You press <<U>> and get 0 points.
You press <<P>> and get 1 points.
You press <<P>> and get 1 points.
You press <<P>> and get 1 points.
You press <<P>> and get 1 points.
You press <<P>> and get 1 points.
You press <<P>> and get 1 points.
You press <<P>> and get 1 points.
You press <<P>> and get 1 points.
You press <<P>> and get 1 points.
You press <<U>> and get 0 points.
You press <<P>> and get 1 points.
You press <<P>> and get  points.
You press <<",1,0.07568359375,0.92578125,0.052734375,-0.05078125,66,55303,0.02294921875,0.9765625
852,choice,"In this task, you have to repeatedly choose between two slot machines labeled U and P.
You can choose a slot machine by pressing its corresponding key.When you select one of the machines, you will win 1 or 0 points.Your goal is to choose the slot machines that will give you the most points.You will receive feedback about the outcome after making a choice.
The environment may change unpredictably, and past success does not guarantee future results. You’ll need to adapt to these changes to keep finding the better machine.You will play 1 game in total, consisting of 100 trials. Game 1:You press <<U>> and get 1 points.
You press <<P>> and get 0 points.
You press <<P>> and get 0 points.
You press <<U>> and get 0 points.
You press <<U>> and get 1 points.
You press <<U>> and get 1 points.
You press <<U>> and get 1 points.
You press <<U>> and get 1 points.
You press <<U>> and get 1 points.
You press <<U>> and get 0 points.
You press <<U>> and get 1 points.
You press <<U>> and get 1 points.
You press <<U>> and get 1 points.
You press <<P>> and get 0 points.
You press <<U>> and get 1 points.
You press <<U>> and get 1 points.
You press <<U>> and get 1 points.
You press <<U>> and get 1 points.
You press <<U>> and get 1 points.
You press <<U>> and get 1 points.
You press <<P>> and get 0 points.
You press <<U>> and get 1 points.
You press <<U>> and get 1 points.
You press <<U>> and get 1 points.
You press <<U>> and get 1 points.
You press <<U>> and get 1 points.
You press <<U>> and get 1 points.
You press <<U>> and get 1 points.
You press <<U>> and get 1 points.
You press <<U>> and get 1 points.
You press <<U>> and get 1 points.
You press <<U>> and get 1 points.
You press <<U>> and get 1 points.
You press <<U>> and get 1 points.
You press <<P>> and get 0 points.
You press <<U>> and get 1 points.
You press <<U>> and get 1 points.
You press <<U>> and get 1 points.
You press <<U>> and get 1 points.
You press <<U>> and get 1 points.
You press <<U>> and get 1 points.
You press <<U>> and get 1 points.
You press <<U>> and get 1 points.
You press <<U>> and get 1 points.
You press <<U>> and get 1 points.
You press <<U>> and get 1 points.
You press <<U>> and get 1 points.
You press <<P>> and get 0 points.
You press <<U>> and get 1 points.
You press <<U>> and get 1 points.
You press <<P>> and get 1 points.
You press <<U>> and get 1 points.
You press <<U>> and get 0 points.
You press <<U>> and get 0 points.
You press <<P>> and get 1 points.
You press <<P>> and get 1 points.
You press <<P>> and get 1 points.
You press <<P>> and get 1 points.
You press <<P>> and get 1 points.
You press <<P>> and get 1 points.
You press <<P>> and get 1 points.
You press <<P>> and get 1 points.
You press <<P>> and get 1 points.
You press <<U>> and get 0 points.
You press <<P>> and get 1 points.
You press <<P>> and get 1 points.
You press <<>> and get 1 points.
You press <<",P,0.037109375,0.95703125,0.01416015625,-0.01953125,67,55303,0.02294921875,0.9765625
857,reward,"In this task, you have to repeatedly choose between two slot machines labeled U and P.
You can choose a slot machine by pressing its corresponding key.When you select one of the machines, you will win 1 or 0 points.Your goal is to choose the slot machines that will give you the most points.You will receive feedback about the outcome after making a choice.
The environment may change unpredictably, and past success does not guarantee future results. You’ll need to adapt to these changes to keep finding the better machine.You will play 1 game in total, consisting of 100 trials. Game 1:You press <<U>> and get 1 points.
You press <<P>> and get 0 points.
You press <<P>> and get 0 points.
You press <<U>> and get 0 points.
You press <<U>> and get 1 points.
You press <<U>> and get 1 points.
You press <<U>> and get 1 points.
You press <<U>> and get 1 points.
You press <<U>> and get 1 points.
You press <<U>> and get 0 points.
You press <<U>> and get 1 points.
You press <<U>> and get 1 points.
You press <<U>> and get 1 points.
You press <<P>> and get 0 points.
You press <<U>> and get 1 points.
You press <<U>> and get 1 points.
You press <<U>> and get 1 points.
You press <<U>> and get 1 points.
You press <<U>> and get 1 points.
You press <<U>> and get 1 points.
You press <<P>> and get 0 points.
You press <<U>> and get 1 points.
You press <<U>> and get 1 points.
You press <<U>> and get 1 points.
You press <<U>> and get 1 points.
You press <<U>> and get 1 points.
You press <<U>> and get 1 points.
You press <<U>> and get 1 points.
You press <<U>> and get 1 points.
You press <<U>> and get 1 points.
You press <<U>> and get 1 points.
You press <<U>> and get 1 points.
You press <<U>> and get 1 points.
You press <<U>> and get 1 points.
You press <<P>> and get 0 points.
You press <<U>> and get 1 points.
You press <<U>> and get 1 points.
You press <<U>> and get 1 points.
You press <<U>> and get 1 points.
You press <<U>> and get 1 points.
You press <<U>> and get 1 points.
You press <<U>> and get 1 points.
You press <<U>> and get 1 points.
You press <<U>> and get 1 points.
You press <<U>> and get 1 points.
You press <<U>> and get 1 points.
You press <<U>> and get 1 points.
You press <<P>> and get 0 points.
You press <<U>> and get 1 points.
You press <<U>> and get 1 points.
You press <<P>> and get 1 points.
You press <<U>> and get 1 points.
You press <<U>> and get 0 points.
You press <<U>> and get 0 points.
You press <<P>> and get 1 points.
You press <<P>> and get 1 points.
You press <<P>> and get 1 points.
You press <<P>> and get 1 points.
You press <<P>> and get 1 points.
You press <<P>> and get 1 points.
You press <<P>> and get 1 points.
You press <<P>> and get 1 points.
You press <<P>> and get 1 points.
You press <<U>> and get 0 points.
You press <<P>> and get 1 points.
You press <<P>> and get 1 points.
You press <<P>> and get  points.
You press <<",1,0.09521484375,0.90625,0.072265625,-0.0703125,67,55303,0.02294921875,0.9765625
863,choice,"In this task, you have to repeatedly choose between two slot machines labeled U and P.
You can choose a slot machine by pressing its corresponding key.When you select one of the machines, you will win 1 or 0 points.Your goal is to choose the slot machines that will give you the most points.You will receive feedback about the outcome after making a choice.
The environment may change unpredictably, and past success does not guarantee future results. You’ll need to adapt to these changes to keep finding the better machine.You will play 1 game in total, consisting of 100 trials. Game 1:You press <<U>> and get 1 points.
You press <<P>> and get 0 points.
You press <<P>> and get 0 points.
You press <<U>> and get 0 points.
You press <<U>> and get 1 points.
You press <<U>> and get 1 points.
You press <<U>> and get 1 points.
You press <<U>> and get 1 points.
You press <<U>> and get 1 points.
You press <<U>> and get 0 points.
You press <<U>> and get 1 points.
You press <<U>> and get 1 points.
You press <<U>> and get 1 points.
You press <<P>> and get 0 points.
You press <<U>> and get 1 points.
You press <<U>> and get 1 points.
You press <<U>> and get 1 points.
You press <<U>> and get 1 points.
You press <<U>> and get 1 points.
You press <<U>> and get 1 points.
You press <<P>> and get 0 points.
You press <<U>> and get 1 points.
You press <<U>> and get 1 points.
You press <<U>> and get 1 points.
You press <<U>> and get 1 points.
You press <<U>> and get 1 points.
You press <<U>> and get 1 points.
You press <<U>> and get 1 points.
You press <<U>> and get 1 points.
You press <<U>> and get 1 points.
You press <<U>> and get 1 points.
You press <<U>> and get 1 points.
You press <<U>> and get 1 points.
You press <<U>> and get 1 points.
You press <<P>> and get 0 points.
You press <<U>> and get 1 points.
You press <<U>> and get 1 points.
You press <<U>> and get 1 points.
You press <<U>> and get 1 points.
You press <<U>> and get 1 points.
You press <<U>> and get 1 points.
You press <<U>> and get 1 points.
You press <<U>> and get 1 points.
You press <<U>> and get 1 points.
You press <<U>> and get 1 points.
You press <<U>> and get 1 points.
You press <<U>> and get 1 points.
You press <<P>> and get 0 points.
You press <<U>> and get 1 points.
You press <<U>> and get 1 points.
You press <<P>> and get 1 points.
You press <<U>> and get 1 points.
You press <<U>> and get 0 points.
You press <<U>> and get 0 points.
You press <<P>> and get 1 points.
You press <<P>> and get 1 points.
You press <<P>> and get 1 points.
You press <<P>> and get 1 points.
You press <<P>> and get 1 points.
You press <<P>> and get 1 points.
You press <<P>> and get 1 points.
You press <<P>> and get 1 points.
You press <<P>> and get 1 points.
You press <<U>> and get 0 points.
You press <<P>> and get 1 points.
You press <<P>> and get 1 points.
You press <<P>> and get 1 points.
You press <<>> and get 1 points.
You press <<",P,0.037109375,0.95703125,0.0191650390625,-0.0234375,68,55303,0.0179443359375,0.98046875
868,reward,"In this task, you have to repeatedly choose between two slot machines labeled U and P.
You can choose a slot machine by pressing its corresponding key.When you select one of the machines, you will win 1 or 0 points.Your goal is to choose the slot machines that will give you the most points.You will receive feedback about the outcome after making a choice.
The environment may change unpredictably, and past success does not guarantee future results. You’ll need to adapt to these changes to keep finding the better machine.You will play 1 game in total, consisting of 100 trials. Game 1:You press <<U>> and get 1 points.
You press <<P>> and get 0 points.
You press <<P>> and get 0 points.
You press <<U>> and get 0 points.
You press <<U>> and get 1 points.
You press <<U>> and get 1 points.
You press <<U>> and get 1 points.
You press <<U>> and get 1 points.
You press <<U>> and get 1 points.
You press <<U>> and get 0 points.
You press <<U>> and get 1 points.
You press <<U>> and get 1 points.
You press <<U>> and get 1 points.
You press <<P>> and get 0 points.
You press <<U>> and get 1 points.
You press <<U>> and get 1 points.
You press <<U>> and get 1 points.
You press <<U>> and get 1 points.
You press <<U>> and get 1 points.
You press <<U>> and get 1 points.
You press <<P>> and get 0 points.
You press <<U>> and get 1 points.
You press <<U>> and get 1 points.
You press <<U>> and get 1 points.
You press <<U>> and get 1 points.
You press <<U>> and get 1 points.
You press <<U>> and get 1 points.
You press <<U>> and get 1 points.
You press <<U>> and get 1 points.
You press <<U>> and get 1 points.
You press <<U>> and get 1 points.
You press <<U>> and get 1 points.
You press <<U>> and get 1 points.
You press <<U>> and get 1 points.
You press <<P>> and get 0 points.
You press <<U>> and get 1 points.
You press <<U>> and get 1 points.
You press <<U>> and get 1 points.
You press <<U>> and get 1 points.
You press <<U>> and get 1 points.
You press <<U>> and get 1 points.
You press <<U>> and get 1 points.
You press <<U>> and get 1 points.
You press <<U>> and get 1 points.
You press <<U>> and get 1 points.
You press <<U>> and get 1 points.
You press <<U>> and get 1 points.
You press <<P>> and get 0 points.
You press <<U>> and get 1 points.
You press <<U>> and get 1 points.
You press <<P>> and get 1 points.
You press <<U>> and get 1 points.
You press <<U>> and get 0 points.
You press <<U>> and get 0 points.
You press <<P>> and get 1 points.
You press <<P>> and get 1 points.
You press <<P>> and get 1 points.
You press <<P>> and get 1 points.
You press <<P>> and get 1 points.
You press <<P>> and get 1 points.
You press <<P>> and get 1 points.
You press <<P>> and get 1 points.
You press <<P>> and get 1 points.
You press <<U>> and get 0 points.
You press <<P>> and get 1 points.
You press <<P>> and get 1 points.
You press <<P>> and get 1 points.
You press <<P>> and get  points.
You press <<",1,0.07568359375,0.92578125,0.0577392578125,-0.0546875,68,55303,0.0179443359375,0.98046875
874,choice,"In this task, you have to repeatedly choose between two slot machines labeled U and P.
You can choose a slot machine by pressing its corresponding key.When you select one of the machines, you will win 1 or 0 points.Your goal is to choose the slot machines that will give you the most points.You will receive feedback about the outcome after making a choice.
The environment may change unpredictably, and past success does not guarantee future results. You’ll need to adapt to these changes to keep finding the better machine.You will play 1 game in total, consisting of 100 trials. Game 1:You press <<U>> and get 1 points.
You press <<P>> and get 0 points.
You press <<P>> and get 0 points.
You press <<U>> and get 0 points.
You press <<U>> and get 1 points.
You press <<U>> and get 1 points.
You press <<U>> and get 1 points.
You press <<U>> and get 1 points.
You press <<U>> and get 1 points.
You press <<U>> and get 0 points.
You press <<U>> and get 1 points.
You press <<U>> and get 1 points.
You press <<U>> and get 1 points.
You press <<P>> and get 0 points.
You press <<U>> and get 1 points.
You press <<U>> and get 1 points.
You press <<U>> and get 1 points.
You press <<U>> and get 1 points.
You press <<U>> and get 1 points.
You press <<U>> and get 1 points.
You press <<P>> and get 0 points.
You press <<U>> and get 1 points.
You press <<U>> and get 1 points.
You press <<U>> and get 1 points.
You press <<U>> and get 1 points.
You press <<U>> and get 1 points.
You press <<U>> and get 1 points.
You press <<U>> and get 1 points.
You press <<U>> and get 1 points.
You press <<U>> and get 1 points.
You press <<U>> and get 1 points.
You press <<U>> and get 1 points.
You press <<U>> and get 1 points.
You press <<U>> and get 1 points.
You press <<P>> and get 0 points.
You press <<U>> and get 1 points.
You press <<U>> and get 1 points.
You press <<U>> and get 1 points.
You press <<U>> and get 1 points.
You press <<U>> and get 1 points.
You press <<U>> and get 1 points.
You press <<U>> and get 1 points.
You press <<U>> and get 1 points.
You press <<U>> and get 1 points.
You press <<U>> and get 1 points.
You press <<U>> and get 1 points.
You press <<U>> and get 1 points.
You press <<P>> and get 0 points.
You press <<U>> and get 1 points.
You press <<U>> and get 1 points.
You press <<P>> and get 1 points.
You press <<U>> and get 1 points.
You press <<U>> and get 0 points.
You press <<U>> and get 0 points.
You press <<P>> and get 1 points.
You press <<P>> and get 1 points.
You press <<P>> and get 1 points.
You press <<P>> and get 1 points.
You press <<P>> and get 1 points.
You press <<P>> and get 1 points.
You press <<P>> and get 1 points.
You press <<P>> and get 1 points.
You press <<P>> and get 1 points.
You press <<U>> and get 0 points.
You press <<P>> and get 1 points.
You press <<P>> and get 1 points.
You press <<P>> and get 1 points.
You press <<P>> and get 1 points.
You press <<>> and get 1 points.
You press <<",P,0.037109375,0.95703125,0.0078125,-0.01171875,69,55303,0.029296875,0.96875
879,reward,"In this task, you have to repeatedly choose between two slot machines labeled U and P.
You can choose a slot machine by pressing its corresponding key.When you select one of the machines, you will win 1 or 0 points.Your goal is to choose the slot machines that will give you the most points.You will receive feedback about the outcome after making a choice.
The environment may change unpredictably, and past success does not guarantee future results. You’ll need to adapt to these changes to keep finding the better machine.You will play 1 game in total, consisting of 100 trials. Game 1:You press <<U>> and get 1 points.
You press <<P>> and get 0 points.
You press <<P>> and get 0 points.
You press <<U>> and get 0 points.
You press <<U>> and get 1 points.
You press <<U>> and get 1 points.
You press <<U>> and get 1 points.
You press <<U>> and get 1 points.
You press <<U>> and get 1 points.
You press <<U>> and get 0 points.
You press <<U>> and get 1 points.
You press <<U>> and get 1 points.
You press <<U>> and get 1 points.
You press <<P>> and get 0 points.
You press <<U>> and get 1 points.
You press <<U>> and get 1 points.
You press <<U>> and get 1 points.
You press <<U>> and get 1 points.
You press <<U>> and get 1 points.
You press <<U>> and get 1 points.
You press <<P>> and get 0 points.
You press <<U>> and get 1 points.
You press <<U>> and get 1 points.
You press <<U>> and get 1 points.
You press <<U>> and get 1 points.
You press <<U>> and get 1 points.
You press <<U>> and get 1 points.
You press <<U>> and get 1 points.
You press <<U>> and get 1 points.
You press <<U>> and get 1 points.
You press <<U>> and get 1 points.
You press <<U>> and get 1 points.
You press <<U>> and get 1 points.
You press <<U>> and get 1 points.
You press <<P>> and get 0 points.
You press <<U>> and get 1 points.
You press <<U>> and get 1 points.
You press <<U>> and get 1 points.
You press <<U>> and get 1 points.
You press <<U>> and get 1 points.
You press <<U>> and get 1 points.
You press <<U>> and get 1 points.
You press <<U>> and get 1 points.
You press <<U>> and get 1 points.
You press <<U>> and get 1 points.
You press <<U>> and get 1 points.
You press <<U>> and get 1 points.
You press <<P>> and get 0 points.
You press <<U>> and get 1 points.
You press <<U>> and get 1 points.
You press <<P>> and get 1 points.
You press <<U>> and get 1 points.
You press <<U>> and get 0 points.
You press <<U>> and get 0 points.
You press <<P>> and get 1 points.
You press <<P>> and get 1 points.
You press <<P>> and get 1 points.
You press <<P>> and get 1 points.
You press <<P>> and get 1 points.
You press <<P>> and get 1 points.
You press <<P>> and get 1 points.
You press <<P>> and get 1 points.
You press <<P>> and get 1 points.
You press <<U>> and get 0 points.
You press <<P>> and get 1 points.
You press <<P>> and get 1 points.
You press <<P>> and get 1 points.
You press <<P>> and get 1 points.
You press <<P>> and get  points.
You press <<",1,0.07568359375,0.92578125,0.04638671875,-0.04296875,69,55303,0.029296875,0.96875
885,choice,"In this task, you have to repeatedly choose between two slot machines labeled U and P.
You can choose a slot machine by pressing its corresponding key.When you select one of the machines, you will win 1 or 0 points.Your goal is to choose the slot machines that will give you the most points.You will receive feedback about the outcome after making a choice.
The environment may change unpredictably, and past success does not guarantee future results. You’ll need to adapt to these changes to keep finding the better machine.You will play 1 game in total, consisting of 100 trials. Game 1:You press <<U>> and get 1 points.
You press <<P>> and get 0 points.
You press <<P>> and get 0 points.
You press <<U>> and get 0 points.
You press <<U>> and get 1 points.
You press <<U>> and get 1 points.
You press <<U>> and get 1 points.
You press <<U>> and get 1 points.
You press <<U>> and get 1 points.
You press <<U>> and get 0 points.
You press <<U>> and get 1 points.
You press <<U>> and get 1 points.
You press <<U>> and get 1 points.
You press <<P>> and get 0 points.
You press <<U>> and get 1 points.
You press <<U>> and get 1 points.
You press <<U>> and get 1 points.
You press <<U>> and get 1 points.
You press <<U>> and get 1 points.
You press <<U>> and get 1 points.
You press <<P>> and get 0 points.
You press <<U>> and get 1 points.
You press <<U>> and get 1 points.
You press <<U>> and get 1 points.
You press <<U>> and get 1 points.
You press <<U>> and get 1 points.
You press <<U>> and get 1 points.
You press <<U>> and get 1 points.
You press <<U>> and get 1 points.
You press <<U>> and get 1 points.
You press <<U>> and get 1 points.
You press <<U>> and get 1 points.
You press <<U>> and get 1 points.
You press <<U>> and get 1 points.
You press <<P>> and get 0 points.
You press <<U>> and get 1 points.
You press <<U>> and get 1 points.
You press <<U>> and get 1 points.
You press <<U>> and get 1 points.
You press <<U>> and get 1 points.
You press <<U>> and get 1 points.
You press <<U>> and get 1 points.
You press <<U>> and get 1 points.
You press <<U>> and get 1 points.
You press <<U>> and get 1 points.
You press <<U>> and get 1 points.
You press <<U>> and get 1 points.
You press <<P>> and get 0 points.
You press <<U>> and get 1 points.
You press <<U>> and get 1 points.
You press <<P>> and get 1 points.
You press <<U>> and get 1 points.
You press <<U>> and get 0 points.
You press <<U>> and get 0 points.
You press <<P>> and get 1 points.
You press <<P>> and get 1 points.
You press <<P>> and get 1 points.
You press <<P>> and get 1 points.
You press <<P>> and get 1 points.
You press <<P>> and get 1 points.
You press <<P>> and get 1 points.
You press <<P>> and get 1 points.
You press <<P>> and get 1 points.
You press <<U>> and get 0 points.
You press <<P>> and get 1 points.
You press <<P>> and get 1 points.
You press <<P>> and get 1 points.
You press <<P>> and get 1 points.
You press <<P>> and get 1 points.
You press <<>> and get 1 points.
You press <<",P,0.037109375,0.95703125,0.0078125,-0.01171875,70,55303,0.029296875,0.96875
890,reward,"In this task, you have to repeatedly choose between two slot machines labeled U and P.
You can choose a slot machine by pressing its corresponding key.When you select one of the machines, you will win 1 or 0 points.Your goal is to choose the slot machines that will give you the most points.You will receive feedback about the outcome after making a choice.
The environment may change unpredictably, and past success does not guarantee future results. You’ll need to adapt to these changes to keep finding the better machine.You will play 1 game in total, consisting of 100 trials. Game 1:You press <<U>> and get 1 points.
You press <<P>> and get 0 points.
You press <<P>> and get 0 points.
You press <<U>> and get 0 points.
You press <<U>> and get 1 points.
You press <<U>> and get 1 points.
You press <<U>> and get 1 points.
You press <<U>> and get 1 points.
You press <<U>> and get 1 points.
You press <<U>> and get 0 points.
You press <<U>> and get 1 points.
You press <<U>> and get 1 points.
You press <<U>> and get 1 points.
You press <<P>> and get 0 points.
You press <<U>> and get 1 points.
You press <<U>> and get 1 points.
You press <<U>> and get 1 points.
You press <<U>> and get 1 points.
You press <<U>> and get 1 points.
You press <<U>> and get 1 points.
You press <<P>> and get 0 points.
You press <<U>> and get 1 points.
You press <<U>> and get 1 points.
You press <<U>> and get 1 points.
You press <<U>> and get 1 points.
You press <<U>> and get 1 points.
You press <<U>> and get 1 points.
You press <<U>> and get 1 points.
You press <<U>> and get 1 points.
You press <<U>> and get 1 points.
You press <<U>> and get 1 points.
You press <<U>> and get 1 points.
You press <<U>> and get 1 points.
You press <<U>> and get 1 points.
You press <<P>> and get 0 points.
You press <<U>> and get 1 points.
You press <<U>> and get 1 points.
You press <<U>> and get 1 points.
You press <<U>> and get 1 points.
You press <<U>> and get 1 points.
You press <<U>> and get 1 points.
You press <<U>> and get 1 points.
You press <<U>> and get 1 points.
You press <<U>> and get 1 points.
You press <<U>> and get 1 points.
You press <<U>> and get 1 points.
You press <<U>> and get 1 points.
You press <<P>> and get 0 points.
You press <<U>> and get 1 points.
You press <<U>> and get 1 points.
You press <<P>> and get 1 points.
You press <<U>> and get 1 points.
You press <<U>> and get 0 points.
You press <<U>> and get 0 points.
You press <<P>> and get 1 points.
You press <<P>> and get 1 points.
You press <<P>> and get 1 points.
You press <<P>> and get 1 points.
You press <<P>> and get 1 points.
You press <<P>> and get 1 points.
You press <<P>> and get 1 points.
You press <<P>> and get 1 points.
You press <<P>> and get 1 points.
You press <<U>> and get 0 points.
You press <<P>> and get 1 points.
You press <<P>> and get 1 points.
You press <<P>> and get 1 points.
You press <<P>> and get 1 points.
You press <<P>> and get 1 points.
You press <<P>> and get  points.
You press <<",1,0.0673828125,0.93359375,0.0380859375,-0.03515625,70,55303,0.029296875,0.96875
896,choice,"In this task, you have to repeatedly choose between two slot machines labeled U and P.
You can choose a slot machine by pressing its corresponding key.When you select one of the machines, you will win 1 or 0 points.Your goal is to choose the slot machines that will give you the most points.You will receive feedback about the outcome after making a choice.
The environment may change unpredictably, and past success does not guarantee future results. You’ll need to adapt to these changes to keep finding the better machine.You will play 1 game in total, consisting of 100 trials. Game 1:You press <<U>> and get 1 points.
You press <<P>> and get 0 points.
You press <<P>> and get 0 points.
You press <<U>> and get 0 points.
You press <<U>> and get 1 points.
You press <<U>> and get 1 points.
You press <<U>> and get 1 points.
You press <<U>> and get 1 points.
You press <<U>> and get 1 points.
You press <<U>> and get 0 points.
You press <<U>> and get 1 points.
You press <<U>> and get 1 points.
You press <<U>> and get 1 points.
You press <<P>> and get 0 points.
You press <<U>> and get 1 points.
You press <<U>> and get 1 points.
You press <<U>> and get 1 points.
You press <<U>> and get 1 points.
You press <<U>> and get 1 points.
You press <<U>> and get 1 points.
You press <<P>> and get 0 points.
You press <<U>> and get 1 points.
You press <<U>> and get 1 points.
You press <<U>> and get 1 points.
You press <<U>> and get 1 points.
You press <<U>> and get 1 points.
You press <<U>> and get 1 points.
You press <<U>> and get 1 points.
You press <<U>> and get 1 points.
You press <<U>> and get 1 points.
You press <<U>> and get 1 points.
You press <<U>> and get 1 points.
You press <<U>> and get 1 points.
You press <<U>> and get 1 points.
You press <<P>> and get 0 points.
You press <<U>> and get 1 points.
You press <<U>> and get 1 points.
You press <<U>> and get 1 points.
You press <<U>> and get 1 points.
You press <<U>> and get 1 points.
You press <<U>> and get 1 points.
You press <<U>> and get 1 points.
You press <<U>> and get 1 points.
You press <<U>> and get 1 points.
You press <<U>> and get 1 points.
You press <<U>> and get 1 points.
You press <<U>> and get 1 points.
You press <<P>> and get 0 points.
You press <<U>> and get 1 points.
You press <<U>> and get 1 points.
You press <<P>> and get 1 points.
You press <<U>> and get 1 points.
You press <<U>> and get 0 points.
You press <<U>> and get 0 points.
You press <<P>> and get 1 points.
You press <<P>> and get 1 points.
You press <<P>> and get 1 points.
You press <<P>> and get 1 points.
You press <<P>> and get 1 points.
You press <<P>> and get 1 points.
You press <<P>> and get 1 points.
You press <<P>> and get 1 points.
You press <<P>> and get 1 points.
You press <<U>> and get 0 points.
You press <<P>> and get 1 points.
You press <<P>> and get 1 points.
You press <<P>> and get 1 points.
You press <<P>> and get 1 points.
You press <<P>> and get 1 points.
You press <<P>> and get 1 points.
You press <<>> and get 1 points.
You press <<",P,0.047119140625,0.9453125,0.009765625,-0.015625,71,55303,0.037353515625,0.9609375
901,reward,"In this task, you have to repeatedly choose between two slot machines labeled U and P.
You can choose a slot machine by pressing its corresponding key.When you select one of the machines, you will win 1 or 0 points.Your goal is to choose the slot machines that will give you the most points.You will receive feedback about the outcome after making a choice.
The environment may change unpredictably, and past success does not guarantee future results. You’ll need to adapt to these changes to keep finding the better machine.You will play 1 game in total, consisting of 100 trials. Game 1:You press <<U>> and get 1 points.
You press <<P>> and get 0 points.
You press <<P>> and get 0 points.
You press <<U>> and get 0 points.
You press <<U>> and get 1 points.
You press <<U>> and get 1 points.
You press <<U>> and get 1 points.
You press <<U>> and get 1 points.
You press <<U>> and get 1 points.
You press <<U>> and get 0 points.
You press <<U>> and get 1 points.
You press <<U>> and get 1 points.
You press <<U>> and get 1 points.
You press <<P>> and get 0 points.
You press <<U>> and get 1 points.
You press <<U>> and get 1 points.
You press <<U>> and get 1 points.
You press <<U>> and get 1 points.
You press <<U>> and get 1 points.
You press <<U>> and get 1 points.
You press <<P>> and get 0 points.
You press <<U>> and get 1 points.
You press <<U>> and get 1 points.
You press <<U>> and get 1 points.
You press <<U>> and get 1 points.
You press <<U>> and get 1 points.
You press <<U>> and get 1 points.
You press <<U>> and get 1 points.
You press <<U>> and get 1 points.
You press <<U>> and get 1 points.
You press <<U>> and get 1 points.
You press <<U>> and get 1 points.
You press <<U>> and get 1 points.
You press <<U>> and get 1 points.
You press <<P>> and get 0 points.
You press <<U>> and get 1 points.
You press <<U>> and get 1 points.
You press <<U>> and get 1 points.
You press <<U>> and get 1 points.
You press <<U>> and get 1 points.
You press <<U>> and get 1 points.
You press <<U>> and get 1 points.
You press <<U>> and get 1 points.
You press <<U>> and get 1 points.
You press <<U>> and get 1 points.
You press <<U>> and get 1 points.
You press <<U>> and get 1 points.
You press <<P>> and get 0 points.
You press <<U>> and get 1 points.
You press <<U>> and get 1 points.
You press <<P>> and get 1 points.
You press <<U>> and get 1 points.
You press <<U>> and get 0 points.
You press <<U>> and get 0 points.
You press <<P>> and get 1 points.
You press <<P>> and get 1 points.
You press <<P>> and get 1 points.
You press <<P>> and get 1 points.
You press <<P>> and get 1 points.
You press <<P>> and get 1 points.
You press <<P>> and get 1 points.
You press <<P>> and get 1 points.
You press <<P>> and get 1 points.
You press <<U>> and get 0 points.
You press <<P>> and get 1 points.
You press <<P>> and get 1 points.
You press <<P>> and get 1 points.
You press <<P>> and get 1 points.
You press <<P>> and get 1 points.
You press <<P>> and get 1 points.
You press <<P>> and get  points.
You press <<",1,0.0673828125,0.93359375,0.030029296875,-0.02734375,71,55303,0.037353515625,0.9609375
907,choice,"In this task, you have to repeatedly choose between two slot machines labeled U and P.
You can choose a slot machine by pressing its corresponding key.When you select one of the machines, you will win 1 or 0 points.Your goal is to choose the slot machines that will give you the most points.You will receive feedback about the outcome after making a choice.
The environment may change unpredictably, and past success does not guarantee future results. You’ll need to adapt to these changes to keep finding the better machine.You will play 1 game in total, consisting of 100 trials. Game 1:You press <<U>> and get 1 points.
You press <<P>> and get 0 points.
You press <<P>> and get 0 points.
You press <<U>> and get 0 points.
You press <<U>> and get 1 points.
You press <<U>> and get 1 points.
You press <<U>> and get 1 points.
You press <<U>> and get 1 points.
You press <<U>> and get 1 points.
You press <<U>> and get 0 points.
You press <<U>> and get 1 points.
You press <<U>> and get 1 points.
You press <<U>> and get 1 points.
You press <<P>> and get 0 points.
You press <<U>> and get 1 points.
You press <<U>> and get 1 points.
You press <<U>> and get 1 points.
You press <<U>> and get 1 points.
You press <<U>> and get 1 points.
You press <<U>> and get 1 points.
You press <<P>> and get 0 points.
You press <<U>> and get 1 points.
You press <<U>> and get 1 points.
You press <<U>> and get 1 points.
You press <<U>> and get 1 points.
You press <<U>> and get 1 points.
You press <<U>> and get 1 points.
You press <<U>> and get 1 points.
You press <<U>> and get 1 points.
You press <<U>> and get 1 points.
You press <<U>> and get 1 points.
You press <<U>> and get 1 points.
You press <<U>> and get 1 points.
You press <<U>> and get 1 points.
You press <<P>> and get 0 points.
You press <<U>> and get 1 points.
You press <<U>> and get 1 points.
You press <<U>> and get 1 points.
You press <<U>> and get 1 points.
You press <<U>> and get 1 points.
You press <<U>> and get 1 points.
You press <<U>> and get 1 points.
You press <<U>> and get 1 points.
You press <<U>> and get 1 points.
You press <<U>> and get 1 points.
You press <<U>> and get 1 points.
You press <<U>> and get 1 points.
You press <<P>> and get 0 points.
You press <<U>> and get 1 points.
You press <<U>> and get 1 points.
You press <<P>> and get 1 points.
You press <<U>> and get 1 points.
You press <<U>> and get 0 points.
You press <<U>> and get 0 points.
You press <<P>> and get 1 points.
You press <<P>> and get 1 points.
You press <<P>> and get 1 points.
You press <<P>> and get 1 points.
You press <<P>> and get 1 points.
You press <<P>> and get 1 points.
You press <<P>> and get 1 points.
You press <<P>> and get 1 points.
You press <<P>> and get 1 points.
You press <<U>> and get 0 points.
You press <<P>> and get 1 points.
You press <<P>> and get 1 points.
You press <<P>> and get 1 points.
You press <<P>> and get 1 points.
You press <<P>> and get 1 points.
You press <<P>> and get 1 points.
You press <<P>> and get 1 points.
You press <<>> and get 1 points.
You press <<",P,0.052978515625,0.94140625,0.015625,-0.01953125,72,55303,0.037353515625,0.9609375
912,reward,"In this task, you have to repeatedly choose between two slot machines labeled U and P.
You can choose a slot machine by pressing its corresponding key.When you select one of the machines, you will win 1 or 0 points.Your goal is to choose the slot machines that will give you the most points.You will receive feedback about the outcome after making a choice.
The environment may change unpredictably, and past success does not guarantee future results. You’ll need to adapt to these changes to keep finding the better machine.You will play 1 game in total, consisting of 100 trials. Game 1:You press <<U>> and get 1 points.
You press <<P>> and get 0 points.
You press <<P>> and get 0 points.
You press <<U>> and get 0 points.
You press <<U>> and get 1 points.
You press <<U>> and get 1 points.
You press <<U>> and get 1 points.
You press <<U>> and get 1 points.
You press <<U>> and get 1 points.
You press <<U>> and get 0 points.
You press <<U>> and get 1 points.
You press <<U>> and get 1 points.
You press <<U>> and get 1 points.
You press <<P>> and get 0 points.
You press <<U>> and get 1 points.
You press <<U>> and get 1 points.
You press <<U>> and get 1 points.
You press <<U>> and get 1 points.
You press <<U>> and get 1 points.
You press <<U>> and get 1 points.
You press <<P>> and get 0 points.
You press <<U>> and get 1 points.
You press <<U>> and get 1 points.
You press <<U>> and get 1 points.
You press <<U>> and get 1 points.
You press <<U>> and get 1 points.
You press <<U>> and get 1 points.
You press <<U>> and get 1 points.
You press <<U>> and get 1 points.
You press <<U>> and get 1 points.
You press <<U>> and get 1 points.
You press <<U>> and get 1 points.
You press <<U>> and get 1 points.
You press <<U>> and get 1 points.
You press <<P>> and get 0 points.
You press <<U>> and get 1 points.
You press <<U>> and get 1 points.
You press <<U>> and get 1 points.
You press <<U>> and get 1 points.
You press <<U>> and get 1 points.
You press <<U>> and get 1 points.
You press <<U>> and get 1 points.
You press <<U>> and get 1 points.
You press <<U>> and get 1 points.
You press <<U>> and get 1 points.
You press <<U>> and get 1 points.
You press <<U>> and get 1 points.
You press <<P>> and get 0 points.
You press <<U>> and get 1 points.
You press <<U>> and get 1 points.
You press <<P>> and get 1 points.
You press <<U>> and get 1 points.
You press <<U>> and get 0 points.
You press <<U>> and get 0 points.
You press <<P>> and get 1 points.
You press <<P>> and get 1 points.
You press <<P>> and get 1 points.
You press <<P>> and get 1 points.
You press <<P>> and get 1 points.
You press <<P>> and get 1 points.
You press <<P>> and get 1 points.
You press <<P>> and get 1 points.
You press <<P>> and get 1 points.
You press <<U>> and get 0 points.
You press <<P>> and get 1 points.
You press <<P>> and get 1 points.
You press <<P>> and get 1 points.
You press <<P>> and get 1 points.
You press <<P>> and get 1 points.
You press <<P>> and get 1 points.
You press <<P>> and get 1 points.
You press <<P>> and get  points.
You press <<",1,0.09521484375,0.90625,0.057861328125,-0.0546875,72,55303,0.037353515625,0.9609375
918,choice,"In this task, you have to repeatedly choose between two slot machines labeled U and P.
You can choose a slot machine by pressing its corresponding key.When you select one of the machines, you will win 1 or 0 points.Your goal is to choose the slot machines that will give you the most points.You will receive feedback about the outcome after making a choice.
The environment may change unpredictably, and past success does not guarantee future results. You’ll need to adapt to these changes to keep finding the better machine.You will play 1 game in total, consisting of 100 trials. Game 1:You press <<U>> and get 1 points.
You press <<P>> and get 0 points.
You press <<P>> and get 0 points.
You press <<U>> and get 0 points.
You press <<U>> and get 1 points.
You press <<U>> and get 1 points.
You press <<U>> and get 1 points.
You press <<U>> and get 1 points.
You press <<U>> and get 1 points.
You press <<U>> and get 0 points.
You press <<U>> and get 1 points.
You press <<U>> and get 1 points.
You press <<U>> and get 1 points.
You press <<P>> and get 0 points.
You press <<U>> and get 1 points.
You press <<U>> and get 1 points.
You press <<U>> and get 1 points.
You press <<U>> and get 1 points.
You press <<U>> and get 1 points.
You press <<U>> and get 1 points.
You press <<P>> and get 0 points.
You press <<U>> and get 1 points.
You press <<U>> and get 1 points.
You press <<U>> and get 1 points.
You press <<U>> and get 1 points.
You press <<U>> and get 1 points.
You press <<U>> and get 1 points.
You press <<U>> and get 1 points.
You press <<U>> and get 1 points.
You press <<U>> and get 1 points.
You press <<U>> and get 1 points.
You press <<U>> and get 1 points.
You press <<U>> and get 1 points.
You press <<U>> and get 1 points.
You press <<P>> and get 0 points.
You press <<U>> and get 1 points.
You press <<U>> and get 1 points.
You press <<U>> and get 1 points.
You press <<U>> and get 1 points.
You press <<U>> and get 1 points.
You press <<U>> and get 1 points.
You press <<U>> and get 1 points.
You press <<U>> and get 1 points.
You press <<U>> and get 1 points.
You press <<U>> and get 1 points.
You press <<U>> and get 1 points.
You press <<U>> and get 1 points.
You press <<P>> and get 0 points.
You press <<U>> and get 1 points.
You press <<U>> and get 1 points.
You press <<P>> and get 1 points.
You press <<U>> and get 1 points.
You press <<U>> and get 0 points.
You press <<U>> and get 0 points.
You press <<P>> and get 1 points.
You press <<P>> and get 1 points.
You press <<P>> and get 1 points.
You press <<P>> and get 1 points.
You press <<P>> and get 1 points.
You press <<P>> and get 1 points.
You press <<P>> and get 1 points.
You press <<P>> and get 1 points.
You press <<P>> and get 1 points.
You press <<U>> and get 0 points.
You press <<P>> and get 1 points.
You press <<P>> and get 1 points.
You press <<P>> and get 1 points.
You press <<P>> and get 1 points.
You press <<P>> and get 1 points.
You press <<P>> and get 1 points.
You press <<P>> and get 1 points.
You press <<P>> and get 1 points.
You press <<>> and get 1 points.
You press <<",P,0.052978515625,0.94140625,-0.007080078125,0.0,73,55303,0.06005859375,0.94140625
923,reward,"In this task, you have to repeatedly choose between two slot machines labeled U and P.
You can choose a slot machine by pressing its corresponding key.When you select one of the machines, you will win 1 or 0 points.Your goal is to choose the slot machines that will give you the most points.You will receive feedback about the outcome after making a choice.
The environment may change unpredictably, and past success does not guarantee future results. You’ll need to adapt to these changes to keep finding the better machine.You will play 1 game in total, consisting of 100 trials. Game 1:You press <<U>> and get 1 points.
You press <<P>> and get 0 points.
You press <<P>> and get 0 points.
You press <<U>> and get 0 points.
You press <<U>> and get 1 points.
You press <<U>> and get 1 points.
You press <<U>> and get 1 points.
You press <<U>> and get 1 points.
You press <<U>> and get 1 points.
You press <<U>> and get 0 points.
You press <<U>> and get 1 points.
You press <<U>> and get 1 points.
You press <<U>> and get 1 points.
You press <<P>> and get 0 points.
You press <<U>> and get 1 points.
You press <<U>> and get 1 points.
You press <<U>> and get 1 points.
You press <<U>> and get 1 points.
You press <<U>> and get 1 points.
You press <<U>> and get 1 points.
You press <<P>> and get 0 points.
You press <<U>> and get 1 points.
You press <<U>> and get 1 points.
You press <<U>> and get 1 points.
You press <<U>> and get 1 points.
You press <<U>> and get 1 points.
You press <<U>> and get 1 points.
You press <<U>> and get 1 points.
You press <<U>> and get 1 points.
You press <<U>> and get 1 points.
You press <<U>> and get 1 points.
You press <<U>> and get 1 points.
You press <<U>> and get 1 points.
You press <<U>> and get 1 points.
You press <<P>> and get 0 points.
You press <<U>> and get 1 points.
You press <<U>> and get 1 points.
You press <<U>> and get 1 points.
You press <<U>> and get 1 points.
You press <<U>> and get 1 points.
You press <<U>> and get 1 points.
You press <<U>> and get 1 points.
You press <<U>> and get 1 points.
You press <<U>> and get 1 points.
You press <<U>> and get 1 points.
You press <<U>> and get 1 points.
You press <<U>> and get 1 points.
You press <<P>> and get 0 points.
You press <<U>> and get 1 points.
You press <<U>> and get 1 points.
You press <<P>> and get 1 points.
You press <<U>> and get 1 points.
You press <<U>> and get 0 points.
You press <<U>> and get 0 points.
You press <<P>> and get 1 points.
You press <<P>> and get 1 points.
You press <<P>> and get 1 points.
You press <<P>> and get 1 points.
You press <<P>> and get 1 points.
You press <<P>> and get 1 points.
You press <<P>> and get 1 points.
You press <<P>> and get 1 points.
You press <<P>> and get 1 points.
You press <<U>> and get 0 points.
You press <<P>> and get 1 points.
You press <<P>> and get 1 points.
You press <<P>> and get 1 points.
You press <<P>> and get 1 points.
You press <<P>> and get 1 points.
You press <<P>> and get 1 points.
You press <<P>> and get 1 points.
You press <<P>> and get 1 points.
You press <<P>> and get  points.
You press <<",1,0.119140625,0.87890625,0.05908203125,-0.0625,73,55303,0.06005859375,0.94140625
929,choice,"In this task, you have to repeatedly choose between two slot machines labeled U and P.
You can choose a slot machine by pressing its corresponding key.When you select one of the machines, you will win 1 or 0 points.Your goal is to choose the slot machines that will give you the most points.You will receive feedback about the outcome after making a choice.
The environment may change unpredictably, and past success does not guarantee future results. You’ll need to adapt to these changes to keep finding the better machine.You will play 1 game in total, consisting of 100 trials. Game 1:You press <<U>> and get 1 points.
You press <<P>> and get 0 points.
You press <<P>> and get 0 points.
You press <<U>> and get 0 points.
You press <<U>> and get 1 points.
You press <<U>> and get 1 points.
You press <<U>> and get 1 points.
You press <<U>> and get 1 points.
You press <<U>> and get 1 points.
You press <<U>> and get 0 points.
You press <<U>> and get 1 points.
You press <<U>> and get 1 points.
You press <<U>> and get 1 points.
You press <<P>> and get 0 points.
You press <<U>> and get 1 points.
You press <<U>> and get 1 points.
You press <<U>> and get 1 points.
You press <<U>> and get 1 points.
You press <<U>> and get 1 points.
You press <<U>> and get 1 points.
You press <<P>> and get 0 points.
You press <<U>> and get 1 points.
You press <<U>> and get 1 points.
You press <<U>> and get 1 points.
You press <<U>> and get 1 points.
You press <<U>> and get 1 points.
You press <<U>> and get 1 points.
You press <<U>> and get 1 points.
You press <<U>> and get 1 points.
You press <<U>> and get 1 points.
You press <<U>> and get 1 points.
You press <<U>> and get 1 points.
You press <<U>> and get 1 points.
You press <<U>> and get 1 points.
You press <<P>> and get 0 points.
You press <<U>> and get 1 points.
You press <<U>> and get 1 points.
You press <<U>> and get 1 points.
You press <<U>> and get 1 points.
You press <<U>> and get 1 points.
You press <<U>> and get 1 points.
You press <<U>> and get 1 points.
You press <<U>> and get 1 points.
You press <<U>> and get 1 points.
You press <<U>> and get 1 points.
You press <<U>> and get 1 points.
You press <<U>> and get 1 points.
You press <<P>> and get 0 points.
You press <<U>> and get 1 points.
You press <<U>> and get 1 points.
You press <<P>> and get 1 points.
You press <<U>> and get 1 points.
You press <<U>> and get 0 points.
You press <<U>> and get 0 points.
You press <<P>> and get 1 points.
You press <<P>> and get 1 points.
You press <<P>> and get 1 points.
You press <<P>> and get 1 points.
You press <<P>> and get 1 points.
You press <<P>> and get 1 points.
You press <<P>> and get 1 points.
You press <<P>> and get 1 points.
You press <<P>> and get 1 points.
You press <<U>> and get 0 points.
You press <<P>> and get 1 points.
You press <<P>> and get 1 points.
You press <<P>> and get 1 points.
You press <<P>> and get 1 points.
You press <<P>> and get 1 points.
You press <<P>> and get 1 points.
You press <<P>> and get 1 points.
You press <<P>> and get 1 points.
You press <<P>> and get 1 points.
You press <<>> and get 1 points.
You press <<",P,0.052978515625,0.9375,0.005615234375,-0.015625,74,55303,0.04736328125,0.953125
934,reward,"In this task, you have to repeatedly choose between two slot machines labeled U and P.
You can choose a slot machine by pressing its corresponding key.When you select one of the machines, you will win 1 or 0 points.Your goal is to choose the slot machines that will give you the most points.You will receive feedback about the outcome after making a choice.
The environment may change unpredictably, and past success does not guarantee future results. You’ll need to adapt to these changes to keep finding the better machine.You will play 1 game in total, consisting of 100 trials. Game 1:You press <<U>> and get 1 points.
You press <<P>> and get 0 points.
You press <<P>> and get 0 points.
You press <<U>> and get 0 points.
You press <<U>> and get 1 points.
You press <<U>> and get 1 points.
You press <<U>> and get 1 points.
You press <<U>> and get 1 points.
You press <<U>> and get 1 points.
You press <<U>> and get 0 points.
You press <<U>> and get 1 points.
You press <<U>> and get 1 points.
You press <<U>> and get 1 points.
You press <<P>> and get 0 points.
You press <<U>> and get 1 points.
You press <<U>> and get 1 points.
You press <<U>> and get 1 points.
You press <<U>> and get 1 points.
You press <<U>> and get 1 points.
You press <<U>> and get 1 points.
You press <<P>> and get 0 points.
You press <<U>> and get 1 points.
You press <<U>> and get 1 points.
You press <<U>> and get 1 points.
You press <<U>> and get 1 points.
You press <<U>> and get 1 points.
You press <<U>> and get 1 points.
You press <<U>> and get 1 points.
You press <<U>> and get 1 points.
You press <<U>> and get 1 points.
You press <<U>> and get 1 points.
You press <<U>> and get 1 points.
You press <<U>> and get 1 points.
You press <<U>> and get 1 points.
You press <<P>> and get 0 points.
You press <<U>> and get 1 points.
You press <<U>> and get 1 points.
You press <<U>> and get 1 points.
You press <<U>> and get 1 points.
You press <<U>> and get 1 points.
You press <<U>> and get 1 points.
You press <<U>> and get 1 points.
You press <<U>> and get 1 points.
You press <<U>> and get 1 points.
You press <<U>> and get 1 points.
You press <<U>> and get 1 points.
You press <<U>> and get 1 points.
You press <<P>> and get 0 points.
You press <<U>> and get 1 points.
You press <<U>> and get 1 points.
You press <<P>> and get 1 points.
You press <<U>> and get 1 points.
You press <<U>> and get 0 points.
You press <<U>> and get 0 points.
You press <<P>> and get 1 points.
You press <<P>> and get 1 points.
You press <<P>> and get 1 points.
You press <<P>> and get 1 points.
You press <<P>> and get 1 points.
You press <<P>> and get 1 points.
You press <<P>> and get 1 points.
You press <<P>> and get 1 points.
You press <<P>> and get 1 points.
You press <<U>> and get 0 points.
You press <<P>> and get 1 points.
You press <<P>> and get 1 points.
You press <<P>> and get 1 points.
You press <<P>> and get 1 points.
You press <<P>> and get 1 points.
You press <<P>> and get 1 points.
You press <<P>> and get 1 points.
You press <<P>> and get 1 points.
You press <<P>> and get 1 points.
You press <<P>> and get  points.
You press <<",1,0.1064453125,0.89453125,0.05908203125,-0.05859375,74,55303,0.04736328125,0.953125
940,choice,"In this task, you have to repeatedly choose between two slot machines labeled U and P.
You can choose a slot machine by pressing its corresponding key.When you select one of the machines, you will win 1 or 0 points.Your goal is to choose the slot machines that will give you the most points.You will receive feedback about the outcome after making a choice.
The environment may change unpredictably, and past success does not guarantee future results. You’ll need to adapt to these changes to keep finding the better machine.You will play 1 game in total, consisting of 100 trials. Game 1:You press <<U>> and get 1 points.
You press <<P>> and get 0 points.
You press <<P>> and get 0 points.
You press <<U>> and get 0 points.
You press <<U>> and get 1 points.
You press <<U>> and get 1 points.
You press <<U>> and get 1 points.
You press <<U>> and get 1 points.
You press <<U>> and get 1 points.
You press <<U>> and get 0 points.
You press <<U>> and get 1 points.
You press <<U>> and get 1 points.
You press <<U>> and get 1 points.
You press <<P>> and get 0 points.
You press <<U>> and get 1 points.
You press <<U>> and get 1 points.
You press <<U>> and get 1 points.
You press <<U>> and get 1 points.
You press <<U>> and get 1 points.
You press <<U>> and get 1 points.
You press <<P>> and get 0 points.
You press <<U>> and get 1 points.
You press <<U>> and get 1 points.
You press <<U>> and get 1 points.
You press <<U>> and get 1 points.
You press <<U>> and get 1 points.
You press <<U>> and get 1 points.
You press <<U>> and get 1 points.
You press <<U>> and get 1 points.
You press <<U>> and get 1 points.
You press <<U>> and get 1 points.
You press <<U>> and get 1 points.
You press <<U>> and get 1 points.
You press <<U>> and get 1 points.
You press <<P>> and get 0 points.
You press <<U>> and get 1 points.
You press <<U>> and get 1 points.
You press <<U>> and get 1 points.
You press <<U>> and get 1 points.
You press <<U>> and get 1 points.
You press <<U>> and get 1 points.
You press <<U>> and get 1 points.
You press <<U>> and get 1 points.
You press <<U>> and get 1 points.
You press <<U>> and get 1 points.
You press <<U>> and get 1 points.
You press <<U>> and get 1 points.
You press <<P>> and get 0 points.
You press <<U>> and get 1 points.
You press <<U>> and get 1 points.
You press <<P>> and get 1 points.
You press <<U>> and get 1 points.
You press <<U>> and get 0 points.
You press <<U>> and get 0 points.
You press <<P>> and get 1 points.
You press <<P>> and get 1 points.
You press <<P>> and get 1 points.
You press <<P>> and get 1 points.
You press <<P>> and get 1 points.
You press <<P>> and get 1 points.
You press <<P>> and get 1 points.
You press <<P>> and get 1 points.
You press <<P>> and get 1 points.
You press <<U>> and get 0 points.
You press <<P>> and get 1 points.
You press <<P>> and get 1 points.
You press <<P>> and get 1 points.
You press <<P>> and get 1 points.
You press <<P>> and get 1 points.
You press <<P>> and get 1 points.
You press <<P>> and get 1 points.
You press <<P>> and get 1 points.
You press <<P>> and get 1 points.
You press <<P>> and get 1 points.
You press <<>> and get 1 points.
You press <<",P,0.052978515625,0.9375,-0.007080078125,-0.00390625,75,55303,0.06005859375,0.94140625
945,reward,"In this task, you have to repeatedly choose between two slot machines labeled U and P.
You can choose a slot machine by pressing its corresponding key.When you select one of the machines, you will win 1 or 0 points.Your goal is to choose the slot machines that will give you the most points.You will receive feedback about the outcome after making a choice.
The environment may change unpredictably, and past success does not guarantee future results. You’ll need to adapt to these changes to keep finding the better machine.You will play 1 game in total, consisting of 100 trials. Game 1:You press <<U>> and get 1 points.
You press <<P>> and get 0 points.
You press <<P>> and get 0 points.
You press <<U>> and get 0 points.
You press <<U>> and get 1 points.
You press <<U>> and get 1 points.
You press <<U>> and get 1 points.
You press <<U>> and get 1 points.
You press <<U>> and get 1 points.
You press <<U>> and get 0 points.
You press <<U>> and get 1 points.
You press <<U>> and get 1 points.
You press <<U>> and get 1 points.
You press <<P>> and get 0 points.
You press <<U>> and get 1 points.
You press <<U>> and get 1 points.
You press <<U>> and get 1 points.
You press <<U>> and get 1 points.
You press <<U>> and get 1 points.
You press <<U>> and get 1 points.
You press <<P>> and get 0 points.
You press <<U>> and get 1 points.
You press <<U>> and get 1 points.
You press <<U>> and get 1 points.
You press <<U>> and get 1 points.
You press <<U>> and get 1 points.
You press <<U>> and get 1 points.
You press <<U>> and get 1 points.
You press <<U>> and get 1 points.
You press <<U>> and get 1 points.
You press <<U>> and get 1 points.
You press <<U>> and get 1 points.
You press <<U>> and get 1 points.
You press <<U>> and get 1 points.
You press <<P>> and get 0 points.
You press <<U>> and get 1 points.
You press <<U>> and get 1 points.
You press <<U>> and get 1 points.
You press <<U>> and get 1 points.
You press <<U>> and get 1 points.
You press <<U>> and get 1 points.
You press <<U>> and get 1 points.
You press <<U>> and get 1 points.
You press <<U>> and get 1 points.
You press <<U>> and get 1 points.
You press <<U>> and get 1 points.
You press <<U>> and get 1 points.
You press <<P>> and get 0 points.
You press <<U>> and get 1 points.
You press <<U>> and get 1 points.
You press <<P>> and get 1 points.
You press <<U>> and get 1 points.
You press <<U>> and get 0 points.
You press <<U>> and get 0 points.
You press <<P>> and get 1 points.
You press <<P>> and get 1 points.
You press <<P>> and get 1 points.
You press <<P>> and get 1 points.
You press <<P>> and get 1 points.
You press <<P>> and get 1 points.
You press <<P>> and get 1 points.
You press <<P>> and get 1 points.
You press <<P>> and get 1 points.
You press <<U>> and get 0 points.
You press <<P>> and get 1 points.
You press <<P>> and get 1 points.
You press <<P>> and get 1 points.
You press <<P>> and get 1 points.
You press <<P>> and get 1 points.
You press <<P>> and get 1 points.
You press <<P>> and get 1 points.
You press <<P>> and get 1 points.
You press <<P>> and get 1 points.
You press <<P>> and get 1 points.
You press <<P>> and get  points.
You press <<",1,0.119140625,0.87890625,0.05908203125,-0.0625,75,55303,0.06005859375,0.94140625
951,choice,"In this task, you have to repeatedly choose between two slot machines labeled U and P.
You can choose a slot machine by pressing its corresponding key.When you select one of the machines, you will win 1 or 0 points.Your goal is to choose the slot machines that will give you the most points.You will receive feedback about the outcome after making a choice.
The environment may change unpredictably, and past success does not guarantee future results. You’ll need to adapt to these changes to keep finding the better machine.You will play 1 game in total, consisting of 100 trials. Game 1:You press <<U>> and get 1 points.
You press <<P>> and get 0 points.
You press <<P>> and get 0 points.
You press <<U>> and get 0 points.
You press <<U>> and get 1 points.
You press <<U>> and get 1 points.
You press <<U>> and get 1 points.
You press <<U>> and get 1 points.
You press <<U>> and get 1 points.
You press <<U>> and get 0 points.
You press <<U>> and get 1 points.
You press <<U>> and get 1 points.
You press <<U>> and get 1 points.
You press <<P>> and get 0 points.
You press <<U>> and get 1 points.
You press <<U>> and get 1 points.
You press <<U>> and get 1 points.
You press <<U>> and get 1 points.
You press <<U>> and get 1 points.
You press <<U>> and get 1 points.
You press <<P>> and get 0 points.
You press <<U>> and get 1 points.
You press <<U>> and get 1 points.
You press <<U>> and get 1 points.
You press <<U>> and get 1 points.
You press <<U>> and get 1 points.
You press <<U>> and get 1 points.
You press <<U>> and get 1 points.
You press <<U>> and get 1 points.
You press <<U>> and get 1 points.
You press <<U>> and get 1 points.
You press <<U>> and get 1 points.
You press <<U>> and get 1 points.
You press <<U>> and get 1 points.
You press <<P>> and get 0 points.
You press <<U>> and get 1 points.
You press <<U>> and get 1 points.
You press <<U>> and get 1 points.
You press <<U>> and get 1 points.
You press <<U>> and get 1 points.
You press <<U>> and get 1 points.
You press <<U>> and get 1 points.
You press <<U>> and get 1 points.
You press <<U>> and get 1 points.
You press <<U>> and get 1 points.
You press <<U>> and get 1 points.
You press <<U>> and get 1 points.
You press <<P>> and get 0 points.
You press <<U>> and get 1 points.
You press <<U>> and get 1 points.
You press <<P>> and get 1 points.
You press <<U>> and get 1 points.
You press <<U>> and get 0 points.
You press <<U>> and get 0 points.
You press <<P>> and get 1 points.
You press <<P>> and get 1 points.
You press <<P>> and get 1 points.
You press <<P>> and get 1 points.
You press <<P>> and get 1 points.
You press <<P>> and get 1 points.
You press <<P>> and get 1 points.
You press <<P>> and get 1 points.
You press <<P>> and get 1 points.
You press <<U>> and get 0 points.
You press <<P>> and get 1 points.
You press <<P>> and get 1 points.
You press <<P>> and get 1 points.
You press <<P>> and get 1 points.
You press <<P>> and get 1 points.
You press <<P>> and get 1 points.
You press <<P>> and get 1 points.
You press <<P>> and get 1 points.
You press <<P>> and get 1 points.
You press <<P>> and get 1 points.
You press <<P>> and get 1 points.
You press <<>> and get 1 points.
You press <<",P,0.052978515625,0.94140625,-0.007080078125,0.0,76,55303,0.06005859375,0.94140625
956,reward,"In this task, you have to repeatedly choose between two slot machines labeled U and P.
You can choose a slot machine by pressing its corresponding key.When you select one of the machines, you will win 1 or 0 points.Your goal is to choose the slot machines that will give you the most points.You will receive feedback about the outcome after making a choice.
The environment may change unpredictably, and past success does not guarantee future results. You’ll need to adapt to these changes to keep finding the better machine.You will play 1 game in total, consisting of 100 trials. Game 1:You press <<U>> and get 1 points.
You press <<P>> and get 0 points.
You press <<P>> and get 0 points.
You press <<U>> and get 0 points.
You press <<U>> and get 1 points.
You press <<U>> and get 1 points.
You press <<U>> and get 1 points.
You press <<U>> and get 1 points.
You press <<U>> and get 1 points.
You press <<U>> and get 0 points.
You press <<U>> and get 1 points.
You press <<U>> and get 1 points.
You press <<U>> and get 1 points.
You press <<P>> and get 0 points.
You press <<U>> and get 1 points.
You press <<U>> and get 1 points.
You press <<U>> and get 1 points.
You press <<U>> and get 1 points.
You press <<U>> and get 1 points.
You press <<U>> and get 1 points.
You press <<P>> and get 0 points.
You press <<U>> and get 1 points.
You press <<U>> and get 1 points.
You press <<U>> and get 1 points.
You press <<U>> and get 1 points.
You press <<U>> and get 1 points.
You press <<U>> and get 1 points.
You press <<U>> and get 1 points.
You press <<U>> and get 1 points.
You press <<U>> and get 1 points.
You press <<U>> and get 1 points.
You press <<U>> and get 1 points.
You press <<U>> and get 1 points.
You press <<U>> and get 1 points.
You press <<P>> and get 0 points.
You press <<U>> and get 1 points.
You press <<U>> and get 1 points.
You press <<U>> and get 1 points.
You press <<U>> and get 1 points.
You press <<U>> and get 1 points.
You press <<U>> and get 1 points.
You press <<U>> and get 1 points.
You press <<U>> and get 1 points.
You press <<U>> and get 1 points.
You press <<U>> and get 1 points.
You press <<U>> and get 1 points.
You press <<U>> and get 1 points.
You press <<P>> and get 0 points.
You press <<U>> and get 1 points.
You press <<U>> and get 1 points.
You press <<P>> and get 1 points.
You press <<U>> and get 1 points.
You press <<U>> and get 0 points.
You press <<U>> and get 0 points.
You press <<P>> and get 1 points.
You press <<P>> and get 1 points.
You press <<P>> and get 1 points.
You press <<P>> and get 1 points.
You press <<P>> and get 1 points.
You press <<P>> and get 1 points.
You press <<P>> and get 1 points.
You press <<P>> and get 1 points.
You press <<P>> and get 1 points.
You press <<U>> and get 0 points.
You press <<P>> and get 1 points.
You press <<P>> and get 1 points.
You press <<P>> and get 1 points.
You press <<P>> and get 1 points.
You press <<P>> and get 1 points.
You press <<P>> and get 1 points.
You press <<P>> and get 1 points.
You press <<P>> and get 1 points.
You press <<P>> and get 1 points.
You press <<P>> and get 1 points.
You press <<P>> and get 1 points.
You press <<P>> and get  points.
You press <<",1,0.119140625,0.87890625,0.05908203125,-0.0625,76,55303,0.06005859375,0.94140625
962,choice,"In this task, you have to repeatedly choose between two slot machines labeled U and P.
You can choose a slot machine by pressing its corresponding key.When you select one of the machines, you will win 1 or 0 points.Your goal is to choose the slot machines that will give you the most points.You will receive feedback about the outcome after making a choice.
The environment may change unpredictably, and past success does not guarantee future results. You’ll need to adapt to these changes to keep finding the better machine.You will play 1 game in total, consisting of 100 trials. Game 1:You press <<U>> and get 1 points.
You press <<P>> and get 0 points.
You press <<P>> and get 0 points.
You press <<U>> and get 0 points.
You press <<U>> and get 1 points.
You press <<U>> and get 1 points.
You press <<U>> and get 1 points.
You press <<U>> and get 1 points.
You press <<U>> and get 1 points.
You press <<U>> and get 0 points.
You press <<U>> and get 1 points.
You press <<U>> and get 1 points.
You press <<U>> and get 1 points.
You press <<P>> and get 0 points.
You press <<U>> and get 1 points.
You press <<U>> and get 1 points.
You press <<U>> and get 1 points.
You press <<U>> and get 1 points.
You press <<U>> and get 1 points.
You press <<U>> and get 1 points.
You press <<P>> and get 0 points.
You press <<U>> and get 1 points.
You press <<U>> and get 1 points.
You press <<U>> and get 1 points.
You press <<U>> and get 1 points.
You press <<U>> and get 1 points.
You press <<U>> and get 1 points.
You press <<U>> and get 1 points.
You press <<U>> and get 1 points.
You press <<U>> and get 1 points.
You press <<U>> and get 1 points.
You press <<U>> and get 1 points.
You press <<U>> and get 1 points.
You press <<U>> and get 1 points.
You press <<P>> and get 0 points.
You press <<U>> and get 1 points.
You press <<U>> and get 1 points.
You press <<U>> and get 1 points.
You press <<U>> and get 1 points.
You press <<U>> and get 1 points.
You press <<U>> and get 1 points.
You press <<U>> and get 1 points.
You press <<U>> and get 1 points.
You press <<U>> and get 1 points.
You press <<U>> and get 1 points.
You press <<U>> and get 1 points.
You press <<U>> and get 1 points.
You press <<P>> and get 0 points.
You press <<U>> and get 1 points.
You press <<U>> and get 1 points.
You press <<P>> and get 1 points.
You press <<U>> and get 1 points.
You press <<U>> and get 0 points.
You press <<U>> and get 0 points.
You press <<P>> and get 1 points.
You press <<P>> and get 1 points.
You press <<P>> and get 1 points.
You press <<P>> and get 1 points.
You press <<P>> and get 1 points.
You press <<P>> and get 1 points.
You press <<P>> and get 1 points.
You press <<P>> and get 1 points.
You press <<P>> and get 1 points.
You press <<U>> and get 0 points.
You press <<P>> and get 1 points.
You press <<P>> and get 1 points.
You press <<P>> and get 1 points.
You press <<P>> and get 1 points.
You press <<P>> and get 1 points.
You press <<P>> and get 1 points.
You press <<P>> and get 1 points.
You press <<P>> and get 1 points.
You press <<P>> and get 1 points.
You press <<P>> and get 1 points.
You press <<P>> and get 1 points.
You press <<P>> and get 1 points.
You press <<>> and get 1 points.
You press <<",P,0.0595703125,0.93359375,-0.00048828125,-0.0078125,77,55303,0.06005859375,0.94140625
967,reward,"In this task, you have to repeatedly choose between two slot machines labeled U and P.
You can choose a slot machine by pressing its corresponding key.When you select one of the machines, you will win 1 or 0 points.Your goal is to choose the slot machines that will give you the most points.You will receive feedback about the outcome after making a choice.
The environment may change unpredictably, and past success does not guarantee future results. You’ll need to adapt to these changes to keep finding the better machine.You will play 1 game in total, consisting of 100 trials. Game 1:You press <<U>> and get 1 points.
You press <<P>> and get 0 points.
You press <<P>> and get 0 points.
You press <<U>> and get 0 points.
You press <<U>> and get 1 points.
You press <<U>> and get 1 points.
You press <<U>> and get 1 points.
You press <<U>> and get 1 points.
You press <<U>> and get 1 points.
You press <<U>> and get 0 points.
You press <<U>> and get 1 points.
You press <<U>> and get 1 points.
You press <<U>> and get 1 points.
You press <<P>> and get 0 points.
You press <<U>> and get 1 points.
You press <<U>> and get 1 points.
You press <<U>> and get 1 points.
You press <<U>> and get 1 points.
You press <<U>> and get 1 points.
You press <<U>> and get 1 points.
You press <<P>> and get 0 points.
You press <<U>> and get 1 points.
You press <<U>> and get 1 points.
You press <<U>> and get 1 points.
You press <<U>> and get 1 points.
You press <<U>> and get 1 points.
You press <<U>> and get 1 points.
You press <<U>> and get 1 points.
You press <<U>> and get 1 points.
You press <<U>> and get 1 points.
You press <<U>> and get 1 points.
You press <<U>> and get 1 points.
You press <<U>> and get 1 points.
You press <<U>> and get 1 points.
You press <<P>> and get 0 points.
You press <<U>> and get 1 points.
You press <<U>> and get 1 points.
You press <<U>> and get 1 points.
You press <<U>> and get 1 points.
You press <<U>> and get 1 points.
You press <<U>> and get 1 points.
You press <<U>> and get 1 points.
You press <<U>> and get 1 points.
You press <<U>> and get 1 points.
You press <<U>> and get 1 points.
You press <<U>> and get 1 points.
You press <<U>> and get 1 points.
You press <<P>> and get 0 points.
You press <<U>> and get 1 points.
You press <<U>> and get 1 points.
You press <<P>> and get 1 points.
You press <<U>> and get 1 points.
You press <<U>> and get 0 points.
You press <<U>> and get 0 points.
You press <<P>> and get 1 points.
You press <<P>> and get 1 points.
You press <<P>> and get 1 points.
You press <<P>> and get 1 points.
You press <<P>> and get 1 points.
You press <<P>> and get 1 points.
You press <<P>> and get 1 points.
You press <<P>> and get 1 points.
You press <<P>> and get 1 points.
You press <<U>> and get 0 points.
You press <<P>> and get 1 points.
You press <<P>> and get 1 points.
You press <<P>> and get 1 points.
You press <<P>> and get 1 points.
You press <<P>> and get 1 points.
You press <<P>> and get 1 points.
You press <<P>> and get 1 points.
You press <<P>> and get 1 points.
You press <<P>> and get 1 points.
You press <<P>> and get 1 points.
You press <<P>> and get 1 points.
You press <<P>> and get 1 points.
You press <<P>> and get  points.
You press <<",1,0.1484375,0.8515625,0.08837890625,-0.08984375,77,55303,0.06005859375,0.94140625
973,choice,"In this task, you have to repeatedly choose between two slot machines labeled U and P.
You can choose a slot machine by pressing its corresponding key.When you select one of the machines, you will win 1 or 0 points.Your goal is to choose the slot machines that will give you the most points.You will receive feedback about the outcome after making a choice.
The environment may change unpredictably, and past success does not guarantee future results. You’ll need to adapt to these changes to keep finding the better machine.You will play 1 game in total, consisting of 100 trials. Game 1:You press <<U>> and get 1 points.
You press <<P>> and get 0 points.
You press <<P>> and get 0 points.
You press <<U>> and get 0 points.
You press <<U>> and get 1 points.
You press <<U>> and get 1 points.
You press <<U>> and get 1 points.
You press <<U>> and get 1 points.
You press <<U>> and get 1 points.
You press <<U>> and get 0 points.
You press <<U>> and get 1 points.
You press <<U>> and get 1 points.
You press <<U>> and get 1 points.
You press <<P>> and get 0 points.
You press <<U>> and get 1 points.
You press <<U>> and get 1 points.
You press <<U>> and get 1 points.
You press <<U>> and get 1 points.
You press <<U>> and get 1 points.
You press <<U>> and get 1 points.
You press <<P>> and get 0 points.
You press <<U>> and get 1 points.
You press <<U>> and get 1 points.
You press <<U>> and get 1 points.
You press <<U>> and get 1 points.
You press <<U>> and get 1 points.
You press <<U>> and get 1 points.
You press <<U>> and get 1 points.
You press <<U>> and get 1 points.
You press <<U>> and get 1 points.
You press <<U>> and get 1 points.
You press <<U>> and get 1 points.
You press <<U>> and get 1 points.
You press <<U>> and get 1 points.
You press <<P>> and get 0 points.
You press <<U>> and get 1 points.
You press <<U>> and get 1 points.
You press <<U>> and get 1 points.
You press <<U>> and get 1 points.
You press <<U>> and get 1 points.
You press <<U>> and get 1 points.
You press <<U>> and get 1 points.
You press <<U>> and get 1 points.
You press <<U>> and get 1 points.
You press <<U>> and get 1 points.
You press <<U>> and get 1 points.
You press <<U>> and get 1 points.
You press <<P>> and get 0 points.
You press <<U>> and get 1 points.
You press <<U>> and get 1 points.
You press <<P>> and get 1 points.
You press <<U>> and get 1 points.
You press <<U>> and get 0 points.
You press <<U>> and get 0 points.
You press <<P>> and get 1 points.
You press <<P>> and get 1 points.
You press <<P>> and get 1 points.
You press <<P>> and get 1 points.
You press <<P>> and get 1 points.
You press <<P>> and get 1 points.
You press <<P>> and get 1 points.
You press <<P>> and get 1 points.
You press <<P>> and get 1 points.
You press <<U>> and get 0 points.
You press <<P>> and get 1 points.
You press <<P>> and get 1 points.
You press <<P>> and get 1 points.
You press <<P>> and get 1 points.
You press <<P>> and get 1 points.
You press <<P>> and get 1 points.
You press <<P>> and get 1 points.
You press <<P>> and get 1 points.
You press <<P>> and get 1 points.
You press <<P>> and get 1 points.
You press <<P>> and get 1 points.
You press <<P>> and get 1 points.
You press <<P>> and get 1 points.
You press <<>> and get 1 points.
You press <<",P,0.05322265625,0.94140625,-0.0068359375,0.0,78,55303,0.06005859375,0.94140625
978,reward,"In this task, you have to repeatedly choose between two slot machines labeled U and P.
You can choose a slot machine by pressing its corresponding key.When you select one of the machines, you will win 1 or 0 points.Your goal is to choose the slot machines that will give you the most points.You will receive feedback about the outcome after making a choice.
The environment may change unpredictably, and past success does not guarantee future results. You’ll need to adapt to these changes to keep finding the better machine.You will play 1 game in total, consisting of 100 trials. Game 1:You press <<U>> and get 1 points.
You press <<P>> and get 0 points.
You press <<P>> and get 0 points.
You press <<U>> and get 0 points.
You press <<U>> and get 1 points.
You press <<U>> and get 1 points.
You press <<U>> and get 1 points.
You press <<U>> and get 1 points.
You press <<U>> and get 1 points.
You press <<U>> and get 0 points.
You press <<U>> and get 1 points.
You press <<U>> and get 1 points.
You press <<U>> and get 1 points.
You press <<P>> and get 0 points.
You press <<U>> and get 1 points.
You press <<U>> and get 1 points.
You press <<U>> and get 1 points.
You press <<U>> and get 1 points.
You press <<U>> and get 1 points.
You press <<U>> and get 1 points.
You press <<P>> and get 0 points.
You press <<U>> and get 1 points.
You press <<U>> and get 1 points.
You press <<U>> and get 1 points.
You press <<U>> and get 1 points.
You press <<U>> and get 1 points.
You press <<U>> and get 1 points.
You press <<U>> and get 1 points.
You press <<U>> and get 1 points.
You press <<U>> and get 1 points.
You press <<U>> and get 1 points.
You press <<U>> and get 1 points.
You press <<U>> and get 1 points.
You press <<U>> and get 1 points.
You press <<P>> and get 0 points.
You press <<U>> and get 1 points.
You press <<U>> and get 1 points.
You press <<U>> and get 1 points.
You press <<U>> and get 1 points.
You press <<U>> and get 1 points.
You press <<U>> and get 1 points.
You press <<U>> and get 1 points.
You press <<U>> and get 1 points.
You press <<U>> and get 1 points.
You press <<U>> and get 1 points.
You press <<U>> and get 1 points.
You press <<U>> and get 1 points.
You press <<P>> and get 0 points.
You press <<U>> and get 1 points.
You press <<U>> and get 1 points.
You press <<P>> and get 1 points.
You press <<U>> and get 1 points.
You press <<U>> and get 0 points.
You press <<U>> and get 0 points.
You press <<P>> and get 1 points.
You press <<P>> and get 1 points.
You press <<P>> and get 1 points.
You press <<P>> and get 1 points.
You press <<P>> and get 1 points.
You press <<P>> and get 1 points.
You press <<P>> and get 1 points.
You press <<P>> and get 1 points.
You press <<P>> and get 1 points.
You press <<U>> and get 0 points.
You press <<P>> and get 1 points.
You press <<P>> and get 1 points.
You press <<P>> and get 1 points.
You press <<P>> and get 1 points.
You press <<P>> and get 1 points.
You press <<P>> and get 1 points.
You press <<P>> and get 1 points.
You press <<P>> and get 1 points.
You press <<P>> and get 1 points.
You press <<P>> and get 1 points.
You press <<P>> and get 1 points.
You press <<P>> and get 1 points.
You press <<P>> and get 1 points.
You press <<P>> and get  points.
You press <<",1,0.1640625,0.8359375,0.10400390625,-0.10546875,78,55303,0.06005859375,0.94140625
984,choice,"In this task, you have to repeatedly choose between two slot machines labeled U and P.
You can choose a slot machine by pressing its corresponding key.When you select one of the machines, you will win 1 or 0 points.Your goal is to choose the slot machines that will give you the most points.You will receive feedback about the outcome after making a choice.
The environment may change unpredictably, and past success does not guarantee future results. You’ll need to adapt to these changes to keep finding the better machine.You will play 1 game in total, consisting of 100 trials. Game 1:You press <<U>> and get 1 points.
You press <<P>> and get 0 points.
You press <<P>> and get 0 points.
You press <<U>> and get 0 points.
You press <<U>> and get 1 points.
You press <<U>> and get 1 points.
You press <<U>> and get 1 points.
You press <<U>> and get 1 points.
You press <<U>> and get 1 points.
You press <<U>> and get 0 points.
You press <<U>> and get 1 points.
You press <<U>> and get 1 points.
You press <<U>> and get 1 points.
You press <<P>> and get 0 points.
You press <<U>> and get 1 points.
You press <<U>> and get 1 points.
You press <<U>> and get 1 points.
You press <<U>> and get 1 points.
You press <<U>> and get 1 points.
You press <<U>> and get 1 points.
You press <<P>> and get 0 points.
You press <<U>> and get 1 points.
You press <<U>> and get 1 points.
You press <<U>> and get 1 points.
You press <<U>> and get 1 points.
You press <<U>> and get 1 points.
You press <<U>> and get 1 points.
You press <<U>> and get 1 points.
You press <<U>> and get 1 points.
You press <<U>> and get 1 points.
You press <<U>> and get 1 points.
You press <<U>> and get 1 points.
You press <<U>> and get 1 points.
You press <<U>> and get 1 points.
You press <<P>> and get 0 points.
You press <<U>> and get 1 points.
You press <<U>> and get 1 points.
You press <<U>> and get 1 points.
You press <<U>> and get 1 points.
You press <<U>> and get 1 points.
You press <<U>> and get 1 points.
You press <<U>> and get 1 points.
You press <<U>> and get 1 points.
You press <<U>> and get 1 points.
You press <<U>> and get 1 points.
You press <<U>> and get 1 points.
You press <<U>> and get 1 points.
You press <<P>> and get 0 points.
You press <<U>> and get 1 points.
You press <<U>> and get 1 points.
You press <<P>> and get 1 points.
You press <<U>> and get 1 points.
You press <<U>> and get 0 points.
You press <<U>> and get 0 points.
You press <<P>> and get 1 points.
You press <<P>> and get 1 points.
You press <<P>> and get 1 points.
You press <<P>> and get 1 points.
You press <<P>> and get 1 points.
You press <<P>> and get 1 points.
You press <<P>> and get 1 points.
You press <<P>> and get 1 points.
You press <<P>> and get 1 points.
You press <<U>> and get 0 points.
You press <<P>> and get 1 points.
You press <<P>> and get 1 points.
You press <<P>> and get 1 points.
You press <<P>> and get 1 points.
You press <<P>> and get 1 points.
You press <<P>> and get 1 points.
You press <<P>> and get 1 points.
You press <<P>> and get 1 points.
You press <<P>> and get 1 points.
You press <<P>> and get 1 points.
You press <<P>> and get 1 points.
You press <<P>> and get 1 points.
You press <<P>> and get 1 points.
You press <<P>> and get 1 points.
You press <<>> and get 1 points.
You press <<",P,0.0595703125,0.93359375,-0.00048828125,-0.0078125,79,55303,0.06005859375,0.94140625
989,reward,"In this task, you have to repeatedly choose between two slot machines labeled U and P.
You can choose a slot machine by pressing its corresponding key.When you select one of the machines, you will win 1 or 0 points.Your goal is to choose the slot machines that will give you the most points.You will receive feedback about the outcome after making a choice.
The environment may change unpredictably, and past success does not guarantee future results. You’ll need to adapt to these changes to keep finding the better machine.You will play 1 game in total, consisting of 100 trials. Game 1:You press <<U>> and get 1 points.
You press <<P>> and get 0 points.
You press <<P>> and get 0 points.
You press <<U>> and get 0 points.
You press <<U>> and get 1 points.
You press <<U>> and get 1 points.
You press <<U>> and get 1 points.
You press <<U>> and get 1 points.
You press <<U>> and get 1 points.
You press <<U>> and get 0 points.
You press <<U>> and get 1 points.
You press <<U>> and get 1 points.
You press <<U>> and get 1 points.
You press <<P>> and get 0 points.
You press <<U>> and get 1 points.
You press <<U>> and get 1 points.
You press <<U>> and get 1 points.
You press <<U>> and get 1 points.
You press <<U>> and get 1 points.
You press <<U>> and get 1 points.
You press <<P>> and get 0 points.
You press <<U>> and get 1 points.
You press <<U>> and get 1 points.
You press <<U>> and get 1 points.
You press <<U>> and get 1 points.
You press <<U>> and get 1 points.
You press <<U>> and get 1 points.
You press <<U>> and get 1 points.
You press <<U>> and get 1 points.
You press <<U>> and get 1 points.
You press <<U>> and get 1 points.
You press <<U>> and get 1 points.
You press <<U>> and get 1 points.
You press <<U>> and get 1 points.
You press <<P>> and get 0 points.
You press <<U>> and get 1 points.
You press <<U>> and get 1 points.
You press <<U>> and get 1 points.
You press <<U>> and get 1 points.
You press <<U>> and get 1 points.
You press <<U>> and get 1 points.
You press <<U>> and get 1 points.
You press <<U>> and get 1 points.
You press <<U>> and get 1 points.
You press <<U>> and get 1 points.
You press <<U>> and get 1 points.
You press <<U>> and get 1 points.
You press <<P>> and get 0 points.
You press <<U>> and get 1 points.
You press <<U>> and get 1 points.
You press <<P>> and get 1 points.
You press <<U>> and get 1 points.
You press <<U>> and get 0 points.
You press <<U>> and get 0 points.
You press <<P>> and get 1 points.
You press <<P>> and get 1 points.
You press <<P>> and get 1 points.
You press <<P>> and get 1 points.
You press <<P>> and get 1 points.
You press <<P>> and get 1 points.
You press <<P>> and get 1 points.
You press <<P>> and get 1 points.
You press <<P>> and get 1 points.
You press <<U>> and get 0 points.
You press <<P>> and get 1 points.
You press <<P>> and get 1 points.
You press <<P>> and get 1 points.
You press <<P>> and get 1 points.
You press <<P>> and get 1 points.
You press <<P>> and get 1 points.
You press <<P>> and get 1 points.
You press <<P>> and get 1 points.
You press <<P>> and get 1 points.
You press <<P>> and get 1 points.
You press <<P>> and get 1 points.
You press <<P>> and get 1 points.
You press <<P>> and get 1 points.
You press <<P>> and get 1 points.
You press <<P>> and get  points.
You press <<",1,0.1064453125,0.89453125,0.04638671875,-0.046875,79,55303,0.06005859375,0.94140625
995,choice,"In this task, you have to repeatedly choose between two slot machines labeled U and P.
You can choose a slot machine by pressing its corresponding key.When you select one of the machines, you will win 1 or 0 points.Your goal is to choose the slot machines that will give you the most points.You will receive feedback about the outcome after making a choice.
The environment may change unpredictably, and past success does not guarantee future results. You’ll need to adapt to these changes to keep finding the better machine.You will play 1 game in total, consisting of 100 trials. Game 1:You press <<U>> and get 1 points.
You press <<P>> and get 0 points.
You press <<P>> and get 0 points.
You press <<U>> and get 0 points.
You press <<U>> and get 1 points.
You press <<U>> and get 1 points.
You press <<U>> and get 1 points.
You press <<U>> and get 1 points.
You press <<U>> and get 1 points.
You press <<U>> and get 0 points.
You press <<U>> and get 1 points.
You press <<U>> and get 1 points.
You press <<U>> and get 1 points.
You press <<P>> and get 0 points.
You press <<U>> and get 1 points.
You press <<U>> and get 1 points.
You press <<U>> and get 1 points.
You press <<U>> and get 1 points.
You press <<U>> and get 1 points.
You press <<U>> and get 1 points.
You press <<P>> and get 0 points.
You press <<U>> and get 1 points.
You press <<U>> and get 1 points.
You press <<U>> and get 1 points.
You press <<U>> and get 1 points.
You press <<U>> and get 1 points.
You press <<U>> and get 1 points.
You press <<U>> and get 1 points.
You press <<U>> and get 1 points.
You press <<U>> and get 1 points.
You press <<U>> and get 1 points.
You press <<U>> and get 1 points.
You press <<U>> and get 1 points.
You press <<U>> and get 1 points.
You press <<P>> and get 0 points.
You press <<U>> and get 1 points.
You press <<U>> and get 1 points.
You press <<U>> and get 1 points.
You press <<U>> and get 1 points.
You press <<U>> and get 1 points.
You press <<U>> and get 1 points.
You press <<U>> and get 1 points.
You press <<U>> and get 1 points.
You press <<U>> and get 1 points.
You press <<U>> and get 1 points.
You press <<U>> and get 1 points.
You press <<U>> and get 1 points.
You press <<P>> and get 0 points.
You press <<U>> and get 1 points.
You press <<U>> and get 1 points.
You press <<P>> and get 1 points.
You press <<U>> and get 1 points.
You press <<U>> and get 0 points.
You press <<U>> and get 0 points.
You press <<P>> and get 1 points.
You press <<P>> and get 1 points.
You press <<P>> and get 1 points.
You press <<P>> and get 1 points.
You press <<P>> and get 1 points.
You press <<P>> and get 1 points.
You press <<P>> and get 1 points.
You press <<P>> and get 1 points.
You press <<P>> and get 1 points.
You press <<U>> and get 0 points.
You press <<P>> and get 1 points.
You press <<P>> and get 1 points.
You press <<P>> and get 1 points.
You press <<P>> and get 1 points.
You press <<P>> and get 1 points.
You press <<P>> and get 1 points.
You press <<P>> and get 1 points.
You press <<P>> and get 1 points.
You press <<P>> and get 1 points.
You press <<P>> and get 1 points.
You press <<P>> and get 1 points.
You press <<P>> and get 1 points.
You press <<P>> and get 1 points.
You press <<P>> and get 1 points.
You press <<P>> and get 1 points.
You press <<>> and get 1 points.
You press <<",P,0.0595703125,0.93359375,-0.00048828125,-0.0078125,80,55303,0.06005859375,0.94140625
1000,reward,"In this task, you have to repeatedly choose between two slot machines labeled U and P.
You can choose a slot machine by pressing its corresponding key.When you select one of the machines, you will win 1 or 0 points.Your goal is to choose the slot machines that will give you the most points.You will receive feedback about the outcome after making a choice.
The environment may change unpredictably, and past success does not guarantee future results. You’ll need to adapt to these changes to keep finding the better machine.You will play 1 game in total, consisting of 100 trials. Game 1:You press <<U>> and get 1 points.
You press <<P>> and get 0 points.
You press <<P>> and get 0 points.
You press <<U>> and get 0 points.
You press <<U>> and get 1 points.
You press <<U>> and get 1 points.
You press <<U>> and get 1 points.
You press <<U>> and get 1 points.
You press <<U>> and get 1 points.
You press <<U>> and get 0 points.
You press <<U>> and get 1 points.
You press <<U>> and get 1 points.
You press <<U>> and get 1 points.
You press <<P>> and get 0 points.
You press <<U>> and get 1 points.
You press <<U>> and get 1 points.
You press <<U>> and get 1 points.
You press <<U>> and get 1 points.
You press <<U>> and get 1 points.
You press <<U>> and get 1 points.
You press <<P>> and get 0 points.
You press <<U>> and get 1 points.
You press <<U>> and get 1 points.
You press <<U>> and get 1 points.
You press <<U>> and get 1 points.
You press <<U>> and get 1 points.
You press <<U>> and get 1 points.
You press <<U>> and get 1 points.
You press <<U>> and get 1 points.
You press <<U>> and get 1 points.
You press <<U>> and get 1 points.
You press <<U>> and get 1 points.
You press <<U>> and get 1 points.
You press <<U>> and get 1 points.
You press <<P>> and get 0 points.
You press <<U>> and get 1 points.
You press <<U>> and get 1 points.
You press <<U>> and get 1 points.
You press <<U>> and get 1 points.
You press <<U>> and get 1 points.
You press <<U>> and get 1 points.
You press <<U>> and get 1 points.
You press <<U>> and get 1 points.
You press <<U>> and get 1 points.
You press <<U>> and get 1 points.
You press <<U>> and get 1 points.
You press <<U>> and get 1 points.
You press <<P>> and get 0 points.
You press <<U>> and get 1 points.
You press <<U>> and get 1 points.
You press <<P>> and get 1 points.
You press <<U>> and get 1 points.
You press <<U>> and get 0 points.
You press <<U>> and get 0 points.
You press <<P>> and get 1 points.
You press <<P>> and get 1 points.
You press <<P>> and get 1 points.
You press <<P>> and get 1 points.
You press <<P>> and get 1 points.
You press <<P>> and get 1 points.
You press <<P>> and get 1 points.
You press <<P>> and get 1 points.
You press <<P>> and get 1 points.
You press <<U>> and get 0 points.
You press <<P>> and get 1 points.
You press <<P>> and get 1 points.
You press <<P>> and get 1 points.
You press <<P>> and get 1 points.
You press <<P>> and get 1 points.
You press <<P>> and get 1 points.
You press <<P>> and get 1 points.
You press <<P>> and get 1 points.
You press <<P>> and get 1 points.
You press <<P>> and get 1 points.
You press <<P>> and get 1 points.
You press <<P>> and get 1 points.
You press <<P>> and get 1 points.
You press <<P>> and get 1 points.
You press <<P>> and get 1 points.
You press <<P>> and get  points.
You press <<",1,0.119140625,0.87890625,0.05908203125,-0.0625,80,55303,0.06005859375,0.94140625
1006,choice,"In this task, you have to repeatedly choose between two slot machines labeled U and P.
You can choose a slot machine by pressing its corresponding key.When you select one of the machines, you will win 1 or 0 points.Your goal is to choose the slot machines that will give you the most points.You will receive feedback about the outcome after making a choice.
The environment may change unpredictably, and past success does not guarantee future results. You’ll need to adapt to these changes to keep finding the better machine.You will play 1 game in total, consisting of 100 trials. Game 1:You press <<U>> and get 1 points.
You press <<P>> and get 0 points.
You press <<P>> and get 0 points.
You press <<U>> and get 0 points.
You press <<U>> and get 1 points.
You press <<U>> and get 1 points.
You press <<U>> and get 1 points.
You press <<U>> and get 1 points.
You press <<U>> and get 1 points.
You press <<U>> and get 0 points.
You press <<U>> and get 1 points.
You press <<U>> and get 1 points.
You press <<U>> and get 1 points.
You press <<P>> and get 0 points.
You press <<U>> and get 1 points.
You press <<U>> and get 1 points.
You press <<U>> and get 1 points.
You press <<U>> and get 1 points.
You press <<U>> and get 1 points.
You press <<U>> and get 1 points.
You press <<P>> and get 0 points.
You press <<U>> and get 1 points.
You press <<U>> and get 1 points.
You press <<U>> and get 1 points.
You press <<U>> and get 1 points.
You press <<U>> and get 1 points.
You press <<U>> and get 1 points.
You press <<U>> and get 1 points.
You press <<U>> and get 1 points.
You press <<U>> and get 1 points.
You press <<U>> and get 1 points.
You press <<U>> and get 1 points.
You press <<U>> and get 1 points.
You press <<U>> and get 1 points.
You press <<P>> and get 0 points.
You press <<U>> and get 1 points.
You press <<U>> and get 1 points.
You press <<U>> and get 1 points.
You press <<U>> and get 1 points.
You press <<U>> and get 1 points.
You press <<U>> and get 1 points.
You press <<U>> and get 1 points.
You press <<U>> and get 1 points.
You press <<U>> and get 1 points.
You press <<U>> and get 1 points.
You press <<U>> and get 1 points.
You press <<U>> and get 1 points.
You press <<P>> and get 0 points.
You press <<U>> and get 1 points.
You press <<U>> and get 1 points.
You press <<P>> and get 1 points.
You press <<U>> and get 1 points.
You press <<U>> and get 0 points.
You press <<U>> and get 0 points.
You press <<P>> and get 1 points.
You press <<P>> and get 1 points.
You press <<P>> and get 1 points.
You press <<P>> and get 1 points.
You press <<P>> and get 1 points.
You press <<P>> and get 1 points.
You press <<P>> and get 1 points.
You press <<P>> and get 1 points.
You press <<P>> and get 1 points.
You press <<U>> and get 0 points.
You press <<P>> and get 1 points.
You press <<P>> and get 1 points.
You press <<P>> and get 1 points.
You press <<P>> and get 1 points.
You press <<P>> and get 1 points.
You press <<P>> and get 1 points.
You press <<P>> and get 1 points.
You press <<P>> and get 1 points.
You press <<P>> and get 1 points.
You press <<P>> and get 1 points.
You press <<P>> and get 1 points.
You press <<P>> and get 1 points.
You press <<P>> and get 1 points.
You press <<P>> and get 1 points.
You press <<P>> and get 1 points.
You press <<P>> and get 1 points.
You press <<>> and get 1 points.
You press <<",P,0.06689453125,0.92578125,0.01953125,-0.02734375,81,55303,0.04736328125,0.953125
1011,reward,"In this task, you have to repeatedly choose between two slot machines labeled U and P.
You can choose a slot machine by pressing its corresponding key.When you select one of the machines, you will win 1 or 0 points.Your goal is to choose the slot machines that will give you the most points.You will receive feedback about the outcome after making a choice.
The environment may change unpredictably, and past success does not guarantee future results. You’ll need to adapt to these changes to keep finding the better machine.You will play 1 game in total, consisting of 100 trials. Game 1:You press <<U>> and get 1 points.
You press <<P>> and get 0 points.
You press <<P>> and get 0 points.
You press <<U>> and get 0 points.
You press <<U>> and get 1 points.
You press <<U>> and get 1 points.
You press <<U>> and get 1 points.
You press <<U>> and get 1 points.
You press <<U>> and get 1 points.
You press <<U>> and get 0 points.
You press <<U>> and get 1 points.
You press <<U>> and get 1 points.
You press <<U>> and get 1 points.
You press <<P>> and get 0 points.
You press <<U>> and get 1 points.
You press <<U>> and get 1 points.
You press <<U>> and get 1 points.
You press <<U>> and get 1 points.
You press <<U>> and get 1 points.
You press <<U>> and get 1 points.
You press <<P>> and get 0 points.
You press <<U>> and get 1 points.
You press <<U>> and get 1 points.
You press <<U>> and get 1 points.
You press <<U>> and get 1 points.
You press <<U>> and get 1 points.
You press <<U>> and get 1 points.
You press <<U>> and get 1 points.
You press <<U>> and get 1 points.
You press <<U>> and get 1 points.
You press <<U>> and get 1 points.
You press <<U>> and get 1 points.
You press <<U>> and get 1 points.
You press <<U>> and get 1 points.
You press <<P>> and get 0 points.
You press <<U>> and get 1 points.
You press <<U>> and get 1 points.
You press <<U>> and get 1 points.
You press <<U>> and get 1 points.
You press <<U>> and get 1 points.
You press <<U>> and get 1 points.
You press <<U>> and get 1 points.
You press <<U>> and get 1 points.
You press <<U>> and get 1 points.
You press <<U>> and get 1 points.
You press <<U>> and get 1 points.
You press <<U>> and get 1 points.
You press <<P>> and get 0 points.
You press <<U>> and get 1 points.
You press <<U>> and get 1 points.
You press <<P>> and get 1 points.
You press <<U>> and get 1 points.
You press <<U>> and get 0 points.
You press <<U>> and get 0 points.
You press <<P>> and get 1 points.
You press <<P>> and get 1 points.
You press <<P>> and get 1 points.
You press <<P>> and get 1 points.
You press <<P>> and get 1 points.
You press <<P>> and get 1 points.
You press <<P>> and get 1 points.
You press <<P>> and get 1 points.
You press <<P>> and get 1 points.
You press <<U>> and get 0 points.
You press <<P>> and get 1 points.
You press <<P>> and get 1 points.
You press <<P>> and get 1 points.
You press <<P>> and get 1 points.
You press <<P>> and get 1 points.
You press <<P>> and get 1 points.
You press <<P>> and get 1 points.
You press <<P>> and get 1 points.
You press <<P>> and get 1 points.
You press <<P>> and get 1 points.
You press <<P>> and get 1 points.
You press <<P>> and get 1 points.
You press <<P>> and get 1 points.
You press <<P>> and get 1 points.
You press <<P>> and get 1 points.
You press <<P>> and get 1 points.
You press <<P>> and get  points.
You press <<",1,0.119140625,0.87890625,0.07177734375,-0.07421875,81,55303,0.04736328125,0.953125
1017,choice,"In this task, you have to repeatedly choose between two slot machines labeled U and P.
You can choose a slot machine by pressing its corresponding key.When you select one of the machines, you will win 1 or 0 points.Your goal is to choose the slot machines that will give you the most points.You will receive feedback about the outcome after making a choice.
The environment may change unpredictably, and past success does not guarantee future results. You’ll need to adapt to these changes to keep finding the better machine.You will play 1 game in total, consisting of 100 trials. Game 1:You press <<U>> and get 1 points.
You press <<P>> and get 0 points.
You press <<P>> and get 0 points.
You press <<U>> and get 0 points.
You press <<U>> and get 1 points.
You press <<U>> and get 1 points.
You press <<U>> and get 1 points.
You press <<U>> and get 1 points.
You press <<U>> and get 1 points.
You press <<U>> and get 0 points.
You press <<U>> and get 1 points.
You press <<U>> and get 1 points.
You press <<U>> and get 1 points.
You press <<P>> and get 0 points.
You press <<U>> and get 1 points.
You press <<U>> and get 1 points.
You press <<U>> and get 1 points.
You press <<U>> and get 1 points.
You press <<U>> and get 1 points.
You press <<U>> and get 1 points.
You press <<P>> and get 0 points.
You press <<U>> and get 1 points.
You press <<U>> and get 1 points.
You press <<U>> and get 1 points.
You press <<U>> and get 1 points.
You press <<U>> and get 1 points.
You press <<U>> and get 1 points.
You press <<U>> and get 1 points.
You press <<U>> and get 1 points.
You press <<U>> and get 1 points.
You press <<U>> and get 1 points.
You press <<U>> and get 1 points.
You press <<U>> and get 1 points.
You press <<U>> and get 1 points.
You press <<P>> and get 0 points.
You press <<U>> and get 1 points.
You press <<U>> and get 1 points.
You press <<U>> and get 1 points.
You press <<U>> and get 1 points.
You press <<U>> and get 1 points.
You press <<U>> and get 1 points.
You press <<U>> and get 1 points.
You press <<U>> and get 1 points.
You press <<U>> and get 1 points.
You press <<U>> and get 1 points.
You press <<U>> and get 1 points.
You press <<U>> and get 1 points.
You press <<P>> and get 0 points.
You press <<U>> and get 1 points.
You press <<U>> and get 1 points.
You press <<P>> and get 1 points.
You press <<U>> and get 1 points.
You press <<U>> and get 0 points.
You press <<U>> and get 0 points.
You press <<P>> and get 1 points.
You press <<P>> and get 1 points.
You press <<P>> and get 1 points.
You press <<P>> and get 1 points.
You press <<P>> and get 1 points.
You press <<P>> and get 1 points.
You press <<P>> and get 1 points.
You press <<P>> and get 1 points.
You press <<P>> and get 1 points.
You press <<U>> and get 0 points.
You press <<P>> and get 1 points.
You press <<P>> and get 1 points.
You press <<P>> and get 1 points.
You press <<P>> and get 1 points.
You press <<P>> and get 1 points.
You press <<P>> and get 1 points.
You press <<P>> and get 1 points.
You press <<P>> and get 1 points.
You press <<P>> and get 1 points.
You press <<P>> and get 1 points.
You press <<P>> and get 1 points.
You press <<P>> and get 1 points.
You press <<P>> and get 1 points.
You press <<P>> and get 1 points.
You press <<P>> and get 1 points.
You press <<P>> and get 1 points.
You press <<P>> and get 1 points.
You press <<>> and get 1 points.
You press <<",P,0.052978515625,0.9375,-0.007080078125,-0.00390625,82,55303,0.06005859375,0.94140625
1022,reward,"In this task, you have to repeatedly choose between two slot machines labeled U and P.
You can choose a slot machine by pressing its corresponding key.When you select one of the machines, you will win 1 or 0 points.Your goal is to choose the slot machines that will give you the most points.You will receive feedback about the outcome after making a choice.
The environment may change unpredictably, and past success does not guarantee future results. You’ll need to adapt to these changes to keep finding the better machine.You will play 1 game in total, consisting of 100 trials. Game 1:You press <<U>> and get 1 points.
You press <<P>> and get 0 points.
You press <<P>> and get 0 points.
You press <<U>> and get 0 points.
You press <<U>> and get 1 points.
You press <<U>> and get 1 points.
You press <<U>> and get 1 points.
You press <<U>> and get 1 points.
You press <<U>> and get 1 points.
You press <<U>> and get 0 points.
You press <<U>> and get 1 points.
You press <<U>> and get 1 points.
You press <<U>> and get 1 points.
You press <<P>> and get 0 points.
You press <<U>> and get 1 points.
You press <<U>> and get 1 points.
You press <<U>> and get 1 points.
You press <<U>> and get 1 points.
You press <<U>> and get 1 points.
You press <<U>> and get 1 points.
You press <<P>> and get 0 points.
You press <<U>> and get 1 points.
You press <<U>> and get 1 points.
You press <<U>> and get 1 points.
You press <<U>> and get 1 points.
You press <<U>> and get 1 points.
You press <<U>> and get 1 points.
You press <<U>> and get 1 points.
You press <<U>> and get 1 points.
You press <<U>> and get 1 points.
You press <<U>> and get 1 points.
You press <<U>> and get 1 points.
You press <<U>> and get 1 points.
You press <<U>> and get 1 points.
You press <<P>> and get 0 points.
You press <<U>> and get 1 points.
You press <<U>> and get 1 points.
You press <<U>> and get 1 points.
You press <<U>> and get 1 points.
You press <<U>> and get 1 points.
You press <<U>> and get 1 points.
You press <<U>> and get 1 points.
You press <<U>> and get 1 points.
You press <<U>> and get 1 points.
You press <<U>> and get 1 points.
You press <<U>> and get 1 points.
You press <<U>> and get 1 points.
You press <<P>> and get 0 points.
You press <<U>> and get 1 points.
You press <<U>> and get 1 points.
You press <<P>> and get 1 points.
You press <<U>> and get 1 points.
You press <<U>> and get 0 points.
You press <<U>> and get 0 points.
You press <<P>> and get 1 points.
You press <<P>> and get 1 points.
You press <<P>> and get 1 points.
You press <<P>> and get 1 points.
You press <<P>> and get 1 points.
You press <<P>> and get 1 points.
You press <<P>> and get 1 points.
You press <<P>> and get 1 points.
You press <<P>> and get 1 points.
You press <<U>> and get 0 points.
You press <<P>> and get 1 points.
You press <<P>> and get 1 points.
You press <<P>> and get 1 points.
You press <<P>> and get 1 points.
You press <<P>> and get 1 points.
You press <<P>> and get 1 points.
You press <<P>> and get 1 points.
You press <<P>> and get 1 points.
You press <<P>> and get 1 points.
You press <<P>> and get 1 points.
You press <<P>> and get 1 points.
You press <<P>> and get 1 points.
You press <<P>> and get 1 points.
You press <<P>> and get 1 points.
You press <<P>> and get 1 points.
You press <<P>> and get 1 points.
You press <<P>> and get 1 points.
You press <<P>> and get  points.
You press <<",1,0.119140625,0.87890625,0.05908203125,-0.0625,82,55303,0.06005859375,0.94140625
1028,choice,"In this task, you have to repeatedly choose between two slot machines labeled U and P.
You can choose a slot machine by pressing its corresponding key.When you select one of the machines, you will win 1 or 0 points.Your goal is to choose the slot machines that will give you the most points.You will receive feedback about the outcome after making a choice.
The environment may change unpredictably, and past success does not guarantee future results. You’ll need to adapt to these changes to keep finding the better machine.You will play 1 game in total, consisting of 100 trials. Game 1:You press <<U>> and get 1 points.
You press <<P>> and get 0 points.
You press <<P>> and get 0 points.
You press <<U>> and get 0 points.
You press <<U>> and get 1 points.
You press <<U>> and get 1 points.
You press <<U>> and get 1 points.
You press <<U>> and get 1 points.
You press <<U>> and get 1 points.
You press <<U>> and get 0 points.
You press <<U>> and get 1 points.
You press <<U>> and get 1 points.
You press <<U>> and get 1 points.
You press <<P>> and get 0 points.
You press <<U>> and get 1 points.
You press <<U>> and get 1 points.
You press <<U>> and get 1 points.
You press <<U>> and get 1 points.
You press <<U>> and get 1 points.
You press <<U>> and get 1 points.
You press <<P>> and get 0 points.
You press <<U>> and get 1 points.
You press <<U>> and get 1 points.
You press <<U>> and get 1 points.
You press <<U>> and get 1 points.
You press <<U>> and get 1 points.
You press <<U>> and get 1 points.
You press <<U>> and get 1 points.
You press <<U>> and get 1 points.
You press <<U>> and get 1 points.
You press <<U>> and get 1 points.
You press <<U>> and get 1 points.
You press <<U>> and get 1 points.
You press <<U>> and get 1 points.
You press <<P>> and get 0 points.
You press <<U>> and get 1 points.
You press <<U>> and get 1 points.
You press <<U>> and get 1 points.
You press <<U>> and get 1 points.
You press <<U>> and get 1 points.
You press <<U>> and get 1 points.
You press <<U>> and get 1 points.
You press <<U>> and get 1 points.
You press <<U>> and get 1 points.
You press <<U>> and get 1 points.
You press <<U>> and get 1 points.
You press <<U>> and get 1 points.
You press <<P>> and get 0 points.
You press <<U>> and get 1 points.
You press <<U>> and get 1 points.
You press <<P>> and get 1 points.
You press <<U>> and get 1 points.
You press <<U>> and get 0 points.
You press <<U>> and get 0 points.
You press <<P>> and get 1 points.
You press <<P>> and get 1 points.
You press <<P>> and get 1 points.
You press <<P>> and get 1 points.
You press <<P>> and get 1 points.
You press <<P>> and get 1 points.
You press <<P>> and get 1 points.
You press <<P>> and get 1 points.
You press <<P>> and get 1 points.
You press <<U>> and get 0 points.
You press <<P>> and get 1 points.
You press <<P>> and get 1 points.
You press <<P>> and get 1 points.
You press <<P>> and get 1 points.
You press <<P>> and get 1 points.
You press <<P>> and get 1 points.
You press <<P>> and get 1 points.
You press <<P>> and get 1 points.
You press <<P>> and get 1 points.
You press <<P>> and get 1 points.
You press <<P>> and get 1 points.
You press <<P>> and get 1 points.
You press <<P>> and get 1 points.
You press <<P>> and get 1 points.
You press <<P>> and get 1 points.
You press <<P>> and get 1 points.
You press <<P>> and get 1 points.
You press <<P>> and get 1 points.
You press <<>> and get 1 points.
You press <<",P,0.0595703125,0.9296875,-0.00048828125,-0.01171875,83,55303,0.06005859375,0.94140625
1033,reward,"In this task, you have to repeatedly choose between two slot machines labeled U and P.
You can choose a slot machine by pressing its corresponding key.When you select one of the machines, you will win 1 or 0 points.Your goal is to choose the slot machines that will give you the most points.You will receive feedback about the outcome after making a choice.
The environment may change unpredictably, and past success does not guarantee future results. You’ll need to adapt to these changes to keep finding the better machine.You will play 1 game in total, consisting of 100 trials. Game 1:You press <<U>> and get 1 points.
You press <<P>> and get 0 points.
You press <<P>> and get 0 points.
You press <<U>> and get 0 points.
You press <<U>> and get 1 points.
You press <<U>> and get 1 points.
You press <<U>> and get 1 points.
You press <<U>> and get 1 points.
You press <<U>> and get 1 points.
You press <<U>> and get 0 points.
You press <<U>> and get 1 points.
You press <<U>> and get 1 points.
You press <<U>> and get 1 points.
You press <<P>> and get 0 points.
You press <<U>> and get 1 points.
You press <<U>> and get 1 points.
You press <<U>> and get 1 points.
You press <<U>> and get 1 points.
You press <<U>> and get 1 points.
You press <<U>> and get 1 points.
You press <<P>> and get 0 points.
You press <<U>> and get 1 points.
You press <<U>> and get 1 points.
You press <<U>> and get 1 points.
You press <<U>> and get 1 points.
You press <<U>> and get 1 points.
You press <<U>> and get 1 points.
You press <<U>> and get 1 points.
You press <<U>> and get 1 points.
You press <<U>> and get 1 points.
You press <<U>> and get 1 points.
You press <<U>> and get 1 points.
You press <<U>> and get 1 points.
You press <<U>> and get 1 points.
You press <<P>> and get 0 points.
You press <<U>> and get 1 points.
You press <<U>> and get 1 points.
You press <<U>> and get 1 points.
You press <<U>> and get 1 points.
You press <<U>> and get 1 points.
You press <<U>> and get 1 points.
You press <<U>> and get 1 points.
You press <<U>> and get 1 points.
You press <<U>> and get 1 points.
You press <<U>> and get 1 points.
You press <<U>> and get 1 points.
You press <<U>> and get 1 points.
You press <<P>> and get 0 points.
You press <<U>> and get 1 points.
You press <<U>> and get 1 points.
You press <<P>> and get 1 points.
You press <<U>> and get 1 points.
You press <<U>> and get 0 points.
You press <<U>> and get 0 points.
You press <<P>> and get 1 points.
You press <<P>> and get 1 points.
You press <<P>> and get 1 points.
You press <<P>> and get 1 points.
You press <<P>> and get 1 points.
You press <<P>> and get 1 points.
You press <<P>> and get 1 points.
You press <<P>> and get 1 points.
You press <<P>> and get 1 points.
You press <<U>> and get 0 points.
You press <<P>> and get 1 points.
You press <<P>> and get 1 points.
You press <<P>> and get 1 points.
You press <<P>> and get 1 points.
You press <<P>> and get 1 points.
You press <<P>> and get 1 points.
You press <<P>> and get 1 points.
You press <<P>> and get 1 points.
You press <<P>> and get 1 points.
You press <<P>> and get 1 points.
You press <<P>> and get 1 points.
You press <<P>> and get 1 points.
You press <<P>> and get 1 points.
You press <<P>> and get 1 points.
You press <<P>> and get 1 points.
You press <<P>> and get 1 points.
You press <<P>> and get 1 points.
You press <<P>> and get 1 points.
You press <<P>> and get  points.
You press <<",1,0.1484375,0.8515625,0.08837890625,-0.08984375,83,55303,0.06005859375,0.94140625
1039,choice,"In this task, you have to repeatedly choose between two slot machines labeled U and P.
You can choose a slot machine by pressing its corresponding key.When you select one of the machines, you will win 1 or 0 points.Your goal is to choose the slot machines that will give you the most points.You will receive feedback about the outcome after making a choice.
The environment may change unpredictably, and past success does not guarantee future results. You’ll need to adapt to these changes to keep finding the better machine.You will play 1 game in total, consisting of 100 trials. Game 1:You press <<U>> and get 1 points.
You press <<P>> and get 0 points.
You press <<P>> and get 0 points.
You press <<U>> and get 0 points.
You press <<U>> and get 1 points.
You press <<U>> and get 1 points.
You press <<U>> and get 1 points.
You press <<U>> and get 1 points.
You press <<U>> and get 1 points.
You press <<U>> and get 0 points.
You press <<U>> and get 1 points.
You press <<U>> and get 1 points.
You press <<U>> and get 1 points.
You press <<P>> and get 0 points.
You press <<U>> and get 1 points.
You press <<U>> and get 1 points.
You press <<U>> and get 1 points.
You press <<U>> and get 1 points.
You press <<U>> and get 1 points.
You press <<U>> and get 1 points.
You press <<P>> and get 0 points.
You press <<U>> and get 1 points.
You press <<U>> and get 1 points.
You press <<U>> and get 1 points.
You press <<U>> and get 1 points.
You press <<U>> and get 1 points.
You press <<U>> and get 1 points.
You press <<U>> and get 1 points.
You press <<U>> and get 1 points.
You press <<U>> and get 1 points.
You press <<U>> and get 1 points.
You press <<U>> and get 1 points.
You press <<U>> and get 1 points.
You press <<U>> and get 1 points.
You press <<P>> and get 0 points.
You press <<U>> and get 1 points.
You press <<U>> and get 1 points.
You press <<U>> and get 1 points.
You press <<U>> and get 1 points.
You press <<U>> and get 1 points.
You press <<U>> and get 1 points.
You press <<U>> and get 1 points.
You press <<U>> and get 1 points.
You press <<U>> and get 1 points.
You press <<U>> and get 1 points.
You press <<U>> and get 1 points.
You press <<U>> and get 1 points.
You press <<P>> and get 0 points.
You press <<U>> and get 1 points.
You press <<U>> and get 1 points.
You press <<P>> and get 1 points.
You press <<U>> and get 1 points.
You press <<U>> and get 0 points.
You press <<U>> and get 0 points.
You press <<P>> and get 1 points.
You press <<P>> and get 1 points.
You press <<P>> and get 1 points.
You press <<P>> and get 1 points.
You press <<P>> and get 1 points.
You press <<P>> and get 1 points.
You press <<P>> and get 1 points.
You press <<P>> and get 1 points.
You press <<P>> and get 1 points.
You press <<U>> and get 0 points.
You press <<P>> and get 1 points.
You press <<P>> and get 1 points.
You press <<P>> and get 1 points.
You press <<P>> and get 1 points.
You press <<P>> and get 1 points.
You press <<P>> and get 1 points.
You press <<P>> and get 1 points.
You press <<P>> and get 1 points.
You press <<P>> and get 1 points.
You press <<P>> and get 1 points.
You press <<P>> and get 1 points.
You press <<P>> and get 1 points.
You press <<P>> and get 1 points.
You press <<P>> and get 1 points.
You press <<P>> and get 1 points.
You press <<P>> and get 1 points.
You press <<P>> and get 1 points.
You press <<P>> and get 1 points.
You press <<P>> and get 1 points.
You press <<>> and get 1 points.
You press <<",P,0.047119140625,0.9453125,-0.000244140625,-0.0078125,84,55303,0.04736328125,0.953125
1044,reward,"In this task, you have to repeatedly choose between two slot machines labeled U and P.
You can choose a slot machine by pressing its corresponding key.When you select one of the machines, you will win 1 or 0 points.Your goal is to choose the slot machines that will give you the most points.You will receive feedback about the outcome after making a choice.
The environment may change unpredictably, and past success does not guarantee future results. You’ll need to adapt to these changes to keep finding the better machine.You will play 1 game in total, consisting of 100 trials. Game 1:You press <<U>> and get 1 points.
You press <<P>> and get 0 points.
You press <<P>> and get 0 points.
You press <<U>> and get 0 points.
You press <<U>> and get 1 points.
You press <<U>> and get 1 points.
You press <<U>> and get 1 points.
You press <<U>> and get 1 points.
You press <<U>> and get 1 points.
You press <<U>> and get 0 points.
You press <<U>> and get 1 points.
You press <<U>> and get 1 points.
You press <<U>> and get 1 points.
You press <<P>> and get 0 points.
You press <<U>> and get 1 points.
You press <<U>> and get 1 points.
You press <<U>> and get 1 points.
You press <<U>> and get 1 points.
You press <<U>> and get 1 points.
You press <<U>> and get 1 points.
You press <<P>> and get 0 points.
You press <<U>> and get 1 points.
You press <<U>> and get 1 points.
You press <<U>> and get 1 points.
You press <<U>> and get 1 points.
You press <<U>> and get 1 points.
You press <<U>> and get 1 points.
You press <<U>> and get 1 points.
You press <<U>> and get 1 points.
You press <<U>> and get 1 points.
You press <<U>> and get 1 points.
You press <<U>> and get 1 points.
You press <<U>> and get 1 points.
You press <<U>> and get 1 points.
You press <<P>> and get 0 points.
You press <<U>> and get 1 points.
You press <<U>> and get 1 points.
You press <<U>> and get 1 points.
You press <<U>> and get 1 points.
You press <<U>> and get 1 points.
You press <<U>> and get 1 points.
You press <<U>> and get 1 points.
You press <<U>> and get 1 points.
You press <<U>> and get 1 points.
You press <<U>> and get 1 points.
You press <<U>> and get 1 points.
You press <<U>> and get 1 points.
You press <<P>> and get 0 points.
You press <<U>> and get 1 points.
You press <<U>> and get 1 points.
You press <<P>> and get 1 points.
You press <<U>> and get 1 points.
You press <<U>> and get 0 points.
You press <<U>> and get 0 points.
You press <<P>> and get 1 points.
You press <<P>> and get 1 points.
You press <<P>> and get 1 points.
You press <<P>> and get 1 points.
You press <<P>> and get 1 points.
You press <<P>> and get 1 points.
You press <<P>> and get 1 points.
You press <<P>> and get 1 points.
You press <<P>> and get 1 points.
You press <<U>> and get 0 points.
You press <<P>> and get 1 points.
You press <<P>> and get 1 points.
You press <<P>> and get 1 points.
You press <<P>> and get 1 points.
You press <<P>> and get 1 points.
You press <<P>> and get 1 points.
You press <<P>> and get 1 points.
You press <<P>> and get 1 points.
You press <<P>> and get 1 points.
You press <<P>> and get 1 points.
You press <<P>> and get 1 points.
You press <<P>> and get 1 points.
You press <<P>> and get 1 points.
You press <<P>> and get 1 points.
You press <<P>> and get 1 points.
You press <<P>> and get 1 points.
You press <<P>> and get 1 points.
You press <<P>> and get 1 points.
You press <<P>> and get 1 points.
You press <<P>> and get  points.
You press <<",1,0.1484375,0.8515625,0.10107421875,-0.1015625,84,55303,0.04736328125,0.953125
1050,choice,"In this task, you have to repeatedly choose between two slot machines labeled U and P.
You can choose a slot machine by pressing its corresponding key.When you select one of the machines, you will win 1 or 0 points.Your goal is to choose the slot machines that will give you the most points.You will receive feedback about the outcome after making a choice.
The environment may change unpredictably, and past success does not guarantee future results. You’ll need to adapt to these changes to keep finding the better machine.You will play 1 game in total, consisting of 100 trials. Game 1:You press <<U>> and get 1 points.
You press <<P>> and get 0 points.
You press <<P>> and get 0 points.
You press <<U>> and get 0 points.
You press <<U>> and get 1 points.
You press <<U>> and get 1 points.
You press <<U>> and get 1 points.
You press <<U>> and get 1 points.
You press <<U>> and get 1 points.
You press <<U>> and get 0 points.
You press <<U>> and get 1 points.
You press <<U>> and get 1 points.
You press <<U>> and get 1 points.
You press <<P>> and get 0 points.
You press <<U>> and get 1 points.
You press <<U>> and get 1 points.
You press <<U>> and get 1 points.
You press <<U>> and get 1 points.
You press <<U>> and get 1 points.
You press <<U>> and get 1 points.
You press <<P>> and get 0 points.
You press <<U>> and get 1 points.
You press <<U>> and get 1 points.
You press <<U>> and get 1 points.
You press <<U>> and get 1 points.
You press <<U>> and get 1 points.
You press <<U>> and get 1 points.
You press <<U>> and get 1 points.
You press <<U>> and get 1 points.
You press <<U>> and get 1 points.
You press <<U>> and get 1 points.
You press <<U>> and get 1 points.
You press <<U>> and get 1 points.
You press <<U>> and get 1 points.
You press <<P>> and get 0 points.
You press <<U>> and get 1 points.
You press <<U>> and get 1 points.
You press <<U>> and get 1 points.
You press <<U>> and get 1 points.
You press <<U>> and get 1 points.
You press <<U>> and get 1 points.
You press <<U>> and get 1 points.
You press <<U>> and get 1 points.
You press <<U>> and get 1 points.
You press <<U>> and get 1 points.
You press <<U>> and get 1 points.
You press <<U>> and get 1 points.
You press <<P>> and get 0 points.
You press <<U>> and get 1 points.
You press <<U>> and get 1 points.
You press <<P>> and get 1 points.
You press <<U>> and get 1 points.
You press <<U>> and get 0 points.
You press <<U>> and get 0 points.
You press <<P>> and get 1 points.
You press <<P>> and get 1 points.
You press <<P>> and get 1 points.
You press <<P>> and get 1 points.
You press <<P>> and get 1 points.
You press <<P>> and get 1 points.
You press <<P>> and get 1 points.
You press <<P>> and get 1 points.
You press <<P>> and get 1 points.
You press <<U>> and get 0 points.
You press <<P>> and get 1 points.
You press <<P>> and get 1 points.
You press <<P>> and get 1 points.
You press <<P>> and get 1 points.
You press <<P>> and get 1 points.
You press <<P>> and get 1 points.
You press <<P>> and get 1 points.
You press <<P>> and get 1 points.
You press <<P>> and get 1 points.
You press <<P>> and get 1 points.
You press <<P>> and get 1 points.
You press <<P>> and get 1 points.
You press <<P>> and get 1 points.
You press <<P>> and get 1 points.
You press <<P>> and get 1 points.
You press <<P>> and get 1 points.
You press <<P>> and get 1 points.
You press <<P>> and get 1 points.
You press <<P>> and get 1 points.
You press <<P>> and get 1 points.
You press <<>> and get 1 points.
You press <<",P,0.052978515625,0.94140625,-0.007080078125,0.0,85,55303,0.06005859375,0.94140625
1055,reward,"In this task, you have to repeatedly choose between two slot machines labeled U and P.
You can choose a slot machine by pressing its corresponding key.When you select one of the machines, you will win 1 or 0 points.Your goal is to choose the slot machines that will give you the most points.You will receive feedback about the outcome after making a choice.
The environment may change unpredictably, and past success does not guarantee future results. You’ll need to adapt to these changes to keep finding the better machine.You will play 1 game in total, consisting of 100 trials. Game 1:You press <<U>> and get 1 points.
You press <<P>> and get 0 points.
You press <<P>> and get 0 points.
You press <<U>> and get 0 points.
You press <<U>> and get 1 points.
You press <<U>> and get 1 points.
You press <<U>> and get 1 points.
You press <<U>> and get 1 points.
You press <<U>> and get 1 points.
You press <<U>> and get 0 points.
You press <<U>> and get 1 points.
You press <<U>> and get 1 points.
You press <<U>> and get 1 points.
You press <<P>> and get 0 points.
You press <<U>> and get 1 points.
You press <<U>> and get 1 points.
You press <<U>> and get 1 points.
You press <<U>> and get 1 points.
You press <<U>> and get 1 points.
You press <<U>> and get 1 points.
You press <<P>> and get 0 points.
You press <<U>> and get 1 points.
You press <<U>> and get 1 points.
You press <<U>> and get 1 points.
You press <<U>> and get 1 points.
You press <<U>> and get 1 points.
You press <<U>> and get 1 points.
You press <<U>> and get 1 points.
You press <<U>> and get 1 points.
You press <<U>> and get 1 points.
You press <<U>> and get 1 points.
You press <<U>> and get 1 points.
You press <<U>> and get 1 points.
You press <<U>> and get 1 points.
You press <<P>> and get 0 points.
You press <<U>> and get 1 points.
You press <<U>> and get 1 points.
You press <<U>> and get 1 points.
You press <<U>> and get 1 points.
You press <<U>> and get 1 points.
You press <<U>> and get 1 points.
You press <<U>> and get 1 points.
You press <<U>> and get 1 points.
You press <<U>> and get 1 points.
You press <<U>> and get 1 points.
You press <<U>> and get 1 points.
You press <<U>> and get 1 points.
You press <<P>> and get 0 points.
You press <<U>> and get 1 points.
You press <<U>> and get 1 points.
You press <<P>> and get 1 points.
You press <<U>> and get 1 points.
You press <<U>> and get 0 points.
You press <<U>> and get 0 points.
You press <<P>> and get 1 points.
You press <<P>> and get 1 points.
You press <<P>> and get 1 points.
You press <<P>> and get 1 points.
You press <<P>> and get 1 points.
You press <<P>> and get 1 points.
You press <<P>> and get 1 points.
You press <<P>> and get 1 points.
You press <<P>> and get 1 points.
You press <<U>> and get 0 points.
You press <<P>> and get 1 points.
You press <<P>> and get 1 points.
You press <<P>> and get 1 points.
You press <<P>> and get 1 points.
You press <<P>> and get 1 points.
You press <<P>> and get 1 points.
You press <<P>> and get 1 points.
You press <<P>> and get 1 points.
You press <<P>> and get 1 points.
You press <<P>> and get 1 points.
You press <<P>> and get 1 points.
You press <<P>> and get 1 points.
You press <<P>> and get 1 points.
You press <<P>> and get 1 points.
You press <<P>> and get 1 points.
You press <<P>> and get 1 points.
You press <<P>> and get 1 points.
You press <<P>> and get 1 points.
You press <<P>> and get 1 points.
You press <<P>> and get 1 points.
You press <<P>> and get  points.
You press <<",1,0.1484375,0.8515625,0.08837890625,-0.08984375,85,55303,0.06005859375,0.94140625
1061,choice,"In this task, you have to repeatedly choose between two slot machines labeled U and P.
You can choose a slot machine by pressing its corresponding key.When you select one of the machines, you will win 1 or 0 points.Your goal is to choose the slot machines that will give you the most points.You will receive feedback about the outcome after making a choice.
The environment may change unpredictably, and past success does not guarantee future results. You’ll need to adapt to these changes to keep finding the better machine.You will play 1 game in total, consisting of 100 trials. Game 1:You press <<U>> and get 1 points.
You press <<P>> and get 0 points.
You press <<P>> and get 0 points.
You press <<U>> and get 0 points.
You press <<U>> and get 1 points.
You press <<U>> and get 1 points.
You press <<U>> and get 1 points.
You press <<U>> and get 1 points.
You press <<U>> and get 1 points.
You press <<U>> and get 0 points.
You press <<U>> and get 1 points.
You press <<U>> and get 1 points.
You press <<U>> and get 1 points.
You press <<P>> and get 0 points.
You press <<U>> and get 1 points.
You press <<U>> and get 1 points.
You press <<U>> and get 1 points.
You press <<U>> and get 1 points.
You press <<U>> and get 1 points.
You press <<U>> and get 1 points.
You press <<P>> and get 0 points.
You press <<U>> and get 1 points.
You press <<U>> and get 1 points.
You press <<U>> and get 1 points.
You press <<U>> and get 1 points.
You press <<U>> and get 1 points.
You press <<U>> and get 1 points.
You press <<U>> and get 1 points.
You press <<U>> and get 1 points.
You press <<U>> and get 1 points.
You press <<U>> and get 1 points.
You press <<U>> and get 1 points.
You press <<U>> and get 1 points.
You press <<U>> and get 1 points.
You press <<P>> and get 0 points.
You press <<U>> and get 1 points.
You press <<U>> and get 1 points.
You press <<U>> and get 1 points.
You press <<U>> and get 1 points.
You press <<U>> and get 1 points.
You press <<U>> and get 1 points.
You press <<U>> and get 1 points.
You press <<U>> and get 1 points.
You press <<U>> and get 1 points.
You press <<U>> and get 1 points.
You press <<U>> and get 1 points.
You press <<U>> and get 1 points.
You press <<P>> and get 0 points.
You press <<U>> and get 1 points.
You press <<U>> and get 1 points.
You press <<P>> and get 1 points.
You press <<U>> and get 1 points.
You press <<U>> and get 0 points.
You press <<U>> and get 0 points.
You press <<P>> and get 1 points.
You press <<P>> and get 1 points.
You press <<P>> and get 1 points.
You press <<P>> and get 1 points.
You press <<P>> and get 1 points.
You press <<P>> and get 1 points.
You press <<P>> and get 1 points.
You press <<P>> and get 1 points.
You press <<P>> and get 1 points.
You press <<U>> and get 0 points.
You press <<P>> and get 1 points.
You press <<P>> and get 1 points.
You press <<P>> and get 1 points.
You press <<P>> and get 1 points.
You press <<P>> and get 1 points.
You press <<P>> and get 1 points.
You press <<P>> and get 1 points.
You press <<P>> and get 1 points.
You press <<P>> and get 1 points.
You press <<P>> and get 1 points.
You press <<P>> and get 1 points.
You press <<P>> and get 1 points.
You press <<P>> and get 1 points.
You press <<P>> and get 1 points.
You press <<P>> and get 1 points.
You press <<P>> and get 1 points.
You press <<P>> and get 1 points.
You press <<P>> and get 1 points.
You press <<P>> and get 1 points.
You press <<P>> and get 1 points.
You press <<P>> and get 1 points.
You press <<>> and get 1 points.
You press <<",P,0.06689453125,0.921875,0.01953125,-0.03125,86,55303,0.04736328125,0.953125
1066,reward,"In this task, you have to repeatedly choose between two slot machines labeled U and P.
You can choose a slot machine by pressing its corresponding key.When you select one of the machines, you will win 1 or 0 points.Your goal is to choose the slot machines that will give you the most points.You will receive feedback about the outcome after making a choice.
The environment may change unpredictably, and past success does not guarantee future results. You’ll need to adapt to these changes to keep finding the better machine.You will play 1 game in total, consisting of 100 trials. Game 1:You press <<U>> and get 1 points.
You press <<P>> and get 0 points.
You press <<P>> and get 0 points.
You press <<U>> and get 0 points.
You press <<U>> and get 1 points.
You press <<U>> and get 1 points.
You press <<U>> and get 1 points.
You press <<U>> and get 1 points.
You press <<U>> and get 1 points.
You press <<U>> and get 0 points.
You press <<U>> and get 1 points.
You press <<U>> and get 1 points.
You press <<U>> and get 1 points.
You press <<P>> and get 0 points.
You press <<U>> and get 1 points.
You press <<U>> and get 1 points.
You press <<U>> and get 1 points.
You press <<U>> and get 1 points.
You press <<U>> and get 1 points.
You press <<U>> and get 1 points.
You press <<P>> and get 0 points.
You press <<U>> and get 1 points.
You press <<U>> and get 1 points.
You press <<U>> and get 1 points.
You press <<U>> and get 1 points.
You press <<U>> and get 1 points.
You press <<U>> and get 1 points.
You press <<U>> and get 1 points.
You press <<U>> and get 1 points.
You press <<U>> and get 1 points.
You press <<U>> and get 1 points.
You press <<U>> and get 1 points.
You press <<U>> and get 1 points.
You press <<U>> and get 1 points.
You press <<P>> and get 0 points.
You press <<U>> and get 1 points.
You press <<U>> and get 1 points.
You press <<U>> and get 1 points.
You press <<U>> and get 1 points.
You press <<U>> and get 1 points.
You press <<U>> and get 1 points.
You press <<U>> and get 1 points.
You press <<U>> and get 1 points.
You press <<U>> and get 1 points.
You press <<U>> and get 1 points.
You press <<U>> and get 1 points.
You press <<U>> and get 1 points.
You press <<P>> and get 0 points.
You press <<U>> and get 1 points.
You press <<U>> and get 1 points.
You press <<P>> and get 1 points.
You press <<U>> and get 1 points.
You press <<U>> and get 0 points.
You press <<U>> and get 0 points.
You press <<P>> and get 1 points.
You press <<P>> and get 1 points.
You press <<P>> and get 1 points.
You press <<P>> and get 1 points.
You press <<P>> and get 1 points.
You press <<P>> and get 1 points.
You press <<P>> and get 1 points.
You press <<P>> and get 1 points.
You press <<P>> and get 1 points.
You press <<U>> and get 0 points.
You press <<P>> and get 1 points.
You press <<P>> and get 1 points.
You press <<P>> and get 1 points.
You press <<P>> and get 1 points.
You press <<P>> and get 1 points.
You press <<P>> and get 1 points.
You press <<P>> and get 1 points.
You press <<P>> and get 1 points.
You press <<P>> and get 1 points.
You press <<P>> and get 1 points.
You press <<P>> and get 1 points.
You press <<P>> and get 1 points.
You press <<P>> and get 1 points.
You press <<P>> and get 1 points.
You press <<P>> and get 1 points.
You press <<P>> and get 1 points.
You press <<P>> and get 1 points.
You press <<P>> and get 1 points.
You press <<P>> and get 1 points.
You press <<P>> and get 1 points.
You press <<P>> and get 1 points.
You press <<P>> and get  points.
You press <<",1,0.1484375,0.8515625,0.10107421875,-0.1015625,86,55303,0.04736328125,0.953125
1072,choice,"In this task, you have to repeatedly choose between two slot machines labeled U and P.
You can choose a slot machine by pressing its corresponding key.When you select one of the machines, you will win 1 or 0 points.Your goal is to choose the slot machines that will give you the most points.You will receive feedback about the outcome after making a choice.
The environment may change unpredictably, and past success does not guarantee future results. You’ll need to adapt to these changes to keep finding the better machine.You will play 1 game in total, consisting of 100 trials. Game 1:You press <<U>> and get 1 points.
You press <<P>> and get 0 points.
You press <<P>> and get 0 points.
You press <<U>> and get 0 points.
You press <<U>> and get 1 points.
You press <<U>> and get 1 points.
You press <<U>> and get 1 points.
You press <<U>> and get 1 points.
You press <<U>> and get 1 points.
You press <<U>> and get 0 points.
You press <<U>> and get 1 points.
You press <<U>> and get 1 points.
You press <<U>> and get 1 points.
You press <<P>> and get 0 points.
You press <<U>> and get 1 points.
You press <<U>> and get 1 points.
You press <<U>> and get 1 points.
You press <<U>> and get 1 points.
You press <<U>> and get 1 points.
You press <<U>> and get 1 points.
You press <<P>> and get 0 points.
You press <<U>> and get 1 points.
You press <<U>> and get 1 points.
You press <<U>> and get 1 points.
You press <<U>> and get 1 points.
You press <<U>> and get 1 points.
You press <<U>> and get 1 points.
You press <<U>> and get 1 points.
You press <<U>> and get 1 points.
You press <<U>> and get 1 points.
You press <<U>> and get 1 points.
You press <<U>> and get 1 points.
You press <<U>> and get 1 points.
You press <<U>> and get 1 points.
You press <<P>> and get 0 points.
You press <<U>> and get 1 points.
You press <<U>> and get 1 points.
You press <<U>> and get 1 points.
You press <<U>> and get 1 points.
You press <<U>> and get 1 points.
You press <<U>> and get 1 points.
You press <<U>> and get 1 points.
You press <<U>> and get 1 points.
You press <<U>> and get 1 points.
You press <<U>> and get 1 points.
You press <<U>> and get 1 points.
You press <<U>> and get 1 points.
You press <<P>> and get 0 points.
You press <<U>> and get 1 points.
You press <<U>> and get 1 points.
You press <<P>> and get 1 points.
You press <<U>> and get 1 points.
You press <<U>> and get 0 points.
You press <<U>> and get 0 points.
You press <<P>> and get 1 points.
You press <<P>> and get 1 points.
You press <<P>> and get 1 points.
You press <<P>> and get 1 points.
You press <<P>> and get 1 points.
You press <<P>> and get 1 points.
You press <<P>> and get 1 points.
You press <<P>> and get 1 points.
You press <<P>> and get 1 points.
You press <<U>> and get 0 points.
You press <<P>> and get 1 points.
You press <<P>> and get 1 points.
You press <<P>> and get 1 points.
You press <<P>> and get 1 points.
You press <<P>> and get 1 points.
You press <<P>> and get 1 points.
You press <<P>> and get 1 points.
You press <<P>> and get 1 points.
You press <<P>> and get 1 points.
You press <<P>> and get 1 points.
You press <<P>> and get 1 points.
You press <<P>> and get 1 points.
You press <<P>> and get 1 points.
You press <<P>> and get 1 points.
You press <<P>> and get 1 points.
You press <<P>> and get 1 points.
You press <<P>> and get 1 points.
You press <<P>> and get 1 points.
You press <<P>> and get 1 points.
You press <<P>> and get 1 points.
You press <<P>> and get 1 points.
You press <<P>> and get 1 points.
You press <<>> and get 0 points.
You press <<",U,0.119140625,0.87890625,0.05908203125,-0.0625,87,55303,0.06005859375,0.94140625
1077,reward,"In this task, you have to repeatedly choose between two slot machines labeled U and P.
You can choose a slot machine by pressing its corresponding key.When you select one of the machines, you will win 1 or 0 points.Your goal is to choose the slot machines that will give you the most points.You will receive feedback about the outcome after making a choice.
The environment may change unpredictably, and past success does not guarantee future results. You’ll need to adapt to these changes to keep finding the better machine.You will play 1 game in total, consisting of 100 trials. Game 1:You press <<U>> and get 1 points.
You press <<P>> and get 0 points.
You press <<P>> and get 0 points.
You press <<U>> and get 0 points.
You press <<U>> and get 1 points.
You press <<U>> and get 1 points.
You press <<U>> and get 1 points.
You press <<U>> and get 1 points.
You press <<U>> and get 1 points.
You press <<U>> and get 0 points.
You press <<U>> and get 1 points.
You press <<U>> and get 1 points.
You press <<U>> and get 1 points.
You press <<P>> and get 0 points.
You press <<U>> and get 1 points.
You press <<U>> and get 1 points.
You press <<U>> and get 1 points.
You press <<U>> and get 1 points.
You press <<U>> and get 1 points.
You press <<U>> and get 1 points.
You press <<P>> and get 0 points.
You press <<U>> and get 1 points.
You press <<U>> and get 1 points.
You press <<U>> and get 1 points.
You press <<U>> and get 1 points.
You press <<U>> and get 1 points.
You press <<U>> and get 1 points.
You press <<U>> and get 1 points.
You press <<U>> and get 1 points.
You press <<U>> and get 1 points.
You press <<U>> and get 1 points.
You press <<U>> and get 1 points.
You press <<U>> and get 1 points.
You press <<U>> and get 1 points.
You press <<P>> and get 0 points.
You press <<U>> and get 1 points.
You press <<U>> and get 1 points.
You press <<U>> and get 1 points.
You press <<U>> and get 1 points.
You press <<U>> and get 1 points.
You press <<U>> and get 1 points.
You press <<U>> and get 1 points.
You press <<U>> and get 1 points.
You press <<U>> and get 1 points.
You press <<U>> and get 1 points.
You press <<U>> and get 1 points.
You press <<U>> and get 1 points.
You press <<P>> and get 0 points.
You press <<U>> and get 1 points.
You press <<U>> and get 1 points.
You press <<P>> and get 1 points.
You press <<U>> and get 1 points.
You press <<U>> and get 0 points.
You press <<U>> and get 0 points.
You press <<P>> and get 1 points.
You press <<P>> and get 1 points.
You press <<P>> and get 1 points.
You press <<P>> and get 1 points.
You press <<P>> and get 1 points.
You press <<P>> and get 1 points.
You press <<P>> and get 1 points.
You press <<P>> and get 1 points.
You press <<P>> and get 1 points.
You press <<U>> and get 0 points.
You press <<P>> and get 1 points.
You press <<P>> and get 1 points.
You press <<P>> and get 1 points.
You press <<P>> and get 1 points.
You press <<P>> and get 1 points.
You press <<P>> and get 1 points.
You press <<P>> and get 1 points.
You press <<P>> and get 1 points.
You press <<P>> and get 1 points.
You press <<P>> and get 1 points.
You press <<P>> and get 1 points.
You press <<P>> and get 1 points.
You press <<P>> and get 1 points.
You press <<P>> and get 1 points.
You press <<P>> and get 1 points.
You press <<P>> and get 1 points.
You press <<P>> and get 1 points.
You press <<P>> and get 1 points.
You press <<P>> and get 1 points.
You press <<P>> and get 1 points.
You press <<P>> and get 1 points.
You press <<P>> and get 1 points.
You press <<U>> and get  points.
You press <<",0,0.119140625,0.87890625,0.05908203125,-0.0625,87,55303,0.06005859375,0.94140625
1083,choice,"In this task, you have to repeatedly choose between two slot machines labeled U and P.
You can choose a slot machine by pressing its corresponding key.When you select one of the machines, you will win 1 or 0 points.Your goal is to choose the slot machines that will give you the most points.You will receive feedback about the outcome after making a choice.
The environment may change unpredictably, and past success does not guarantee future results. You’ll need to adapt to these changes to keep finding the better machine.You will play 1 game in total, consisting of 100 trials. Game 1:You press <<U>> and get 1 points.
You press <<P>> and get 0 points.
You press <<P>> and get 0 points.
You press <<U>> and get 0 points.
You press <<U>> and get 1 points.
You press <<U>> and get 1 points.
You press <<U>> and get 1 points.
You press <<U>> and get 1 points.
You press <<U>> and get 1 points.
You press <<U>> and get 0 points.
You press <<U>> and get 1 points.
You press <<U>> and get 1 points.
You press <<U>> and get 1 points.
You press <<P>> and get 0 points.
You press <<U>> and get 1 points.
You press <<U>> and get 1 points.
You press <<U>> and get 1 points.
You press <<U>> and get 1 points.
You press <<U>> and get 1 points.
You press <<U>> and get 1 points.
You press <<P>> and get 0 points.
You press <<U>> and get 1 points.
You press <<U>> and get 1 points.
You press <<U>> and get 1 points.
You press <<U>> and get 1 points.
You press <<U>> and get 1 points.
You press <<U>> and get 1 points.
You press <<U>> and get 1 points.
You press <<U>> and get 1 points.
You press <<U>> and get 1 points.
You press <<U>> and get 1 points.
You press <<U>> and get 1 points.
You press <<U>> and get 1 points.
You press <<U>> and get 1 points.
You press <<P>> and get 0 points.
You press <<U>> and get 1 points.
You press <<U>> and get 1 points.
You press <<U>> and get 1 points.
You press <<U>> and get 1 points.
You press <<U>> and get 1 points.
You press <<U>> and get 1 points.
You press <<U>> and get 1 points.
You press <<U>> and get 1 points.
You press <<U>> and get 1 points.
You press <<U>> and get 1 points.
You press <<U>> and get 1 points.
You press <<U>> and get 1 points.
You press <<P>> and get 0 points.
You press <<U>> and get 1 points.
You press <<U>> and get 1 points.
You press <<P>> and get 1 points.
You press <<U>> and get 1 points.
You press <<U>> and get 0 points.
You press <<U>> and get 0 points.
You press <<P>> and get 1 points.
You press <<P>> and get 1 points.
You press <<P>> and get 1 points.
You press <<P>> and get 1 points.
You press <<P>> and get 1 points.
You press <<P>> and get 1 points.
You press <<P>> and get 1 points.
You press <<P>> and get 1 points.
You press <<P>> and get 1 points.
You press <<U>> and get 0 points.
You press <<P>> and get 1 points.
You press <<P>> and get 1 points.
You press <<P>> and get 1 points.
You press <<P>> and get 1 points.
You press <<P>> and get 1 points.
You press <<P>> and get 1 points.
You press <<P>> and get 1 points.
You press <<P>> and get 1 points.
You press <<P>> and get 1 points.
You press <<P>> and get 1 points.
You press <<P>> and get 1 points.
You press <<P>> and get 1 points.
You press <<P>> and get 1 points.
You press <<P>> and get 1 points.
You press <<P>> and get 1 points.
You press <<P>> and get 1 points.
You press <<P>> and get 1 points.
You press <<P>> and get 1 points.
You press <<P>> and get 1 points.
You press <<P>> and get 1 points.
You press <<P>> and get 1 points.
You press <<P>> and get 1 points.
You press <<U>> and get 0 points.
You press <<>> and get 1 points.
You press <<",P,0.0673828125,0.9296875,0.04443359375,-0.046875,88,55303,0.02294921875,0.9765625
1088,reward,"In this task, you have to repeatedly choose between two slot machines labeled U and P.
You can choose a slot machine by pressing its corresponding key.When you select one of the machines, you will win 1 or 0 points.Your goal is to choose the slot machines that will give you the most points.You will receive feedback about the outcome after making a choice.
The environment may change unpredictably, and past success does not guarantee future results. You’ll need to adapt to these changes to keep finding the better machine.You will play 1 game in total, consisting of 100 trials. Game 1:You press <<U>> and get 1 points.
You press <<P>> and get 0 points.
You press <<P>> and get 0 points.
You press <<U>> and get 0 points.
You press <<U>> and get 1 points.
You press <<U>> and get 1 points.
You press <<U>> and get 1 points.
You press <<U>> and get 1 points.
You press <<U>> and get 1 points.
You press <<U>> and get 0 points.
You press <<U>> and get 1 points.
You press <<U>> and get 1 points.
You press <<U>> and get 1 points.
You press <<P>> and get 0 points.
You press <<U>> and get 1 points.
You press <<U>> and get 1 points.
You press <<U>> and get 1 points.
You press <<U>> and get 1 points.
You press <<U>> and get 1 points.
You press <<U>> and get 1 points.
You press <<P>> and get 0 points.
You press <<U>> and get 1 points.
You press <<U>> and get 1 points.
You press <<U>> and get 1 points.
You press <<U>> and get 1 points.
You press <<U>> and get 1 points.
You press <<U>> and get 1 points.
You press <<U>> and get 1 points.
You press <<U>> and get 1 points.
You press <<U>> and get 1 points.
You press <<U>> and get 1 points.
You press <<U>> and get 1 points.
You press <<U>> and get 1 points.
You press <<U>> and get 1 points.
You press <<P>> and get 0 points.
You press <<U>> and get 1 points.
You press <<U>> and get 1 points.
You press <<U>> and get 1 points.
You press <<U>> and get 1 points.
You press <<U>> and get 1 points.
You press <<U>> and get 1 points.
You press <<U>> and get 1 points.
You press <<U>> and get 1 points.
You press <<U>> and get 1 points.
You press <<U>> and get 1 points.
You press <<U>> and get 1 points.
You press <<U>> and get 1 points.
You press <<P>> and get 0 points.
You press <<U>> and get 1 points.
You press <<U>> and get 1 points.
You press <<P>> and get 1 points.
You press <<U>> and get 1 points.
You press <<U>> and get 0 points.
You press <<U>> and get 0 points.
You press <<P>> and get 1 points.
You press <<P>> and get 1 points.
You press <<P>> and get 1 points.
You press <<P>> and get 1 points.
You press <<P>> and get 1 points.
You press <<P>> and get 1 points.
You press <<P>> and get 1 points.
You press <<P>> and get 1 points.
You press <<P>> and get 1 points.
You press <<U>> and get 0 points.
You press <<P>> and get 1 points.
You press <<P>> and get 1 points.
You press <<P>> and get 1 points.
You press <<P>> and get 1 points.
You press <<P>> and get 1 points.
You press <<P>> and get 1 points.
You press <<P>> and get 1 points.
You press <<P>> and get 1 points.
You press <<P>> and get 1 points.
You press <<P>> and get 1 points.
You press <<P>> and get 1 points.
You press <<P>> and get 1 points.
You press <<P>> and get 1 points.
You press <<P>> and get 1 points.
You press <<P>> and get 1 points.
You press <<P>> and get 1 points.
You press <<P>> and get 1 points.
You press <<P>> and get 1 points.
You press <<P>> and get 1 points.
You press <<P>> and get 1 points.
You press <<P>> and get 1 points.
You press <<P>> and get 1 points.
You press <<U>> and get 0 points.
You press <<P>> and get  points.
You press <<",1,0.033203125,0.96875,0.01025390625,-0.0078125,88,55303,0.02294921875,0.9765625
1094,choice,"In this task, you have to repeatedly choose between two slot machines labeled U and P.
You can choose a slot machine by pressing its corresponding key.When you select one of the machines, you will win 1 or 0 points.Your goal is to choose the slot machines that will give you the most points.You will receive feedback about the outcome after making a choice.
The environment may change unpredictably, and past success does not guarantee future results. You’ll need to adapt to these changes to keep finding the better machine.You will play 1 game in total, consisting of 100 trials. Game 1:You press <<U>> and get 1 points.
You press <<P>> and get 0 points.
You press <<P>> and get 0 points.
You press <<U>> and get 0 points.
You press <<U>> and get 1 points.
You press <<U>> and get 1 points.
You press <<U>> and get 1 points.
You press <<U>> and get 1 points.
You press <<U>> and get 1 points.
You press <<U>> and get 0 points.
You press <<U>> and get 1 points.
You press <<U>> and get 1 points.
You press <<U>> and get 1 points.
You press <<P>> and get 0 points.
You press <<U>> and get 1 points.
You press <<U>> and get 1 points.
You press <<U>> and get 1 points.
You press <<U>> and get 1 points.
You press <<U>> and get 1 points.
You press <<U>> and get 1 points.
You press <<P>> and get 0 points.
You press <<U>> and get 1 points.
You press <<U>> and get 1 points.
You press <<U>> and get 1 points.
You press <<U>> and get 1 points.
You press <<U>> and get 1 points.
You press <<U>> and get 1 points.
You press <<U>> and get 1 points.
You press <<U>> and get 1 points.
You press <<U>> and get 1 points.
You press <<U>> and get 1 points.
You press <<U>> and get 1 points.
You press <<U>> and get 1 points.
You press <<U>> and get 1 points.
You press <<P>> and get 0 points.
You press <<U>> and get 1 points.
You press <<U>> and get 1 points.
You press <<U>> and get 1 points.
You press <<U>> and get 1 points.
You press <<U>> and get 1 points.
You press <<U>> and get 1 points.
You press <<U>> and get 1 points.
You press <<U>> and get 1 points.
You press <<U>> and get 1 points.
You press <<U>> and get 1 points.
You press <<U>> and get 1 points.
You press <<U>> and get 1 points.
You press <<P>> and get 0 points.
You press <<U>> and get 1 points.
You press <<U>> and get 1 points.
You press <<P>> and get 1 points.
You press <<U>> and get 1 points.
You press <<U>> and get 0 points.
You press <<U>> and get 0 points.
You press <<P>> and get 1 points.
You press <<P>> and get 1 points.
You press <<P>> and get 1 points.
You press <<P>> and get 1 points.
You press <<P>> and get 1 points.
You press <<P>> and get 1 points.
You press <<P>> and get 1 points.
You press <<P>> and get 1 points.
You press <<P>> and get 1 points.
You press <<U>> and get 0 points.
You press <<P>> and get 1 points.
You press <<P>> and get 1 points.
You press <<P>> and get 1 points.
You press <<P>> and get 1 points.
You press <<P>> and get 1 points.
You press <<P>> and get 1 points.
You press <<P>> and get 1 points.
You press <<P>> and get 1 points.
You press <<P>> and get 1 points.
You press <<P>> and get 1 points.
You press <<P>> and get 1 points.
You press <<P>> and get 1 points.
You press <<P>> and get 1 points.
You press <<P>> and get 1 points.
You press <<P>> and get 1 points.
You press <<P>> and get 1 points.
You press <<P>> and get 1 points.
You press <<P>> and get 1 points.
You press <<P>> and get 1 points.
You press <<P>> and get 1 points.
You press <<P>> and get 1 points.
You press <<P>> and get 1 points.
You press <<U>> and get 0 points.
You press <<P>> and get 1 points.
You press <<>> and get 0 points.
You press <<",P,0.0849609375,0.91015625,-0.01025390625,0.00390625,89,55303,0.09521484375,0.90625
1099,reward,"In this task, you have to repeatedly choose between two slot machines labeled U and P.
You can choose a slot machine by pressing its corresponding key.When you select one of the machines, you will win 1 or 0 points.Your goal is to choose the slot machines that will give you the most points.You will receive feedback about the outcome after making a choice.
The environment may change unpredictably, and past success does not guarantee future results. You’ll need to adapt to these changes to keep finding the better machine.You will play 1 game in total, consisting of 100 trials. Game 1:You press <<U>> and get 1 points.
You press <<P>> and get 0 points.
You press <<P>> and get 0 points.
You press <<U>> and get 0 points.
You press <<U>> and get 1 points.
You press <<U>> and get 1 points.
You press <<U>> and get 1 points.
You press <<U>> and get 1 points.
You press <<U>> and get 1 points.
You press <<U>> and get 0 points.
You press <<U>> and get 1 points.
You press <<U>> and get 1 points.
You press <<U>> and get 1 points.
You press <<P>> and get 0 points.
You press <<U>> and get 1 points.
You press <<U>> and get 1 points.
You press <<U>> and get 1 points.
You press <<U>> and get 1 points.
You press <<U>> and get 1 points.
You press <<U>> and get 1 points.
You press <<P>> and get 0 points.
You press <<U>> and get 1 points.
You press <<U>> and get 1 points.
You press <<U>> and get 1 points.
You press <<U>> and get 1 points.
You press <<U>> and get 1 points.
You press <<U>> and get 1 points.
You press <<U>> and get 1 points.
You press <<U>> and get 1 points.
You press <<U>> and get 1 points.
You press <<U>> and get 1 points.
You press <<U>> and get 1 points.
You press <<U>> and get 1 points.
You press <<U>> and get 1 points.
You press <<P>> and get 0 points.
You press <<U>> and get 1 points.
You press <<U>> and get 1 points.
You press <<U>> and get 1 points.
You press <<U>> and get 1 points.
You press <<U>> and get 1 points.
You press <<U>> and get 1 points.
You press <<U>> and get 1 points.
You press <<U>> and get 1 points.
You press <<U>> and get 1 points.
You press <<U>> and get 1 points.
You press <<U>> and get 1 points.
You press <<U>> and get 1 points.
You press <<P>> and get 0 points.
You press <<U>> and get 1 points.
You press <<U>> and get 1 points.
You press <<P>> and get 1 points.
You press <<U>> and get 1 points.
You press <<U>> and get 0 points.
You press <<U>> and get 0 points.
You press <<P>> and get 1 points.
You press <<P>> and get 1 points.
You press <<P>> and get 1 points.
You press <<P>> and get 1 points.
You press <<P>> and get 1 points.
You press <<P>> and get 1 points.
You press <<P>> and get 1 points.
You press <<P>> and get 1 points.
You press <<P>> and get 1 points.
You press <<U>> and get 0 points.
You press <<P>> and get 1 points.
You press <<P>> and get 1 points.
You press <<P>> and get 1 points.
You press <<P>> and get 1 points.
You press <<P>> and get 1 points.
You press <<P>> and get 1 points.
You press <<P>> and get 1 points.
You press <<P>> and get 1 points.
You press <<P>> and get 1 points.
You press <<P>> and get 1 points.
You press <<P>> and get 1 points.
You press <<P>> and get 1 points.
You press <<P>> and get 1 points.
You press <<P>> and get 1 points.
You press <<P>> and get 1 points.
You press <<P>> and get 1 points.
You press <<P>> and get 1 points.
You press <<P>> and get 1 points.
You press <<P>> and get 1 points.
You press <<P>> and get 1 points.
You press <<P>> and get 1 points.
You press <<P>> and get 1 points.
You press <<U>> and get 0 points.
You press <<P>> and get 1 points.
You press <<P>> and get  points.
You press <<",0,0.04736328125,0.953125,-0.0478515625,0.046875,89,55303,0.09521484375,0.90625
1105,choice,"In this task, you have to repeatedly choose between two slot machines labeled U and P.
You can choose a slot machine by pressing its corresponding key.When you select one of the machines, you will win 1 or 0 points.Your goal is to choose the slot machines that will give you the most points.You will receive feedback about the outcome after making a choice.
The environment may change unpredictably, and past success does not guarantee future results. You’ll need to adapt to these changes to keep finding the better machine.You will play 1 game in total, consisting of 100 trials. Game 1:You press <<U>> and get 1 points.
You press <<P>> and get 0 points.
You press <<P>> and get 0 points.
You press <<U>> and get 0 points.
You press <<U>> and get 1 points.
You press <<U>> and get 1 points.
You press <<U>> and get 1 points.
You press <<U>> and get 1 points.
You press <<U>> and get 1 points.
You press <<U>> and get 0 points.
You press <<U>> and get 1 points.
You press <<U>> and get 1 points.
You press <<U>> and get 1 points.
You press <<P>> and get 0 points.
You press <<U>> and get 1 points.
You press <<U>> and get 1 points.
You press <<U>> and get 1 points.
You press <<U>> and get 1 points.
You press <<U>> and get 1 points.
You press <<U>> and get 1 points.
You press <<P>> and get 0 points.
You press <<U>> and get 1 points.
You press <<U>> and get 1 points.
You press <<U>> and get 1 points.
You press <<U>> and get 1 points.
You press <<U>> and get 1 points.
You press <<U>> and get 1 points.
You press <<U>> and get 1 points.
You press <<U>> and get 1 points.
You press <<U>> and get 1 points.
You press <<U>> and get 1 points.
You press <<U>> and get 1 points.
You press <<U>> and get 1 points.
You press <<U>> and get 1 points.
You press <<P>> and get 0 points.
You press <<U>> and get 1 points.
You press <<U>> and get 1 points.
You press <<U>> and get 1 points.
You press <<U>> and get 1 points.
You press <<U>> and get 1 points.
You press <<U>> and get 1 points.
You press <<U>> and get 1 points.
You press <<U>> and get 1 points.
You press <<U>> and get 1 points.
You press <<U>> and get 1 points.
You press <<U>> and get 1 points.
You press <<U>> and get 1 points.
You press <<P>> and get 0 points.
You press <<U>> and get 1 points.
You press <<U>> and get 1 points.
You press <<P>> and get 1 points.
You press <<U>> and get 1 points.
You press <<U>> and get 0 points.
You press <<U>> and get 0 points.
You press <<P>> and get 1 points.
You press <<P>> and get 1 points.
You press <<P>> and get 1 points.
You press <<P>> and get 1 points.
You press <<P>> and get 1 points.
You press <<P>> and get 1 points.
You press <<P>> and get 1 points.
You press <<P>> and get 1 points.
You press <<P>> and get 1 points.
You press <<U>> and get 0 points.
You press <<P>> and get 1 points.
You press <<P>> and get 1 points.
You press <<P>> and get 1 points.
You press <<P>> and get 1 points.
You press <<P>> and get 1 points.
You press <<P>> and get 1 points.
You press <<P>> and get 1 points.
You press <<P>> and get 1 points.
You press <<P>> and get 1 points.
You press <<P>> and get 1 points.
You press <<P>> and get 1 points.
You press <<P>> and get 1 points.
You press <<P>> and get 1 points.
You press <<P>> and get 1 points.
You press <<P>> and get 1 points.
You press <<P>> and get 1 points.
You press <<P>> and get 1 points.
You press <<P>> and get 1 points.
You press <<P>> and get 1 points.
You press <<P>> and get 1 points.
You press <<P>> and get 1 points.
You press <<P>> and get 1 points.
You press <<U>> and get 0 points.
You press <<P>> and get 1 points.
You press <<P>> and get 0 points.
You press <<>> and get 1 points.
You press <<",P,0.059814453125,0.93359375,0.030517578125,-0.03515625,90,55303,0.029296875,0.96875
1110,reward,"In this task, you have to repeatedly choose between two slot machines labeled U and P.
You can choose a slot machine by pressing its corresponding key.When you select one of the machines, you will win 1 or 0 points.Your goal is to choose the slot machines that will give you the most points.You will receive feedback about the outcome after making a choice.
The environment may change unpredictably, and past success does not guarantee future results. You’ll need to adapt to these changes to keep finding the better machine.You will play 1 game in total, consisting of 100 trials. Game 1:You press <<U>> and get 1 points.
You press <<P>> and get 0 points.
You press <<P>> and get 0 points.
You press <<U>> and get 0 points.
You press <<U>> and get 1 points.
You press <<U>> and get 1 points.
You press <<U>> and get 1 points.
You press <<U>> and get 1 points.
You press <<U>> and get 1 points.
You press <<U>> and get 0 points.
You press <<U>> and get 1 points.
You press <<U>> and get 1 points.
You press <<U>> and get 1 points.
You press <<P>> and get 0 points.
You press <<U>> and get 1 points.
You press <<U>> and get 1 points.
You press <<U>> and get 1 points.
You press <<U>> and get 1 points.
You press <<U>> and get 1 points.
You press <<U>> and get 1 points.
You press <<P>> and get 0 points.
You press <<U>> and get 1 points.
You press <<U>> and get 1 points.
You press <<U>> and get 1 points.
You press <<U>> and get 1 points.
You press <<U>> and get 1 points.
You press <<U>> and get 1 points.
You press <<U>> and get 1 points.
You press <<U>> and get 1 points.
You press <<U>> and get 1 points.
You press <<U>> and get 1 points.
You press <<U>> and get 1 points.
You press <<U>> and get 1 points.
You press <<U>> and get 1 points.
You press <<P>> and get 0 points.
You press <<U>> and get 1 points.
You press <<U>> and get 1 points.
You press <<U>> and get 1 points.
You press <<U>> and get 1 points.
You press <<U>> and get 1 points.
You press <<U>> and get 1 points.
You press <<U>> and get 1 points.
You press <<U>> and get 1 points.
You press <<U>> and get 1 points.
You press <<U>> and get 1 points.
You press <<U>> and get 1 points.
You press <<U>> and get 1 points.
You press <<P>> and get 0 points.
You press <<U>> and get 1 points.
You press <<U>> and get 1 points.
You press <<P>> and get 1 points.
You press <<U>> and get 1 points.
You press <<U>> and get 0 points.
You press <<U>> and get 0 points.
You press <<P>> and get 1 points.
You press <<P>> and get 1 points.
You press <<P>> and get 1 points.
You press <<P>> and get 1 points.
You press <<P>> and get 1 points.
You press <<P>> and get 1 points.
You press <<P>> and get 1 points.
You press <<P>> and get 1 points.
You press <<P>> and get 1 points.
You press <<U>> and get 0 points.
You press <<P>> and get 1 points.
You press <<P>> and get 1 points.
You press <<P>> and get 1 points.
You press <<P>> and get 1 points.
You press <<P>> and get 1 points.
You press <<P>> and get 1 points.
You press <<P>> and get 1 points.
You press <<P>> and get 1 points.
You press <<P>> and get 1 points.
You press <<P>> and get 1 points.
You press <<P>> and get 1 points.
You press <<P>> and get 1 points.
You press <<P>> and get 1 points.
You press <<P>> and get 1 points.
You press <<P>> and get 1 points.
You press <<P>> and get 1 points.
You press <<P>> and get 1 points.
You press <<P>> and get 1 points.
You press <<P>> and get 1 points.
You press <<P>> and get 1 points.
You press <<P>> and get 1 points.
You press <<P>> and get 1 points.
You press <<U>> and get 0 points.
You press <<P>> and get 1 points.
You press <<P>> and get 0 points.
You press <<P>> and get  points.
You press <<",1,0.1328125,0.8671875,0.103515625,-0.1015625,90,55303,0.029296875,0.96875
1116,choice,"In this task, you have to repeatedly choose between two slot machines labeled U and P.
You can choose a slot machine by pressing its corresponding key.When you select one of the machines, you will win 1 or 0 points.Your goal is to choose the slot machines that will give you the most points.You will receive feedback about the outcome after making a choice.
The environment may change unpredictably, and past success does not guarantee future results. You’ll need to adapt to these changes to keep finding the better machine.You will play 1 game in total, consisting of 100 trials. Game 1:You press <<U>> and get 1 points.
You press <<P>> and get 0 points.
You press <<P>> and get 0 points.
You press <<U>> and get 0 points.
You press <<U>> and get 1 points.
You press <<U>> and get 1 points.
You press <<U>> and get 1 points.
You press <<U>> and get 1 points.
You press <<U>> and get 1 points.
You press <<U>> and get 0 points.
You press <<U>> and get 1 points.
You press <<U>> and get 1 points.
You press <<U>> and get 1 points.
You press <<P>> and get 0 points.
You press <<U>> and get 1 points.
You press <<U>> and get 1 points.
You press <<U>> and get 1 points.
You press <<U>> and get 1 points.
You press <<U>> and get 1 points.
You press <<U>> and get 1 points.
You press <<P>> and get 0 points.
You press <<U>> and get 1 points.
You press <<U>> and get 1 points.
You press <<U>> and get 1 points.
You press <<U>> and get 1 points.
You press <<U>> and get 1 points.
You press <<U>> and get 1 points.
You press <<U>> and get 1 points.
You press <<U>> and get 1 points.
You press <<U>> and get 1 points.
You press <<U>> and get 1 points.
You press <<U>> and get 1 points.
You press <<U>> and get 1 points.
You press <<U>> and get 1 points.
You press <<P>> and get 0 points.
You press <<U>> and get 1 points.
You press <<U>> and get 1 points.
You press <<U>> and get 1 points.
You press <<U>> and get 1 points.
You press <<U>> and get 1 points.
You press <<U>> and get 1 points.
You press <<U>> and get 1 points.
You press <<U>> and get 1 points.
You press <<U>> and get 1 points.
You press <<U>> and get 1 points.
You press <<U>> and get 1 points.
You press <<U>> and get 1 points.
You press <<P>> and get 0 points.
You press <<U>> and get 1 points.
You press <<U>> and get 1 points.
You press <<P>> and get 1 points.
You press <<U>> and get 1 points.
You press <<U>> and get 0 points.
You press <<U>> and get 0 points.
You press <<P>> and get 1 points.
You press <<P>> and get 1 points.
You press <<P>> and get 1 points.
You press <<P>> and get 1 points.
You press <<P>> and get 1 points.
You press <<P>> and get 1 points.
You press <<P>> and get 1 points.
You press <<P>> and get 1 points.
You press <<P>> and get 1 points.
You press <<U>> and get 0 points.
You press <<P>> and get 1 points.
You press <<P>> and get 1 points.
You press <<P>> and get 1 points.
You press <<P>> and get 1 points.
You press <<P>> and get 1 points.
You press <<P>> and get 1 points.
You press <<P>> and get 1 points.
You press <<P>> and get 1 points.
You press <<P>> and get 1 points.
You press <<P>> and get 1 points.
You press <<P>> and get 1 points.
You press <<P>> and get 1 points.
You press <<P>> and get 1 points.
You press <<P>> and get 1 points.
You press <<P>> and get 1 points.
You press <<P>> and get 1 points.
You press <<P>> and get 1 points.
You press <<P>> and get 1 points.
You press <<P>> and get 1 points.
You press <<P>> and get 1 points.
You press <<P>> and get 1 points.
You press <<P>> and get 1 points.
You press <<U>> and get 0 points.
You press <<P>> and get 1 points.
You press <<P>> and get 0 points.
You press <<P>> and get 1 points.
You press <<>> and get 1 points.
You press <<",P,0.0419921875,0.953125,0.01904296875,-0.0234375,91,55303,0.02294921875,0.9765625
1121,reward,"In this task, you have to repeatedly choose between two slot machines labeled U and P.
You can choose a slot machine by pressing its corresponding key.When you select one of the machines, you will win 1 or 0 points.Your goal is to choose the slot machines that will give you the most points.You will receive feedback about the outcome after making a choice.
The environment may change unpredictably, and past success does not guarantee future results. You’ll need to adapt to these changes to keep finding the better machine.You will play 1 game in total, consisting of 100 trials. Game 1:You press <<U>> and get 1 points.
You press <<P>> and get 0 points.
You press <<P>> and get 0 points.
You press <<U>> and get 0 points.
You press <<U>> and get 1 points.
You press <<U>> and get 1 points.
You press <<U>> and get 1 points.
You press <<U>> and get 1 points.
You press <<U>> and get 1 points.
You press <<U>> and get 0 points.
You press <<U>> and get 1 points.
You press <<U>> and get 1 points.
You press <<U>> and get 1 points.
You press <<P>> and get 0 points.
You press <<U>> and get 1 points.
You press <<U>> and get 1 points.
You press <<U>> and get 1 points.
You press <<U>> and get 1 points.
You press <<U>> and get 1 points.
You press <<U>> and get 1 points.
You press <<P>> and get 0 points.
You press <<U>> and get 1 points.
You press <<U>> and get 1 points.
You press <<U>> and get 1 points.
You press <<U>> and get 1 points.
You press <<U>> and get 1 points.
You press <<U>> and get 1 points.
You press <<U>> and get 1 points.
You press <<U>> and get 1 points.
You press <<U>> and get 1 points.
You press <<U>> and get 1 points.
You press <<U>> and get 1 points.
You press <<U>> and get 1 points.
You press <<U>> and get 1 points.
You press <<P>> and get 0 points.
You press <<U>> and get 1 points.
You press <<U>> and get 1 points.
You press <<U>> and get 1 points.
You press <<U>> and get 1 points.
You press <<U>> and get 1 points.
You press <<U>> and get 1 points.
You press <<U>> and get 1 points.
You press <<U>> and get 1 points.
You press <<U>> and get 1 points.
You press <<U>> and get 1 points.
You press <<U>> and get 1 points.
You press <<U>> and get 1 points.
You press <<P>> and get 0 points.
You press <<U>> and get 1 points.
You press <<U>> and get 1 points.
You press <<P>> and get 1 points.
You press <<U>> and get 1 points.
You press <<U>> and get 0 points.
You press <<U>> and get 0 points.
You press <<P>> and get 1 points.
You press <<P>> and get 1 points.
You press <<P>> and get 1 points.
You press <<P>> and get 1 points.
You press <<P>> and get 1 points.
You press <<P>> and get 1 points.
You press <<P>> and get 1 points.
You press <<P>> and get 1 points.
You press <<P>> and get 1 points.
You press <<U>> and get 0 points.
You press <<P>> and get 1 points.
You press <<P>> and get 1 points.
You press <<P>> and get 1 points.
You press <<P>> and get 1 points.
You press <<P>> and get 1 points.
You press <<P>> and get 1 points.
You press <<P>> and get 1 points.
You press <<P>> and get 1 points.
You press <<P>> and get 1 points.
You press <<P>> and get 1 points.
You press <<P>> and get 1 points.
You press <<P>> and get 1 points.
You press <<P>> and get 1 points.
You press <<P>> and get 1 points.
You press <<P>> and get 1 points.
You press <<P>> and get 1 points.
You press <<P>> and get 1 points.
You press <<P>> and get 1 points.
You press <<P>> and get 1 points.
You press <<P>> and get 1 points.
You press <<P>> and get 1 points.
You press <<P>> and get 1 points.
You press <<U>> and get 0 points.
You press <<P>> and get 1 points.
You press <<P>> and get 0 points.
You press <<P>> and get 1 points.
You press <<P>> and get  points.
You press <<",1,0.07568359375,0.92578125,0.052734375,-0.05078125,91,55303,0.02294921875,0.9765625
1127,choice,"In this task, you have to repeatedly choose between two slot machines labeled U and P.
You can choose a slot machine by pressing its corresponding key.When you select one of the machines, you will win 1 or 0 points.Your goal is to choose the slot machines that will give you the most points.You will receive feedback about the outcome after making a choice.
The environment may change unpredictably, and past success does not guarantee future results. You’ll need to adapt to these changes to keep finding the better machine.You will play 1 game in total, consisting of 100 trials. Game 1:You press <<U>> and get 1 points.
You press <<P>> and get 0 points.
You press <<P>> and get 0 points.
You press <<U>> and get 0 points.
You press <<U>> and get 1 points.
You press <<U>> and get 1 points.
You press <<U>> and get 1 points.
You press <<U>> and get 1 points.
You press <<U>> and get 1 points.
You press <<U>> and get 0 points.
You press <<U>> and get 1 points.
You press <<U>> and get 1 points.
You press <<U>> and get 1 points.
You press <<P>> and get 0 points.
You press <<U>> and get 1 points.
You press <<U>> and get 1 points.
You press <<U>> and get 1 points.
You press <<U>> and get 1 points.
You press <<U>> and get 1 points.
You press <<U>> and get 1 points.
You press <<P>> and get 0 points.
You press <<U>> and get 1 points.
You press <<U>> and get 1 points.
You press <<U>> and get 1 points.
You press <<U>> and get 1 points.
You press <<U>> and get 1 points.
You press <<U>> and get 1 points.
You press <<U>> and get 1 points.
You press <<U>> and get 1 points.
You press <<U>> and get 1 points.
You press <<U>> and get 1 points.
You press <<U>> and get 1 points.
You press <<U>> and get 1 points.
You press <<U>> and get 1 points.
You press <<P>> and get 0 points.
You press <<U>> and get 1 points.
You press <<U>> and get 1 points.
You press <<U>> and get 1 points.
You press <<U>> and get 1 points.
You press <<U>> and get 1 points.
You press <<U>> and get 1 points.
You press <<U>> and get 1 points.
You press <<U>> and get 1 points.
You press <<U>> and get 1 points.
You press <<U>> and get 1 points.
You press <<U>> and get 1 points.
You press <<U>> and get 1 points.
You press <<P>> and get 0 points.
You press <<U>> and get 1 points.
You press <<U>> and get 1 points.
You press <<P>> and get 1 points.
You press <<U>> and get 1 points.
You press <<U>> and get 0 points.
You press <<U>> and get 0 points.
You press <<P>> and get 1 points.
You press <<P>> and get 1 points.
You press <<P>> and get 1 points.
You press <<P>> and get 1 points.
You press <<P>> and get 1 points.
You press <<P>> and get 1 points.
You press <<P>> and get 1 points.
You press <<P>> and get 1 points.
You press <<P>> and get 1 points.
You press <<U>> and get 0 points.
You press <<P>> and get 1 points.
You press <<P>> and get 1 points.
You press <<P>> and get 1 points.
You press <<P>> and get 1 points.
You press <<P>> and get 1 points.
You press <<P>> and get 1 points.
You press <<P>> and get 1 points.
You press <<P>> and get 1 points.
You press <<P>> and get 1 points.
You press <<P>> and get 1 points.
You press <<P>> and get 1 points.
You press <<P>> and get 1 points.
You press <<P>> and get 1 points.
You press <<P>> and get 1 points.
You press <<P>> and get 1 points.
You press <<P>> and get 1 points.
You press <<P>> and get 1 points.
You press <<P>> and get 1 points.
You press <<P>> and get 1 points.
You press <<P>> and get 1 points.
You press <<P>> and get 1 points.
You press <<P>> and get 1 points.
You press <<U>> and get 0 points.
You press <<P>> and get 1 points.
You press <<P>> and get 0 points.
You press <<P>> and get 1 points.
You press <<P>> and get 1 points.
You press <<>> and get 1 points.
You press <<",P,0.037109375,0.95703125,0.01416015625,-0.01953125,92,55303,0.02294921875,0.9765625
1132,reward,"In this task, you have to repeatedly choose between two slot machines labeled U and P.
You can choose a slot machine by pressing its corresponding key.When you select one of the machines, you will win 1 or 0 points.Your goal is to choose the slot machines that will give you the most points.You will receive feedback about the outcome after making a choice.
The environment may change unpredictably, and past success does not guarantee future results. You’ll need to adapt to these changes to keep finding the better machine.You will play 1 game in total, consisting of 100 trials. Game 1:You press <<U>> and get 1 points.
You press <<P>> and get 0 points.
You press <<P>> and get 0 points.
You press <<U>> and get 0 points.
You press <<U>> and get 1 points.
You press <<U>> and get 1 points.
You press <<U>> and get 1 points.
You press <<U>> and get 1 points.
You press <<U>> and get 1 points.
You press <<U>> and get 0 points.
You press <<U>> and get 1 points.
You press <<U>> and get 1 points.
You press <<U>> and get 1 points.
You press <<P>> and get 0 points.
You press <<U>> and get 1 points.
You press <<U>> and get 1 points.
You press <<U>> and get 1 points.
You press <<U>> and get 1 points.
You press <<U>> and get 1 points.
You press <<U>> and get 1 points.
You press <<P>> and get 0 points.
You press <<U>> and get 1 points.
You press <<U>> and get 1 points.
You press <<U>> and get 1 points.
You press <<U>> and get 1 points.
You press <<U>> and get 1 points.
You press <<U>> and get 1 points.
You press <<U>> and get 1 points.
You press <<U>> and get 1 points.
You press <<U>> and get 1 points.
You press <<U>> and get 1 points.
You press <<U>> and get 1 points.
You press <<U>> and get 1 points.
You press <<U>> and get 1 points.
You press <<P>> and get 0 points.
You press <<U>> and get 1 points.
You press <<U>> and get 1 points.
You press <<U>> and get 1 points.
You press <<U>> and get 1 points.
You press <<U>> and get 1 points.
You press <<U>> and get 1 points.
You press <<U>> and get 1 points.
You press <<U>> and get 1 points.
You press <<U>> and get 1 points.
You press <<U>> and get 1 points.
You press <<U>> and get 1 points.
You press <<U>> and get 1 points.
You press <<P>> and get 0 points.
You press <<U>> and get 1 points.
You press <<U>> and get 1 points.
You press <<P>> and get 1 points.
You press <<U>> and get 1 points.
You press <<U>> and get 0 points.
You press <<U>> and get 0 points.
You press <<P>> and get 1 points.
You press <<P>> and get 1 points.
You press <<P>> and get 1 points.
You press <<P>> and get 1 points.
You press <<P>> and get 1 points.
You press <<P>> and get 1 points.
You press <<P>> and get 1 points.
You press <<P>> and get 1 points.
You press <<P>> and get 1 points.
You press <<U>> and get 0 points.
You press <<P>> and get 1 points.
You press <<P>> and get 1 points.
You press <<P>> and get 1 points.
You press <<P>> and get 1 points.
You press <<P>> and get 1 points.
You press <<P>> and get 1 points.
You press <<P>> and get 1 points.
You press <<P>> and get 1 points.
You press <<P>> and get 1 points.
You press <<P>> and get 1 points.
You press <<P>> and get 1 points.
You press <<P>> and get 1 points.
You press <<P>> and get 1 points.
You press <<P>> and get 1 points.
You press <<P>> and get 1 points.
You press <<P>> and get 1 points.
You press <<P>> and get 1 points.
You press <<P>> and get 1 points.
You press <<P>> and get 1 points.
You press <<P>> and get 1 points.
You press <<P>> and get 1 points.
You press <<P>> and get 1 points.
You press <<U>> and get 0 points.
You press <<P>> and get 1 points.
You press <<P>> and get 0 points.
You press <<P>> and get 1 points.
You press <<P>> and get 1 points.
You press <<P>> and get  points.
You press <<",1,0.06005859375,0.94140625,0.037109375,-0.03515625,92,55303,0.02294921875,0.9765625
1138,choice,"In this task, you have to repeatedly choose between two slot machines labeled U and P.
You can choose a slot machine by pressing its corresponding key.When you select one of the machines, you will win 1 or 0 points.Your goal is to choose the slot machines that will give you the most points.You will receive feedback about the outcome after making a choice.
The environment may change unpredictably, and past success does not guarantee future results. You’ll need to adapt to these changes to keep finding the better machine.You will play 1 game in total, consisting of 100 trials. Game 1:You press <<U>> and get 1 points.
You press <<P>> and get 0 points.
You press <<P>> and get 0 points.
You press <<U>> and get 0 points.
You press <<U>> and get 1 points.
You press <<U>> and get 1 points.
You press <<U>> and get 1 points.
You press <<U>> and get 1 points.
You press <<U>> and get 1 points.
You press <<U>> and get 0 points.
You press <<U>> and get 1 points.
You press <<U>> and get 1 points.
You press <<U>> and get 1 points.
You press <<P>> and get 0 points.
You press <<U>> and get 1 points.
You press <<U>> and get 1 points.
You press <<U>> and get 1 points.
You press <<U>> and get 1 points.
You press <<U>> and get 1 points.
You press <<U>> and get 1 points.
You press <<P>> and get 0 points.
You press <<U>> and get 1 points.
You press <<U>> and get 1 points.
You press <<U>> and get 1 points.
You press <<U>> and get 1 points.
You press <<U>> and get 1 points.
You press <<U>> and get 1 points.
You press <<U>> and get 1 points.
You press <<U>> and get 1 points.
You press <<U>> and get 1 points.
You press <<U>> and get 1 points.
You press <<U>> and get 1 points.
You press <<U>> and get 1 points.
You press <<U>> and get 1 points.
You press <<P>> and get 0 points.
You press <<U>> and get 1 points.
You press <<U>> and get 1 points.
You press <<U>> and get 1 points.
You press <<U>> and get 1 points.
You press <<U>> and get 1 points.
You press <<U>> and get 1 points.
You press <<U>> and get 1 points.
You press <<U>> and get 1 points.
You press <<U>> and get 1 points.
You press <<U>> and get 1 points.
You press <<U>> and get 1 points.
You press <<U>> and get 1 points.
You press <<P>> and get 0 points.
You press <<U>> and get 1 points.
You press <<U>> and get 1 points.
You press <<P>> and get 1 points.
You press <<U>> and get 1 points.
You press <<U>> and get 0 points.
You press <<U>> and get 0 points.
You press <<P>> and get 1 points.
You press <<P>> and get 1 points.
You press <<P>> and get 1 points.
You press <<P>> and get 1 points.
You press <<P>> and get 1 points.
You press <<P>> and get 1 points.
You press <<P>> and get 1 points.
You press <<P>> and get 1 points.
You press <<P>> and get 1 points.
You press <<U>> and get 0 points.
You press <<P>> and get 1 points.
You press <<P>> and get 1 points.
You press <<P>> and get 1 points.
You press <<P>> and get 1 points.
You press <<P>> and get 1 points.
You press <<P>> and get 1 points.
You press <<P>> and get 1 points.
You press <<P>> and get 1 points.
You press <<P>> and get 1 points.
You press <<P>> and get 1 points.
You press <<P>> and get 1 points.
You press <<P>> and get 1 points.
You press <<P>> and get 1 points.
You press <<P>> and get 1 points.
You press <<P>> and get 1 points.
You press <<P>> and get 1 points.
You press <<P>> and get 1 points.
You press <<P>> and get 1 points.
You press <<P>> and get 1 points.
You press <<P>> and get 1 points.
You press <<P>> and get 1 points.
You press <<P>> and get 1 points.
You press <<U>> and get 0 points.
You press <<P>> and get 1 points.
You press <<P>> and get 0 points.
You press <<P>> and get 1 points.
You press <<P>> and get 1 points.
You press <<P>> and get 1 points.
You press <<>> and get 1 points.
You press <<",P,0.0419921875,0.953125,0.01904296875,-0.0234375,93,55303,0.02294921875,0.9765625
1143,reward,"In this task, you have to repeatedly choose between two slot machines labeled U and P.
You can choose a slot machine by pressing its corresponding key.When you select one of the machines, you will win 1 or 0 points.Your goal is to choose the slot machines that will give you the most points.You will receive feedback about the outcome after making a choice.
The environment may change unpredictably, and past success does not guarantee future results. You’ll need to adapt to these changes to keep finding the better machine.You will play 1 game in total, consisting of 100 trials. Game 1:You press <<U>> and get 1 points.
You press <<P>> and get 0 points.
You press <<P>> and get 0 points.
You press <<U>> and get 0 points.
You press <<U>> and get 1 points.
You press <<U>> and get 1 points.
You press <<U>> and get 1 points.
You press <<U>> and get 1 points.
You press <<U>> and get 1 points.
You press <<U>> and get 0 points.
You press <<U>> and get 1 points.
You press <<U>> and get 1 points.
You press <<U>> and get 1 points.
You press <<P>> and get 0 points.
You press <<U>> and get 1 points.
You press <<U>> and get 1 points.
You press <<U>> and get 1 points.
You press <<U>> and get 1 points.
You press <<U>> and get 1 points.
You press <<U>> and get 1 points.
You press <<P>> and get 0 points.
You press <<U>> and get 1 points.
You press <<U>> and get 1 points.
You press <<U>> and get 1 points.
You press <<U>> and get 1 points.
You press <<U>> and get 1 points.
You press <<U>> and get 1 points.
You press <<U>> and get 1 points.
You press <<U>> and get 1 points.
You press <<U>> and get 1 points.
You press <<U>> and get 1 points.
You press <<U>> and get 1 points.
You press <<U>> and get 1 points.
You press <<U>> and get 1 points.
You press <<P>> and get 0 points.
You press <<U>> and get 1 points.
You press <<U>> and get 1 points.
You press <<U>> and get 1 points.
You press <<U>> and get 1 points.
You press <<U>> and get 1 points.
You press <<U>> and get 1 points.
You press <<U>> and get 1 points.
You press <<U>> and get 1 points.
You press <<U>> and get 1 points.
You press <<U>> and get 1 points.
You press <<U>> and get 1 points.
You press <<U>> and get 1 points.
You press <<P>> and get 0 points.
You press <<U>> and get 1 points.
You press <<U>> and get 1 points.
You press <<P>> and get 1 points.
You press <<U>> and get 1 points.
You press <<U>> and get 0 points.
You press <<U>> and get 0 points.
You press <<P>> and get 1 points.
You press <<P>> and get 1 points.
You press <<P>> and get 1 points.
You press <<P>> and get 1 points.
You press <<P>> and get 1 points.
You press <<P>> and get 1 points.
You press <<P>> and get 1 points.
You press <<P>> and get 1 points.
You press <<P>> and get 1 points.
You press <<U>> and get 0 points.
You press <<P>> and get 1 points.
You press <<P>> and get 1 points.
You press <<P>> and get 1 points.
You press <<P>> and get 1 points.
You press <<P>> and get 1 points.
You press <<P>> and get 1 points.
You press <<P>> and get 1 points.
You press <<P>> and get 1 points.
You press <<P>> and get 1 points.
You press <<P>> and get 1 points.
You press <<P>> and get 1 points.
You press <<P>> and get 1 points.
You press <<P>> and get 1 points.
You press <<P>> and get 1 points.
You press <<P>> and get 1 points.
You press <<P>> and get 1 points.
You press <<P>> and get 1 points.
You press <<P>> and get 1 points.
You press <<P>> and get 1 points.
You press <<P>> and get 1 points.
You press <<P>> and get 1 points.
You press <<P>> and get 1 points.
You press <<U>> and get 0 points.
You press <<P>> and get 1 points.
You press <<P>> and get 0 points.
You press <<P>> and get 1 points.
You press <<P>> and get 1 points.
You press <<P>> and get 1 points.
You press <<P>> and get  points.
You press <<",1,0.0419921875,0.95703125,0.01904296875,-0.01953125,93,55303,0.02294921875,0.9765625
1149,choice,"In this task, you have to repeatedly choose between two slot machines labeled U and P.
You can choose a slot machine by pressing its corresponding key.When you select one of the machines, you will win 1 or 0 points.Your goal is to choose the slot machines that will give you the most points.You will receive feedback about the outcome after making a choice.
The environment may change unpredictably, and past success does not guarantee future results. You’ll need to adapt to these changes to keep finding the better machine.You will play 1 game in total, consisting of 100 trials. Game 1:You press <<U>> and get 1 points.
You press <<P>> and get 0 points.
You press <<P>> and get 0 points.
You press <<U>> and get 0 points.
You press <<U>> and get 1 points.
You press <<U>> and get 1 points.
You press <<U>> and get 1 points.
You press <<U>> and get 1 points.
You press <<U>> and get 1 points.
You press <<U>> and get 0 points.
You press <<U>> and get 1 points.
You press <<U>> and get 1 points.
You press <<U>> and get 1 points.
You press <<P>> and get 0 points.
You press <<U>> and get 1 points.
You press <<U>> and get 1 points.
You press <<U>> and get 1 points.
You press <<U>> and get 1 points.
You press <<U>> and get 1 points.
You press <<U>> and get 1 points.
You press <<P>> and get 0 points.
You press <<U>> and get 1 points.
You press <<U>> and get 1 points.
You press <<U>> and get 1 points.
You press <<U>> and get 1 points.
You press <<U>> and get 1 points.
You press <<U>> and get 1 points.
You press <<U>> and get 1 points.
You press <<U>> and get 1 points.
You press <<U>> and get 1 points.
You press <<U>> and get 1 points.
You press <<U>> and get 1 points.
You press <<U>> and get 1 points.
You press <<U>> and get 1 points.
You press <<P>> and get 0 points.
You press <<U>> and get 1 points.
You press <<U>> and get 1 points.
You press <<U>> and get 1 points.
You press <<U>> and get 1 points.
You press <<U>> and get 1 points.
You press <<U>> and get 1 points.
You press <<U>> and get 1 points.
You press <<U>> and get 1 points.
You press <<U>> and get 1 points.
You press <<U>> and get 1 points.
You press <<U>> and get 1 points.
You press <<U>> and get 1 points.
You press <<P>> and get 0 points.
You press <<U>> and get 1 points.
You press <<U>> and get 1 points.
You press <<P>> and get 1 points.
You press <<U>> and get 1 points.
You press <<U>> and get 0 points.
You press <<U>> and get 0 points.
You press <<P>> and get 1 points.
You press <<P>> and get 1 points.
You press <<P>> and get 1 points.
You press <<P>> and get 1 points.
You press <<P>> and get 1 points.
You press <<P>> and get 1 points.
You press <<P>> and get 1 points.
You press <<P>> and get 1 points.
You press <<P>> and get 1 points.
You press <<U>> and get 0 points.
You press <<P>> and get 1 points.
You press <<P>> and get 1 points.
You press <<P>> and get 1 points.
You press <<P>> and get 1 points.
You press <<P>> and get 1 points.
You press <<P>> and get 1 points.
You press <<P>> and get 1 points.
You press <<P>> and get 1 points.
You press <<P>> and get 1 points.
You press <<P>> and get 1 points.
You press <<P>> and get 1 points.
You press <<P>> and get 1 points.
You press <<P>> and get 1 points.
You press <<P>> and get 1 points.
You press <<P>> and get 1 points.
You press <<P>> and get 1 points.
You press <<P>> and get 1 points.
You press <<P>> and get 1 points.
You press <<P>> and get 1 points.
You press <<P>> and get 1 points.
You press <<P>> and get 1 points.
You press <<P>> and get 1 points.
You press <<U>> and get 0 points.
You press <<P>> and get 1 points.
You press <<P>> and get 0 points.
You press <<P>> and get 1 points.
You press <<P>> and get 1 points.
You press <<P>> and get 1 points.
You press <<P>> and get 1 points.
You press <<>> and get 1 points.
You press <<",P,0.047119140625,0.9453125,0.024169921875,-0.03125,94,55303,0.02294921875,0.9765625
1154,reward,"In this task, you have to repeatedly choose between two slot machines labeled U and P.
You can choose a slot machine by pressing its corresponding key.When you select one of the machines, you will win 1 or 0 points.Your goal is to choose the slot machines that will give you the most points.You will receive feedback about the outcome after making a choice.
The environment may change unpredictably, and past success does not guarantee future results. You’ll need to adapt to these changes to keep finding the better machine.You will play 1 game in total, consisting of 100 trials. Game 1:You press <<U>> and get 1 points.
You press <<P>> and get 0 points.
You press <<P>> and get 0 points.
You press <<U>> and get 0 points.
You press <<U>> and get 1 points.
You press <<U>> and get 1 points.
You press <<U>> and get 1 points.
You press <<U>> and get 1 points.
You press <<U>> and get 1 points.
You press <<U>> and get 0 points.
You press <<U>> and get 1 points.
You press <<U>> and get 1 points.
You press <<U>> and get 1 points.
You press <<P>> and get 0 points.
You press <<U>> and get 1 points.
You press <<U>> and get 1 points.
You press <<U>> and get 1 points.
You press <<U>> and get 1 points.
You press <<U>> and get 1 points.
You press <<U>> and get 1 points.
You press <<P>> and get 0 points.
You press <<U>> and get 1 points.
You press <<U>> and get 1 points.
You press <<U>> and get 1 points.
You press <<U>> and get 1 points.
You press <<U>> and get 1 points.
You press <<U>> and get 1 points.
You press <<U>> and get 1 points.
You press <<U>> and get 1 points.
You press <<U>> and get 1 points.
You press <<U>> and get 1 points.
You press <<U>> and get 1 points.
You press <<U>> and get 1 points.
You press <<U>> and get 1 points.
You press <<P>> and get 0 points.
You press <<U>> and get 1 points.
You press <<U>> and get 1 points.
You press <<U>> and get 1 points.
You press <<U>> and get 1 points.
You press <<U>> and get 1 points.
You press <<U>> and get 1 points.
You press <<U>> and get 1 points.
You press <<U>> and get 1 points.
You press <<U>> and get 1 points.
You press <<U>> and get 1 points.
You press <<U>> and get 1 points.
You press <<U>> and get 1 points.
You press <<P>> and get 0 points.
You press <<U>> and get 1 points.
You press <<U>> and get 1 points.
You press <<P>> and get 1 points.
You press <<U>> and get 1 points.
You press <<U>> and get 0 points.
You press <<U>> and get 0 points.
You press <<P>> and get 1 points.
You press <<P>> and get 1 points.
You press <<P>> and get 1 points.
You press <<P>> and get 1 points.
You press <<P>> and get 1 points.
You press <<P>> and get 1 points.
You press <<P>> and get 1 points.
You press <<P>> and get 1 points.
You press <<P>> and get 1 points.
You press <<U>> and get 0 points.
You press <<P>> and get 1 points.
You press <<P>> and get 1 points.
You press <<P>> and get 1 points.
You press <<P>> and get 1 points.
You press <<P>> and get 1 points.
You press <<P>> and get 1 points.
You press <<P>> and get 1 points.
You press <<P>> and get 1 points.
You press <<P>> and get 1 points.
You press <<P>> and get 1 points.
You press <<P>> and get 1 points.
You press <<P>> and get 1 points.
You press <<P>> and get 1 points.
You press <<P>> and get 1 points.
You press <<P>> and get 1 points.
You press <<P>> and get 1 points.
You press <<P>> and get 1 points.
You press <<P>> and get 1 points.
You press <<P>> and get 1 points.
You press <<P>> and get 1 points.
You press <<P>> and get 1 points.
You press <<P>> and get 1 points.
You press <<U>> and get 0 points.
You press <<P>> and get 1 points.
You press <<P>> and get 0 points.
You press <<P>> and get 1 points.
You press <<P>> and get 1 points.
You press <<P>> and get 1 points.
You press <<P>> and get 1 points.
You press <<P>> and get  points.
You press <<",1,0.053466796875,0.9453125,0.030517578125,-0.03125,94,55303,0.02294921875,0.9765625
1160,choice,"In this task, you have to repeatedly choose between two slot machines labeled U and P.
You can choose a slot machine by pressing its corresponding key.When you select one of the machines, you will win 1 or 0 points.Your goal is to choose the slot machines that will give you the most points.You will receive feedback about the outcome after making a choice.
The environment may change unpredictably, and past success does not guarantee future results. You’ll need to adapt to these changes to keep finding the better machine.You will play 1 game in total, consisting of 100 trials. Game 1:You press <<U>> and get 1 points.
You press <<P>> and get 0 points.
You press <<P>> and get 0 points.
You press <<U>> and get 0 points.
You press <<U>> and get 1 points.
You press <<U>> and get 1 points.
You press <<U>> and get 1 points.
You press <<U>> and get 1 points.
You press <<U>> and get 1 points.
You press <<U>> and get 0 points.
You press <<U>> and get 1 points.
You press <<U>> and get 1 points.
You press <<U>> and get 1 points.
You press <<P>> and get 0 points.
You press <<U>> and get 1 points.
You press <<U>> and get 1 points.
You press <<U>> and get 1 points.
You press <<U>> and get 1 points.
You press <<U>> and get 1 points.
You press <<U>> and get 1 points.
You press <<P>> and get 0 points.
You press <<U>> and get 1 points.
You press <<U>> and get 1 points.
You press <<U>> and get 1 points.
You press <<U>> and get 1 points.
You press <<U>> and get 1 points.
You press <<U>> and get 1 points.
You press <<U>> and get 1 points.
You press <<U>> and get 1 points.
You press <<U>> and get 1 points.
You press <<U>> and get 1 points.
You press <<U>> and get 1 points.
You press <<U>> and get 1 points.
You press <<U>> and get 1 points.
You press <<P>> and get 0 points.
You press <<U>> and get 1 points.
You press <<U>> and get 1 points.
You press <<U>> and get 1 points.
You press <<U>> and get 1 points.
You press <<U>> and get 1 points.
You press <<U>> and get 1 points.
You press <<U>> and get 1 points.
You press <<U>> and get 1 points.
You press <<U>> and get 1 points.
You press <<U>> and get 1 points.
You press <<U>> and get 1 points.
You press <<U>> and get 1 points.
You press <<P>> and get 0 points.
You press <<U>> and get 1 points.
You press <<U>> and get 1 points.
You press <<P>> and get 1 points.
You press <<U>> and get 1 points.
You press <<U>> and get 0 points.
You press <<U>> and get 0 points.
You press <<P>> and get 1 points.
You press <<P>> and get 1 points.
You press <<P>> and get 1 points.
You press <<P>> and get 1 points.
You press <<P>> and get 1 points.
You press <<P>> and get 1 points.
You press <<P>> and get 1 points.
You press <<P>> and get 1 points.
You press <<P>> and get 1 points.
You press <<U>> and get 0 points.
You press <<P>> and get 1 points.
You press <<P>> and get 1 points.
You press <<P>> and get 1 points.
You press <<P>> and get 1 points.
You press <<P>> and get 1 points.
You press <<P>> and get 1 points.
You press <<P>> and get 1 points.
You press <<P>> and get 1 points.
You press <<P>> and get 1 points.
You press <<P>> and get 1 points.
You press <<P>> and get 1 points.
You press <<P>> and get 1 points.
You press <<P>> and get 1 points.
You press <<P>> and get 1 points.
You press <<P>> and get 1 points.
You press <<P>> and get 1 points.
You press <<P>> and get 1 points.
You press <<P>> and get 1 points.
You press <<P>> and get 1 points.
You press <<P>> and get 1 points.
You press <<P>> and get 1 points.
You press <<P>> and get 1 points.
You press <<U>> and get 0 points.
You press <<P>> and get 1 points.
You press <<P>> and get 0 points.
You press <<P>> and get 1 points.
You press <<P>> and get 1 points.
You press <<P>> and get 1 points.
You press <<P>> and get 1 points.
You press <<P>> and get 1 points.
You press <<>> and get 1 points.
You press <<",P,0.047119140625,0.94921875,0.017822265625,-0.01953125,95,55303,0.029296875,0.96875
1165,reward,"In this task, you have to repeatedly choose between two slot machines labeled U and P.
You can choose a slot machine by pressing its corresponding key.When you select one of the machines, you will win 1 or 0 points.Your goal is to choose the slot machines that will give you the most points.You will receive feedback about the outcome after making a choice.
The environment may change unpredictably, and past success does not guarantee future results. You’ll need to adapt to these changes to keep finding the better machine.You will play 1 game in total, consisting of 100 trials. Game 1:You press <<U>> and get 1 points.
You press <<P>> and get 0 points.
You press <<P>> and get 0 points.
You press <<U>> and get 0 points.
You press <<U>> and get 1 points.
You press <<U>> and get 1 points.
You press <<U>> and get 1 points.
You press <<U>> and get 1 points.
You press <<U>> and get 1 points.
You press <<U>> and get 0 points.
You press <<U>> and get 1 points.
You press <<U>> and get 1 points.
You press <<U>> and get 1 points.
You press <<P>> and get 0 points.
You press <<U>> and get 1 points.
You press <<U>> and get 1 points.
You press <<U>> and get 1 points.
You press <<U>> and get 1 points.
You press <<U>> and get 1 points.
You press <<U>> and get 1 points.
You press <<P>> and get 0 points.
You press <<U>> and get 1 points.
You press <<U>> and get 1 points.
You press <<U>> and get 1 points.
You press <<U>> and get 1 points.
You press <<U>> and get 1 points.
You press <<U>> and get 1 points.
You press <<U>> and get 1 points.
You press <<U>> and get 1 points.
You press <<U>> and get 1 points.
You press <<U>> and get 1 points.
You press <<U>> and get 1 points.
You press <<U>> and get 1 points.
You press <<U>> and get 1 points.
You press <<P>> and get 0 points.
You press <<U>> and get 1 points.
You press <<U>> and get 1 points.
You press <<U>> and get 1 points.
You press <<U>> and get 1 points.
You press <<U>> and get 1 points.
You press <<U>> and get 1 points.
You press <<U>> and get 1 points.
You press <<U>> and get 1 points.
You press <<U>> and get 1 points.
You press <<U>> and get 1 points.
You press <<U>> and get 1 points.
You press <<U>> and get 1 points.
You press <<P>> and get 0 points.
You press <<U>> and get 1 points.
You press <<U>> and get 1 points.
You press <<P>> and get 1 points.
You press <<U>> and get 1 points.
You press <<U>> and get 0 points.
You press <<U>> and get 0 points.
You press <<P>> and get 1 points.
You press <<P>> and get 1 points.
You press <<P>> and get 1 points.
You press <<P>> and get 1 points.
You press <<P>> and get 1 points.
You press <<P>> and get 1 points.
You press <<P>> and get 1 points.
You press <<P>> and get 1 points.
You press <<P>> and get 1 points.
You press <<U>> and get 0 points.
You press <<P>> and get 1 points.
You press <<P>> and get 1 points.
You press <<P>> and get 1 points.
You press <<P>> and get 1 points.
You press <<P>> and get 1 points.
You press <<P>> and get 1 points.
You press <<P>> and get 1 points.
You press <<P>> and get 1 points.
You press <<P>> and get 1 points.
You press <<P>> and get 1 points.
You press <<P>> and get 1 points.
You press <<P>> and get 1 points.
You press <<P>> and get 1 points.
You press <<P>> and get 1 points.
You press <<P>> and get 1 points.
You press <<P>> and get 1 points.
You press <<P>> and get 1 points.
You press <<P>> and get 1 points.
You press <<P>> and get 1 points.
You press <<P>> and get 1 points.
You press <<P>> and get 1 points.
You press <<P>> and get 1 points.
You press <<U>> and get 0 points.
You press <<P>> and get 1 points.
You press <<P>> and get 0 points.
You press <<P>> and get 1 points.
You press <<P>> and get 1 points.
You press <<P>> and get 1 points.
You press <<P>> and get 1 points.
You press <<P>> and get 1 points.
You press <<P>> and get  points.
You press <<",1,0.06005859375,0.94140625,0.03076171875,-0.02734375,95,55303,0.029296875,0.96875
1171,choice,"In this task, you have to repeatedly choose between two slot machines labeled U and P.
You can choose a slot machine by pressing its corresponding key.When you select one of the machines, you will win 1 or 0 points.Your goal is to choose the slot machines that will give you the most points.You will receive feedback about the outcome after making a choice.
The environment may change unpredictably, and past success does not guarantee future results. You’ll need to adapt to these changes to keep finding the better machine.You will play 1 game in total, consisting of 100 trials. Game 1:You press <<U>> and get 1 points.
You press <<P>> and get 0 points.
You press <<P>> and get 0 points.
You press <<U>> and get 0 points.
You press <<U>> and get 1 points.
You press <<U>> and get 1 points.
You press <<U>> and get 1 points.
You press <<U>> and get 1 points.
You press <<U>> and get 1 points.
You press <<U>> and get 0 points.
You press <<U>> and get 1 points.
You press <<U>> and get 1 points.
You press <<U>> and get 1 points.
You press <<P>> and get 0 points.
You press <<U>> and get 1 points.
You press <<U>> and get 1 points.
You press <<U>> and get 1 points.
You press <<U>> and get 1 points.
You press <<U>> and get 1 points.
You press <<U>> and get 1 points.
You press <<P>> and get 0 points.
You press <<U>> and get 1 points.
You press <<U>> and get 1 points.
You press <<U>> and get 1 points.
You press <<U>> and get 1 points.
You press <<U>> and get 1 points.
You press <<U>> and get 1 points.
You press <<U>> and get 1 points.
You press <<U>> and get 1 points.
You press <<U>> and get 1 points.
You press <<U>> and get 1 points.
You press <<U>> and get 1 points.
You press <<U>> and get 1 points.
You press <<U>> and get 1 points.
You press <<P>> and get 0 points.
You press <<U>> and get 1 points.
You press <<U>> and get 1 points.
You press <<U>> and get 1 points.
You press <<U>> and get 1 points.
You press <<U>> and get 1 points.
You press <<U>> and get 1 points.
You press <<U>> and get 1 points.
You press <<U>> and get 1 points.
You press <<U>> and get 1 points.
You press <<U>> and get 1 points.
You press <<U>> and get 1 points.
You press <<U>> and get 1 points.
You press <<P>> and get 0 points.
You press <<U>> and get 1 points.
You press <<U>> and get 1 points.
You press <<P>> and get 1 points.
You press <<U>> and get 1 points.
You press <<U>> and get 0 points.
You press <<U>> and get 0 points.
You press <<P>> and get 1 points.
You press <<P>> and get 1 points.
You press <<P>> and get 1 points.
You press <<P>> and get 1 points.
You press <<P>> and get 1 points.
You press <<P>> and get 1 points.
You press <<P>> and get 1 points.
You press <<P>> and get 1 points.
You press <<P>> and get 1 points.
You press <<U>> and get 0 points.
You press <<P>> and get 1 points.
You press <<P>> and get 1 points.
You press <<P>> and get 1 points.
You press <<P>> and get 1 points.
You press <<P>> and get 1 points.
You press <<P>> and get 1 points.
You press <<P>> and get 1 points.
You press <<P>> and get 1 points.
You press <<P>> and get 1 points.
You press <<P>> and get 1 points.
You press <<P>> and get 1 points.
You press <<P>> and get 1 points.
You press <<P>> and get 1 points.
You press <<P>> and get 1 points.
You press <<P>> and get 1 points.
You press <<P>> and get 1 points.
You press <<P>> and get 1 points.
You press <<P>> and get 1 points.
You press <<P>> and get 1 points.
You press <<P>> and get 1 points.
You press <<P>> and get 1 points.
You press <<P>> and get 1 points.
You press <<U>> and get 0 points.
You press <<P>> and get 1 points.
You press <<P>> and get 0 points.
You press <<P>> and get 1 points.
You press <<P>> and get 1 points.
You press <<P>> and get 1 points.
You press <<P>> and get 1 points.
You press <<P>> and get 1 points.
You press <<P>> and get 1 points.
You press <<>> and get 1 points.
You press <<",P,0.05322265625,0.94140625,0.015869140625,-0.01953125,96,55303,0.037353515625,0.9609375
1176,reward,"In this task, you have to repeatedly choose between two slot machines labeled U and P.
You can choose a slot machine by pressing its corresponding key.When you select one of the machines, you will win 1 or 0 points.Your goal is to choose the slot machines that will give you the most points.You will receive feedback about the outcome after making a choice.
The environment may change unpredictably, and past success does not guarantee future results. You’ll need to adapt to these changes to keep finding the better machine.You will play 1 game in total, consisting of 100 trials. Game 1:You press <<U>> and get 1 points.
You press <<P>> and get 0 points.
You press <<P>> and get 0 points.
You press <<U>> and get 0 points.
You press <<U>> and get 1 points.
You press <<U>> and get 1 points.
You press <<U>> and get 1 points.
You press <<U>> and get 1 points.
You press <<U>> and get 1 points.
You press <<U>> and get 0 points.
You press <<U>> and get 1 points.
You press <<U>> and get 1 points.
You press <<U>> and get 1 points.
You press <<P>> and get 0 points.
You press <<U>> and get 1 points.
You press <<U>> and get 1 points.
You press <<U>> and get 1 points.
You press <<U>> and get 1 points.
You press <<U>> and get 1 points.
You press <<U>> and get 1 points.
You press <<P>> and get 0 points.
You press <<U>> and get 1 points.
You press <<U>> and get 1 points.
You press <<U>> and get 1 points.
You press <<U>> and get 1 points.
You press <<U>> and get 1 points.
You press <<U>> and get 1 points.
You press <<U>> and get 1 points.
You press <<U>> and get 1 points.
You press <<U>> and get 1 points.
You press <<U>> and get 1 points.
You press <<U>> and get 1 points.
You press <<U>> and get 1 points.
You press <<U>> and get 1 points.
You press <<P>> and get 0 points.
You press <<U>> and get 1 points.
You press <<U>> and get 1 points.
You press <<U>> and get 1 points.
You press <<U>> and get 1 points.
You press <<U>> and get 1 points.
You press <<U>> and get 1 points.
You press <<U>> and get 1 points.
You press <<U>> and get 1 points.
You press <<U>> and get 1 points.
You press <<U>> and get 1 points.
You press <<U>> and get 1 points.
You press <<U>> and get 1 points.
You press <<P>> and get 0 points.
You press <<U>> and get 1 points.
You press <<U>> and get 1 points.
You press <<P>> and get 1 points.
You press <<U>> and get 1 points.
You press <<U>> and get 0 points.
You press <<U>> and get 0 points.
You press <<P>> and get 1 points.
You press <<P>> and get 1 points.
You press <<P>> and get 1 points.
You press <<P>> and get 1 points.
You press <<P>> and get 1 points.
You press <<P>> and get 1 points.
You press <<P>> and get 1 points.
You press <<P>> and get 1 points.
You press <<P>> and get 1 points.
You press <<U>> and get 0 points.
You press <<P>> and get 1 points.
You press <<P>> and get 1 points.
You press <<P>> and get 1 points.
You press <<P>> and get 1 points.
You press <<P>> and get 1 points.
You press <<P>> and get 1 points.
You press <<P>> and get 1 points.
You press <<P>> and get 1 points.
You press <<P>> and get 1 points.
You press <<P>> and get 1 points.
You press <<P>> and get 1 points.
You press <<P>> and get 1 points.
You press <<P>> and get 1 points.
You press <<P>> and get 1 points.
You press <<P>> and get 1 points.
You press <<P>> and get 1 points.
You press <<P>> and get 1 points.
You press <<P>> and get 1 points.
You press <<P>> and get 1 points.
You press <<P>> and get 1 points.
You press <<P>> and get 1 points.
You press <<P>> and get 1 points.
You press <<U>> and get 0 points.
You press <<P>> and get 1 points.
You press <<P>> and get 0 points.
You press <<P>> and get 1 points.
You press <<P>> and get 1 points.
You press <<P>> and get 1 points.
You press <<P>> and get 1 points.
You press <<P>> and get 1 points.
You press <<P>> and get 1 points.
You press <<P>> and get  points.
You press <<",1,0.09521484375,0.90625,0.057861328125,-0.0546875,96,55303,0.037353515625,0.9609375
1182,choice,"In this task, you have to repeatedly choose between two slot machines labeled U and P.
You can choose a slot machine by pressing its corresponding key.When you select one of the machines, you will win 1 or 0 points.Your goal is to choose the slot machines that will give you the most points.You will receive feedback about the outcome after making a choice.
The environment may change unpredictably, and past success does not guarantee future results. You’ll need to adapt to these changes to keep finding the better machine.You will play 1 game in total, consisting of 100 trials. Game 1:You press <<U>> and get 1 points.
You press <<P>> and get 0 points.
You press <<P>> and get 0 points.
You press <<U>> and get 0 points.
You press <<U>> and get 1 points.
You press <<U>> and get 1 points.
You press <<U>> and get 1 points.
You press <<U>> and get 1 points.
You press <<U>> and get 1 points.
You press <<U>> and get 0 points.
You press <<U>> and get 1 points.
You press <<U>> and get 1 points.
You press <<U>> and get 1 points.
You press <<P>> and get 0 points.
You press <<U>> and get 1 points.
You press <<U>> and get 1 points.
You press <<U>> and get 1 points.
You press <<U>> and get 1 points.
You press <<U>> and get 1 points.
You press <<U>> and get 1 points.
You press <<P>> and get 0 points.
You press <<U>> and get 1 points.
You press <<U>> and get 1 points.
You press <<U>> and get 1 points.
You press <<U>> and get 1 points.
You press <<U>> and get 1 points.
You press <<U>> and get 1 points.
You press <<U>> and get 1 points.
You press <<U>> and get 1 points.
You press <<U>> and get 1 points.
You press <<U>> and get 1 points.
You press <<U>> and get 1 points.
You press <<U>> and get 1 points.
You press <<U>> and get 1 points.
You press <<P>> and get 0 points.
You press <<U>> and get 1 points.
You press <<U>> and get 1 points.
You press <<U>> and get 1 points.
You press <<U>> and get 1 points.
You press <<U>> and get 1 points.
You press <<U>> and get 1 points.
You press <<U>> and get 1 points.
You press <<U>> and get 1 points.
You press <<U>> and get 1 points.
You press <<U>> and get 1 points.
You press <<U>> and get 1 points.
You press <<U>> and get 1 points.
You press <<P>> and get 0 points.
You press <<U>> and get 1 points.
You press <<U>> and get 1 points.
You press <<P>> and get 1 points.
You press <<U>> and get 1 points.
You press <<U>> and get 0 points.
You press <<U>> and get 0 points.
You press <<P>> and get 1 points.
You press <<P>> and get 1 points.
You press <<P>> and get 1 points.
You press <<P>> and get 1 points.
You press <<P>> and get 1 points.
You press <<P>> and get 1 points.
You press <<P>> and get 1 points.
You press <<P>> and get 1 points.
You press <<P>> and get 1 points.
You press <<U>> and get 0 points.
You press <<P>> and get 1 points.
You press <<P>> and get 1 points.
You press <<P>> and get 1 points.
You press <<P>> and get 1 points.
You press <<P>> and get 1 points.
You press <<P>> and get 1 points.
You press <<P>> and get 1 points.
You press <<P>> and get 1 points.
You press <<P>> and get 1 points.
You press <<P>> and get 1 points.
You press <<P>> and get 1 points.
You press <<P>> and get 1 points.
You press <<P>> and get 1 points.
You press <<P>> and get 1 points.
You press <<P>> and get 1 points.
You press <<P>> and get 1 points.
You press <<P>> and get 1 points.
You press <<P>> and get 1 points.
You press <<P>> and get 1 points.
You press <<P>> and get 1 points.
You press <<P>> and get 1 points.
You press <<P>> and get 1 points.
You press <<U>> and get 0 points.
You press <<P>> and get 1 points.
You press <<P>> and get 0 points.
You press <<P>> and get 1 points.
You press <<P>> and get 1 points.
You press <<P>> and get 1 points.
You press <<P>> and get 1 points.
You press <<P>> and get 1 points.
You press <<P>> and get 1 points.
You press <<P>> and get 1 points.
You press <<>> and get 1 points.
You press <<",P,0.052978515625,0.94140625,0.023681640625,-0.02734375,97,55303,0.029296875,0.96875
1187,reward,"In this task, you have to repeatedly choose between two slot machines labeled U and P.
You can choose a slot machine by pressing its corresponding key.When you select one of the machines, you will win 1 or 0 points.Your goal is to choose the slot machines that will give you the most points.You will receive feedback about the outcome after making a choice.
The environment may change unpredictably, and past success does not guarantee future results. You’ll need to adapt to these changes to keep finding the better machine.You will play 1 game in total, consisting of 100 trials. Game 1:You press <<U>> and get 1 points.
You press <<P>> and get 0 points.
You press <<P>> and get 0 points.
You press <<U>> and get 0 points.
You press <<U>> and get 1 points.
You press <<U>> and get 1 points.
You press <<U>> and get 1 points.
You press <<U>> and get 1 points.
You press <<U>> and get 1 points.
You press <<U>> and get 0 points.
You press <<U>> and get 1 points.
You press <<U>> and get 1 points.
You press <<U>> and get 1 points.
You press <<P>> and get 0 points.
You press <<U>> and get 1 points.
You press <<U>> and get 1 points.
You press <<U>> and get 1 points.
You press <<U>> and get 1 points.
You press <<U>> and get 1 points.
You press <<U>> and get 1 points.
You press <<P>> and get 0 points.
You press <<U>> and get 1 points.
You press <<U>> and get 1 points.
You press <<U>> and get 1 points.
You press <<U>> and get 1 points.
You press <<U>> and get 1 points.
You press <<U>> and get 1 points.
You press <<U>> and get 1 points.
You press <<U>> and get 1 points.
You press <<U>> and get 1 points.
You press <<U>> and get 1 points.
You press <<U>> and get 1 points.
You press <<U>> and get 1 points.
You press <<U>> and get 1 points.
You press <<P>> and get 0 points.
You press <<U>> and get 1 points.
You press <<U>> and get 1 points.
You press <<U>> and get 1 points.
You press <<U>> and get 1 points.
You press <<U>> and get 1 points.
You press <<U>> and get 1 points.
You press <<U>> and get 1 points.
You press <<U>> and get 1 points.
You press <<U>> and get 1 points.
You press <<U>> and get 1 points.
You press <<U>> and get 1 points.
You press <<U>> and get 1 points.
You press <<P>> and get 0 points.
You press <<U>> and get 1 points.
You press <<U>> and get 1 points.
You press <<P>> and get 1 points.
You press <<U>> and get 1 points.
You press <<U>> and get 0 points.
You press <<U>> and get 0 points.
You press <<P>> and get 1 points.
You press <<P>> and get 1 points.
You press <<P>> and get 1 points.
You press <<P>> and get 1 points.
You press <<P>> and get 1 points.
You press <<P>> and get 1 points.
You press <<P>> and get 1 points.
You press <<P>> and get 1 points.
You press <<P>> and get 1 points.
You press <<U>> and get 0 points.
You press <<P>> and get 1 points.
You press <<P>> and get 1 points.
You press <<P>> and get 1 points.
You press <<P>> and get 1 points.
You press <<P>> and get 1 points.
You press <<P>> and get 1 points.
You press <<P>> and get 1 points.
You press <<P>> and get 1 points.
You press <<P>> and get 1 points.
You press <<P>> and get 1 points.
You press <<P>> and get 1 points.
You press <<P>> and get 1 points.
You press <<P>> and get 1 points.
You press <<P>> and get 1 points.
You press <<P>> and get 1 points.
You press <<P>> and get 1 points.
You press <<P>> and get 1 points.
You press <<P>> and get 1 points.
You press <<P>> and get 1 points.
You press <<P>> and get 1 points.
You press <<P>> and get 1 points.
You press <<P>> and get 1 points.
You press <<U>> and get 0 points.
You press <<P>> and get 1 points.
You press <<P>> and get 0 points.
You press <<P>> and get 1 points.
You press <<P>> and get 1 points.
You press <<P>> and get 1 points.
You press <<P>> and get 1 points.
You press <<P>> and get 1 points.
You press <<P>> and get 1 points.
You press <<P>> and get 1 points.
You press <<P>> and get  points.
You press <<",1,0.07568359375,0.92578125,0.04638671875,-0.04296875,97,55303,0.029296875,0.96875
1193,choice,"In this task, you have to repeatedly choose between two slot machines labeled U and P.
You can choose a slot machine by pressing its corresponding key.When you select one of the machines, you will win 1 or 0 points.Your goal is to choose the slot machines that will give you the most points.You will receive feedback about the outcome after making a choice.
The environment may change unpredictably, and past success does not guarantee future results. You’ll need to adapt to these changes to keep finding the better machine.You will play 1 game in total, consisting of 100 trials. Game 1:You press <<U>> and get 1 points.
You press <<P>> and get 0 points.
You press <<P>> and get 0 points.
You press <<U>> and get 0 points.
You press <<U>> and get 1 points.
You press <<U>> and get 1 points.
You press <<U>> and get 1 points.
You press <<U>> and get 1 points.
You press <<U>> and get 1 points.
You press <<U>> and get 0 points.
You press <<U>> and get 1 points.
You press <<U>> and get 1 points.
You press <<U>> and get 1 points.
You press <<P>> and get 0 points.
You press <<U>> and get 1 points.
You press <<U>> and get 1 points.
You press <<U>> and get 1 points.
You press <<U>> and get 1 points.
You press <<U>> and get 1 points.
You press <<U>> and get 1 points.
You press <<P>> and get 0 points.
You press <<U>> and get 1 points.
You press <<U>> and get 1 points.
You press <<U>> and get 1 points.
You press <<U>> and get 1 points.
You press <<U>> and get 1 points.
You press <<U>> and get 1 points.
You press <<U>> and get 1 points.
You press <<U>> and get 1 points.
You press <<U>> and get 1 points.
You press <<U>> and get 1 points.
You press <<U>> and get 1 points.
You press <<U>> and get 1 points.
You press <<U>> and get 1 points.
You press <<P>> and get 0 points.
You press <<U>> and get 1 points.
You press <<U>> and get 1 points.
You press <<U>> and get 1 points.
You press <<U>> and get 1 points.
You press <<U>> and get 1 points.
You press <<U>> and get 1 points.
You press <<U>> and get 1 points.
You press <<U>> and get 1 points.
You press <<U>> and get 1 points.
You press <<U>> and get 1 points.
You press <<U>> and get 1 points.
You press <<U>> and get 1 points.
You press <<P>> and get 0 points.
You press <<U>> and get 1 points.
You press <<U>> and get 1 points.
You press <<P>> and get 1 points.
You press <<U>> and get 1 points.
You press <<U>> and get 0 points.
You press <<U>> and get 0 points.
You press <<P>> and get 1 points.
You press <<P>> and get 1 points.
You press <<P>> and get 1 points.
You press <<P>> and get 1 points.
You press <<P>> and get 1 points.
You press <<P>> and get 1 points.
You press <<P>> and get 1 points.
You press <<P>> and get 1 points.
You press <<P>> and get 1 points.
You press <<U>> and get 0 points.
You press <<P>> and get 1 points.
You press <<P>> and get 1 points.
You press <<P>> and get 1 points.
You press <<P>> and get 1 points.
You press <<P>> and get 1 points.
You press <<P>> and get 1 points.
You press <<P>> and get 1 points.
You press <<P>> and get 1 points.
You press <<P>> and get 1 points.
You press <<P>> and get 1 points.
You press <<P>> and get 1 points.
You press <<P>> and get 1 points.
You press <<P>> and get 1 points.
You press <<P>> and get 1 points.
You press <<P>> and get 1 points.
You press <<P>> and get 1 points.
You press <<P>> and get 1 points.
You press <<P>> and get 1 points.
You press <<P>> and get 1 points.
You press <<P>> and get 1 points.
You press <<P>> and get 1 points.
You press <<P>> and get 1 points.
You press <<U>> and get 0 points.
You press <<P>> and get 1 points.
You press <<P>> and get 0 points.
You press <<P>> and get 1 points.
You press <<P>> and get 1 points.
You press <<P>> and get 1 points.
You press <<P>> and get 1 points.
You press <<P>> and get 1 points.
You press <<P>> and get 1 points.
You press <<P>> and get 1 points.
You press <<P>> and get 1 points.
You press <<>> and get 1 points.
You press <<",P,0.041748046875,0.953125,0.00439453125,-0.0078125,98,55303,0.037353515625,0.9609375
1198,reward,"In this task, you have to repeatedly choose between two slot machines labeled U and P.
You can choose a slot machine by pressing its corresponding key.When you select one of the machines, you will win 1 or 0 points.Your goal is to choose the slot machines that will give you the most points.You will receive feedback about the outcome after making a choice.
The environment may change unpredictably, and past success does not guarantee future results. You’ll need to adapt to these changes to keep finding the better machine.You will play 1 game in total, consisting of 100 trials. Game 1:You press <<U>> and get 1 points.
You press <<P>> and get 0 points.
You press <<P>> and get 0 points.
You press <<U>> and get 0 points.
You press <<U>> and get 1 points.
You press <<U>> and get 1 points.
You press <<U>> and get 1 points.
You press <<U>> and get 1 points.
You press <<U>> and get 1 points.
You press <<U>> and get 0 points.
You press <<U>> and get 1 points.
You press <<U>> and get 1 points.
You press <<U>> and get 1 points.
You press <<P>> and get 0 points.
You press <<U>> and get 1 points.
You press <<U>> and get 1 points.
You press <<U>> and get 1 points.
You press <<U>> and get 1 points.
You press <<U>> and get 1 points.
You press <<U>> and get 1 points.
You press <<P>> and get 0 points.
You press <<U>> and get 1 points.
You press <<U>> and get 1 points.
You press <<U>> and get 1 points.
You press <<U>> and get 1 points.
You press <<U>> and get 1 points.
You press <<U>> and get 1 points.
You press <<U>> and get 1 points.
You press <<U>> and get 1 points.
You press <<U>> and get 1 points.
You press <<U>> and get 1 points.
You press <<U>> and get 1 points.
You press <<U>> and get 1 points.
You press <<U>> and get 1 points.
You press <<P>> and get 0 points.
You press <<U>> and get 1 points.
You press <<U>> and get 1 points.
You press <<U>> and get 1 points.
You press <<U>> and get 1 points.
You press <<U>> and get 1 points.
You press <<U>> and get 1 points.
You press <<U>> and get 1 points.
You press <<U>> and get 1 points.
You press <<U>> and get 1 points.
You press <<U>> and get 1 points.
You press <<U>> and get 1 points.
You press <<U>> and get 1 points.
You press <<P>> and get 0 points.
You press <<U>> and get 1 points.
You press <<U>> and get 1 points.
You press <<P>> and get 1 points.
You press <<U>> and get 1 points.
You press <<U>> and get 0 points.
You press <<U>> and get 0 points.
You press <<P>> and get 1 points.
You press <<P>> and get 1 points.
You press <<P>> and get 1 points.
You press <<P>> and get 1 points.
You press <<P>> and get 1 points.
You press <<P>> and get 1 points.
You press <<P>> and get 1 points.
You press <<P>> and get 1 points.
You press <<P>> and get 1 points.
You press <<U>> and get 0 points.
You press <<P>> and get 1 points.
You press <<P>> and get 1 points.
You press <<P>> and get 1 points.
You press <<P>> and get 1 points.
You press <<P>> and get 1 points.
You press <<P>> and get 1 points.
You press <<P>> and get 1 points.
You press <<P>> and get 1 points.
You press <<P>> and get 1 points.
You press <<P>> and get 1 points.
You press <<P>> and get 1 points.
You press <<P>> and get 1 points.
You press <<P>> and get 1 points.
You press <<P>> and get 1 points.
You press <<P>> and get 1 points.
You press <<P>> and get 1 points.
You press <<P>> and get 1 points.
You press <<P>> and get 1 points.
You press <<P>> and get 1 points.
You press <<P>> and get 1 points.
You press <<P>> and get 1 points.
You press <<P>> and get 1 points.
You press <<U>> and get 0 points.
You press <<P>> and get 1 points.
You press <<P>> and get 0 points.
You press <<P>> and get 1 points.
You press <<P>> and get 1 points.
You press <<P>> and get 1 points.
You press <<P>> and get 1 points.
You press <<P>> and get 1 points.
You press <<P>> and get 1 points.
You press <<P>> and get 1 points.
You press <<P>> and get 1 points.
You press <<P>> and get  points.
You press <<",1,0.0849609375,0.9140625,0.047607421875,-0.046875,98,55303,0.037353515625,0.9609375
1204,choice,"In this task, you have to repeatedly choose between two slot machines labeled U and P.
You can choose a slot machine by pressing its corresponding key.When you select one of the machines, you will win 1 or 0 points.Your goal is to choose the slot machines that will give you the most points.You will receive feedback about the outcome after making a choice.
The environment may change unpredictably, and past success does not guarantee future results. You’ll need to adapt to these changes to keep finding the better machine.You will play 1 game in total, consisting of 100 trials. Game 1:You press <<U>> and get 1 points.
You press <<P>> and get 0 points.
You press <<P>> and get 0 points.
You press <<U>> and get 0 points.
You press <<U>> and get 1 points.
You press <<U>> and get 1 points.
You press <<U>> and get 1 points.
You press <<U>> and get 1 points.
You press <<U>> and get 1 points.
You press <<U>> and get 0 points.
You press <<U>> and get 1 points.
You press <<U>> and get 1 points.
You press <<U>> and get 1 points.
You press <<P>> and get 0 points.
You press <<U>> and get 1 points.
You press <<U>> and get 1 points.
You press <<U>> and get 1 points.
You press <<U>> and get 1 points.
You press <<U>> and get 1 points.
You press <<U>> and get 1 points.
You press <<P>> and get 0 points.
You press <<U>> and get 1 points.
You press <<U>> and get 1 points.
You press <<U>> and get 1 points.
You press <<U>> and get 1 points.
You press <<U>> and get 1 points.
You press <<U>> and get 1 points.
You press <<U>> and get 1 points.
You press <<U>> and get 1 points.
You press <<U>> and get 1 points.
You press <<U>> and get 1 points.
You press <<U>> and get 1 points.
You press <<U>> and get 1 points.
You press <<U>> and get 1 points.
You press <<P>> and get 0 points.
You press <<U>> and get 1 points.
You press <<U>> and get 1 points.
You press <<U>> and get 1 points.
You press <<U>> and get 1 points.
You press <<U>> and get 1 points.
You press <<U>> and get 1 points.
You press <<U>> and get 1 points.
You press <<U>> and get 1 points.
You press <<U>> and get 1 points.
You press <<U>> and get 1 points.
You press <<U>> and get 1 points.
You press <<U>> and get 1 points.
You press <<P>> and get 0 points.
You press <<U>> and get 1 points.
You press <<U>> and get 1 points.
You press <<P>> and get 1 points.
You press <<U>> and get 1 points.
You press <<U>> and get 0 points.
You press <<U>> and get 0 points.
You press <<P>> and get 1 points.
You press <<P>> and get 1 points.
You press <<P>> and get 1 points.
You press <<P>> and get 1 points.
You press <<P>> and get 1 points.
You press <<P>> and get 1 points.
You press <<P>> and get 1 points.
You press <<P>> and get 1 points.
You press <<P>> and get 1 points.
You press <<U>> and get 0 points.
You press <<P>> and get 1 points.
You press <<P>> and get 1 points.
You press <<P>> and get 1 points.
You press <<P>> and get 1 points.
You press <<P>> and get 1 points.
You press <<P>> and get 1 points.
You press <<P>> and get 1 points.
You press <<P>> and get 1 points.
You press <<P>> and get 1 points.
You press <<P>> and get 1 points.
You press <<P>> and get 1 points.
You press <<P>> and get 1 points.
You press <<P>> and get 1 points.
You press <<P>> and get 1 points.
You press <<P>> and get 1 points.
You press <<P>> and get 1 points.
You press <<P>> and get 1 points.
You press <<P>> and get 1 points.
You press <<P>> and get 1 points.
You press <<P>> and get 1 points.
You press <<P>> and get 1 points.
You press <<P>> and get 1 points.
You press <<U>> and get 0 points.
You press <<P>> and get 1 points.
You press <<P>> and get 0 points.
You press <<P>> and get 1 points.
You press <<P>> and get 1 points.
You press <<P>> and get 1 points.
You press <<P>> and get 1 points.
You press <<P>> and get 1 points.
You press <<P>> and get 1 points.
You press <<P>> and get 1 points.
You press <<P>> and get 1 points.
You press <<P>> and get 1 points.
You press <<>> and get 1 points.
You press <<",P,0.047119140625,0.9453125,0.009765625,-0.015625,99,55303,0.037353515625,0.9609375
1209,reward,"In this task, you have to repeatedly choose between two slot machines labeled U and P.
You can choose a slot machine by pressing its corresponding key.When you select one of the machines, you will win 1 or 0 points.Your goal is to choose the slot machines that will give you the most points.You will receive feedback about the outcome after making a choice.
The environment may change unpredictably, and past success does not guarantee future results. You’ll need to adapt to these changes to keep finding the better machine.You will play 1 game in total, consisting of 100 trials. Game 1:You press <<U>> and get 1 points.
You press <<P>> and get 0 points.
You press <<P>> and get 0 points.
You press <<U>> and get 0 points.
You press <<U>> and get 1 points.
You press <<U>> and get 1 points.
You press <<U>> and get 1 points.
You press <<U>> and get 1 points.
You press <<U>> and get 1 points.
You press <<U>> and get 0 points.
You press <<U>> and get 1 points.
You press <<U>> and get 1 points.
You press <<U>> and get 1 points.
You press <<P>> and get 0 points.
You press <<U>> and get 1 points.
You press <<U>> and get 1 points.
You press <<U>> and get 1 points.
You press <<U>> and get 1 points.
You press <<U>> and get 1 points.
You press <<U>> and get 1 points.
You press <<P>> and get 0 points.
You press <<U>> and get 1 points.
You press <<U>> and get 1 points.
You press <<U>> and get 1 points.
You press <<U>> and get 1 points.
You press <<U>> and get 1 points.
You press <<U>> and get 1 points.
You press <<U>> and get 1 points.
You press <<U>> and get 1 points.
You press <<U>> and get 1 points.
You press <<U>> and get 1 points.
You press <<U>> and get 1 points.
You press <<U>> and get 1 points.
You press <<U>> and get 1 points.
You press <<P>> and get 0 points.
You press <<U>> and get 1 points.
You press <<U>> and get 1 points.
You press <<U>> and get 1 points.
You press <<U>> and get 1 points.
You press <<U>> and get 1 points.
You press <<U>> and get 1 points.
You press <<U>> and get 1 points.
You press <<U>> and get 1 points.
You press <<U>> and get 1 points.
You press <<U>> and get 1 points.
You press <<U>> and get 1 points.
You press <<U>> and get 1 points.
You press <<P>> and get 0 points.
You press <<U>> and get 1 points.
You press <<U>> and get 1 points.
You press <<P>> and get 1 points.
You press <<U>> and get 1 points.
You press <<U>> and get 0 points.
You press <<U>> and get 0 points.
You press <<P>> and get 1 points.
You press <<P>> and get 1 points.
You press <<P>> and get 1 points.
You press <<P>> and get 1 points.
You press <<P>> and get 1 points.
You press <<P>> and get 1 points.
You press <<P>> and get 1 points.
You press <<P>> and get 1 points.
You press <<P>> and get 1 points.
You press <<U>> and get 0 points.
You press <<P>> and get 1 points.
You press <<P>> and get 1 points.
You press <<P>> and get 1 points.
You press <<P>> and get 1 points.
You press <<P>> and get 1 points.
You press <<P>> and get 1 points.
You press <<P>> and get 1 points.
You press <<P>> and get 1 points.
You press <<P>> and get 1 points.
You press <<P>> and get 1 points.
You press <<P>> and get 1 points.
You press <<P>> and get 1 points.
You press <<P>> and get 1 points.
You press <<P>> and get 1 points.
You press <<P>> and get 1 points.
You press <<P>> and get 1 points.
You press <<P>> and get 1 points.
You press <<P>> and get 1 points.
You press <<P>> and get 1 points.
You press <<P>> and get 1 points.
You press <<P>> and get 1 points.
You press <<P>> and get 1 points.
You press <<U>> and get 0 points.
You press <<P>> and get 1 points.
You press <<P>> and get 0 points.
You press <<P>> and get 1 points.
You press <<P>> and get 1 points.
You press <<P>> and get 1 points.
You press <<P>> and get 1 points.
You press <<P>> and get 1 points.
You press <<P>> and get 1 points.
You press <<P>> and get 1 points.
You press <<P>> and get 1 points.
You press <<P>> and get 1 points.
You press <<P>> and get  points.
You press <<",1,0.09521484375,0.90625,0.057861328125,-0.0546875,99,55303,0.037353515625,0.9609375
